"FileName","Extension","SizeBytes","SizeMB","LastWriteTime","FullPath"
"frame_00001.jpg",".jpg","1290754","1.231","8/13/2026 9:16:39 AM","C:\nerfstudio_work\panteon-chacarita\panteon-asociacion-catalana\dataset-clean\frame_00001.jpg"
"frame_00002.jpg",".jpg","1318671","1.2576","8/13/2026 9:16:40 AM","C:\nerfstudio_work\panteon-chacarita\panteon-asociacion-catalana\dataset-clean\frame_00002.jpg"
"frame_00003.jpg",".jpg","1257435","1.1992","8/13/2026 9:16:40 AM","C:\nerfstudio_work\panteon-chacarita\panteon-asociacion-catalana\dataset-clean\frame_00003.jpg"
"frame_00004.jpg",".jpg","1278202","1.219","8/13/2026 9:16:40 AM","C:\nerfstudio_work\panteon-chacarita\panteon-asociacion-catalana\dataset-clean\frame_00004.jpg"
"frame_00005.jpg",".jpg","1300110","1.2399","8/13/2026 9:16:40 AM","C:\nerfstudio_work\panteon-chacarita\panteon-asociacion-catalana\dataset-clean\frame_00005.jpg"
"frame_00006.jpg",".jpg","1300045","1.2398","8/13/2026 9:16:40 AM","C:\nerfstudio_work\panteon-chacarita\panteon-asociacion-catalana\dataset-clean\frame_00006.jpg"
"frame_00007.jpg",".jpg","1298593","1.2384","8/13/2026 9:16:41 AM","C:\nerfstudio_work\panteon-chacarita\panteon-asociacion-catalana\dataset-clean\frame_00007.jpg"
"frame_00008.jpg",".jpg","1288017","1.2283","8/13/2026 9:16:41 AM","C:\nerfstudio_work\panteon-chacarita\panteon-asociacion-catalana\dataset-clean\frame_00008.jpg"
"frame_00009.jpg",".jpg","1265537","1.2069","8/13/2026 9:16:41 AM","C:\nerfstudio_work\panteon-chacarita\panteon-asociacion-catalana\dataset-clean\frame_00009.jpg"
"frame_00010.jpg",".jpg","1235788","1.1785","8/13/2026 9:16:41 AM","C:\nerfstudio_work\panteon-chacarita\panteon-asociacion-catalana\dataset-clean\frame_00010.jpg"
"frame_00011.jpg",".jpg","1247858","1.1901","8/13/2026 9:16:42 AM","C:\nerfstudio_work\panteon-chacarita\panteon-asociacion-catalana\dataset-clean\frame_00011.jpg"
"frame_00012.jpg",".jpg","1278919","1.2197","8/13/2026 9:16:42 AM","C:\nerfstudio_work\panteon-chacarita\panteon-asociacion-catalana\dataset-clean\frame_00012.jpg"
"frame_00013.jpg",".jpg","1290775","1.231","8/13/2026 9:16:42 AM","C:\nerfstudio_work\panteon-chacarita\panteon-asociacion-catalana\dataset-clean\frame_00013.jpg"
"frame_00014.jpg",".jpg","1167928","1.1138","8/13/2026 9:16:42 AM","C:\nerfstudio_work\panteon-chacarita\panteon-asociacion-catalana\dataset-clean\frame_00014.jpg"
"frame_00015.jpg",".jpg","1332357","1.2706","8/13/2026 9:16:42 AM","C:\nerfstudio_work\panteon-chacarita\panteon-asociacion-catalana\dataset-clean\frame_00015.jpg"
"frame_00016.jpg",".jpg","1396989","1.3323","8/13/2026 9:16:43 AM","C:\nerfstudio_work\panteon-chacarita\panteon-asociacion-catalana\dataset-clean\frame_00016.jpg"
"frame_00017.jpg",".jpg","1490946","1.4219","8/13/2026 9:16:43 AM","C:\nerfstudio_work\panteon-chacarita\panteon-asociacion-catalana\dataset-clean\frame_00017.jpg"
"frame_00018.jpg",".jpg","1440423","1.3737","8/13/2026 9:16:43 AM","C:\nerfstudio_work\panteon-chacarita\panteon-asociacion-catalana\dataset-clean\frame_00018.jpg"
"frame_00019.jpg",".jpg","1379423","1.3155","8/13/2026 9:16:43 AM","C:\nerfstudio_work\panteon-chacarita\panteon-asociacion-catalana\dataset-clean\frame_00019.jpg"
"frame_00020.jpg",".jpg","1455149","1.3877","8/13/2026 9:16:44 AM","C:\nerfstudio_work\panteon-chacarita\panteon-asociacion-catalana\dataset-clean\frame_00020.jpg"
"frame_00021.jpg",".jpg","1241054","1.1836","8/13/2026 9:16:44 AM","C:\nerfstudio_work\panteon-chacarita\panteon-asociacion-catalana\dataset-clean\frame_00021.jpg"
"frame_00022.jpg",".jpg","1127589","1.0754","8/13/2026 9:16:44 AM","C:\nerfstudio_work\panteon-chacarita\panteon-asociacion-catalana\dataset-clean\frame_00022.jpg"
"frame_00023.jpg",".jpg","1110376","1.0589","8/13/2026 9:16:44 AM","C:\nerfstudio_work\panteon-chacarita\panteon-asociacion-catalana\dataset-clean\frame_00023.jpg"
"frame_00024.jpg",".jpg","1141211","1.0883","8/13/2026 9:16:45 AM","C:\nerfstudio_work\panteon-chacarita\panteon-asociacion-catalana\dataset-clean\frame_00024.jpg"
"frame_00025.jpg",".jpg","1176674","1.1222","8/13/2026 9:16:45 AM","C:\nerfstudio_work\panteon-chacarita\panteon-asociacion-catalana\dataset-clean\frame_00025.jpg"
"frame_00026.jpg",".jpg","1206511","1.1506","8/13/2026 9:16:45 AM","C:\nerfstudio_work\panteon-chacarita\panteon-asociacion-catalana\dataset-clean\frame_00026.jpg"
"frame_00027.jpg",".jpg","1233267","1.1761","8/13/2026 9:16:45 AM","C:\nerfstudio_work\panteon-chacarita\panteon-asociacion-catalana\dataset-clean\frame_00027.jpg"
"frame_00028.jpg",".jpg","1245786","1.1881","8/13/2026 9:16:45 AM","C:\nerfstudio_work\panteon-chacarita\panteon-asociacion-catalana\dataset-clean\frame_00028.jpg"
"frame_00029.jpg",".jpg","1256871","1.1986","8/13/2026 9:16:46 AM","C:\nerfstudio_work\panteon-chacarita\panteon-asociacion-catalana\dataset-clean\frame_00029.jpg"
"frame_00030.jpg",".jpg","1365397","1.3021","8/13/2026 9:16:46 AM","C:\nerfstudio_work\panteon-chacarita\panteon-asociacion-catalana\dataset-clean\frame_00030.jpg"
"frame_00031.jpg",".jpg","1429669","1.3634","8/13/2026 9:16:46 AM","C:\nerfstudio_work\panteon-chacarita\panteon-asociacion-catalana\dataset-clean\frame_00031.jpg"
"frame_00032.jpg",".jpg","1439752","1.3731","8/13/2026 9:16:46 AM","C:\nerfstudio_work\panteon-chacarita\panteon-asociacion-catalana\dataset-clean\frame_00032.jpg"
"frame_00033.jpg",".jpg","1507540","1.4377","8/13/2026 9:16:47 AM","C:\nerfstudio_work\panteon-chacarita\panteon-asociacion-catalana\dataset-clean\frame_00033.jpg"
"frame_00034.jpg",".jpg","1529521","1.4587","8/13/2026 9:16:47 AM","C:\nerfstudio_work\panteon-chacarita\panteon-asociacion-catalana\dataset-clean\frame_00034.jpg"
"frame_00035.jpg",".jpg","1552150","1.4802","8/13/2026 9:16:47 AM","C:\nerfstudio_work\panteon-chacarita\panteon-asociacion-catalana\dataset-clean\frame_00035.jpg"
"frame_00036.jpg",".jpg","1524896","1.4543","8/13/2026 9:16:47 AM","C:\nerfstudio_work\panteon-chacarita\panteon-asociacion-catalana\dataset-clean\frame_00036.jpg"
"frame_00037.jpg",".jpg","1543984","1.4725","8/13/2026 9:16:47 AM","C:\nerfstudio_work\panteon-chacarita\panteon-asociacion-catalana\dataset-clean\frame_00037.jpg"
"frame_00038.jpg",".jpg","1559153","1.4869","8/13/2026 9:16:48 AM","C:\nerfstudio_work\panteon-chacarita\panteon-asociacion-catalana\dataset-clean\frame_00038.jpg"
"frame_00039.jpg",".jpg","1562600","1.4902","8/13/2026 9:16:48 AM","C:\nerfstudio_work\panteon-chacarita\panteon-asociacion-catalana\dataset-clean\frame_00039.jpg"
"frame_00040.jpg",".jpg","1354406","1.2917","8/13/2026 9:16:48 AM","C:\nerfstudio_work\panteon-chacarita\panteon-asociacion-catalana\dataset-clean\frame_00040.jpg"
"frame_00041.jpg",".jpg","1360819","1.2978","8/13/2026 9:16:48 AM","C:\nerfstudio_work\panteon-chacarita\panteon-asociacion-catalana\dataset-clean\frame_00041.jpg"
"frame_00042.jpg",".jpg","1369428","1.306","8/13/2026 9:16:49 AM","C:\nerfstudio_work\panteon-chacarita\panteon-asociacion-catalana\dataset-clean\frame_00042.jpg"
"frame_00043.jpg",".jpg","1430145","1.3639","8/13/2026 9:16:49 AM","C:\nerfstudio_work\panteon-chacarita\panteon-asociacion-catalana\dataset-clean\frame_00043.jpg"
"frame_00044.jpg",".jpg","1477136","1.4087","8/13/2026 9:16:49 AM","C:\nerfstudio_work\panteon-chacarita\panteon-asociacion-catalana\dataset-clean\frame_00044.jpg"
"frame_00045.jpg",".jpg","1450553","1.3834","8/13/2026 9:16:49 AM","C:\nerfstudio_work\panteon-chacarita\panteon-asociacion-catalana\dataset-clean\frame_00045.jpg"
"frame_00046.jpg",".jpg","1488727","1.4198","8/13/2026 9:16:50 AM","C:\nerfstudio_work\panteon-chacarita\panteon-asociacion-catalana\dataset-clean\frame_00046.jpg"
"frame_00047.jpg",".jpg","1507839","1.438","8/13/2026 9:16:50 AM","C:\nerfstudio_work\panteon-chacarita\panteon-asociacion-catalana\dataset-clean\frame_00047.jpg"
"frame_00048.jpg",".jpg","1481396","1.4128","8/13/2026 9:16:50 AM","C:\nerfstudio_work\panteon-chacarita\panteon-asociacion-catalana\dataset-clean\frame_00048.jpg"
"frame_00049.jpg",".jpg","1479949","1.4114","8/13/2026 9:16:50 AM","C:\nerfstudio_work\panteon-chacarita\panteon-asociacion-catalana\dataset-clean\frame_00049.jpg"
"frame_00050.jpg",".jpg","1512936","1.4428","8/13/2026 9:16:51 AM","C:\nerfstudio_work\panteon-chacarita\panteon-asociacion-catalana\dataset-clean\frame_00050.jpg"
"frame_00051.jpg",".jpg","1574547","1.5016","8/13/2026 9:16:51 AM","C:\nerfstudio_work\panteon-chacarita\panteon-asociacion-catalana\dataset-clean\frame_00051.jpg"
"frame_00052.jpg",".jpg","1578132","1.505","8/13/2026 9:16:51 AM","C:\nerfstudio_work\panteon-chacarita\panteon-asociacion-catalana\dataset-clean\frame_00052.jpg"
"frame_00053.jpg",".jpg","1647934","1.5716","8/13/2026 9:16:51 AM","C:\nerfstudio_work\panteon-chacarita\panteon-asociacion-catalana\dataset-clean\frame_00053.jpg"
"frame_00054.jpg",".jpg","1626562","1.5512","8/13/2026 9:16:52 AM","C:\nerfstudio_work\panteon-chacarita\panteon-asociacion-catalana\dataset-clean\frame_00054.jpg"
"frame_00055.jpg",".jpg","1620298","1.5452","8/13/2026 9:16:52 AM","C:\nerfstudio_work\panteon-chacarita\panteon-asociacion-catalana\dataset-clean\frame_00055.jpg"
"frame_00056.jpg",".jpg","1661766","1.5848","8/13/2026 9:16:52 AM","C:\nerfstudio_work\panteon-chacarita\panteon-asociacion-catalana\dataset-clean\frame_00056.jpg"
"frame_00057.jpg",".jpg","1696749","1.6181","8/13/2026 9:16:52 AM","C:\nerfstudio_work\panteon-chacarita\panteon-asociacion-catalana\dataset-clean\frame_00057.jpg"
"frame_00058.jpg",".jpg","1719309","1.6397","8/13/2026 9:16:53 AM","C:\nerfstudio_work\panteon-chacarita\panteon-asociacion-catalana\dataset-clean\frame_00058.jpg"
"frame_00059.jpg",".jpg","1693156","1.6147","8/13/2026 9:16:53 AM","C:\nerfstudio_work\panteon-chacarita\panteon-asociacion-catalana\dataset-clean\frame_00059.jpg"
"frame_00060.jpg",".jpg","1743529","1.6628","8/13/2026 9:16:53 AM","C:\nerfstudio_work\panteon-chacarita\panteon-asociacion-catalana\dataset-clean\frame_00060.jpg"
"frame_00061.jpg",".jpg","1740349","1.6597","8/13/2026 9:16:53 AM","C:\nerfstudio_work\panteon-chacarita\panteon-asociacion-catalana\dataset-clean\frame_00061.jpg"
"frame_00062.jpg",".jpg","1704606","1.6256","8/13/2026 9:16:54 AM","C:\nerfstudio_work\panteon-chacarita\panteon-asociacion-catalana\dataset-clean\frame_00062.jpg"
"frame_00063.jpg",".jpg","1773383","1.6912","8/13/2026 9:16:54 AM","C:\nerfstudio_work\panteon-chacarita\panteon-asociacion-catalana\dataset-clean\frame_00063.jpg"
"frame_00064.jpg",".jpg","1662389","1.5854","8/13/2026 9:16:54 AM","C:\nerfstudio_work\panteon-chacarita\panteon-asociacion-catalana\dataset-clean\frame_00064.jpg"
"frame_00065.jpg",".jpg","1662026","1.585","8/13/2026 9:16:55 AM","C:\nerfstudio_work\panteon-chacarita\panteon-asociacion-catalana\dataset-clean\frame_00065.jpg"
"frame_00066.jpg",".jpg","1660754","1.5838","8/13/2026 9:16:55 AM","C:\nerfstudio_work\panteon-chacarita\panteon-asociacion-catalana\dataset-clean\frame_00066.jpg"
"frame_00067.jpg",".jpg","1737226","1.6567","8/13/2026 9:16:55 AM","C:\nerfstudio_work\panteon-chacarita\panteon-asociacion-catalana\dataset-clean\frame_00067.jpg"
"frame_00068.jpg",".jpg","1633401","1.5577","8/13/2026 9:16:55 AM","C:\nerfstudio_work\panteon-chacarita\panteon-asociacion-catalana\dataset-clean\frame_00068.jpg"
"frame_00069.jpg",".jpg","1624562","1.5493","8/13/2026 9:16:56 AM","C:\nerfstudio_work\panteon-chacarita\panteon-asociacion-catalana\dataset-clean\frame_00069.jpg"
"frame_00070.jpg",".jpg","1681278","1.6034","8/13/2026 9:16:56 AM","C:\nerfstudio_work\panteon-chacarita\panteon-asociacion-catalana\dataset-clean\frame_00070.jpg"
"frame_00071.jpg",".jpg","1715247","1.6358","8/13/2026 9:16:56 AM","C:\nerfstudio_work\panteon-chacarita\panteon-asociacion-catalana\dataset-clean\frame_00071.jpg"
"frame_00072.jpg",".jpg","1674749","1.5972","8/13/2026 9:16:56 AM","C:\nerfstudio_work\panteon-chacarita\panteon-asociacion-catalana\dataset-clean\frame_00072.jpg"
"frame_00073.jpg",".jpg","1702597","1.6237","8/13/2026 9:16:57 AM","C:\nerfstudio_work\panteon-chacarita\panteon-asociacion-catalana\dataset-clean\frame_00073.jpg"
"frame_00074.jpg",".jpg","1703363","1.6245","8/13/2026 9:16:57 AM","C:\nerfstudio_work\panteon-chacarita\panteon-asociacion-catalana\dataset-clean\frame_00074.jpg"
"frame_00075.jpg",".jpg","1759198","1.6777","8/13/2026 9:16:57 AM","C:\nerfstudio_work\panteon-chacarita\panteon-asociacion-catalana\dataset-clean\frame_00075.jpg"
"frame_00076.jpg",".jpg","1794660","1.7115","8/13/2026 9:16:57 AM","C:\nerfstudio_work\panteon-chacarita\panteon-asociacion-catalana\dataset-clean\frame_00076.jpg"
"frame_00077.jpg",".jpg","1741686","1.661","8/13/2026 9:16:57 AM","C:\nerfstudio_work\panteon-chacarita\panteon-asociacion-catalana\dataset-clean\frame_00077.jpg"
"frame_00078.jpg",".jpg","1667447","1.5902","8/13/2026 9:16:58 AM","C:\nerfstudio_work\panteon-chacarita\panteon-asociacion-catalana\dataset-clean\frame_00078.jpg"
"frame_00079.jpg",".jpg","1606142","1.5317","8/13/2026 9:16:58 AM","C:\nerfstudio_work\panteon-chacarita\panteon-asociacion-catalana\dataset-clean\frame_00079.jpg"
"frame_00080.jpg",".jpg","1668032","1.5908","8/13/2026 9:16:58 AM","C:\nerfstudio_work\panteon-chacarita\panteon-asociacion-catalana\dataset-clean\frame_00080.jpg"
"frame_00081.jpg",".jpg","1630447","1.5549","8/13/2026 9:16:58 AM","C:\nerfstudio_work\panteon-chacarita\panteon-asociacion-catalana\dataset-clean\frame_00081.jpg"
"frame_00082.jpg",".jpg","1670481","1.5931","8/13/2026 9:16:59 AM","C:\nerfstudio_work\panteon-chacarita\panteon-asociacion-catalana\dataset-clean\frame_00082.jpg"
"frame_00083.jpg",".jpg","1669419","1.5921","8/13/2026 9:16:59 AM","C:\nerfstudio_work\panteon-chacarita\panteon-asociacion-catalana\dataset-clean\frame_00083.jpg"
"frame_00084.jpg",".jpg","1648525","1.5722","8/13/2026 9:16:59 AM","C:\nerfstudio_work\panteon-chacarita\panteon-asociacion-catalana\dataset-clean\frame_00084.jpg"
"frame_00085.jpg",".jpg","1710029","1.6308","8/13/2026 9:16:59 AM","C:\nerfstudio_work\panteon-chacarita\panteon-asociacion-catalana\dataset-clean\frame_00085.jpg"
"frame_00086.jpg",".jpg","1749234","1.6682","8/13/2026 9:17:00 AM","C:\nerfstudio_work\panteon-chacarita\panteon-asociacion-catalana\dataset-clean\frame_00086.jpg"
"frame_00087.jpg",".jpg","1629844","1.5543","8/13/2026 9:17:00 AM","C:\nerfstudio_work\panteon-chacarita\panteon-asociacion-catalana\dataset-clean\frame_00087.jpg"
"frame_00088.jpg",".jpg","1574539","1.5016","8/13/2026 9:17:00 AM","C:\nerfstudio_work\panteon-chacarita\panteon-asociacion-catalana\dataset-clean\frame_00088.jpg"
"frame_00089.jpg",".jpg","1596095","1.5222","8/13/2026 9:17:00 AM","C:\nerfstudio_work\panteon-chacarita\panteon-asociacion-catalana\dataset-clean\frame_00089.jpg"
"frame_00090.jpg",".jpg","1634709","1.559","8/13/2026 9:17:01 AM","C:\nerfstudio_work\panteon-chacarita\panteon-asociacion-catalana\dataset-clean\frame_00090.jpg"
"frame_00091.jpg",".jpg","1653268","1.5767","8/13/2026 9:17:01 AM","C:\nerfstudio_work\panteon-chacarita\panteon-asociacion-catalana\dataset-clean\frame_00091.jpg"
"frame_00092.jpg",".jpg","1612528","1.5378","8/13/2026 9:17:01 AM","C:\nerfstudio_work\panteon-chacarita\panteon-asociacion-catalana\dataset-clean\frame_00092.jpg"
"frame_00093.jpg",".jpg","1608043","1.5335","8/13/2026 9:17:02 AM","C:\nerfstudio_work\panteon-chacarita\panteon-asociacion-catalana\dataset-clean\frame_00093.jpg"
"frame_00094.jpg",".jpg","1616511","1.5416","8/13/2026 9:17:02 AM","C:\nerfstudio_work\panteon-chacarita\panteon-asociacion-catalana\dataset-clean\frame_00094.jpg"
"frame_00095.jpg",".jpg","1692541","1.6141","8/13/2026 9:17:02 AM","C:\nerfstudio_work\panteon-chacarita\panteon-asociacion-catalana\dataset-clean\frame_00095.jpg"
"frame_00096.jpg",".jpg","1717282","1.6377","8/13/2026 9:17:02 AM","C:\nerfstudio_work\panteon-chacarita\panteon-asociacion-catalana\dataset-clean\frame_00096.jpg"
"frame_00097.jpg",".jpg","1774825","1.6926","8/13/2026 9:17:03 AM","C:\nerfstudio_work\panteon-chacarita\panteon-asociacion-catalana\dataset-clean\frame_00097.jpg"
"frame_00098.jpg",".jpg","1665213","1.5881","8/13/2026 9:17:03 AM","C:\nerfstudio_work\panteon-chacarita\panteon-asociacion-catalana\dataset-clean\frame_00098.jpg"
"frame_00099.jpg",".jpg","1639389","1.5634","8/13/2026 9:17:03 AM","C:\nerfstudio_work\panteon-chacarita\panteon-asociacion-catalana\dataset-clean\frame_00099.jpg"
"frame_00100.jpg",".jpg","1684731","1.6067","8/13/2026 9:17:03 AM","C:\nerfstudio_work\panteon-chacarita\panteon-asociacion-catalana\dataset-clean\frame_00100.jpg"
"frame_00101.jpg",".jpg","1660269","1.5834","8/13/2026 9:17:04 AM","C:\nerfstudio_work\panteon-chacarita\panteon-asociacion-catalana\dataset-clean\frame_00101.jpg"
"frame_00102.jpg",".jpg","1668802","1.5915","8/13/2026 9:17:04 AM","C:\nerfstudio_work\panteon-chacarita\panteon-asociacion-catalana\dataset-clean\frame_00102.jpg"
"frame_00103.jpg",".jpg","1694457","1.616","8/13/2026 9:17:04 AM","C:\nerfstudio_work\panteon-chacarita\panteon-asociacion-catalana\dataset-clean\frame_00103.jpg"
"frame_00104.jpg",".jpg","1701300","1.6225","8/13/2026 9:17:04 AM","C:\nerfstudio_work\panteon-chacarita\panteon-asociacion-catalana\dataset-clean\frame_00104.jpg"
"frame_00105.jpg",".jpg","1692882","1.6145","8/13/2026 9:17:05 AM","C:\nerfstudio_work\panteon-chacarita\panteon-asociacion-catalana\dataset-clean\frame_00105.jpg"
"frame_00106.jpg",".jpg","1805460","1.7218","8/13/2026 9:17:05 AM","C:\nerfstudio_work\panteon-chacarita\panteon-asociacion-catalana\dataset-clean\frame_00106.jpg"
"frame_00107.jpg",".jpg","1762435","1.6808","8/13/2026 9:17:05 AM","C:\nerfstudio_work\panteon-chacarita\panteon-asociacion-catalana\dataset-clean\frame_00107.jpg"
"frame_00108.jpg",".jpg","1854703","1.7688","8/13/2026 9:17:06 AM","C:\nerfstudio_work\panteon-chacarita\panteon-asociacion-catalana\dataset-clean\frame_00108.jpg"
"frame_00109.jpg",".jpg","1896000","1.8082","8/13/2026 9:17:06 AM","C:\nerfstudio_work\panteon-chacarita\panteon-asociacion-catalana\dataset-clean\frame_00109.jpg"
"frame_00110.jpg",".jpg","1776966","1.6946","8/13/2026 9:17:06 AM","C:\nerfstudio_work\panteon-chacarita\panteon-asociacion-catalana\dataset-clean\frame_00110.jpg"
"frame_00111.jpg",".jpg","1771768","1.6897","8/13/2026 9:17:06 AM","C:\nerfstudio_work\panteon-chacarita\panteon-asociacion-catalana\dataset-clean\frame_00111.jpg"
"frame_00112.jpg",".jpg","1815514","1.7314","8/13/2026 9:17:07 AM","C:\nerfstudio_work\panteon-chacarita\panteon-asociacion-catalana\dataset-clean\frame_00112.jpg"
"frame_00113.jpg",".jpg","1778557","1.6962","8/13/2026 9:17:07 AM","C:\nerfstudio_work\panteon-chacarita\panteon-asociacion-catalana\dataset-clean\frame_00113.jpg"
"frame_00114.jpg",".jpg","1792663","1.7096","8/13/2026 9:17:07 AM","C:\nerfstudio_work\panteon-chacarita\panteon-asociacion-catalana\dataset-clean\frame_00114.jpg"
"frame_00115.jpg",".jpg","1912960","1.8243","8/13/2026 9:17:07 AM","C:\nerfstudio_work\panteon-chacarita\panteon-asociacion-catalana\dataset-clean\frame_00115.jpg"
"frame_00116.jpg",".jpg","1880326","1.7932","8/13/2026 9:17:08 AM","C:\nerfstudio_work\panteon-chacarita\panteon-asociacion-catalana\dataset-clean\frame_00116.jpg"
"frame_00117.jpg",".jpg","1810992","1.7271","8/13/2026 9:17:08 AM","C:\nerfstudio_work\panteon-chacarita\panteon-asociacion-catalana\dataset-clean\frame_00117.jpg"
"frame_00118.jpg",".jpg","1832270","1.7474","8/13/2026 9:17:08 AM","C:\nerfstudio_work\panteon-chacarita\panteon-asociacion-catalana\dataset-clean\frame_00118.jpg"
"frame_00119.jpg",".jpg","1955005","1.8644","8/13/2026 9:17:09 AM","C:\nerfstudio_work\panteon-chacarita\panteon-asociacion-catalana\dataset-clean\frame_00119.jpg"
"frame_00120.jpg",".jpg","1954204","1.8637","8/13/2026 9:17:09 AM","C:\nerfstudio_work\panteon-chacarita\panteon-asociacion-catalana\dataset-clean\frame_00120.jpg"
"frame_00121.jpg",".jpg","1897512","1.8096","8/13/2026 9:17:09 AM","C:\nerfstudio_work\panteon-chacarita\panteon-asociacion-catalana\dataset-clean\frame_00121.jpg"
"frame_00122.jpg",".jpg","1983314","1.8914","8/13/2026 9:17:09 AM","C:\nerfstudio_work\panteon-chacarita\panteon-asociacion-catalana\dataset-clean\frame_00122.jpg"
"frame_00123.jpg",".jpg","1986977","1.8949","8/13/2026 9:17:10 AM","C:\nerfstudio_work\panteon-chacarita\panteon-asociacion-catalana\dataset-clean\frame_00123.jpg"
"frame_00124.jpg",".jpg","2000849","1.9082","8/13/2026 9:17:10 AM","C:\nerfstudio_work\panteon-chacarita\panteon-asociacion-catalana\dataset-clean\frame_00124.jpg"
"frame_00125.jpg",".jpg","2001527","1.9088","8/13/2026 9:17:10 AM","C:\nerfstudio_work\panteon-chacarita\panteon-asociacion-catalana\dataset-clean\frame_00125.jpg"
"frame_00126.jpg",".jpg","1893376","1.8057","8/13/2026 9:17:10 AM","C:\nerfstudio_work\panteon-chacarita\panteon-asociacion-catalana\dataset-clean\frame_00126.jpg"
"frame_00127.jpg",".jpg","1967285","1.8761","8/13/2026 9:17:11 AM","C:\nerfstudio_work\panteon-chacarita\panteon-asociacion-catalana\dataset-clean\frame_00127.jpg"
"frame_00128.jpg",".jpg","1896071","1.8082","8/13/2026 9:17:11 AM","C:\nerfstudio_work\panteon-chacarita\panteon-asociacion-catalana\dataset-clean\frame_00128.jpg"
"frame_00129.jpg",".jpg","1959698","1.8689","8/13/2026 9:17:11 AM","C:\nerfstudio_work\panteon-chacarita\panteon-asociacion-catalana\dataset-clean\frame_00129.jpg"
"frame_00130.jpg",".jpg","1891690","1.8041","8/13/2026 9:17:11 AM","C:\nerfstudio_work\panteon-chacarita\panteon-asociacion-catalana\dataset-clean\frame_00130.jpg"
"frame_00131.jpg",".jpg","1942974","1.853","8/13/2026 9:17:12 AM","C:\nerfstudio_work\panteon-chacarita\panteon-asociacion-catalana\dataset-clean\frame_00131.jpg"
"frame_00132.jpg",".jpg","1927146","1.8379","8/13/2026 9:17:12 AM","C:\nerfstudio_work\panteon-chacarita\panteon-asociacion-catalana\dataset-clean\frame_00132.jpg"
"frame_00133.jpg",".jpg","1939621","1.8498","8/13/2026 9:17:12 AM","C:\nerfstudio_work\panteon-chacarita\panteon-asociacion-catalana\dataset-clean\frame_00133.jpg"
"frame_00134.jpg",".jpg","1987758","1.8957","8/13/2026 9:17:13 AM","C:\nerfstudio_work\panteon-chacarita\panteon-asociacion-catalana\dataset-clean\frame_00134.jpg"
"frame_00135.jpg",".jpg","1907781","1.8194","8/13/2026 9:17:13 AM","C:\nerfstudio_work\panteon-chacarita\panteon-asociacion-catalana\dataset-clean\frame_00135.jpg"
"frame_00136.jpg",".jpg","1941086","1.8512","8/13/2026 9:17:13 AM","C:\nerfstudio_work\panteon-chacarita\panteon-asociacion-catalana\dataset-clean\frame_00136.jpg"
"frame_00137.jpg",".jpg","2024937","1.9311","8/13/2026 9:17:13 AM","C:\nerfstudio_work\panteon-chacarita\panteon-asociacion-catalana\dataset-clean\frame_00137.jpg"
"frame_00138.jpg",".jpg","2006948","1.914","8/13/2026 9:17:14 AM","C:\nerfstudio_work\panteon-chacarita\panteon-asociacion-catalana\dataset-clean\frame_00138.jpg"
"frame_00139.jpg",".jpg","2005706","1.9128","8/13/2026 9:17:14 AM","C:\nerfstudio_work\panteon-chacarita\panteon-asociacion-catalana\dataset-clean\frame_00139.jpg"
"frame_00140.jpg",".jpg","1935661","1.846","8/13/2026 9:17:14 AM","C:\nerfstudio_work\panteon-chacarita\panteon-asociacion-catalana\dataset-clean\frame_00140.jpg"
"frame_00141.jpg",".jpg","2028028","1.9341","8/13/2026 9:17:15 AM","C:\nerfstudio_work\panteon-chacarita\panteon-asociacion-catalana\dataset-clean\frame_00141.jpg"
"frame_00142.jpg",".jpg","1916481","1.8277","8/13/2026 9:17:15 AM","C:\nerfstudio_work\panteon-chacarita\panteon-asociacion-catalana\dataset-clean\frame_00142.jpg"
"frame_00143.jpg",".jpg","1888730","1.8012","8/13/2026 9:17:15 AM","C:\nerfstudio_work\panteon-chacarita\panteon-asociacion-catalana\dataset-clean\frame_00143.jpg"
"frame_00144.jpg",".jpg","1924636","1.8355","8/13/2026 9:17:15 AM","C:\nerfstudio_work\panteon-chacarita\panteon-asociacion-catalana\dataset-clean\frame_00144.jpg"
"frame_00145.jpg",".jpg","1950622","1.8603","8/13/2026 9:17:16 AM","C:\nerfstudio_work\panteon-chacarita\panteon-asociacion-catalana\dataset-clean\frame_00145.jpg"
"frame_00146.jpg",".jpg","1940712","1.8508","8/13/2026 9:17:16 AM","C:\nerfstudio_work\panteon-chacarita\panteon-asociacion-catalana\dataset-clean\frame_00146.jpg"
"frame_00147.jpg",".jpg","1963606","1.8726","8/13/2026 9:17:16 AM","C:\nerfstudio_work\panteon-chacarita\panteon-asociacion-catalana\dataset-clean\frame_00147.jpg"
"frame_00148.jpg",".jpg","1936688","1.847","8/13/2026 9:17:16 AM","C:\nerfstudio_work\panteon-chacarita\panteon-asociacion-catalana\dataset-clean\frame_00148.jpg"
"frame_00149.jpg",".jpg","1916931","1.8281","8/13/2026 9:17:17 AM","C:\nerfstudio_work\panteon-chacarita\panteon-asociacion-catalana\dataset-clean\frame_00149.jpg"
"frame_00150.jpg",".jpg","1904592","1.8164","8/13/2026 9:17:17 AM","C:\nerfstudio_work\panteon-chacarita\panteon-asociacion-catalana\dataset-clean\frame_00150.jpg"
"frame_00151.jpg",".jpg","1910340","1.8218","8/13/2026 9:17:17 AM","C:\nerfstudio_work\panteon-chacarita\panteon-asociacion-catalana\dataset-clean\frame_00151.jpg"
"frame_00152.jpg",".jpg","1934873","1.8452","8/13/2026 9:17:17 AM","C:\nerfstudio_work\panteon-chacarita\panteon-asociacion-catalana\dataset-clean\frame_00152.jpg"
"frame_00153.jpg",".jpg","1900465","1.8124","8/13/2026 9:17:17 AM","C:\nerfstudio_work\panteon-chacarita\panteon-asociacion-catalana\dataset-clean\frame_00153.jpg"
"frame_00154.jpg",".jpg","1887339","1.7999","8/13/2026 9:17:18 AM","C:\nerfstudio_work\panteon-chacarita\panteon-asociacion-catalana\dataset-clean\frame_00154.jpg"
"frame_00155.jpg",".jpg","1861226","1.775","8/13/2026 9:17:18 AM","C:\nerfstudio_work\panteon-chacarita\panteon-asociacion-catalana\dataset-clean\frame_00155.jpg"
"frame_00156.jpg",".jpg","1861393","1.7752","8/13/2026 9:17:18 AM","C:\nerfstudio_work\panteon-chacarita\panteon-asociacion-catalana\dataset-clean\frame_00156.jpg"
"frame_00157.jpg",".jpg","1957003","1.8663","8/13/2026 9:17:18 AM","C:\nerfstudio_work\panteon-chacarita\panteon-asociacion-catalana\dataset-clean\frame_00157.jpg"
"frame_00158.jpg",".jpg","1964314","1.8733","8/13/2026 9:17:19 AM","C:\nerfstudio_work\panteon-chacarita\panteon-asociacion-catalana\dataset-clean\frame_00158.jpg"
"frame_00159.jpg",".jpg","1844121","1.7587","8/13/2026 9:17:19 AM","C:\nerfstudio_work\panteon-chacarita\panteon-asociacion-catalana\dataset-clean\frame_00159.jpg"
"frame_00160.jpg",".jpg","1855172","1.7692","8/13/2026 9:17:19 AM","C:\nerfstudio_work\panteon-chacarita\panteon-asociacion-catalana\dataset-clean\frame_00160.jpg"
"frame_00161.jpg",".jpg","1760627","1.6791","8/13/2026 9:17:19 AM","C:\nerfstudio_work\panteon-chacarita\panteon-asociacion-catalana\dataset-clean\frame_00161.jpg"
"frame_00162.jpg",".jpg","1631467","1.5559","8/13/2026 9:17:20 AM","C:\nerfstudio_work\panteon-chacarita\panteon-asociacion-catalana\dataset-clean\frame_00162.jpg"
"frame_00163.jpg",".jpg","1618272","1.5433","8/13/2026 9:17:20 AM","C:\nerfstudio_work\panteon-chacarita\panteon-asociacion-catalana\dataset-clean\frame_00163.jpg"
"frame_00164.jpg",".jpg","1736277","1.6558","8/13/2026 9:17:20 AM","C:\nerfstudio_work\panteon-chacarita\panteon-asociacion-catalana\dataset-clean\frame_00164.jpg"
"frame_00165.jpg",".jpg","1557123","1.485","8/13/2026 9:17:20 AM","C:\nerfstudio_work\panteon-chacarita\panteon-asociacion-catalana\dataset-clean\frame_00165.jpg"
"frame_00166.jpg",".jpg","1549513","1.4777","8/13/2026 9:17:20 AM","C:\nerfstudio_work\panteon-chacarita\panteon-asociacion-catalana\dataset-clean\frame_00166.jpg"
"frame_00167.jpg",".jpg","1634190","1.5585","8/13/2026 9:17:21 AM","C:\nerfstudio_work\panteon-chacarita\panteon-asociacion-catalana\dataset-clean\frame_00167.jpg"
"frame_00168.jpg",".jpg","1691934","1.6136","8/13/2026 9:17:21 AM","C:\nerfstudio_work\panteon-chacarita\panteon-asociacion-catalana\dataset-clean\frame_00168.jpg"
"frame_00169.jpg",".jpg","1743874","1.6631","8/13/2026 9:17:21 AM","C:\nerfstudio_work\panteon-chacarita\panteon-asociacion-catalana\dataset-clean\frame_00169.jpg"
"frame_00170.jpg",".jpg","1781853","1.6993","8/13/2026 9:17:21 AM","C:\nerfstudio_work\panteon-chacarita\panteon-asociacion-catalana\dataset-clean\frame_00170.jpg"
"frame_00171.jpg",".jpg","1727821","1.6478","8/13/2026 9:17:22 AM","C:\nerfstudio_work\panteon-chacarita\panteon-asociacion-catalana\dataset-clean\frame_00171.jpg"
"frame_00172.jpg",".jpg","1793061","1.71","8/13/2026 9:17:22 AM","C:\nerfstudio_work\panteon-chacarita\panteon-asociacion-catalana\dataset-clean\frame_00172.jpg"
"frame_00173.jpg",".jpg","1780035","1.6976","8/13/2026 9:17:22 AM","C:\nerfstudio_work\panteon-chacarita\panteon-asociacion-catalana\dataset-clean\frame_00173.jpg"
"frame_00174.jpg",".jpg","1716589","1.6371","8/13/2026 9:17:23 AM","C:\nerfstudio_work\panteon-chacarita\panteon-asociacion-catalana\dataset-clean\frame_00174.jpg"
"frame_00175.jpg",".jpg","1748133","1.6671","8/13/2026 9:17:23 AM","C:\nerfstudio_work\panteon-chacarita\panteon-asociacion-catalana\dataset-clean\frame_00175.jpg"
"frame_00176.jpg",".jpg","1693563","1.6151","8/13/2026 9:17:23 AM","C:\nerfstudio_work\panteon-chacarita\panteon-asociacion-catalana\dataset-clean\frame_00176.jpg"
"frame_00177.jpg",".jpg","1713881","1.6345","8/13/2026 9:17:24 AM","C:\nerfstudio_work\panteon-chacarita\panteon-asociacion-catalana\dataset-clean\frame_00177.jpg"
"frame_00178.jpg",".jpg","1700765","1.622","8/13/2026 9:17:24 AM","C:\nerfstudio_work\panteon-chacarita\panteon-asociacion-catalana\dataset-clean\frame_00178.jpg"
"frame_00179.jpg",".jpg","1701773","1.6229","8/13/2026 9:17:24 AM","C:\nerfstudio_work\panteon-chacarita\panteon-asociacion-catalana\dataset-clean\frame_00179.jpg"
"frame_00180.jpg",".jpg","1704288","1.6253","8/13/2026 9:17:24 AM","C:\nerfstudio_work\panteon-chacarita\panteon-asociacion-catalana\dataset-clean\frame_00180.jpg"
"frame_00181.jpg",".jpg","1794549","1.7114","8/13/2026 9:17:25 AM","C:\nerfstudio_work\panteon-chacarita\panteon-asociacion-catalana\dataset-clean\frame_00181.jpg"
"frame_00182.jpg",".jpg","1697951","1.6193","8/13/2026 9:17:25 AM","C:\nerfstudio_work\panteon-chacarita\panteon-asociacion-catalana\dataset-clean\frame_00182.jpg"
"frame_00183.jpg",".jpg","1671028","1.5936","8/13/2026 9:17:25 AM","C:\nerfstudio_work\panteon-chacarita\panteon-asociacion-catalana\dataset-clean\frame_00183.jpg"
"frame_00184.jpg",".jpg","1669039","1.5917","8/13/2026 9:17:26 AM","C:\nerfstudio_work\panteon-chacarita\panteon-asociacion-catalana\dataset-clean\frame_00184.jpg"
"frame_00185.jpg",".jpg","1668337","1.5911","8/13/2026 9:17:26 AM","C:\nerfstudio_work\panteon-chacarita\panteon-asociacion-catalana\dataset-clean\frame_00185.jpg"
"frame_00186.jpg",".jpg","1626185","1.5509","8/13/2026 9:17:26 AM","C:\nerfstudio_work\panteon-chacarita\panteon-asociacion-catalana\dataset-clean\frame_00186.jpg"
"frame_00187.jpg",".jpg","1670858","1.5935","8/13/2026 9:17:26 AM","C:\nerfstudio_work\panteon-chacarita\panteon-asociacion-catalana\dataset-clean\frame_00187.jpg"
"frame_00188.jpg",".jpg","1692042","1.6137","8/13/2026 9:17:27 AM","C:\nerfstudio_work\panteon-chacarita\panteon-asociacion-catalana\dataset-clean\frame_00188.jpg"
"frame_00189.jpg",".jpg","1718197","1.6386","8/13/2026 9:17:27 AM","C:\nerfstudio_work\panteon-chacarita\panteon-asociacion-catalana\dataset-clean\frame_00189.jpg"
"frame_00190.jpg",".jpg","1734218","1.6539","8/13/2026 9:17:27 AM","C:\nerfstudio_work\panteon-chacarita\panteon-asociacion-catalana\dataset-clean\frame_00190.jpg"
"frame_00191.jpg",".jpg","1757850","1.6764","8/13/2026 9:17:28 AM","C:\nerfstudio_work\panteon-chacarita\panteon-asociacion-catalana\dataset-clean\frame_00191.jpg"
"frame_00192.jpg",".jpg","1823846","1.7394","8/13/2026 9:17:28 AM","C:\nerfstudio_work\panteon-chacarita\panteon-asociacion-catalana\dataset-clean\frame_00192.jpg"
"frame_00193.jpg",".jpg","1786619","1.7039","8/13/2026 9:17:28 AM","C:\nerfstudio_work\panteon-chacarita\panteon-asociacion-catalana\dataset-clean\frame_00193.jpg"
"frame_00194.jpg",".jpg","1662576","1.5856","8/13/2026 9:17:28 AM","C:\nerfstudio_work\panteon-chacarita\panteon-asociacion-catalana\dataset-clean\frame_00194.jpg"
"frame_00195.jpg",".jpg","1630764","1.5552","8/13/2026 9:17:29 AM","C:\nerfstudio_work\panteon-chacarita\panteon-asociacion-catalana\dataset-clean\frame_00195.jpg"
"frame_00196.jpg",".jpg","1604726","1.5304","8/13/2026 9:17:29 AM","C:\nerfstudio_work\panteon-chacarita\panteon-asociacion-catalana\dataset-clean\frame_00196.jpg"
"frame_00197.jpg",".jpg","1594407","1.5205","8/13/2026 9:17:29 AM","C:\nerfstudio_work\panteon-chacarita\panteon-asociacion-catalana\dataset-clean\frame_00197.jpg"
"frame_00198.jpg",".jpg","1601210","1.527","8/13/2026 9:17:29 AM","C:\nerfstudio_work\panteon-chacarita\panteon-asociacion-catalana\dataset-clean\frame_00198.jpg"
"frame_00199.jpg",".jpg","1572125","1.4993","8/13/2026 9:17:30 AM","C:\nerfstudio_work\panteon-chacarita\panteon-asociacion-catalana\dataset-clean\frame_00199.jpg"
"frame_00200.jpg",".jpg","1559290","1.4871","8/13/2026 9:17:30 AM","C:\nerfstudio_work\panteon-chacarita\panteon-asociacion-catalana\dataset-clean\frame_00200.jpg"
"frame_00201.jpg",".jpg","1558759","1.4865","8/13/2026 9:17:30 AM","C:\nerfstudio_work\panteon-chacarita\panteon-asociacion-catalana\dataset-clean\frame_00201.jpg"
"frame_00202.jpg",".jpg","1548083","1.4764","8/13/2026 9:17:30 AM","C:\nerfstudio_work\panteon-chacarita\panteon-asociacion-catalana\dataset-clean\frame_00202.jpg"
"frame_00203.jpg",".jpg","1557344","1.4852","8/13/2026 9:17:30 AM","C:\nerfstudio_work\panteon-chacarita\panteon-asociacion-catalana\dataset-clean\frame_00203.jpg"
"frame_00204.jpg",".jpg","1527280","1.4565","8/13/2026 9:17:31 AM","C:\nerfstudio_work\panteon-chacarita\panteon-asociacion-catalana\dataset-clean\frame_00204.jpg"
"frame_00205.jpg",".jpg","1538014","1.4668","8/13/2026 9:17:31 AM","C:\nerfstudio_work\panteon-chacarita\panteon-asociacion-catalana\dataset-clean\frame_00205.jpg"
"frame_00206.jpg",".jpg","1542885","1.4714","8/13/2026 9:17:31 AM","C:\nerfstudio_work\panteon-chacarita\panteon-asociacion-catalana\dataset-clean\frame_00206.jpg"
"frame_00207.jpg",".jpg","1550099","1.4783","8/13/2026 9:17:32 AM","C:\nerfstudio_work\panteon-chacarita\panteon-asociacion-catalana\dataset-clean\frame_00207.jpg"
"frame_00208.jpg",".jpg","1586275","1.5128","8/13/2026 9:17:32 AM","C:\nerfstudio_work\panteon-chacarita\panteon-asociacion-catalana\dataset-clean\frame_00208.jpg"
"frame_00209.jpg",".jpg","1625967","1.5506","8/13/2026 9:17:32 AM","C:\nerfstudio_work\panteon-chacarita\panteon-asociacion-catalana\dataset-clean\frame_00209.jpg"
"frame_00210.jpg",".jpg","1645382","1.5692","8/13/2026 9:17:32 AM","C:\nerfstudio_work\panteon-chacarita\panteon-asociacion-catalana\dataset-clean\frame_00210.jpg"
"frame_00211.jpg",".jpg","1664871","1.5877","8/13/2026 9:17:33 AM","C:\nerfstudio_work\panteon-chacarita\panteon-asociacion-catalana\dataset-clean\frame_00211.jpg"
"frame_00212.jpg",".jpg","1685071","1.607","8/13/2026 9:17:33 AM","C:\nerfstudio_work\panteon-chacarita\panteon-asociacion-catalana\dataset-clean\frame_00212.jpg"
"frame_00213.jpg",".jpg","1746680","1.6658","8/13/2026 9:17:33 AM","C:\nerfstudio_work\panteon-chacarita\panteon-asociacion-catalana\dataset-clean\frame_00213.jpg"
"frame_00214.jpg",".jpg","1798673","1.7153","8/13/2026 9:17:33 AM","C:\nerfstudio_work\panteon-chacarita\panteon-asociacion-catalana\dataset-clean\frame_00214.jpg"
"frame_00215.jpg",".jpg","1865665","1.7792","8/13/2026 9:17:34 AM","C:\nerfstudio_work\panteon-chacarita\panteon-asociacion-catalana\dataset-clean\frame_00215.jpg"
"frame_00216.jpg",".jpg","1837236","1.7521","8/13/2026 9:17:34 AM","C:\nerfstudio_work\panteon-chacarita\panteon-asociacion-catalana\dataset-clean\frame_00216.jpg"
"frame_00217.jpg",".jpg","1898894","1.8109","8/13/2026 9:17:34 AM","C:\nerfstudio_work\panteon-chacarita\panteon-asociacion-catalana\dataset-clean\frame_00217.jpg"
"frame_00218.jpg",".jpg","1956497","1.8659","8/13/2026 9:17:34 AM","C:\nerfstudio_work\panteon-chacarita\panteon-asociacion-catalana\dataset-clean\frame_00218.jpg"
"frame_00219.jpg",".jpg","1921280","1.8323","8/13/2026 9:17:35 AM","C:\nerfstudio_work\panteon-chacarita\panteon-asociacion-catalana\dataset-clean\frame_00219.jpg"
"frame_00220.jpg",".jpg","1815325","1.7312","8/13/2026 9:17:35 AM","C:\nerfstudio_work\panteon-chacarita\panteon-asociacion-catalana\dataset-clean\frame_00220.jpg"
"frame_00221.jpg",".jpg","2231850","2.1285","8/13/2026 9:17:35 AM","C:\nerfstudio_work\panteon-chacarita\panteon-asociacion-catalana\dataset-clean\frame_00221.jpg"
"frame_00222.jpg",".jpg","2214251","2.1117","8/13/2026 9:17:36 AM","C:\nerfstudio_work\panteon-chacarita\panteon-asociacion-catalana\dataset-clean\frame_00222.jpg"
"frame_00223.jpg",".jpg","2200639","2.0987","8/13/2026 9:17:36 AM","C:\nerfstudio_work\panteon-chacarita\panteon-asociacion-catalana\dataset-clean\frame_00223.jpg"
"frame_00224.jpg",".jpg","2264410","2.1595","8/13/2026 9:17:36 AM","C:\nerfstudio_work\panteon-chacarita\panteon-asociacion-catalana\dataset-clean\frame_00224.jpg"
"frame_00225.jpg",".jpg","2255630","2.1511","8/13/2026 9:17:36 AM","C:\nerfstudio_work\panteon-chacarita\panteon-asociacion-catalana\dataset-clean\frame_00225.jpg"
"frame_00226.jpg",".jpg","1724239","1.6444","8/13/2026 9:17:37 AM","C:\nerfstudio_work\panteon-chacarita\panteon-asociacion-catalana\dataset-clean\frame_00226.jpg"
"frame_00227.jpg",".jpg","1620133","1.5451","8/13/2026 9:17:37 AM","C:\nerfstudio_work\panteon-chacarita\panteon-asociacion-catalana\dataset-clean\frame_00227.jpg"
"frame_00228.jpg",".jpg","1883820","1.7966","8/13/2026 9:17:37 AM","C:\nerfstudio_work\panteon-chacarita\panteon-asociacion-catalana\dataset-clean\frame_00228.jpg"
"frame_00229.jpg",".jpg","1874076","1.7873","8/13/2026 9:17:37 AM","C:\nerfstudio_work\panteon-chacarita\panteon-asociacion-catalana\dataset-clean\frame_00229.jpg"
"frame_00230.jpg",".jpg","1873670","1.7869","8/13/2026 9:17:38 AM","C:\nerfstudio_work\panteon-chacarita\panteon-asociacion-catalana\dataset-clean\frame_00230.jpg"
"frame_00231.jpg",".jpg","1911879","1.8233","8/13/2026 9:17:38 AM","C:\nerfstudio_work\panteon-chacarita\panteon-asociacion-catalana\dataset-clean\frame_00231.jpg"
"frame_00232.jpg",".jpg","2188574","2.0872","8/13/2026 9:17:38 AM","C:\nerfstudio_work\panteon-chacarita\panteon-asociacion-catalana\dataset-clean\frame_00232.jpg"
"frame_00233.jpg",".jpg","1798433","1.7151","8/13/2026 9:17:38 AM","C:\nerfstudio_work\panteon-chacarita\panteon-asociacion-catalana\dataset-clean\frame_00233.jpg"
"frame_00234.jpg",".jpg","1631121","1.5556","8/13/2026 9:17:39 AM","C:\nerfstudio_work\panteon-chacarita\panteon-asociacion-catalana\dataset-clean\frame_00234.jpg"
"frame_00235.jpg",".jpg","1595532","1.5216","8/13/2026 9:17:39 AM","C:\nerfstudio_work\panteon-chacarita\panteon-asociacion-catalana\dataset-clean\frame_00235.jpg"
"frame_00236.jpg",".jpg","2163052","2.0628","8/13/2026 9:17:39 AM","C:\nerfstudio_work\panteon-chacarita\panteon-asociacion-catalana\dataset-clean\frame_00236.jpg"
"frame_00237.jpg",".jpg","1807424","1.7237","8/13/2026 9:17:39 AM","C:\nerfstudio_work\panteon-chacarita\panteon-asociacion-catalana\dataset-clean\frame_00237.jpg"
"frame_00238.jpg",".jpg","2231448","2.1281","8/13/2026 9:17:40 AM","C:\nerfstudio_work\panteon-chacarita\panteon-asociacion-catalana\dataset-clean\frame_00238.jpg"
"frame_00239.jpg",".jpg","1710145","1.6309","8/13/2026 9:17:40 AM","C:\nerfstudio_work\panteon-chacarita\panteon-asociacion-catalana\dataset-clean\frame_00239.jpg"
"frame_00240.jpg",".jpg","1711758","1.6325","8/13/2026 9:17:40 AM","C:\nerfstudio_work\panteon-chacarita\panteon-asociacion-catalana\dataset-clean\frame_00240.jpg"
"frame_00241.jpg",".jpg","1785246","1.7025","8/13/2026 9:17:41 AM","C:\nerfstudio_work\panteon-chacarita\panteon-asociacion-catalana\dataset-clean\frame_00241.jpg"
"frame_00242.jpg",".jpg","1526277","1.4556","8/13/2026 9:17:41 AM","C:\nerfstudio_work\panteon-chacarita\panteon-asociacion-catalana\dataset-clean\frame_00242.jpg"
"frame_00243.jpg",".jpg","1866748","1.7803","8/13/2026 9:17:41 AM","C:\nerfstudio_work\panteon-chacarita\panteon-asociacion-catalana\dataset-clean\frame_00243.jpg"
"frame_00244.jpg",".jpg","1687380","1.6092","8/13/2026 9:17:41 AM","C:\nerfstudio_work\panteon-chacarita\panteon-asociacion-catalana\dataset-clean\frame_00244.jpg"
"frame_00245.jpg",".jpg","1874146","1.7873","8/13/2026 9:17:42 AM","C:\nerfstudio_work\panteon-chacarita\panteon-asociacion-catalana\dataset-clean\frame_00245.jpg"
"frame_00246.jpg",".jpg","1918313","1.8294","8/13/2026 9:17:42 AM","C:\nerfstudio_work\panteon-chacarita\panteon-asociacion-catalana\dataset-clean\frame_00246.jpg"
"frame_00247.jpg",".jpg","2025680","1.9318","8/13/2026 9:17:42 AM","C:\nerfstudio_work\panteon-chacarita\panteon-asociacion-catalana\dataset-clean\frame_00247.jpg"
"frame_00248.jpg",".jpg","1788894","1.706","8/13/2026 9:17:43 AM","C:\nerfstudio_work\panteon-chacarita\panteon-asociacion-catalana\dataset-clean\frame_00248.jpg"
"frame_00249.jpg",".jpg","2378459","2.2683","8/13/2026 9:17:43 AM","C:\nerfstudio_work\panteon-chacarita\panteon-asociacion-catalana\dataset-clean\frame_00249.jpg"
"frame_00250.jpg",".jpg","1666928","1.5897","8/13/2026 9:17:43 AM","C:\nerfstudio_work\panteon-chacarita\panteon-asociacion-catalana\dataset-clean\frame_00250.jpg"
"frame_00251.jpg",".jpg","2254731","2.1503","8/13/2026 9:17:43 AM","C:\nerfstudio_work\panteon-chacarita\panteon-asociacion-catalana\dataset-clean\frame_00251.jpg"
"frame_00252.jpg",".jpg","2076649","1.9804","8/13/2026 9:17:44 AM","C:\nerfstudio_work\panteon-chacarita\panteon-asociacion-catalana\dataset-clean\frame_00252.jpg"
"frame_00253.jpg",".jpg","1995181","1.9028","8/13/2026 9:17:44 AM","C:\nerfstudio_work\panteon-chacarita\panteon-asociacion-catalana\dataset-clean\frame_00253.jpg"
"frame_00254.jpg",".jpg","1956029","1.8654","8/13/2026 9:17:44 AM","C:\nerfstudio_work\panteon-chacarita\panteon-asociacion-catalana\dataset-clean\frame_00254.jpg"
"frame_00255.jpg",".jpg","1773168","1.691","8/13/2026 9:17:45 AM","C:\nerfstudio_work\panteon-chacarita\panteon-asociacion-catalana\dataset-clean\frame_00255.jpg"
"frame_00256.jpg",".jpg","1312211","1.2514","8/13/2026 9:17:45 AM","C:\nerfstudio_work\panteon-chacarita\panteon-asociacion-catalana\dataset-clean\frame_00256.jpg"
"frame_00257.jpg",".jpg","1403923","1.3389","8/13/2026 9:17:45 AM","C:\nerfstudio_work\panteon-chacarita\panteon-asociacion-catalana\dataset-clean\frame_00257.jpg"
"frame_00258.jpg",".jpg","1382466","1.3184","8/13/2026 9:17:45 AM","C:\nerfstudio_work\panteon-chacarita\panteon-asociacion-catalana\dataset-clean\frame_00258.jpg"
"frame_00259.jpg",".jpg","1419571","1.3538","8/13/2026 9:17:46 AM","C:\nerfstudio_work\panteon-chacarita\panteon-asociacion-catalana\dataset-clean\frame_00259.jpg"
"frame_00260.jpg",".jpg","1425795","1.3597","8/13/2026 9:17:46 AM","C:\nerfstudio_work\panteon-chacarita\panteon-asociacion-catalana\dataset-clean\frame_00260.jpg"
"frame_00261.jpg",".jpg","1373051","1.3094","8/13/2026 9:17:46 AM","C:\nerfstudio_work\panteon-chacarita\panteon-asociacion-catalana\dataset-clean\frame_00261.jpg"
"frame_00262.jpg",".jpg","1437272","1.3707","8/13/2026 9:17:46 AM","C:\nerfstudio_work\panteon-chacarita\panteon-asociacion-catalana\dataset-clean\frame_00262.jpg"
"frame_00263.jpg",".jpg","1402893","1.3379","8/13/2026 9:17:47 AM","C:\nerfstudio_work\panteon-chacarita\panteon-asociacion-catalana\dataset-clean\frame_00263.jpg"
"frame_00264.jpg",".jpg","1440534","1.3738","8/13/2026 9:17:47 AM","C:\nerfstudio_work\panteon-chacarita\panteon-asociacion-catalana\dataset-clean\frame_00264.jpg"
"frame_00265.jpg",".jpg","1588509","1.5149","8/13/2026 9:17:47 AM","C:\nerfstudio_work\panteon-chacarita\panteon-asociacion-catalana\dataset-clean\frame_00265.jpg"
"frame_00266.jpg",".jpg","1562869","1.4905","8/13/2026 9:17:48 AM","C:\nerfstudio_work\panteon-chacarita\panteon-asociacion-catalana\dataset-clean\frame_00266.jpg"
"frame_00267.jpg",".jpg","1611908","1.5372","8/13/2026 9:17:48 AM","C:\nerfstudio_work\panteon-chacarita\panteon-asociacion-catalana\dataset-clean\frame_00267.jpg"
"frame_00268.jpg",".jpg","1437679","1.3711","8/13/2026 9:17:48 AM","C:\nerfstudio_work\panteon-chacarita\panteon-asociacion-catalana\dataset-clean\frame_00268.jpg"
"frame_00269.jpg",".jpg","1399246","1.3344","8/13/2026 9:17:48 AM","C:\nerfstudio_work\panteon-chacarita\panteon-asociacion-catalana\dataset-clean\frame_00269.jpg"
"frame_00270.jpg",".jpg","1516019","1.4458","8/13/2026 9:17:49 AM","C:\nerfstudio_work\panteon-chacarita\panteon-asociacion-catalana\dataset-clean\frame_00270.jpg"
"frame_00271.jpg",".jpg","1468639","1.4006","8/13/2026 9:17:49 AM","C:\nerfstudio_work\panteon-chacarita\panteon-asociacion-catalana\dataset-clean\frame_00271.jpg"
"frame_00272.jpg",".jpg","1416474","1.3509","8/13/2026 9:17:50 AM","C:\nerfstudio_work\panteon-chacarita\panteon-asociacion-catalana\dataset-clean\frame_00272.jpg"
"frame_00273.jpg",".jpg","1419084","1.3533","8/13/2026 9:17:50 AM","C:\nerfstudio_work\panteon-chacarita\panteon-asociacion-catalana\dataset-clean\frame_00273.jpg"
"frame_00274.jpg",".jpg","1331753","1.2701","8/13/2026 9:17:50 AM","C:\nerfstudio_work\panteon-chacarita\panteon-asociacion-catalana\dataset-clean\frame_00274.jpg"
"frame_00275.jpg",".jpg","1386738","1.3225","8/13/2026 9:17:51 AM","C:\nerfstudio_work\panteon-chacarita\panteon-asociacion-catalana\dataset-clean\frame_00275.jpg"
"frame_00276.jpg",".jpg","1319672","1.2585","8/13/2026 9:17:51 AM","C:\nerfstudio_work\panteon-chacarita\panteon-asociacion-catalana\dataset-clean\frame_00276.jpg"
"frame_00277.jpg",".jpg","1273749","1.2147","8/13/2026 9:17:51 AM","C:\nerfstudio_work\panteon-chacarita\panteon-asociacion-catalana\dataset-clean\frame_00277.jpg"
"frame_00278.jpg",".jpg","1292955","1.2331","8/13/2026 9:17:51 AM","C:\nerfstudio_work\panteon-chacarita\panteon-asociacion-catalana\dataset-clean\frame_00278.jpg"
"frame_00279.jpg",".jpg","1264802","1.2062","8/13/2026 9:17:52 AM","C:\nerfstudio_work\panteon-chacarita\panteon-asociacion-catalana\dataset-clean\frame_00279.jpg"
"frame_00280.jpg",".jpg","1267174","1.2085","8/13/2026 9:17:52 AM","C:\nerfstudio_work\panteon-chacarita\panteon-asociacion-catalana\dataset-clean\frame_00280.jpg"
"frame_00281.jpg",".jpg","1187907","1.1329","8/13/2026 9:17:52 AM","C:\nerfstudio_work\panteon-chacarita\panteon-asociacion-catalana\dataset-clean\frame_00281.jpg"
"frame_00282.jpg",".jpg","1202173","1.1465","8/13/2026 9:17:52 AM","C:\nerfstudio_work\panteon-chacarita\panteon-asociacion-catalana\dataset-clean\frame_00282.jpg"
"frame_00283.jpg",".jpg","1210057","1.154","8/13/2026 9:17:53 AM","C:\nerfstudio_work\panteon-chacarita\panteon-asociacion-catalana\dataset-clean\frame_00283.jpg"
"frame_00284.jpg",".jpg","1215692","1.1594","8/13/2026 9:17:53 AM","C:\nerfstudio_work\panteon-chacarita\panteon-asociacion-catalana\dataset-clean\frame_00284.jpg"
"frame_00285.jpg",".jpg","1209670","1.1536","8/13/2026 9:17:53 AM","C:\nerfstudio_work\panteon-chacarita\panteon-asociacion-catalana\dataset-clean\frame_00285.jpg"
"frame_00286.jpg",".jpg","1275577","1.2165","8/13/2026 9:17:54 AM","C:\nerfstudio_work\panteon-chacarita\panteon-asociacion-catalana\dataset-clean\frame_00286.jpg"
"frame_00287.jpg",".jpg","1212748","1.1566","8/13/2026 9:17:54 AM","C:\nerfstudio_work\panteon-chacarita\panteon-asociacion-catalana\dataset-clean\frame_00287.jpg"
"frame_00288.jpg",".jpg","1229345","1.1724","8/13/2026 9:17:54 AM","C:\nerfstudio_work\panteon-chacarita\panteon-asociacion-catalana\dataset-clean\frame_00288.jpg"
"frame_00289.jpg",".jpg","1216139","1.1598","8/13/2026 9:17:54 AM","C:\nerfstudio_work\panteon-chacarita\panteon-asociacion-catalana\dataset-clean\frame_00289.jpg"
"frame_00290.jpg",".jpg","1223182","1.1665","8/13/2026 9:17:55 AM","C:\nerfstudio_work\panteon-chacarita\panteon-asociacion-catalana\dataset-clean\frame_00290.jpg"
"frame_00291.jpg",".jpg","1238866","1.1815","8/13/2026 9:17:55 AM","C:\nerfstudio_work\panteon-chacarita\panteon-asociacion-catalana\dataset-clean\frame_00291.jpg"
"frame_00292.jpg",".jpg","1247498","1.1897","8/13/2026 9:17:55 AM","C:\nerfstudio_work\panteon-chacarita\panteon-asociacion-catalana\dataset-clean\frame_00292.jpg"
"frame_00293.jpg",".jpg","1248446","1.1906","8/13/2026 9:17:56 AM","C:\nerfstudio_work\panteon-chacarita\panteon-asociacion-catalana\dataset-clean\frame_00293.jpg"
"frame_00294.jpg",".jpg","1324924","1.2635","8/13/2026 9:17:56 AM","C:\nerfstudio_work\panteon-chacarita\panteon-asociacion-catalana\dataset-clean\frame_00294.jpg"
"frame_00295.jpg",".jpg","1326835","1.2654","8/13/2026 9:17:56 AM","C:\nerfstudio_work\panteon-chacarita\panteon-asociacion-catalana\dataset-clean\frame_00295.jpg"
"frame_00296.jpg",".jpg","1225198","1.1684","8/13/2026 9:17:56 AM","C:\nerfstudio_work\panteon-chacarita\panteon-asociacion-catalana\dataset-clean\frame_00296.jpg"
"frame_00297.jpg",".jpg","1271094","1.2122","8/13/2026 9:17:57 AM","C:\nerfstudio_work\panteon-chacarita\panteon-asociacion-catalana\dataset-clean\frame_00297.jpg"
"frame_00298.jpg",".jpg","1380360","1.3164","8/13/2026 9:17:57 AM","C:\nerfstudio_work\panteon-chacarita\panteon-asociacion-catalana\dataset-clean\frame_00298.jpg"
"frame_00299.jpg",".jpg","1489286","1.4203","8/13/2026 9:17:57 AM","C:\nerfstudio_work\panteon-chacarita\panteon-asociacion-catalana\dataset-clean\frame_00299.jpg"
"frame_00300.jpg",".jpg","1594463","1.5206","8/13/2026 9:17:57 AM","C:\nerfstudio_work\panteon-chacarita\panteon-asociacion-catalana\dataset-clean\frame_00300.jpg"
"frame_00301.jpg",".jpg","1625048","1.5498","8/13/2026 9:17:58 AM","C:\nerfstudio_work\panteon-chacarita\panteon-asociacion-catalana\dataset-clean\frame_00301.jpg"
"frame_00302.jpg",".jpg","1683532","1.6055","8/13/2026 9:17:58 AM","C:\nerfstudio_work\panteon-chacarita\panteon-asociacion-catalana\dataset-clean\frame_00302.jpg"
"frame_00303.jpg",".jpg","1646438","1.5702","8/13/2026 9:17:58 AM","C:\nerfstudio_work\panteon-chacarita\panteon-asociacion-catalana\dataset-clean\frame_00303.jpg"
"frame_00304.jpg",".jpg","1662159","1.5852","8/13/2026 9:17:58 AM","C:\nerfstudio_work\panteon-chacarita\panteon-asociacion-catalana\dataset-clean\frame_00304.jpg"
"frame_00305.jpg",".jpg","1669543","1.5922","8/13/2026 9:17:59 AM","C:\nerfstudio_work\panteon-chacarita\panteon-asociacion-catalana\dataset-clean\frame_00305.jpg"
"frame_00306.jpg",".jpg","1537191","1.466","8/13/2026 9:17:59 AM","C:\nerfstudio_work\panteon-chacarita\panteon-asociacion-catalana\dataset-clean\frame_00306.jpg"
"frame_00307.jpg",".jpg","1550336","1.4785","8/13/2026 9:17:59 AM","C:\nerfstudio_work\panteon-chacarita\panteon-asociacion-catalana\dataset-clean\frame_00307.jpg"
"frame_00308.jpg",".jpg","1552398","1.4805","8/13/2026 9:18:00 AM","C:\nerfstudio_work\panteon-chacarita\panteon-asociacion-catalana\dataset-clean\frame_00308.jpg"
"frame_00309.jpg",".jpg","1550664","1.4788","8/13/2026 9:18:00 AM","C:\nerfstudio_work\panteon-chacarita\panteon-asociacion-catalana\dataset-clean\frame_00309.jpg"
"frame_00310.jpg",".jpg","1571210","1.4984","8/13/2026 9:18:00 AM","C:\nerfstudio_work\panteon-chacarita\panteon-asociacion-catalana\dataset-clean\frame_00310.jpg"
"frame_00311.jpg",".jpg","1581887","1.5086","8/13/2026 9:18:00 AM","C:\nerfstudio_work\panteon-chacarita\panteon-asociacion-catalana\dataset-clean\frame_00311.jpg"
"frame_00312.jpg",".jpg","1658454","1.5816","8/13/2026 9:18:01 AM","C:\nerfstudio_work\panteon-chacarita\panteon-asociacion-catalana\dataset-clean\frame_00312.jpg"
"frame_00313.jpg",".jpg","1597159","1.5232","8/13/2026 9:18:01 AM","C:\nerfstudio_work\panteon-chacarita\panteon-asociacion-catalana\dataset-clean\frame_00313.jpg"
"frame_00314.jpg",".jpg","1634543","1.5588","8/13/2026 9:18:01 AM","C:\nerfstudio_work\panteon-chacarita\panteon-asociacion-catalana\dataset-clean\frame_00314.jpg"
"frame_00315.jpg",".jpg","1592147","1.5184","8/13/2026 9:18:01 AM","C:\nerfstudio_work\panteon-chacarita\panteon-asociacion-catalana\dataset-clean\frame_00315.jpg"
"frame_00316.jpg",".jpg","1548872","1.4771","8/13/2026 9:18:02 AM","C:\nerfstudio_work\panteon-chacarita\panteon-asociacion-catalana\dataset-clean\frame_00316.jpg"
"frame_00317.jpg",".jpg","1528701","1.4579","8/13/2026 9:18:02 AM","C:\nerfstudio_work\panteon-chacarita\panteon-asociacion-catalana\dataset-clean\frame_00317.jpg"
"frame_00318.jpg",".jpg","1548940","1.4772","8/13/2026 9:18:02 AM","C:\nerfstudio_work\panteon-chacarita\panteon-asociacion-catalana\dataset-clean\frame_00318.jpg"
"frame_00319.jpg",".jpg","1547533","1.4758","8/13/2026 9:18:03 AM","C:\nerfstudio_work\panteon-chacarita\panteon-asociacion-catalana\dataset-clean\frame_00319.jpg"
"frame_00320.jpg",".jpg","1502250","1.4327","8/13/2026 9:18:03 AM","C:\nerfstudio_work\panteon-chacarita\panteon-asociacion-catalana\dataset-clean\frame_00320.jpg"
"frame_00321.jpg",".jpg","1486428","1.4176","8/13/2026 9:18:03 AM","C:\nerfstudio_work\panteon-chacarita\panteon-asociacion-catalana\dataset-clean\frame_00321.jpg"
"frame_00322.jpg",".jpg","1476972","1.4086","8/13/2026 9:18:03 AM","C:\nerfstudio_work\panteon-chacarita\panteon-asociacion-catalana\dataset-clean\frame_00322.jpg"
"frame_00323.jpg",".jpg","1510364","1.4404","8/13/2026 9:18:04 AM","C:\nerfstudio_work\panteon-chacarita\panteon-asociacion-catalana\dataset-clean\frame_00323.jpg"
"frame_00324.jpg",".jpg","1502878","1.4333","8/13/2026 9:18:04 AM","C:\nerfstudio_work\panteon-chacarita\panteon-asociacion-catalana\dataset-clean\frame_00324.jpg"
"frame_00325.jpg",".jpg","1509797","1.4399","8/13/2026 9:18:04 AM","C:\nerfstudio_work\panteon-chacarita\panteon-asociacion-catalana\dataset-clean\frame_00325.jpg"
"frame_00326.jpg",".jpg","1514762","1.4446","8/13/2026 9:18:04 AM","C:\nerfstudio_work\panteon-chacarita\panteon-asociacion-catalana\dataset-clean\frame_00326.jpg"
"frame_00327.jpg",".jpg","1509203","1.4393","8/13/2026 9:18:05 AM","C:\nerfstudio_work\panteon-chacarita\panteon-asociacion-catalana\dataset-clean\frame_00327.jpg"
"frame_00328.jpg",".jpg","1527636","1.4569","8/13/2026 9:18:05 AM","C:\nerfstudio_work\panteon-chacarita\panteon-asociacion-catalana\dataset-clean\frame_00328.jpg"
"frame_00329.jpg",".jpg","1531124","1.4602","8/13/2026 9:18:05 AM","C:\nerfstudio_work\panteon-chacarita\panteon-asociacion-catalana\dataset-clean\frame_00329.jpg"
"frame_00330.jpg",".jpg","1581960","1.5087","8/13/2026 9:18:06 AM","C:\nerfstudio_work\panteon-chacarita\panteon-asociacion-catalana\dataset-clean\frame_00330.jpg"
"frame_00331.jpg",".jpg","1613024","1.5383","8/13/2026 9:18:06 AM","C:\nerfstudio_work\panteon-chacarita\panteon-asociacion-catalana\dataset-clean\frame_00331.jpg"
"frame_00332.jpg",".jpg","1651059","1.5746","8/13/2026 9:18:06 AM","C:\nerfstudio_work\panteon-chacarita\panteon-asociacion-catalana\dataset-clean\frame_00332.jpg"
"frame_00333.jpg",".jpg","1675773","1.5981","8/13/2026 9:18:06 AM","C:\nerfstudio_work\panteon-chacarita\panteon-asociacion-catalana\dataset-clean\frame_00333.jpg"
"frame_00334.jpg",".jpg","1708918","1.6298","8/13/2026 9:18:07 AM","C:\nerfstudio_work\panteon-chacarita\panteon-asociacion-catalana\dataset-clean\frame_00334.jpg"
"frame_00335.jpg",".jpg","1707121","1.628","8/13/2026 9:18:07 AM","C:\nerfstudio_work\panteon-chacarita\panteon-asociacion-catalana\dataset-clean\frame_00335.jpg"
"frame_00336.jpg",".jpg","1663467","1.5864","8/13/2026 9:18:07 AM","C:\nerfstudio_work\panteon-chacarita\panteon-asociacion-catalana\dataset-clean\frame_00336.jpg"
"frame_00337.jpg",".jpg","1660973","1.584","8/13/2026 9:18:07 AM","C:\nerfstudio_work\panteon-chacarita\panteon-asociacion-catalana\dataset-clean\frame_00337.jpg"
"frame_00338.jpg",".jpg","1700747","1.622","8/13/2026 9:18:08 AM","C:\nerfstudio_work\panteon-chacarita\panteon-asociacion-catalana\dataset-clean\frame_00338.jpg"
"frame_00339.jpg",".jpg","1646551","1.5703","8/13/2026 9:18:08 AM","C:\nerfstudio_work\panteon-chacarita\panteon-asociacion-catalana\dataset-clean\frame_00339.jpg"
"frame_00340.jpg",".jpg","1660281","1.5834","8/13/2026 9:18:08 AM","C:\nerfstudio_work\panteon-chacarita\panteon-asociacion-catalana\dataset-clean\frame_00340.jpg"
"frame_00341.jpg",".jpg","1638619","1.5627","8/13/2026 9:18:08 AM","C:\nerfstudio_work\panteon-chacarita\panteon-asociacion-catalana\dataset-clean\frame_00341.jpg"
"frame_00342.jpg",".jpg","1671298","1.5939","8/13/2026 9:18:09 AM","C:\nerfstudio_work\panteon-chacarita\panteon-asociacion-catalana\dataset-clean\frame_00342.jpg"
"frame_00343.jpg",".jpg","1679585","1.6018","8/13/2026 9:18:09 AM","C:\nerfstudio_work\panteon-chacarita\panteon-asociacion-catalana\dataset-clean\frame_00343.jpg"
"frame_00344.jpg",".jpg","1778515","1.6961","8/13/2026 9:18:09 AM","C:\nerfstudio_work\panteon-chacarita\panteon-asociacion-catalana\dataset-clean\frame_00344.jpg"
"frame_00345.jpg",".jpg","1832103","1.7472","8/13/2026 9:18:09 AM","C:\nerfstudio_work\panteon-chacarita\panteon-asociacion-catalana\dataset-clean\frame_00345.jpg"
"frame_00346.jpg",".jpg","1819384","1.7351","8/13/2026 9:18:10 AM","C:\nerfstudio_work\panteon-chacarita\panteon-asociacion-catalana\dataset-clean\frame_00346.jpg"
"frame_00347.jpg",".jpg","1864803","1.7784","8/13/2026 9:18:10 AM","C:\nerfstudio_work\panteon-chacarita\panteon-asociacion-catalana\dataset-clean\frame_00347.jpg"
"frame_00348.jpg",".jpg","1844104","1.7587","8/13/2026 9:18:10 AM","C:\nerfstudio_work\panteon-chacarita\panteon-asociacion-catalana\dataset-clean\frame_00348.jpg"
"frame_00349.jpg",".jpg","1848102","1.7625","8/13/2026 9:18:11 AM","C:\nerfstudio_work\panteon-chacarita\panteon-asociacion-catalana\dataset-clean\frame_00349.jpg"
"frame_00350.jpg",".jpg","1831815","1.747","8/13/2026 9:18:11 AM","C:\nerfstudio_work\panteon-chacarita\panteon-asociacion-catalana\dataset-clean\frame_00350.jpg"
"frame_00351.jpg",".jpg","1822887","1.7384","8/13/2026 9:18:11 AM","C:\nerfstudio_work\panteon-chacarita\panteon-asociacion-catalana\dataset-clean\frame_00351.jpg"
"frame_00352.jpg",".jpg","1838668","1.7535","8/13/2026 9:18:11 AM","C:\nerfstudio_work\panteon-chacarita\panteon-asociacion-catalana\dataset-clean\frame_00352.jpg"
"frame_00353.jpg",".jpg","1750756","1.6697","8/13/2026 9:18:12 AM","C:\nerfstudio_work\panteon-chacarita\panteon-asociacion-catalana\dataset-clean\frame_00353.jpg"
"frame_00354.jpg",".jpg","1763504","1.6818","8/13/2026 9:18:12 AM","C:\nerfstudio_work\panteon-chacarita\panteon-asociacion-catalana\dataset-clean\frame_00354.jpg"
"frame_00355.jpg",".jpg","1752477","1.6713","8/13/2026 9:18:12 AM","C:\nerfstudio_work\panteon-chacarita\panteon-asociacion-catalana\dataset-clean\frame_00355.jpg"
"frame_00356.jpg",".jpg","1791444","1.7085","8/13/2026 9:18:12 AM","C:\nerfstudio_work\panteon-chacarita\panteon-asociacion-catalana\dataset-clean\frame_00356.jpg"
"frame_00357.jpg",".jpg","1777000","1.6947","8/13/2026 9:18:13 AM","C:\nerfstudio_work\panteon-chacarita\panteon-asociacion-catalana\dataset-clean\frame_00357.jpg"
"frame_00358.jpg",".jpg","1839378","1.7542","8/13/2026 9:18:13 AM","C:\nerfstudio_work\panteon-chacarita\panteon-asociacion-catalana\dataset-clean\frame_00358.jpg"
"frame_00359.jpg",".jpg","1775339","1.6931","8/13/2026 9:18:13 AM","C:\nerfstudio_work\panteon-chacarita\panteon-asociacion-catalana\dataset-clean\frame_00359.jpg"
"frame_00360.jpg",".jpg","1768987","1.687","8/13/2026 9:18:13 AM","C:\nerfstudio_work\panteon-chacarita\panteon-asociacion-catalana\dataset-clean\frame_00360.jpg"
"frame_00361.jpg",".jpg","1783372","1.7008","8/13/2026 9:18:14 AM","C:\nerfstudio_work\panteon-chacarita\panteon-asociacion-catalana\dataset-clean\frame_00361.jpg"
"frame_00362.jpg",".jpg","1755956","1.6746","8/13/2026 9:18:14 AM","C:\nerfstudio_work\panteon-chacarita\panteon-asociacion-catalana\dataset-clean\frame_00362.jpg"
"frame_00363.jpg",".jpg","1773564","1.6914","8/13/2026 9:18:14 AM","C:\nerfstudio_work\panteon-chacarita\panteon-asociacion-catalana\dataset-clean\frame_00363.jpg"
"frame_00364.jpg",".jpg","1797695","1.7144","8/13/2026 9:18:15 AM","C:\nerfstudio_work\panteon-chacarita\panteon-asociacion-catalana\dataset-clean\frame_00364.jpg"
"frame_00365.jpg",".jpg","1755060","1.6738","8/13/2026 9:18:15 AM","C:\nerfstudio_work\panteon-chacarita\panteon-asociacion-catalana\dataset-clean\frame_00365.jpg"
"frame_00366.jpg",".jpg","1749456","1.6684","8/13/2026 9:18:15 AM","C:\nerfstudio_work\panteon-chacarita\panteon-asociacion-catalana\dataset-clean\frame_00366.jpg"
"frame_00367.jpg",".jpg","1822059","1.7377","8/13/2026 9:18:15 AM","C:\nerfstudio_work\panteon-chacarita\panteon-asociacion-catalana\dataset-clean\frame_00367.jpg"
"frame_00368.jpg",".jpg","1854259","1.7684","8/13/2026 9:18:16 AM","C:\nerfstudio_work\panteon-chacarita\panteon-asociacion-catalana\dataset-clean\frame_00368.jpg"
"frame_00369.jpg",".jpg","1856902","1.7709","8/13/2026 9:18:16 AM","C:\nerfstudio_work\panteon-chacarita\panteon-asociacion-catalana\dataset-clean\frame_00369.jpg"
"frame_00370.jpg",".jpg","1739396","1.6588","8/13/2026 9:18:16 AM","C:\nerfstudio_work\panteon-chacarita\panteon-asociacion-catalana\dataset-clean\frame_00370.jpg"
"frame_00371.jpg",".jpg","1743083","1.6623","8/13/2026 9:18:16 AM","C:\nerfstudio_work\panteon-chacarita\panteon-asociacion-catalana\dataset-clean\frame_00371.jpg"
"frame_00372.jpg",".jpg","1810647","1.7268","8/13/2026 9:18:17 AM","C:\nerfstudio_work\panteon-chacarita\panteon-asociacion-catalana\dataset-clean\frame_00372.jpg"
"frame_00373.jpg",".jpg","1806511","1.7228","8/13/2026 9:18:17 AM","C:\nerfstudio_work\panteon-chacarita\panteon-asociacion-catalana\dataset-clean\frame_00373.jpg"
"frame_00374.jpg",".jpg","1907113","1.8188","8/13/2026 9:18:17 AM","C:\nerfstudio_work\panteon-chacarita\panteon-asociacion-catalana\dataset-clean\frame_00374.jpg"
"frame_00375.jpg",".jpg","1892555","1.8049","8/13/2026 9:18:17 AM","C:\nerfstudio_work\panteon-chacarita\panteon-asociacion-catalana\dataset-clean\frame_00375.jpg"
"frame_00376.jpg",".jpg","1850113","1.7644","8/13/2026 9:18:18 AM","C:\nerfstudio_work\panteon-chacarita\panteon-asociacion-catalana\dataset-clean\frame_00376.jpg"
"frame_00377.jpg",".jpg","1884940","1.7976","8/13/2026 9:18:18 AM","C:\nerfstudio_work\panteon-chacarita\panteon-asociacion-catalana\dataset-clean\frame_00377.jpg"
"frame_00378.jpg",".jpg","1905268","1.817","8/13/2026 9:18:18 AM","C:\nerfstudio_work\panteon-chacarita\panteon-asociacion-catalana\dataset-clean\frame_00378.jpg"
"frame_00379.jpg",".jpg","2033900","1.9397","8/13/2026 9:18:19 AM","C:\nerfstudio_work\panteon-chacarita\panteon-asociacion-catalana\dataset-clean\frame_00379.jpg"
"frame_00380.jpg",".jpg","1997619","1.9051","8/13/2026 9:18:19 AM","C:\nerfstudio_work\panteon-chacarita\panteon-asociacion-catalana\dataset-clean\frame_00380.jpg"
"frame_00381.jpg",".jpg","2111086","2.0133","8/13/2026 9:18:19 AM","C:\nerfstudio_work\panteon-chacarita\panteon-asociacion-catalana\dataset-clean\frame_00381.jpg"
"frame_00382.jpg",".jpg","2052564","1.9575","8/13/2026 9:18:19 AM","C:\nerfstudio_work\panteon-chacarita\panteon-asociacion-catalana\dataset-clean\frame_00382.jpg"
"frame_00383.jpg",".jpg","2200587","2.0986","8/13/2026 9:18:20 AM","C:\nerfstudio_work\panteon-chacarita\panteon-asociacion-catalana\dataset-clean\frame_00383.jpg"
"frame_00384.jpg",".jpg","2271213","2.166","8/13/2026 9:18:20 AM","C:\nerfstudio_work\panteon-chacarita\panteon-asociacion-catalana\dataset-clean\frame_00384.jpg"
"frame_00385.jpg",".jpg","2287264","2.1813","8/13/2026 9:18:20 AM","C:\nerfstudio_work\panteon-chacarita\panteon-asociacion-catalana\dataset-clean\frame_00385.jpg"
"frame_00386.jpg",".jpg","2293154","2.1869","8/13/2026 9:18:20 AM","C:\nerfstudio_work\panteon-chacarita\panteon-asociacion-catalana\dataset-clean\frame_00386.jpg"
"frame_00387.jpg",".jpg","2270916","2.1657","8/13/2026 9:18:21 AM","C:\nerfstudio_work\panteon-chacarita\panteon-asociacion-catalana\dataset-clean\frame_00387.jpg"
"frame_00388.jpg",".jpg","2257159","2.1526","8/13/2026 9:18:21 AM","C:\nerfstudio_work\panteon-chacarita\panteon-asociacion-catalana\dataset-clean\frame_00388.jpg"
"frame_00389.jpg",".jpg","2177192","2.0763","8/13/2026 9:18:21 AM","C:\nerfstudio_work\panteon-chacarita\panteon-asociacion-catalana\dataset-clean\frame_00389.jpg"
"frame_00390.jpg",".jpg","2226771","2.1236","8/13/2026 9:18:21 AM","C:\nerfstudio_work\panteon-chacarita\panteon-asociacion-catalana\dataset-clean\frame_00390.jpg"
"frame_00391.jpg",".jpg","2008104","1.9151","8/13/2026 9:18:22 AM","C:\nerfstudio_work\panteon-chacarita\panteon-asociacion-catalana\dataset-clean\frame_00391.jpg"
"frame_00392.jpg",".jpg","1881610","1.7944","8/13/2026 9:18:22 AM","C:\nerfstudio_work\panteon-chacarita\panteon-asociacion-catalana\dataset-clean\frame_00392.jpg"
"frame_00393.jpg",".jpg","1785802","1.7031","8/13/2026 9:18:22 AM","C:\nerfstudio_work\panteon-chacarita\panteon-asociacion-catalana\dataset-clean\frame_00393.jpg"
"frame_00394.jpg",".jpg","1799711","1.7163","8/13/2026 9:18:23 AM","C:\nerfstudio_work\panteon-chacarita\panteon-asociacion-catalana\dataset-clean\frame_00394.jpg"
"frame_00395.jpg",".jpg","1767641","1.6858","8/13/2026 9:18:23 AM","C:\nerfstudio_work\panteon-chacarita\panteon-asociacion-catalana\dataset-clean\frame_00395.jpg"
"frame_00396.jpg",".jpg","1700594","1.6218","8/13/2026 9:18:23 AM","C:\nerfstudio_work\panteon-chacarita\panteon-asociacion-catalana\dataset-clean\frame_00396.jpg"
"frame_00397.jpg",".jpg","1697189","1.6186","8/13/2026 9:18:23 AM","C:\nerfstudio_work\panteon-chacarita\panteon-asociacion-catalana\dataset-clean\frame_00397.jpg"
"frame_00398.jpg",".jpg","1695827","1.6173","8/13/2026 9:18:24 AM","C:\nerfstudio_work\panteon-chacarita\panteon-asociacion-catalana\dataset-clean\frame_00398.jpg"
"frame_00399.jpg",".jpg","1702308","1.6234","8/13/2026 9:18:24 AM","C:\nerfstudio_work\panteon-chacarita\panteon-asociacion-catalana\dataset-clean\frame_00399.jpg"
"frame_00400.jpg",".jpg","1780984","1.6985","8/13/2026 9:18:24 AM","C:\nerfstudio_work\panteon-chacarita\panteon-asociacion-catalana\dataset-clean\frame_00400.jpg"
"frame_00401.jpg",".jpg","1769461","1.6875","8/13/2026 9:18:25 AM","C:\nerfstudio_work\panteon-chacarita\panteon-asociacion-catalana\dataset-clean\frame_00401.jpg"
"frame_00402.jpg",".jpg","1698291","1.6196","8/13/2026 9:18:25 AM","C:\nerfstudio_work\panteon-chacarita\panteon-asociacion-catalana\dataset-clean\frame_00402.jpg"
"frame_00403.jpg",".jpg","1706577","1.6275","8/13/2026 9:18:25 AM","C:\nerfstudio_work\panteon-chacarita\panteon-asociacion-catalana\dataset-clean\frame_00403.jpg"
"frame_00404.jpg",".jpg","1761878","1.6803","8/13/2026 9:18:25 AM","C:\nerfstudio_work\panteon-chacarita\panteon-asociacion-catalana\dataset-clean\frame_00404.jpg"
"frame_00405.jpg",".jpg","1717215","1.6377","8/13/2026 9:18:26 AM","C:\nerfstudio_work\panteon-chacarita\panteon-asociacion-catalana\dataset-clean\frame_00405.jpg"
"frame_00406.jpg",".jpg","1677385","1.5997","8/13/2026 9:18:26 AM","C:\nerfstudio_work\panteon-chacarita\panteon-asociacion-catalana\dataset-clean\frame_00406.jpg"
"frame_00407.jpg",".jpg","1658631","1.5818","8/13/2026 9:18:26 AM","C:\nerfstudio_work\panteon-chacarita\panteon-asociacion-catalana\dataset-clean\frame_00407.jpg"
"frame_00408.jpg",".jpg","1665015","1.5879","8/13/2026 9:18:27 AM","C:\nerfstudio_work\panteon-chacarita\panteon-asociacion-catalana\dataset-clean\frame_00408.jpg"
"frame_00409.jpg",".jpg","1713895","1.6345","8/13/2026 9:18:27 AM","C:\nerfstudio_work\panteon-chacarita\panteon-asociacion-catalana\dataset-clean\frame_00409.jpg"
"frame_00410.jpg",".jpg","1816272","1.7321","8/13/2026 9:18:27 AM","C:\nerfstudio_work\panteon-chacarita\panteon-asociacion-catalana\dataset-clean\frame_00410.jpg"
"frame_00411.jpg",".jpg","1797777","1.7145","8/13/2026 9:18:27 AM","C:\nerfstudio_work\panteon-chacarita\panteon-asociacion-catalana\dataset-clean\frame_00411.jpg"
"frame_00412.jpg",".jpg","1861594","1.7754","8/13/2026 9:18:28 AM","C:\nerfstudio_work\panteon-chacarita\panteon-asociacion-catalana\dataset-clean\frame_00412.jpg"
"frame_00413.jpg",".jpg","1825522","1.741","8/13/2026 9:18:28 AM","C:\nerfstudio_work\panteon-chacarita\panteon-asociacion-catalana\dataset-clean\frame_00413.jpg"
"frame_00414.jpg",".jpg","1673883","1.5963","8/13/2026 9:18:28 AM","C:\nerfstudio_work\panteon-chacarita\panteon-asociacion-catalana\dataset-clean\frame_00414.jpg"
"frame_00415.jpg",".jpg","1643442","1.5673","8/13/2026 9:18:29 AM","C:\nerfstudio_work\panteon-chacarita\panteon-asociacion-catalana\dataset-clean\frame_00415.jpg"
"frame_00416.jpg",".jpg","1647199","1.5709","8/13/2026 9:18:29 AM","C:\nerfstudio_work\panteon-chacarita\panteon-asociacion-catalana\dataset-clean\frame_00416.jpg"
"frame_00417.jpg",".jpg","1620093","1.545","8/13/2026 9:18:29 AM","C:\nerfstudio_work\panteon-chacarita\panteon-asociacion-catalana\dataset-clean\frame_00417.jpg"
"frame_00418.jpg",".jpg","1666101","1.5889","8/13/2026 9:18:29 AM","C:\nerfstudio_work\panteon-chacarita\panteon-asociacion-catalana\dataset-clean\frame_00418.jpg"
"frame_00419.jpg",".jpg","1488307","1.4194","8/13/2026 9:18:30 AM","C:\nerfstudio_work\panteon-chacarita\panteon-asociacion-catalana\dataset-clean\frame_00419.jpg"
"frame_00420.jpg",".jpg","1503169","1.4335","8/13/2026 9:18:30 AM","C:\nerfstudio_work\panteon-chacarita\panteon-asociacion-catalana\dataset-clean\frame_00420.jpg"
"frame_00421.jpg",".jpg","1586584","1.5131","8/13/2026 9:18:30 AM","C:\nerfstudio_work\panteon-chacarita\panteon-asociacion-catalana\dataset-clean\frame_00421.jpg"
"frame_00422.jpg",".jpg","1453803","1.3865","8/13/2026 9:18:31 AM","C:\nerfstudio_work\panteon-chacarita\panteon-asociacion-catalana\dataset-clean\frame_00422.jpg"
"frame_00423.jpg",".jpg","1385629","1.3214","8/13/2026 9:18:31 AM","C:\nerfstudio_work\panteon-chacarita\panteon-asociacion-catalana\dataset-clean\frame_00423.jpg"
"frame_00424.jpg",".jpg","1391176","1.3267","8/13/2026 9:18:31 AM","C:\nerfstudio_work\panteon-chacarita\panteon-asociacion-catalana\dataset-clean\frame_00424.jpg"
"frame_00425.jpg",".jpg","1459779","1.3922","8/13/2026 9:18:31 AM","C:\nerfstudio_work\panteon-chacarita\panteon-asociacion-catalana\dataset-clean\frame_00425.jpg"
"frame_00426.jpg",".jpg","1597152","1.5232","8/13/2026 9:18:32 AM","C:\nerfstudio_work\panteon-chacarita\panteon-asociacion-catalana\dataset-clean\frame_00426.jpg"
"frame_00427.jpg",".jpg","1745590","1.6647","8/13/2026 9:18:32 AM","C:\nerfstudio_work\panteon-chacarita\panteon-asociacion-catalana\dataset-clean\frame_00427.jpg"
"frame_00428.jpg",".jpg","1847676","1.7621","8/13/2026 9:18:32 AM","C:\nerfstudio_work\panteon-chacarita\panteon-asociacion-catalana\dataset-clean\frame_00428.jpg"
"frame_00429.jpg",".jpg","1911135","1.8226","8/13/2026 9:18:33 AM","C:\nerfstudio_work\panteon-chacarita\panteon-asociacion-catalana\dataset-clean\frame_00429.jpg"
"frame_00430.jpg",".jpg","1772679","1.6906","8/13/2026 9:18:33 AM","C:\nerfstudio_work\panteon-chacarita\panteon-asociacion-catalana\dataset-clean\frame_00430.jpg"
"frame_00431.jpg",".jpg","1813875","1.7298","8/13/2026 9:18:33 AM","C:\nerfstudio_work\panteon-chacarita\panteon-asociacion-catalana\dataset-clean\frame_00431.jpg"
"frame_00432.jpg",".jpg","1771576","1.6895","8/13/2026 9:18:33 AM","C:\nerfstudio_work\panteon-chacarita\panteon-asociacion-catalana\dataset-clean\frame_00432.jpg"
"frame_00433.jpg",".jpg","1732519","1.6523","8/13/2026 9:18:34 AM","C:\nerfstudio_work\panteon-chacarita\panteon-asociacion-catalana\dataset-clean\frame_00433.jpg"
"frame_00434.jpg",".jpg","1735151","1.6548","8/13/2026 9:18:34 AM","C:\nerfstudio_work\panteon-chacarita\panteon-asociacion-catalana\dataset-clean\frame_00434.jpg"
"frame_00435.jpg",".jpg","1793126","1.7101","8/13/2026 9:18:34 AM","C:\nerfstudio_work\panteon-chacarita\panteon-asociacion-catalana\dataset-clean\frame_00435.jpg"
"frame_00436.jpg",".jpg","1829443","1.7447","8/13/2026 9:18:35 AM","C:\nerfstudio_work\panteon-chacarita\panteon-asociacion-catalana\dataset-clean\frame_00436.jpg"
"frame_00437.jpg",".jpg","1871495","1.7848","8/13/2026 9:18:35 AM","C:\nerfstudio_work\panteon-chacarita\panteon-asociacion-catalana\dataset-clean\frame_00437.jpg"
"frame_00438.jpg",".jpg","1838451","1.7533","8/13/2026 9:18:35 AM","C:\nerfstudio_work\panteon-chacarita\panteon-asociacion-catalana\dataset-clean\frame_00438.jpg"
"frame_00439.jpg",".jpg","1841875","1.7565","8/13/2026 9:18:36 AM","C:\nerfstudio_work\panteon-chacarita\panteon-asociacion-catalana\dataset-clean\frame_00439.jpg"
"frame_00440.jpg",".jpg","1852042","1.7662","8/13/2026 9:18:36 AM","C:\nerfstudio_work\panteon-chacarita\panteon-asociacion-catalana\dataset-clean\frame_00440.jpg"
"frame_00441.jpg",".jpg","1858622","1.7725","8/13/2026 9:18:36 AM","C:\nerfstudio_work\panteon-chacarita\panteon-asociacion-catalana\dataset-clean\frame_00441.jpg"
"frame_00442.jpg",".jpg","1862704","1.7764","8/13/2026 9:18:36 AM","C:\nerfstudio_work\panteon-chacarita\panteon-asociacion-catalana\dataset-clean\frame_00442.jpg"
"frame_00443.jpg",".jpg","1865018","1.7786","8/13/2026 9:18:37 AM","C:\nerfstudio_work\panteon-chacarita\panteon-asociacion-catalana\dataset-clean\frame_00443.jpg"
"frame_00444.jpg",".jpg","1885202","1.7979","8/13/2026 9:18:37 AM","C:\nerfstudio_work\panteon-chacarita\panteon-asociacion-catalana\dataset-clean\frame_00444.jpg"
"frame_00445.jpg",".jpg","1876670","1.7897","8/13/2026 9:18:37 AM","C:\nerfstudio_work\panteon-chacarita\panteon-asociacion-catalana\dataset-clean\frame_00445.jpg"
"frame_00446.jpg",".jpg","1873680","1.7869","8/13/2026 9:18:38 AM","C:\nerfstudio_work\panteon-chacarita\panteon-asociacion-catalana\dataset-clean\frame_00446.jpg"
"frame_00447.jpg",".jpg","1872386","1.7856","8/13/2026 9:18:38 AM","C:\nerfstudio_work\panteon-chacarita\panteon-asociacion-catalana\dataset-clean\frame_00447.jpg"
"frame_00448.jpg",".jpg","1862255","1.776","8/13/2026 9:18:38 AM","C:\nerfstudio_work\panteon-chacarita\panteon-asociacion-catalana\dataset-clean\frame_00448.jpg"
"frame_00449.jpg",".jpg","1868726","1.7822","8/13/2026 9:18:38 AM","C:\nerfstudio_work\panteon-chacarita\panteon-asociacion-catalana\dataset-clean\frame_00449.jpg"
"frame_00450.jpg",".jpg","1859545","1.7734","8/13/2026 9:18:39 AM","C:\nerfstudio_work\panteon-chacarita\panteon-asociacion-catalana\dataset-clean\frame_00450.jpg"
"frame_00451.jpg",".jpg","1789064","1.7062","8/13/2026 9:18:39 AM","C:\nerfstudio_work\panteon-chacarita\panteon-asociacion-catalana\dataset-clean\frame_00451.jpg"
"frame_00452.jpg",".jpg","1867485","1.781","8/13/2026 9:18:39 AM","C:\nerfstudio_work\panteon-chacarita\panteon-asociacion-catalana\dataset-clean\frame_00452.jpg"
"frame_00453.jpg",".jpg","1816376","1.7322","8/13/2026 9:18:40 AM","C:\nerfstudio_work\panteon-chacarita\panteon-asociacion-catalana\dataset-clean\frame_00453.jpg"
"frame_00454.jpg",".jpg","1901673","1.8136","8/13/2026 9:18:40 AM","C:\nerfstudio_work\panteon-chacarita\panteon-asociacion-catalana\dataset-clean\frame_00454.jpg"
"frame_00455.jpg",".jpg","1836950","1.7519","8/13/2026 9:18:40 AM","C:\nerfstudio_work\panteon-chacarita\panteon-asociacion-catalana\dataset-clean\frame_00455.jpg"
"frame_00456.jpg",".jpg","1897969","1.81","8/13/2026 9:18:40 AM","C:\nerfstudio_work\panteon-chacarita\panteon-asociacion-catalana\dataset-clean\frame_00456.jpg"
"frame_00457.jpg",".jpg","1893494","1.8058","8/13/2026 9:18:41 AM","C:\nerfstudio_work\panteon-chacarita\panteon-asociacion-catalana\dataset-clean\frame_00457.jpg"
"frame_00458.jpg",".jpg","1927163","1.8379","8/13/2026 9:18:41 AM","C:\nerfstudio_work\panteon-chacarita\panteon-asociacion-catalana\dataset-clean\frame_00458.jpg"
"frame_00459.jpg",".jpg","1947732","1.8575","8/13/2026 9:18:41 AM","C:\nerfstudio_work\panteon-chacarita\panteon-asociacion-catalana\dataset-clean\frame_00459.jpg"
"frame_00460.jpg",".jpg","1948472","1.8582","8/13/2026 9:18:41 AM","C:\nerfstudio_work\panteon-chacarita\panteon-asociacion-catalana\dataset-clean\frame_00460.jpg"
"frame_00461.jpg",".jpg","1942868","1.8529","8/13/2026 9:18:42 AM","C:\nerfstudio_work\panteon-chacarita\panteon-asociacion-catalana\dataset-clean\frame_00461.jpg"
"frame_00462.jpg",".jpg","1944917","1.8548","8/13/2026 9:18:42 AM","C:\nerfstudio_work\panteon-chacarita\panteon-asociacion-catalana\dataset-clean\frame_00462.jpg"
"frame_00463.jpg",".jpg","1880817","1.7937","8/13/2026 9:18:42 AM","C:\nerfstudio_work\panteon-chacarita\panteon-asociacion-catalana\dataset-clean\frame_00463.jpg"
"frame_00464.jpg",".jpg","1886218","1.7988","8/13/2026 9:18:43 AM","C:\nerfstudio_work\panteon-chacarita\panteon-asociacion-catalana\dataset-clean\frame_00464.jpg"
"frame_00465.jpg",".jpg","1936557","1.8468","8/13/2026 9:18:43 AM","C:\nerfstudio_work\panteon-chacarita\panteon-asociacion-catalana\dataset-clean\frame_00465.jpg"
"frame_00466.jpg",".jpg","2003415","1.9106","8/13/2026 9:18:43 AM","C:\nerfstudio_work\panteon-chacarita\panteon-asociacion-catalana\dataset-clean\frame_00466.jpg"
"frame_00467.jpg",".jpg","2001625","1.9089","8/13/2026 9:18:43 AM","C:\nerfstudio_work\panteon-chacarita\panteon-asociacion-catalana\dataset-clean\frame_00467.jpg"
"frame_00468.jpg",".jpg","1991163","1.8989","8/13/2026 9:18:44 AM","C:\nerfstudio_work\panteon-chacarita\panteon-asociacion-catalana\dataset-clean\frame_00468.jpg"
"frame_00469.jpg",".jpg","1967762","1.8766","8/13/2026 9:18:44 AM","C:\nerfstudio_work\panteon-chacarita\panteon-asociacion-catalana\dataset-clean\frame_00469.jpg"
"frame_00470.jpg",".jpg","2007862","1.9148","8/13/2026 9:18:44 AM","C:\nerfstudio_work\panteon-chacarita\panteon-asociacion-catalana\dataset-clean\frame_00470.jpg"
"frame_00471.jpg",".jpg","2006747","1.9138","8/13/2026 9:18:45 AM","C:\nerfstudio_work\panteon-chacarita\panteon-asociacion-catalana\dataset-clean\frame_00471.jpg"
"frame_00472.jpg",".jpg","1971457","1.8801","8/13/2026 9:18:45 AM","C:\nerfstudio_work\panteon-chacarita\panteon-asociacion-catalana\dataset-clean\frame_00472.jpg"
"frame_00473.jpg",".jpg","1980592","1.8888","8/13/2026 9:18:45 AM","C:\nerfstudio_work\panteon-chacarita\panteon-asociacion-catalana\dataset-clean\frame_00473.jpg"
"frame_00474.jpg",".jpg","2005017","1.9121","8/13/2026 9:18:46 AM","C:\nerfstudio_work\panteon-chacarita\panteon-asociacion-catalana\dataset-clean\frame_00474.jpg"
"frame_00475.jpg",".jpg","2008606","1.9156","8/13/2026 9:18:46 AM","C:\nerfstudio_work\panteon-chacarita\panteon-asociacion-catalana\dataset-clean\frame_00475.jpg"
"frame_00476.jpg",".jpg","2034441","1.9402","8/13/2026 9:18:46 AM","C:\nerfstudio_work\panteon-chacarita\panteon-asociacion-catalana\dataset-clean\frame_00476.jpg"
"frame_00477.jpg",".jpg","1971188","1.8799","8/13/2026 9:18:46 AM","C:\nerfstudio_work\panteon-chacarita\panteon-asociacion-catalana\dataset-clean\frame_00477.jpg"
"frame_00478.jpg",".jpg","2052282","1.9572","8/13/2026 9:18:47 AM","C:\nerfstudio_work\panteon-chacarita\panteon-asociacion-catalana\dataset-clean\frame_00478.jpg"
"frame_00479.jpg",".jpg","2025433","1.9316","8/13/2026 9:18:47 AM","C:\nerfstudio_work\panteon-chacarita\panteon-asociacion-catalana\dataset-clean\frame_00479.jpg"
"frame_00480.jpg",".jpg","2058301","1.9629","8/13/2026 9:18:47 AM","C:\nerfstudio_work\panteon-chacarita\panteon-asociacion-catalana\dataset-clean\frame_00480.jpg"
"frame_00481.jpg",".jpg","2044538","1.9498","8/13/2026 9:18:47 AM","C:\nerfstudio_work\panteon-chacarita\panteon-asociacion-catalana\dataset-clean\frame_00481.jpg"
"frame_00482.jpg",".jpg","2056005","1.9608","8/13/2026 9:18:48 AM","C:\nerfstudio_work\panteon-chacarita\panteon-asociacion-catalana\dataset-clean\frame_00482.jpg"
"frame_00483.jpg",".jpg","2014304","1.921","8/13/2026 9:18:48 AM","C:\nerfstudio_work\panteon-chacarita\panteon-asociacion-catalana\dataset-clean\frame_00483.jpg"
"frame_00484.jpg",".jpg","2051874","1.9568","8/13/2026 9:18:48 AM","C:\nerfstudio_work\panteon-chacarita\panteon-asociacion-catalana\dataset-clean\frame_00484.jpg"
"frame_00485.jpg",".jpg","2044622","1.9499","8/13/2026 9:18:49 AM","C:\nerfstudio_work\panteon-chacarita\panteon-asociacion-catalana\dataset-clean\frame_00485.jpg"
"frame_00486.jpg",".jpg","2007310","1.9143","8/13/2026 9:18:49 AM","C:\nerfstudio_work\panteon-chacarita\panteon-asociacion-catalana\dataset-clean\frame_00486.jpg"
"frame_00487.jpg",".jpg","2012284","1.9191","8/13/2026 9:18:49 AM","C:\nerfstudio_work\panteon-chacarita\panteon-asociacion-catalana\dataset-clean\frame_00487.jpg"
"frame_00488.jpg",".jpg","2090317","1.9935","8/13/2026 9:18:49 AM","C:\nerfstudio_work\panteon-chacarita\panteon-asociacion-catalana\dataset-clean\frame_00488.jpg"
"frame_00489.jpg",".jpg","2032180","1.938","8/13/2026 9:18:50 AM","C:\nerfstudio_work\panteon-chacarita\panteon-asociacion-catalana\dataset-clean\frame_00489.jpg"
"frame_00490.jpg",".jpg","2026985","1.9331","8/13/2026 9:18:50 AM","C:\nerfstudio_work\panteon-chacarita\panteon-asociacion-catalana\dataset-clean\frame_00490.jpg"
"frame_00491.jpg",".jpg","1826565","1.7419","8/13/2026 9:18:51 AM","C:\nerfstudio_work\panteon-chacarita\panteon-asociacion-catalana\dataset-clean\frame_00491.jpg"
"frame_00492.jpg",".jpg","1652154","1.5756","8/13/2026 9:18:51 AM","C:\nerfstudio_work\panteon-chacarita\panteon-asociacion-catalana\dataset-clean\frame_00492.jpg"
"frame_00493.jpg",".jpg","1611630","1.537","8/13/2026 9:18:51 AM","C:\nerfstudio_work\panteon-chacarita\panteon-asociacion-catalana\dataset-clean\frame_00493.jpg"
"frame_00494.jpg",".jpg","1583035","1.5097","8/13/2026 9:18:52 AM","C:\nerfstudio_work\panteon-chacarita\panteon-asociacion-catalana\dataset-clean\frame_00494.jpg"
"frame_00495.jpg",".jpg","1514321","1.4442","8/13/2026 9:18:52 AM","C:\nerfstudio_work\panteon-chacarita\panteon-asociacion-catalana\dataset-clean\frame_00495.jpg"
"frame_00496.jpg",".jpg","1570866","1.4981","8/13/2026 9:18:52 AM","C:\nerfstudio_work\panteon-chacarita\panteon-asociacion-catalana\dataset-clean\frame_00496.jpg"
"frame_00497.jpg",".jpg","1418919","1.3532","8/13/2026 9:18:52 AM","C:\nerfstudio_work\panteon-chacarita\panteon-asociacion-catalana\dataset-clean\frame_00497.jpg"
"frame_00498.jpg",".jpg","1387779","1.3235","8/13/2026 9:18:53 AM","C:\nerfstudio_work\panteon-chacarita\panteon-asociacion-catalana\dataset-clean\frame_00498.jpg"
"frame_00499.jpg",".jpg","1456084","1.3886","8/13/2026 9:18:53 AM","C:\nerfstudio_work\panteon-chacarita\panteon-asociacion-catalana\dataset-clean\frame_00499.jpg"
"frame_00500.jpg",".jpg","1391055","1.3266","8/13/2026 9:18:53 AM","C:\nerfstudio_work\panteon-chacarita\panteon-asociacion-catalana\dataset-clean\frame_00500.jpg"
"frame_00501.jpg",".jpg","1412866","1.3474","8/13/2026 9:18:54 AM","C:\nerfstudio_work\panteon-chacarita\panteon-asociacion-catalana\dataset-clean\frame_00501.jpg"
"frame_00502.jpg",".jpg","1387808","1.3235","8/13/2026 9:18:54 AM","C:\nerfstudio_work\panteon-chacarita\panteon-asociacion-catalana\dataset-clean\frame_00502.jpg"
"frame_00503.jpg",".jpg","1409836","1.3445","8/13/2026 9:18:54 AM","C:\nerfstudio_work\panteon-chacarita\panteon-asociacion-catalana\dataset-clean\frame_00503.jpg"
"frame_00504.jpg",".jpg","1476915","1.4085","8/13/2026 9:18:55 AM","C:\nerfstudio_work\panteon-chacarita\panteon-asociacion-catalana\dataset-clean\frame_00504.jpg"
"frame_00505.jpg",".jpg","1407546","1.3423","8/13/2026 9:18:55 AM","C:\nerfstudio_work\panteon-chacarita\panteon-asociacion-catalana\dataset-clean\frame_00505.jpg"
"frame_00506.jpg",".jpg","1446439","1.3794","8/13/2026 9:18:55 AM","C:\nerfstudio_work\panteon-chacarita\panteon-asociacion-catalana\dataset-clean\frame_00506.jpg"
"frame_00507.jpg",".jpg","1447112","1.3801","8/13/2026 9:18:55 AM","C:\nerfstudio_work\panteon-chacarita\panteon-asociacion-catalana\dataset-clean\frame_00507.jpg"
"frame_00508.jpg",".jpg","1433177","1.3668","8/13/2026 9:18:56 AM","C:\nerfstudio_work\panteon-chacarita\panteon-asociacion-catalana\dataset-clean\frame_00508.jpg"
"frame_00509.jpg",".jpg","1452687","1.3854","8/13/2026 9:18:56 AM","C:\nerfstudio_work\panteon-chacarita\panteon-asociacion-catalana\dataset-clean\frame_00509.jpg"
"frame_00510.jpg",".jpg","1446571","1.3796","8/13/2026 9:18:56 AM","C:\nerfstudio_work\panteon-chacarita\panteon-asociacion-catalana\dataset-clean\frame_00510.jpg"
"frame_00511.jpg",".jpg","1447446","1.3804","8/13/2026 9:18:57 AM","C:\nerfstudio_work\panteon-chacarita\panteon-asociacion-catalana\dataset-clean\frame_00511.jpg"
"frame_00512.jpg",".jpg","1456525","1.3891","8/13/2026 9:18:57 AM","C:\nerfstudio_work\panteon-chacarita\panteon-asociacion-catalana\dataset-clean\frame_00512.jpg"
"frame_00513.jpg",".jpg","1588137","1.5146","8/13/2026 9:18:57 AM","C:\nerfstudio_work\panteon-chacarita\panteon-asociacion-catalana\dataset-clean\frame_00513.jpg"
"frame_00514.jpg",".jpg","1461079","1.3934","8/13/2026 9:18:58 AM","C:\nerfstudio_work\panteon-chacarita\panteon-asociacion-catalana\dataset-clean\frame_00514.jpg"
"frame_00515.jpg",".jpg","1516177","1.4459","8/13/2026 9:18:58 AM","C:\nerfstudio_work\panteon-chacarita\panteon-asociacion-catalana\dataset-clean\frame_00515.jpg"
"frame_00516.jpg",".jpg","1523417","1.4528","8/13/2026 9:18:58 AM","C:\nerfstudio_work\panteon-chacarita\panteon-asociacion-catalana\dataset-clean\frame_00516.jpg"
"frame_00517.jpg",".jpg","1616591","1.5417","8/13/2026 9:18:59 AM","C:\nerfstudio_work\panteon-chacarita\panteon-asociacion-catalana\dataset-clean\frame_00517.jpg"
"frame_00518.jpg",".jpg","1534223","1.4631","8/13/2026 9:18:59 AM","C:\nerfstudio_work\panteon-chacarita\panteon-asociacion-catalana\dataset-clean\frame_00518.jpg"
"frame_00519.jpg",".jpg","1594409","1.5205","8/13/2026 9:18:59 AM","C:\nerfstudio_work\panteon-chacarita\panteon-asociacion-catalana\dataset-clean\frame_00519.jpg"
"frame_00520.jpg",".jpg","1601528","1.5273","8/13/2026 9:18:59 AM","C:\nerfstudio_work\panteon-chacarita\panteon-asociacion-catalana\dataset-clean\frame_00520.jpg"
"frame_00521.jpg",".jpg","1617726","1.5428","8/13/2026 9:19:00 AM","C:\nerfstudio_work\panteon-chacarita\panteon-asociacion-catalana\dataset-clean\frame_00521.jpg"
"frame_00522.jpg",".jpg","1755182","1.6739","8/13/2026 9:19:00 AM","C:\nerfstudio_work\panteon-chacarita\panteon-asociacion-catalana\dataset-clean\frame_00522.jpg"
"frame_00523.jpg",".jpg","1702339","1.6235","8/13/2026 9:19:00 AM","C:\nerfstudio_work\panteon-chacarita\panteon-asociacion-catalana\dataset-clean\frame_00523.jpg"
"frame_00524.jpg",".jpg","1773814","1.6916","8/13/2026 9:19:01 AM","C:\nerfstudio_work\panteon-chacarita\panteon-asociacion-catalana\dataset-clean\frame_00524.jpg"
"frame_00525.jpg",".jpg","1784937","1.7022","8/13/2026 9:19:01 AM","C:\nerfstudio_work\panteon-chacarita\panteon-asociacion-catalana\dataset-clean\frame_00525.jpg"
"frame_00526.jpg",".jpg","1775561","1.6933","8/13/2026 9:19:01 AM","C:\nerfstudio_work\panteon-chacarita\panteon-asociacion-catalana\dataset-clean\frame_00526.jpg"
"frame_00527.jpg",".jpg","1722771","1.643","8/13/2026 9:19:01 AM","C:\nerfstudio_work\panteon-chacarita\panteon-asociacion-catalana\dataset-clean\frame_00527.jpg"
"frame_00528.jpg",".jpg","1752819","1.6716","8/13/2026 9:19:02 AM","C:\nerfstudio_work\panteon-chacarita\panteon-asociacion-catalana\dataset-clean\frame_00528.jpg"
"frame_00529.jpg",".jpg","1657612","1.5808","8/13/2026 9:19:02 AM","C:\nerfstudio_work\panteon-chacarita\panteon-asociacion-catalana\dataset-clean\frame_00529.jpg"
"frame_00530.jpg",".jpg","1612851","1.5381","8/13/2026 9:19:02 AM","C:\nerfstudio_work\panteon-chacarita\panteon-asociacion-catalana\dataset-clean\frame_00530.jpg"
"frame_00531.jpg",".jpg","1603429","1.5291","8/13/2026 9:19:03 AM","C:\nerfstudio_work\panteon-chacarita\panteon-asociacion-catalana\dataset-clean\frame_00531.jpg"
"frame_00532.jpg",".jpg","1611776","1.5371","8/13/2026 9:19:03 AM","C:\nerfstudio_work\panteon-chacarita\panteon-asociacion-catalana\dataset-clean\frame_00532.jpg"
"frame_00533.jpg",".jpg","1681451","1.6036","8/13/2026 9:19:03 AM","C:\nerfstudio_work\panteon-chacarita\panteon-asociacion-catalana\dataset-clean\frame_00533.jpg"
"frame_00534.jpg",".jpg","1776652","1.6943","8/13/2026 9:19:04 AM","C:\nerfstudio_work\panteon-chacarita\panteon-asociacion-catalana\dataset-clean\frame_00534.jpg"
"frame_00535.jpg",".jpg","1702477","1.6236","8/13/2026 9:19:04 AM","C:\nerfstudio_work\panteon-chacarita\panteon-asociacion-catalana\dataset-clean\frame_00535.jpg"
"frame_00536.jpg",".jpg","1735325","1.6549","8/13/2026 9:19:04 AM","C:\nerfstudio_work\panteon-chacarita\panteon-asociacion-catalana\dataset-clean\frame_00536.jpg"
"frame_00537.jpg",".jpg","1677987","1.6003","8/13/2026 9:19:04 AM","C:\nerfstudio_work\panteon-chacarita\panteon-asociacion-catalana\dataset-clean\frame_00537.jpg"
"frame_00538.jpg",".jpg","1750249","1.6692","8/13/2026 9:19:05 AM","C:\nerfstudio_work\panteon-chacarita\panteon-asociacion-catalana\dataset-clean\frame_00538.jpg"
"frame_00539.jpg",".jpg","1690010","1.6117","8/13/2026 9:19:05 AM","C:\nerfstudio_work\panteon-chacarita\panteon-asociacion-catalana\dataset-clean\frame_00539.jpg"
"frame_00540.jpg",".jpg","1640735","1.5647","8/13/2026 9:19:05 AM","C:\nerfstudio_work\panteon-chacarita\panteon-asociacion-catalana\dataset-clean\frame_00540.jpg"
"frame_00541.jpg",".jpg","1745352","1.6645","8/13/2026 9:19:06 AM","C:\nerfstudio_work\panteon-chacarita\panteon-asociacion-catalana\dataset-clean\frame_00541.jpg"
"frame_00542.jpg",".jpg","1620521","1.5454","8/13/2026 9:19:06 AM","C:\nerfstudio_work\panteon-chacarita\panteon-asociacion-catalana\dataset-clean\frame_00542.jpg"
"frame_00543.jpg",".jpg","1621430","1.5463","8/13/2026 9:19:06 AM","C:\nerfstudio_work\panteon-chacarita\panteon-asociacion-catalana\dataset-clean\frame_00543.jpg"
"frame_00544.jpg",".jpg","1670952","1.5935","8/13/2026 9:19:06 AM","C:\nerfstudio_work\panteon-chacarita\panteon-asociacion-catalana\dataset-clean\frame_00544.jpg"
"frame_00545.jpg",".jpg","1699273","1.6206","8/13/2026 9:19:07 AM","C:\nerfstudio_work\panteon-chacarita\panteon-asociacion-catalana\dataset-clean\frame_00545.jpg"
"frame_00546.jpg",".jpg","1726398","1.6464","8/13/2026 9:19:07 AM","C:\nerfstudio_work\panteon-chacarita\panteon-asociacion-catalana\dataset-clean\frame_00546.jpg"
"frame_00547.jpg",".jpg","1682099","1.6042","8/13/2026 9:19:07 AM","C:\nerfstudio_work\panteon-chacarita\panteon-asociacion-catalana\dataset-clean\frame_00547.jpg"
"frame_00548.jpg",".jpg","1612797","1.5381","8/13/2026 9:19:08 AM","C:\nerfstudio_work\panteon-chacarita\panteon-asociacion-catalana\dataset-clean\frame_00548.jpg"
"frame_00549.jpg",".jpg","1612030","1.5374","8/13/2026 9:19:08 AM","C:\nerfstudio_work\panteon-chacarita\panteon-asociacion-catalana\dataset-clean\frame_00549.jpg"
"frame_00550.jpg",".jpg","1669036","1.5917","8/13/2026 9:19:08 AM","C:\nerfstudio_work\panteon-chacarita\panteon-asociacion-catalana\dataset-clean\frame_00550.jpg"
"frame_00551.jpg",".jpg","1751497","1.6704","8/13/2026 9:19:08 AM","C:\nerfstudio_work\panteon-chacarita\panteon-asociacion-catalana\dataset-clean\frame_00551.jpg"
"frame_00552.jpg",".jpg","1788324","1.7055","8/13/2026 9:19:09 AM","C:\nerfstudio_work\panteon-chacarita\panteon-asociacion-catalana\dataset-clean\frame_00552.jpg"
"frame_00553.jpg",".jpg","1655667","1.579","8/13/2026 9:19:09 AM","C:\nerfstudio_work\panteon-chacarita\panteon-asociacion-catalana\dataset-clean\frame_00553.jpg"
"frame_00554.jpg",".jpg","1736258","1.6558","8/13/2026 9:19:09 AM","C:\nerfstudio_work\panteon-chacarita\panteon-asociacion-catalana\dataset-clean\frame_00554.jpg"
"frame_00555.jpg",".jpg","1825886","1.7413","8/13/2026 9:19:09 AM","C:\nerfstudio_work\panteon-chacarita\panteon-asociacion-catalana\dataset-clean\frame_00555.jpg"
"frame_00556.jpg",".jpg","1788343","1.7055","8/13/2026 9:19:10 AM","C:\nerfstudio_work\panteon-chacarita\panteon-asociacion-catalana\dataset-clean\frame_00556.jpg"
"frame_00557.jpg",".jpg","1763301","1.6816","8/13/2026 9:19:10 AM","C:\nerfstudio_work\panteon-chacarita\panteon-asociacion-catalana\dataset-clean\frame_00557.jpg"
"frame_00558.jpg",".jpg","1791600","1.7086","8/13/2026 9:19:10 AM","C:\nerfstudio_work\panteon-chacarita\panteon-asociacion-catalana\dataset-clean\frame_00558.jpg"
"frame_00559.jpg",".jpg","1723076","1.6433","8/13/2026 9:19:11 AM","C:\nerfstudio_work\panteon-chacarita\panteon-asociacion-catalana\dataset-clean\frame_00559.jpg"
"frame_00560.jpg",".jpg","1743301","1.6625","8/13/2026 9:19:11 AM","C:\nerfstudio_work\panteon-chacarita\panteon-asociacion-catalana\dataset-clean\frame_00560.jpg"
"frame_00561.jpg",".jpg","1705809","1.6268","8/13/2026 9:19:11 AM","C:\nerfstudio_work\panteon-chacarita\panteon-asociacion-catalana\dataset-clean\frame_00561.jpg"
"frame_00562.jpg",".jpg","1718532","1.6389","8/13/2026 9:19:12 AM","C:\nerfstudio_work\panteon-chacarita\panteon-asociacion-catalana\dataset-clean\frame_00562.jpg"
"frame_00563.jpg",".jpg","1742974","1.6622","8/13/2026 9:19:12 AM","C:\nerfstudio_work\panteon-chacarita\panteon-asociacion-catalana\dataset-clean\frame_00563.jpg"
"frame_00564.jpg",".jpg","1695603","1.6171","8/13/2026 9:19:12 AM","C:\nerfstudio_work\panteon-chacarita\panteon-asociacion-catalana\dataset-clean\frame_00564.jpg"
"frame_00565.jpg",".jpg","1753886","1.6726","8/13/2026 9:19:12 AM","C:\nerfstudio_work\panteon-chacarita\panteon-asociacion-catalana\dataset-clean\frame_00565.jpg"
"frame_00566.jpg",".jpg","1724118","1.6442","8/13/2026 9:19:13 AM","C:\nerfstudio_work\panteon-chacarita\panteon-asociacion-catalana\dataset-clean\frame_00566.jpg"
"frame_00567.jpg",".jpg","1640859","1.5648","8/13/2026 9:19:13 AM","C:\nerfstudio_work\panteon-chacarita\panteon-asociacion-catalana\dataset-clean\frame_00567.jpg"
"frame_00568.jpg",".jpg","1626580","1.5512","8/13/2026 9:19:13 AM","C:\nerfstudio_work\panteon-chacarita\panteon-asociacion-catalana\dataset-clean\frame_00568.jpg"
"frame_00569.jpg",".jpg","1605880","1.5315","8/13/2026 9:19:14 AM","C:\nerfstudio_work\panteon-chacarita\panteon-asociacion-catalana\dataset-clean\frame_00569.jpg"
"frame_00570.jpg",".jpg","1616820","1.5419","8/13/2026 9:19:14 AM","C:\nerfstudio_work\panteon-chacarita\panteon-asociacion-catalana\dataset-clean\frame_00570.jpg"
"frame_00571.jpg",".jpg","1592487","1.5187","8/13/2026 9:19:14 AM","C:\nerfstudio_work\panteon-chacarita\panteon-asociacion-catalana\dataset-clean\frame_00571.jpg"
"frame_00572.jpg",".jpg","1646157","1.5699","8/13/2026 9:19:14 AM","C:\nerfstudio_work\panteon-chacarita\panteon-asociacion-catalana\dataset-clean\frame_00572.jpg"
"frame_00573.jpg",".jpg","1689599","1.6113","8/13/2026 9:19:15 AM","C:\nerfstudio_work\panteon-chacarita\panteon-asociacion-catalana\dataset-clean\frame_00573.jpg"
"frame_00574.jpg",".jpg","1600480","1.5263","8/13/2026 9:19:15 AM","C:\nerfstudio_work\panteon-chacarita\panteon-asociacion-catalana\dataset-clean\frame_00574.jpg"
"frame_00575.jpg",".jpg","1693061","1.6146","8/13/2026 9:19:15 AM","C:\nerfstudio_work\panteon-chacarita\panteon-asociacion-catalana\dataset-clean\frame_00575.jpg"
"frame_00576.jpg",".jpg","1611252","1.5366","8/13/2026 9:19:16 AM","C:\nerfstudio_work\panteon-chacarita\panteon-asociacion-catalana\dataset-clean\frame_00576.jpg"
"frame_00577.jpg",".jpg","1542818","1.4713","8/13/2026 9:19:16 AM","C:\nerfstudio_work\panteon-chacarita\panteon-asociacion-catalana\dataset-clean\frame_00577.jpg"
"frame_00578.jpg",".jpg","1460941","1.3933","8/13/2026 9:19:16 AM","C:\nerfstudio_work\panteon-chacarita\panteon-asociacion-catalana\dataset-clean\frame_00578.jpg"
"frame_00579.jpg",".jpg","1437230","1.3706","8/13/2026 9:19:16 AM","C:\nerfstudio_work\panteon-chacarita\panteon-asociacion-catalana\dataset-clean\frame_00579.jpg"
"frame_00580.jpg",".jpg","1488132","1.4192","8/13/2026 9:19:17 AM","C:\nerfstudio_work\panteon-chacarita\panteon-asociacion-catalana\dataset-clean\frame_00580.jpg"
"frame_00581.jpg",".jpg","1396506","1.3318","8/13/2026 9:19:17 AM","C:\nerfstudio_work\panteon-chacarita\panteon-asociacion-catalana\dataset-clean\frame_00581.jpg"
"frame_00582.jpg",".jpg","1413870","1.3484","8/13/2026 9:19:17 AM","C:\nerfstudio_work\panteon-chacarita\panteon-asociacion-catalana\dataset-clean\frame_00582.jpg"
"frame_00583.jpg",".jpg","1396111","1.3314","8/13/2026 9:19:18 AM","C:\nerfstudio_work\panteon-chacarita\panteon-asociacion-catalana\dataset-clean\frame_00583.jpg"
"frame_00584.jpg",".jpg","1490131","1.4211","8/13/2026 9:19:18 AM","C:\nerfstudio_work\panteon-chacarita\panteon-asociacion-catalana\dataset-clean\frame_00584.jpg"
"frame_00585.jpg",".jpg","1463405","1.3956","8/13/2026 9:19:18 AM","C:\nerfstudio_work\panteon-chacarita\panteon-asociacion-catalana\dataset-clean\frame_00585.jpg"
"frame_00586.jpg",".jpg","1425186","1.3592","8/13/2026 9:19:18 AM","C:\nerfstudio_work\panteon-chacarita\panteon-asociacion-catalana\dataset-clean\frame_00586.jpg"
"frame_00587.jpg",".jpg","1424941","1.3589","8/13/2026 9:19:19 AM","C:\nerfstudio_work\panteon-chacarita\panteon-asociacion-catalana\dataset-clean\frame_00587.jpg"
"frame_00588.jpg",".jpg","1482420","1.4137","8/13/2026 9:19:19 AM","C:\nerfstudio_work\panteon-chacarita\panteon-asociacion-catalana\dataset-clean\frame_00588.jpg"
"frame_00589.jpg",".jpg","1539887","1.4686","8/13/2026 9:19:19 AM","C:\nerfstudio_work\panteon-chacarita\panteon-asociacion-catalana\dataset-clean\frame_00589.jpg"
"frame_00590.jpg",".jpg","1521969","1.4515","8/13/2026 9:19:20 AM","C:\nerfstudio_work\panteon-chacarita\panteon-asociacion-catalana\dataset-clean\frame_00590.jpg"
"frame_00591.jpg",".jpg","1466620","1.3987","8/13/2026 9:19:20 AM","C:\nerfstudio_work\panteon-chacarita\panteon-asociacion-catalana\dataset-clean\frame_00591.jpg"
"frame_00592.jpg",".jpg","1479767","1.4112","8/13/2026 9:19:20 AM","C:\nerfstudio_work\panteon-chacarita\panteon-asociacion-catalana\dataset-clean\frame_00592.jpg"
"frame_00593.jpg",".jpg","1502467","1.4329","8/13/2026 9:19:20 AM","C:\nerfstudio_work\panteon-chacarita\panteon-asociacion-catalana\dataset-clean\frame_00593.jpg"
"frame_00594.jpg",".jpg","1629359","1.5539","8/13/2026 9:19:21 AM","C:\nerfstudio_work\panteon-chacarita\panteon-asociacion-catalana\dataset-clean\frame_00594.jpg"
"frame_00595.jpg",".jpg","1594411","1.5205","8/13/2026 9:19:21 AM","C:\nerfstudio_work\panteon-chacarita\panteon-asociacion-catalana\dataset-clean\frame_00595.jpg"
"frame_00596.jpg",".jpg","1523135","1.4526","8/13/2026 9:19:21 AM","C:\nerfstudio_work\panteon-chacarita\panteon-asociacion-catalana\dataset-clean\frame_00596.jpg"
"frame_00597.jpg",".jpg","1548128","1.4764","8/13/2026 9:19:21 AM","C:\nerfstudio_work\panteon-chacarita\panteon-asociacion-catalana\dataset-clean\frame_00597.jpg"
"frame_00598.jpg",".jpg","1611366","1.5367","8/13/2026 9:19:22 AM","C:\nerfstudio_work\panteon-chacarita\panteon-asociacion-catalana\dataset-clean\frame_00598.jpg"
"frame_00599.jpg",".jpg","1576929","1.5039","8/13/2026 9:19:22 AM","C:\nerfstudio_work\panteon-chacarita\panteon-asociacion-catalana\dataset-clean\frame_00599.jpg"
"frame_00600.jpg",".jpg","1598641","1.5246","8/13/2026 9:19:22 AM","C:\nerfstudio_work\panteon-chacarita\panteon-asociacion-catalana\dataset-clean\frame_00600.jpg"
"frame_00601.jpg",".jpg","1629023","1.5536","8/13/2026 9:19:23 AM","C:\nerfstudio_work\panteon-chacarita\panteon-asociacion-catalana\dataset-clean\frame_00601.jpg"
"frame_00602.jpg",".jpg","1642584","1.5665","8/13/2026 9:19:23 AM","C:\nerfstudio_work\panteon-chacarita\panteon-asociacion-catalana\dataset-clean\frame_00602.jpg"
"frame_00603.jpg",".jpg","1672291","1.5948","8/13/2026 9:19:23 AM","C:\nerfstudio_work\panteon-chacarita\panteon-asociacion-catalana\dataset-clean\frame_00603.jpg"
"frame_00604.jpg",".jpg","1719716","1.64","8/13/2026 9:19:24 AM","C:\nerfstudio_work\panteon-chacarita\panteon-asociacion-catalana\dataset-clean\frame_00604.jpg"
"frame_00605.jpg",".jpg","1750838","1.6697","8/13/2026 9:19:24 AM","C:\nerfstudio_work\panteon-chacarita\panteon-asociacion-catalana\dataset-clean\frame_00605.jpg"
"frame_00606.jpg",".jpg","1799363","1.716","8/13/2026 9:19:24 AM","C:\nerfstudio_work\panteon-chacarita\panteon-asociacion-catalana\dataset-clean\frame_00606.jpg"
"frame_00607.jpg",".jpg","1800644","1.7172","8/13/2026 9:19:24 AM","C:\nerfstudio_work\panteon-chacarita\panteon-asociacion-catalana\dataset-clean\frame_00607.jpg"
"frame_00608.jpg",".jpg","1730750","1.6506","8/13/2026 9:19:25 AM","C:\nerfstudio_work\panteon-chacarita\panteon-asociacion-catalana\dataset-clean\frame_00608.jpg"
"frame_00609.jpg",".jpg","1247231","1.1895","8/13/2026 9:19:27 AM","C:\nerfstudio_work\panteon-chacarita\panteon-asociacion-catalana\dataset-clean\frame_00609.jpg"
"frame_00610.jpg",".jpg","1279633","1.2204","8/13/2026 9:19:27 AM","C:\nerfstudio_work\panteon-chacarita\panteon-asociacion-catalana\dataset-clean\frame_00610.jpg"
"frame_00611.jpg",".jpg","1289030","1.2293","8/13/2026 9:19:28 AM","C:\nerfstudio_work\panteon-chacarita\panteon-asociacion-catalana\dataset-clean\frame_00611.jpg"
"frame_00612.jpg",".jpg","1289437","1.2297","8/13/2026 9:19:29 AM","C:\nerfstudio_work\panteon-chacarita\panteon-asociacion-catalana\dataset-clean\frame_00612.jpg"
"frame_00613.jpg",".jpg","1273751","1.2147","8/13/2026 9:19:30 AM","C:\nerfstudio_work\panteon-chacarita\panteon-asociacion-catalana\dataset-clean\frame_00613.jpg"
"frame_00614.jpg",".jpg","1290723","1.2309","8/13/2026 9:19:31 AM","C:\nerfstudio_work\panteon-chacarita\panteon-asociacion-catalana\dataset-clean\frame_00614.jpg"
"frame_00615.jpg",".jpg","1291251","1.2314","8/13/2026 9:19:32 AM","C:\nerfstudio_work\panteon-chacarita\panteon-asociacion-catalana\dataset-clean\frame_00615.jpg"
"frame_00616.jpg",".jpg","1296440","1.2364","8/13/2026 9:19:32 AM","C:\nerfstudio_work\panteon-chacarita\panteon-asociacion-catalana\dataset-clean\frame_00616.jpg"
"frame_00617.jpg",".jpg","1281156","1.2218","8/13/2026 9:19:33 AM","C:\nerfstudio_work\panteon-chacarita\panteon-asociacion-catalana\dataset-clean\frame_00617.jpg"
"frame_00618.jpg",".jpg","1279880","1.2206","8/13/2026 9:19:34 AM","C:\nerfstudio_work\panteon-chacarita\panteon-asociacion-catalana\dataset-clean\frame_00618.jpg"
"frame_00619.jpg",".jpg","1270263","1.2114","8/13/2026 9:19:35 AM","C:\nerfstudio_work\panteon-chacarita\panteon-asociacion-catalana\dataset-clean\frame_00619.jpg"
"frame_00620.jpg",".jpg","1268757","1.21","8/13/2026 9:19:36 AM","C:\nerfstudio_work\panteon-chacarita\panteon-asociacion-catalana\dataset-clean\frame_00620.jpg"
"frame_00621.jpg",".jpg","1262254","1.2038","8/13/2026 9:19:37 AM","C:\nerfstudio_work\panteon-chacarita\panteon-asociacion-catalana\dataset-clean\frame_00621.jpg"
"frame_00622.jpg",".jpg","1296775","1.2367","8/13/2026 9:19:38 AM","C:\nerfstudio_work\panteon-chacarita\panteon-asociacion-catalana\dataset-clean\frame_00622.jpg"
"frame_00623.jpg",".jpg","1320299","1.2591","8/13/2026 9:19:39 AM","C:\nerfstudio_work\panteon-chacarita\panteon-asociacion-catalana\dataset-clean\frame_00623.jpg"
"frame_00624.jpg",".jpg","1355772","1.293","8/13/2026 9:19:39 AM","C:\nerfstudio_work\panteon-chacarita\panteon-asociacion-catalana\dataset-clean\frame_00624.jpg"
"frame_00625.jpg",".jpg","1378735","1.3149","8/13/2026 9:19:40 AM","C:\nerfstudio_work\panteon-chacarita\panteon-asociacion-catalana\dataset-clean\frame_00625.jpg"
"frame_00626.jpg",".jpg","1425855","1.3598","8/13/2026 9:19:41 AM","C:\nerfstudio_work\panteon-chacarita\panteon-asociacion-catalana\dataset-clean\frame_00626.jpg"
"frame_00627.jpg",".jpg","1433922","1.3675","8/13/2026 9:19:42 AM","C:\nerfstudio_work\panteon-chacarita\panteon-asociacion-catalana\dataset-clean\frame_00627.jpg"
"frame_00628.jpg",".jpg","1495148","1.4259","8/13/2026 9:19:42 AM","C:\nerfstudio_work\panteon-chacarita\panteon-asociacion-catalana\dataset-clean\frame_00628.jpg"
"frame_00629.jpg",".jpg","1568769","1.4961","8/13/2026 9:19:43 AM","C:\nerfstudio_work\panteon-chacarita\panteon-asociacion-catalana\dataset-clean\frame_00629.jpg"
"frame_00630.jpg",".jpg","1664268","1.5872","8/13/2026 9:19:44 AM","C:\nerfstudio_work\panteon-chacarita\panteon-asociacion-catalana\dataset-clean\frame_00630.jpg"
"frame_00631.jpg",".jpg","1721954","1.6422","8/13/2026 9:19:45 AM","C:\nerfstudio_work\panteon-chacarita\panteon-asociacion-catalana\dataset-clean\frame_00631.jpg"
"frame_00632.jpg",".jpg","1783962","1.7013","8/13/2026 9:19:46 AM","C:\nerfstudio_work\panteon-chacarita\panteon-asociacion-catalana\dataset-clean\frame_00632.jpg"
"frame_00633.jpg",".jpg","1823802","1.7393","8/13/2026 9:19:47 AM","C:\nerfstudio_work\panteon-chacarita\panteon-asociacion-catalana\dataset-clean\frame_00633.jpg"
"frame_00634.jpg",".jpg","1883976","1.7967","8/13/2026 9:19:47 AM","C:\nerfstudio_work\panteon-chacarita\panteon-asociacion-catalana\dataset-clean\frame_00634.jpg"
"frame_00635.jpg",".jpg","1899761","1.8118","8/13/2026 9:19:48 AM","C:\nerfstudio_work\panteon-chacarita\panteon-asociacion-catalana\dataset-clean\frame_00635.jpg"
"frame_00636.jpg",".jpg","1950852","1.8605","8/13/2026 9:19:49 AM","C:\nerfstudio_work\panteon-chacarita\panteon-asociacion-catalana\dataset-clean\frame_00636.jpg"
"frame_00637.jpg",".jpg","1984582","1.8926","8/13/2026 9:19:50 AM","C:\nerfstudio_work\panteon-chacarita\panteon-asociacion-catalana\dataset-clean\frame_00637.jpg"
"frame_00638.jpg",".jpg","2028174","1.9342","8/13/2026 9:19:51 AM","C:\nerfstudio_work\panteon-chacarita\panteon-asociacion-catalana\dataset-clean\frame_00638.jpg"
"frame_00639.jpg",".jpg","2062974","1.9674","8/13/2026 9:19:51 AM","C:\nerfstudio_work\panteon-chacarita\panteon-asociacion-catalana\dataset-clean\frame_00639.jpg"
"frame_00640.jpg",".jpg","2080288","1.9839","8/13/2026 9:19:52 AM","C:\nerfstudio_work\panteon-chacarita\panteon-asociacion-catalana\dataset-clean\frame_00640.jpg"
"frame_00641.jpg",".jpg","2085345","1.9887","8/13/2026 9:19:53 AM","C:\nerfstudio_work\panteon-chacarita\panteon-asociacion-catalana\dataset-clean\frame_00641.jpg"
"frame_00642.jpg",".jpg","2095924","1.9988","8/13/2026 9:19:54 AM","C:\nerfstudio_work\panteon-chacarita\panteon-asociacion-catalana\dataset-clean\frame_00642.jpg"
"frame_00643.jpg",".jpg","2124143","2.0257","8/13/2026 9:19:55 AM","C:\nerfstudio_work\panteon-chacarita\panteon-asociacion-catalana\dataset-clean\frame_00643.jpg"
"frame_00644.jpg",".jpg","2112388","2.0145","8/13/2026 9:19:55 AM","C:\nerfstudio_work\panteon-chacarita\panteon-asociacion-catalana\dataset-clean\frame_00644.jpg"
"frame_00645.jpg",".jpg","2118919","2.0208","8/13/2026 9:19:56 AM","C:\nerfstudio_work\panteon-chacarita\panteon-asociacion-catalana\dataset-clean\frame_00645.jpg"
"frame_00646.jpg",".jpg","2080903","1.9845","8/13/2026 9:19:57 AM","C:\nerfstudio_work\panteon-chacarita\panteon-asociacion-catalana\dataset-clean\frame_00646.jpg"
"frame_00647.jpg",".jpg","2023022","1.9293","8/13/2026 9:19:58 AM","C:\nerfstudio_work\panteon-chacarita\panteon-asociacion-catalana\dataset-clean\frame_00647.jpg"
"frame_00648.jpg",".jpg","1913706","1.8251","8/13/2026 9:19:58 AM","C:\nerfstudio_work\panteon-chacarita\panteon-asociacion-catalana\dataset-clean\frame_00648.jpg"
"frame_00649.jpg",".jpg","1993823","1.9015","8/13/2026 9:19:59 AM","C:\nerfstudio_work\panteon-chacarita\panteon-asociacion-catalana\dataset-clean\frame_00649.jpg"
"frame_00650.jpg",".jpg","2026009","1.9322","8/13/2026 9:20:00 AM","C:\nerfstudio_work\panteon-chacarita\panteon-asociacion-catalana\dataset-clean\frame_00650.jpg"
"frame_00651.jpg",".jpg","2060688","1.9652","8/13/2026 9:20:01 AM","C:\nerfstudio_work\panteon-chacarita\panteon-asociacion-catalana\dataset-clean\frame_00651.jpg"
"frame_00652.jpg",".jpg","2050522","1.9555","8/13/2026 9:20:02 AM","C:\nerfstudio_work\panteon-chacarita\panteon-asociacion-catalana\dataset-clean\frame_00652.jpg"
"frame_00653.jpg",".jpg","2105054","2.0075","8/13/2026 9:20:03 AM","C:\nerfstudio_work\panteon-chacarita\panteon-asociacion-catalana\dataset-clean\frame_00653.jpg"
"frame_00654.jpg",".jpg","2176089","2.0753","8/13/2026 9:20:04 AM","C:\nerfstudio_work\panteon-chacarita\panteon-asociacion-catalana\dataset-clean\frame_00654.jpg"
"frame_00655.jpg",".jpg","2183403","2.0823","8/13/2026 9:20:05 AM","C:\nerfstudio_work\panteon-chacarita\panteon-asociacion-catalana\dataset-clean\frame_00655.jpg"
"frame_00656.jpg",".jpg","2191003","2.0895","8/13/2026 9:20:05 AM","C:\nerfstudio_work\panteon-chacarita\panteon-asociacion-catalana\dataset-clean\frame_00656.jpg"
"frame_00657.jpg",".jpg","2175535","2.0748","8/13/2026 9:20:06 AM","C:\nerfstudio_work\panteon-chacarita\panteon-asociacion-catalana\dataset-clean\frame_00657.jpg"
"frame_00658.jpg",".jpg","2209716","2.1073","8/13/2026 9:20:07 AM","C:\nerfstudio_work\panteon-chacarita\panteon-asociacion-catalana\dataset-clean\frame_00658.jpg"
"frame_00659.jpg",".jpg","2233064","2.1296","8/13/2026 9:20:08 AM","C:\nerfstudio_work\panteon-chacarita\panteon-asociacion-catalana\dataset-clean\frame_00659.jpg"
"frame_00660.jpg",".jpg","2234848","2.1313","8/13/2026 9:20:09 AM","C:\nerfstudio_work\panteon-chacarita\panteon-asociacion-catalana\dataset-clean\frame_00660.jpg"
"frame_00661.jpg",".jpg","2164351","2.0641","8/13/2026 9:20:10 AM","C:\nerfstudio_work\panteon-chacarita\panteon-asociacion-catalana\dataset-clean\frame_00661.jpg"
"frame_00662.jpg",".jpg","2090388","1.9935","8/13/2026 9:20:11 AM","C:\nerfstudio_work\panteon-chacarita\panteon-asociacion-catalana\dataset-clean\frame_00662.jpg"
"frame_00663.jpg",".jpg","2025060","1.9312","8/13/2026 9:20:12 AM","C:\nerfstudio_work\panteon-chacarita\panteon-asociacion-catalana\dataset-clean\frame_00663.jpg"
"frame_00664.jpg",".jpg","1959306","1.8685","8/13/2026 9:20:13 AM","C:\nerfstudio_work\panteon-chacarita\panteon-asociacion-catalana\dataset-clean\frame_00664.jpg"
"frame_00665.jpg",".jpg","1906953","1.8186","8/13/2026 9:20:14 AM","C:\nerfstudio_work\panteon-chacarita\panteon-asociacion-catalana\dataset-clean\frame_00665.jpg"
"frame_00666.jpg",".jpg","1952007","1.8616","8/13/2026 9:20:14 AM","C:\nerfstudio_work\panteon-chacarita\panteon-asociacion-catalana\dataset-clean\frame_00666.jpg"
"frame_00667.jpg",".jpg","1978647","1.887","8/13/2026 9:20:15 AM","C:\nerfstudio_work\panteon-chacarita\panteon-asociacion-catalana\dataset-clean\frame_00667.jpg"
"frame_00668.jpg",".jpg","1994984","1.9026","8/13/2026 9:20:16 AM","C:\nerfstudio_work\panteon-chacarita\panteon-asociacion-catalana\dataset-clean\frame_00668.jpg"
"frame_00669.jpg",".jpg","2000343","1.9077","8/13/2026 9:20:17 AM","C:\nerfstudio_work\panteon-chacarita\panteon-asociacion-catalana\dataset-clean\frame_00669.jpg"
"frame_00670.jpg",".jpg","1969488","1.8783","8/13/2026 9:20:18 AM","C:\nerfstudio_work\panteon-chacarita\panteon-asociacion-catalana\dataset-clean\frame_00670.jpg"
"frame_00671.jpg",".jpg","1954043","1.8635","8/13/2026 9:20:19 AM","C:\nerfstudio_work\panteon-chacarita\panteon-asociacion-catalana\dataset-clean\frame_00671.jpg"
"frame_00672.jpg",".jpg","1875625","1.7887","8/13/2026 9:20:20 AM","C:\nerfstudio_work\panteon-chacarita\panteon-asociacion-catalana\dataset-clean\frame_00672.jpg"
"frame_00673.jpg",".jpg","1846679","1.7611","8/13/2026 9:20:21 AM","C:\nerfstudio_work\panteon-chacarita\panteon-asociacion-catalana\dataset-clean\frame_00673.jpg"
"frame_00674.jpg",".jpg","1927178","1.8379","8/13/2026 9:20:22 AM","C:\nerfstudio_work\panteon-chacarita\panteon-asociacion-catalana\dataset-clean\frame_00674.jpg"
"frame_00675.jpg",".jpg","1958759","1.868","8/13/2026 9:20:23 AM","C:\nerfstudio_work\panteon-chacarita\panteon-asociacion-catalana\dataset-clean\frame_00675.jpg"
"frame_00676.jpg",".jpg","2030372","1.9363","8/13/2026 9:20:23 AM","C:\nerfstudio_work\panteon-chacarita\panteon-asociacion-catalana\dataset-clean\frame_00676.jpg"
"frame_00677.jpg",".jpg","2040762","1.9462","8/13/2026 9:20:24 AM","C:\nerfstudio_work\panteon-chacarita\panteon-asociacion-catalana\dataset-clean\frame_00677.jpg"
"frame_00678.jpg",".jpg","2074692","1.9786","8/13/2026 9:20:25 AM","C:\nerfstudio_work\panteon-chacarita\panteon-asociacion-catalana\dataset-clean\frame_00678.jpg"
"frame_00679.jpg",".jpg","2025423","1.9316","8/13/2026 9:20:26 AM","C:\nerfstudio_work\panteon-chacarita\panteon-asociacion-catalana\dataset-clean\frame_00679.jpg"
"frame_00680.jpg",".jpg","2008213","1.9152","8/13/2026 9:20:27 AM","C:\nerfstudio_work\panteon-chacarita\panteon-asociacion-catalana\dataset-clean\frame_00680.jpg"
"frame_00681.jpg",".jpg","1935619","1.846","8/13/2026 9:20:28 AM","C:\nerfstudio_work\panteon-chacarita\panteon-asociacion-catalana\dataset-clean\frame_00681.jpg"
"frame_00682.jpg",".jpg","1917080","1.8283","8/13/2026 9:20:29 AM","C:\nerfstudio_work\panteon-chacarita\panteon-asociacion-catalana\dataset-clean\frame_00682.jpg"
"frame_00683.jpg",".jpg","1829490","1.7447","8/13/2026 9:20:30 AM","C:\nerfstudio_work\panteon-chacarita\panteon-asociacion-catalana\dataset-clean\frame_00683.jpg"
"frame_00684.jpg",".jpg","1768590","1.6867","8/13/2026 9:20:31 AM","C:\nerfstudio_work\panteon-chacarita\panteon-asociacion-catalana\dataset-clean\frame_00684.jpg"
"frame_00685.jpg",".jpg","1722416","1.6426","8/13/2026 9:20:32 AM","C:\nerfstudio_work\panteon-chacarita\panteon-asociacion-catalana\dataset-clean\frame_00685.jpg"
"frame_00686.jpg",".jpg","1665683","1.5885","8/13/2026 9:20:33 AM","C:\nerfstudio_work\panteon-chacarita\panteon-asociacion-catalana\dataset-clean\frame_00686.jpg"
"frame_00687.jpg",".jpg","1624788","1.5495","8/13/2026 9:20:34 AM","C:\nerfstudio_work\panteon-chacarita\panteon-asociacion-catalana\dataset-clean\frame_00687.jpg"
"frame_00688.jpg",".jpg","1594298","1.5204","8/13/2026 9:20:35 AM","C:\nerfstudio_work\panteon-chacarita\panteon-asociacion-catalana\dataset-clean\frame_00688.jpg"
"frame_00689.jpg",".jpg","1626404","1.5511","8/13/2026 9:20:36 AM","C:\nerfstudio_work\panteon-chacarita\panteon-asociacion-catalana\dataset-clean\frame_00689.jpg"
"frame_00690.jpg",".jpg","1580197","1.507","8/13/2026 9:20:37 AM","C:\nerfstudio_work\panteon-chacarita\panteon-asociacion-catalana\dataset-clean\frame_00690.jpg"
"frame_00691.jpg",".jpg","1563566","1.4911","8/13/2026 9:20:38 AM","C:\nerfstudio_work\panteon-chacarita\panteon-asociacion-catalana\dataset-clean\frame_00691.jpg"
"frame_00692.jpg",".jpg","1535129","1.464","8/13/2026 9:20:38 AM","C:\nerfstudio_work\panteon-chacarita\panteon-asociacion-catalana\dataset-clean\frame_00692.jpg"
"frame_00693.jpg",".jpg","1505815","1.4361","8/13/2026 9:20:39 AM","C:\nerfstudio_work\panteon-chacarita\panteon-asociacion-catalana\dataset-clean\frame_00693.jpg"
"frame_00694.jpg",".jpg","1492016","1.4229","8/13/2026 9:20:40 AM","C:\nerfstudio_work\panteon-chacarita\panteon-asociacion-catalana\dataset-clean\frame_00694.jpg"
"frame_00695.jpg",".jpg","1453308","1.386","8/13/2026 9:20:41 AM","C:\nerfstudio_work\panteon-chacarita\panteon-asociacion-catalana\dataset-clean\frame_00695.jpg"
"frame_00696.jpg",".jpg","1437325","1.3707","8/13/2026 9:20:42 AM","C:\nerfstudio_work\panteon-chacarita\panteon-asociacion-catalana\dataset-clean\frame_00696.jpg"
"frame_00697.jpg",".jpg","1440884","1.3741","8/13/2026 9:20:43 AM","C:\nerfstudio_work\panteon-chacarita\panteon-asociacion-catalana\dataset-clean\frame_00697.jpg"
"frame_00698.jpg",".jpg","1457367","1.3899","8/13/2026 9:20:44 AM","C:\nerfstudio_work\panteon-chacarita\panteon-asociacion-catalana\dataset-clean\frame_00698.jpg"
"frame_00699.jpg",".jpg","1471616","1.4034","8/13/2026 9:20:45 AM","C:\nerfstudio_work\panteon-chacarita\panteon-asociacion-catalana\dataset-clean\frame_00699.jpg"
"frame_00700.jpg",".jpg","1488226","1.4193","8/13/2026 9:20:46 AM","C:\nerfstudio_work\panteon-chacarita\panteon-asociacion-catalana\dataset-clean\frame_00700.jpg"
"frame_00701.jpg",".jpg","1495106","1.4258","8/13/2026 9:20:47 AM","C:\nerfstudio_work\panteon-chacarita\panteon-asociacion-catalana\dataset-clean\frame_00701.jpg"
"frame_00702.jpg",".jpg","1537524","1.4663","8/13/2026 9:20:48 AM","C:\nerfstudio_work\panteon-chacarita\panteon-asociacion-catalana\dataset-clean\frame_00702.jpg"
"frame_00703.jpg",".jpg","1584788","1.5114","8/13/2026 9:20:49 AM","C:\nerfstudio_work\panteon-chacarita\panteon-asociacion-catalana\dataset-clean\frame_00703.jpg"
"frame_00704.jpg",".jpg","1643014","1.5669","8/13/2026 9:20:49 AM","C:\nerfstudio_work\panteon-chacarita\panteon-asociacion-catalana\dataset-clean\frame_00704.jpg"
"frame_00705.jpg",".jpg","1670933","1.5935","8/13/2026 9:20:50 AM","C:\nerfstudio_work\panteon-chacarita\panteon-asociacion-catalana\dataset-clean\frame_00705.jpg"
"frame_00706.jpg",".jpg","1679958","1.6021","8/13/2026 9:20:51 AM","C:\nerfstudio_work\panteon-chacarita\panteon-asociacion-catalana\dataset-clean\frame_00706.jpg"
"frame_00707.jpg",".jpg","1654224","1.5776","8/13/2026 9:20:52 AM","C:\nerfstudio_work\panteon-chacarita\panteon-asociacion-catalana\dataset-clean\frame_00707.jpg"
"frame_00708.jpg",".jpg","1652440","1.5759","8/13/2026 9:20:53 AM","C:\nerfstudio_work\panteon-chacarita\panteon-asociacion-catalana\dataset-clean\frame_00708.jpg"
"frame_00709.jpg",".jpg","1625249","1.55","8/13/2026 9:20:54 AM","C:\nerfstudio_work\panteon-chacarita\panteon-asociacion-catalana\dataset-clean\frame_00709.jpg"
"frame_00710.jpg",".jpg","1690537","1.6122","8/13/2026 9:20:55 AM","C:\nerfstudio_work\panteon-chacarita\panteon-asociacion-catalana\dataset-clean\frame_00710.jpg"
"frame_00711.jpg",".jpg","1738781","1.6582","8/13/2026 9:20:56 AM","C:\nerfstudio_work\panteon-chacarita\panteon-asociacion-catalana\dataset-clean\frame_00711.jpg"
"frame_00712.jpg",".jpg","1775563","1.6933","8/13/2026 9:20:56 AM","C:\nerfstudio_work\panteon-chacarita\panteon-asociacion-catalana\dataset-clean\frame_00712.jpg"
"frame_00713.jpg",".jpg","1783909","1.7013","8/13/2026 9:20:57 AM","C:\nerfstudio_work\panteon-chacarita\panteon-asociacion-catalana\dataset-clean\frame_00713.jpg"
"frame_00714.jpg",".jpg","1863825","1.7775","8/13/2026 9:20:58 AM","C:\nerfstudio_work\panteon-chacarita\panteon-asociacion-catalana\dataset-clean\frame_00714.jpg"
"frame_00715.jpg",".jpg","1899655","1.8117","8/13/2026 9:20:59 AM","C:\nerfstudio_work\panteon-chacarita\panteon-asociacion-catalana\dataset-clean\frame_00715.jpg"
"frame_00716.jpg",".jpg","1931583","1.8421","8/13/2026 9:20:59 AM","C:\nerfstudio_work\panteon-chacarita\panteon-asociacion-catalana\dataset-clean\frame_00716.jpg"
"frame_00717.jpg",".jpg","1903386","1.8152","8/13/2026 9:21:00 AM","C:\nerfstudio_work\panteon-chacarita\panteon-asociacion-catalana\dataset-clean\frame_00717.jpg"
"frame_00718.jpg",".jpg","1917648","1.8288","8/13/2026 9:21:01 AM","C:\nerfstudio_work\panteon-chacarita\panteon-asociacion-catalana\dataset-clean\frame_00718.jpg"
"frame_00719.jpg",".jpg","1905887","1.8176","8/13/2026 9:21:02 AM","C:\nerfstudio_work\panteon-chacarita\panteon-asociacion-catalana\dataset-clean\frame_00719.jpg"
"frame_00720.jpg",".jpg","1882622","1.7954","8/13/2026 9:21:03 AM","C:\nerfstudio_work\panteon-chacarita\panteon-asociacion-catalana\dataset-clean\frame_00720.jpg"
"frame_00721.jpg",".jpg","1868775","1.7822","8/13/2026 9:21:04 AM","C:\nerfstudio_work\panteon-chacarita\panteon-asociacion-catalana\dataset-clean\frame_00721.jpg"
"frame_00722.jpg",".jpg","1842963","1.7576","8/13/2026 9:21:05 AM","C:\nerfstudio_work\panteon-chacarita\panteon-asociacion-catalana\dataset-clean\frame_00722.jpg"
"frame_00723.jpg",".jpg","1799448","1.7161","8/13/2026 9:21:05 AM","C:\nerfstudio_work\panteon-chacarita\panteon-asociacion-catalana\dataset-clean\frame_00723.jpg"
"frame_00724.jpg",".jpg","1720557","1.6409","8/13/2026 9:21:06 AM","C:\nerfstudio_work\panteon-chacarita\panteon-asociacion-catalana\dataset-clean\frame_00724.jpg"
"frame_00725.jpg",".jpg","1664423","1.5873","8/13/2026 9:21:07 AM","C:\nerfstudio_work\panteon-chacarita\panteon-asociacion-catalana\dataset-clean\frame_00725.jpg"
"frame_00726.jpg",".jpg","1609782","1.5352","8/13/2026 9:21:08 AM","C:\nerfstudio_work\panteon-chacarita\panteon-asociacion-catalana\dataset-clean\frame_00726.jpg"
"frame_00727.jpg",".jpg","1585644","1.5122","8/13/2026 9:21:09 AM","C:\nerfstudio_work\panteon-chacarita\panteon-asociacion-catalana\dataset-clean\frame_00727.jpg"
"frame_00728.jpg",".jpg","1605700","1.5313","8/13/2026 9:21:09 AM","C:\nerfstudio_work\panteon-chacarita\panteon-asociacion-catalana\dataset-clean\frame_00728.jpg"
"frame_00729.jpg",".jpg","1625309","1.55","8/13/2026 9:21:10 AM","C:\nerfstudio_work\panteon-chacarita\panteon-asociacion-catalana\dataset-clean\frame_00729.jpg"
"frame_00730.jpg",".jpg","1656654","1.5799","8/13/2026 9:21:11 AM","C:\nerfstudio_work\panteon-chacarita\panteon-asociacion-catalana\dataset-clean\frame_00730.jpg"
"frame_00731.jpg",".jpg","1659207","1.5823","8/13/2026 9:21:12 AM","C:\nerfstudio_work\panteon-chacarita\panteon-asociacion-catalana\dataset-clean\frame_00731.jpg"
"frame_00732.jpg",".jpg","1667559","1.5903","8/13/2026 9:21:13 AM","C:\nerfstudio_work\panteon-chacarita\panteon-asociacion-catalana\dataset-clean\frame_00732.jpg"
"frame_00733.jpg",".jpg","1685713","1.6076","8/13/2026 9:21:14 AM","C:\nerfstudio_work\panteon-chacarita\panteon-asociacion-catalana\dataset-clean\frame_00733.jpg"
"frame_00734.jpg",".jpg","1795529","1.7123","8/13/2026 9:21:15 AM","C:\nerfstudio_work\panteon-chacarita\panteon-asociacion-catalana\dataset-clean\frame_00734.jpg"
"frame_00735.jpg",".jpg","1798351","1.715","8/13/2026 9:21:16 AM","C:\nerfstudio_work\panteon-chacarita\panteon-asociacion-catalana\dataset-clean\frame_00735.jpg"
"frame_00736.jpg",".jpg","1830996","1.7462","8/13/2026 9:21:16 AM","C:\nerfstudio_work\panteon-chacarita\panteon-asociacion-catalana\dataset-clean\frame_00736.jpg"
"frame_00737.jpg",".jpg","1848623","1.763","8/13/2026 9:21:17 AM","C:\nerfstudio_work\panteon-chacarita\panteon-asociacion-catalana\dataset-clean\frame_00737.jpg"
"frame_00738.jpg",".jpg","1835966","1.7509","8/13/2026 9:21:18 AM","C:\nerfstudio_work\panteon-chacarita\panteon-asociacion-catalana\dataset-clean\frame_00738.jpg"
"frame_00739.jpg",".jpg","1812819","1.7288","8/13/2026 9:21:19 AM","C:\nerfstudio_work\panteon-chacarita\panteon-asociacion-catalana\dataset-clean\frame_00739.jpg"
"frame_00740.jpg",".jpg","1763589","1.6819","8/13/2026 9:21:20 AM","C:\nerfstudio_work\panteon-chacarita\panteon-asociacion-catalana\dataset-clean\frame_00740.jpg"
"frame_00741.jpg",".jpg","1763805","1.6821","8/13/2026 9:21:21 AM","C:\nerfstudio_work\panteon-chacarita\panteon-asociacion-catalana\dataset-clean\frame_00741.jpg"
"frame_00742.jpg",".jpg","1715395","1.6359","8/13/2026 9:21:21 AM","C:\nerfstudio_work\panteon-chacarita\panteon-asociacion-catalana\dataset-clean\frame_00742.jpg"
"frame_00743.jpg",".jpg","1696327","1.6177","8/13/2026 9:21:22 AM","C:\nerfstudio_work\panteon-chacarita\panteon-asociacion-catalana\dataset-clean\frame_00743.jpg"
"frame_00744.jpg",".jpg","1656639","1.5799","8/13/2026 9:21:23 AM","C:\nerfstudio_work\panteon-chacarita\panteon-asociacion-catalana\dataset-clean\frame_00744.jpg"
"frame_00745.jpg",".jpg","1598853","1.5248","8/13/2026 9:21:24 AM","C:\nerfstudio_work\panteon-chacarita\panteon-asociacion-catalana\dataset-clean\frame_00745.jpg"
"frame_00746.jpg",".jpg","1574343","1.5014","8/13/2026 9:21:25 AM","C:\nerfstudio_work\panteon-chacarita\panteon-asociacion-catalana\dataset-clean\frame_00746.jpg"
"frame_00747.jpg",".jpg","1532407","1.4614","8/13/2026 9:21:26 AM","C:\nerfstudio_work\panteon-chacarita\panteon-asociacion-catalana\dataset-clean\frame_00747.jpg"
"frame_00748.jpg",".jpg","1514521","1.4444","8/13/2026 9:21:26 AM","C:\nerfstudio_work\panteon-chacarita\panteon-asociacion-catalana\dataset-clean\frame_00748.jpg"
"frame_00749.jpg",".jpg","1423886","1.3579","8/13/2026 9:21:27 AM","C:\nerfstudio_work\panteon-chacarita\panteon-asociacion-catalana\dataset-clean\frame_00749.jpg"
"frame_00750.jpg",".jpg","1397909","1.3331","8/13/2026 9:21:28 AM","C:\nerfstudio_work\panteon-chacarita\panteon-asociacion-catalana\dataset-clean\frame_00750.jpg"
"frame_00751.jpg",".jpg","1351624","1.289","8/13/2026 9:21:29 AM","C:\nerfstudio_work\panteon-chacarita\panteon-asociacion-catalana\dataset-clean\frame_00751.jpg"
"frame_00752.jpg",".jpg","1316557","1.2556","8/13/2026 9:21:29 AM","C:\nerfstudio_work\panteon-chacarita\panteon-asociacion-catalana\dataset-clean\frame_00752.jpg"
"frame_00753.jpg",".jpg","1272790","1.2138","8/13/2026 9:21:30 AM","C:\nerfstudio_work\panteon-chacarita\panteon-asociacion-catalana\dataset-clean\frame_00753.jpg"
"frame_00754.jpg",".jpg","1235722","1.1785","8/13/2026 9:21:31 AM","C:\nerfstudio_work\panteon-chacarita\panteon-asociacion-catalana\dataset-clean\frame_00754.jpg"
"frame_00755.jpg",".jpg","1236319","1.179","8/13/2026 9:21:32 AM","C:\nerfstudio_work\panteon-chacarita\panteon-asociacion-catalana\dataset-clean\frame_00755.jpg"
"frame_00756.jpg",".jpg","1234956","1.1777","8/13/2026 9:21:33 AM","C:\nerfstudio_work\panteon-chacarita\panteon-asociacion-catalana\dataset-clean\frame_00756.jpg"
"frame_00757.jpg",".jpg","1146993","1.0939","8/13/2026 9:21:34 AM","C:\nerfstudio_work\panteon-chacarita\panteon-asociacion-catalana\dataset-clean\frame_00757.jpg"
"frame_00758.jpg",".jpg","1175072","1.1206","8/13/2026 9:21:35 AM","C:\nerfstudio_work\panteon-chacarita\panteon-asociacion-catalana\dataset-clean\frame_00758.jpg"
"frame_00759.jpg",".jpg","1184427","1.1296","8/13/2026 9:21:36 AM","C:\nerfstudio_work\panteon-chacarita\panteon-asociacion-catalana\dataset-clean\frame_00759.jpg"
"frame_00760.jpg",".jpg","1131145","1.0787","8/13/2026 9:21:36 AM","C:\nerfstudio_work\panteon-chacarita\panteon-asociacion-catalana\dataset-clean\frame_00760.jpg"
"frame_00761.jpg",".jpg","1143041","1.0901","8/13/2026 9:21:37 AM","C:\nerfstudio_work\panteon-chacarita\panteon-asociacion-catalana\dataset-clean\frame_00761.jpg"
"frame_00762.jpg",".jpg","1098383","1.0475","8/13/2026 9:21:38 AM","C:\nerfstudio_work\panteon-chacarita\panteon-asociacion-catalana\dataset-clean\frame_00762.jpg"
"frame_00763.jpg",".jpg","1090923","1.0404","8/13/2026 9:21:39 AM","C:\nerfstudio_work\panteon-chacarita\panteon-asociacion-catalana\dataset-clean\frame_00763.jpg"
"frame_00764.jpg",".jpg","1055314","1.0064","8/13/2026 9:21:40 AM","C:\nerfstudio_work\panteon-chacarita\panteon-asociacion-catalana\dataset-clean\frame_00764.jpg"
"frame_00765.jpg",".jpg","1015133","0.9681","8/13/2026 9:21:41 AM","C:\nerfstudio_work\panteon-chacarita\panteon-asociacion-catalana\dataset-clean\frame_00765.jpg"
"frame_00766.jpg",".jpg","1013402","0.9665","8/13/2026 9:21:42 AM","C:\nerfstudio_work\panteon-chacarita\panteon-asociacion-catalana\dataset-clean\frame_00766.jpg"
"frame_00767.jpg",".jpg","1020271","0.973","8/13/2026 9:21:43 AM","C:\nerfstudio_work\panteon-chacarita\panteon-asociacion-catalana\dataset-clean\frame_00767.jpg"
"frame_00768.jpg",".jpg","1046227","0.9978","8/13/2026 9:21:43 AM","C:\nerfstudio_work\panteon-chacarita\panteon-asociacion-catalana\dataset-clean\frame_00768.jpg"
"frame_00769.jpg",".jpg","1097775","1.0469","8/13/2026 9:21:44 AM","C:\nerfstudio_work\panteon-chacarita\panteon-asociacion-catalana\dataset-clean\frame_00769.jpg"
"frame_00770.jpg",".jpg","1080001","1.03","8/13/2026 9:21:45 AM","C:\nerfstudio_work\panteon-chacarita\panteon-asociacion-catalana\dataset-clean\frame_00770.jpg"
"frame_00771.jpg",".jpg","1059864","1.0108","8/13/2026 9:21:46 AM","C:\nerfstudio_work\panteon-chacarita\panteon-asociacion-catalana\dataset-clean\frame_00771.jpg"
"frame_00772.jpg",".jpg","1093565","1.0429","8/13/2026 9:21:47 AM","C:\nerfstudio_work\panteon-chacarita\panteon-asociacion-catalana\dataset-clean\frame_00772.jpg"
"frame_00773.jpg",".jpg","1066642","1.0172","8/13/2026 9:21:48 AM","C:\nerfstudio_work\panteon-chacarita\panteon-asociacion-catalana\dataset-clean\frame_00773.jpg"
"frame_00774.jpg",".jpg","1006582","0.96","8/13/2026 9:21:49 AM","C:\nerfstudio_work\panteon-chacarita\panteon-asociacion-catalana\dataset-clean\frame_00774.jpg"
"frame_00775.jpg",".jpg","1012344","0.9654","8/13/2026 9:21:50 AM","C:\nerfstudio_work\panteon-chacarita\panteon-asociacion-catalana\dataset-clean\frame_00775.jpg"
"frame_00776.jpg",".jpg","995256","0.9492","8/13/2026 9:21:50 AM","C:\nerfstudio_work\panteon-chacarita\panteon-asociacion-catalana\dataset-clean\frame_00776.jpg"
"frame_00777.jpg",".jpg","1059947","1.0108","8/13/2026 9:21:51 AM","C:\nerfstudio_work\panteon-chacarita\panteon-asociacion-catalana\dataset-clean\frame_00777.jpg"
"frame_00778.jpg",".jpg","1049933","1.0013","8/13/2026 9:21:52 AM","C:\nerfstudio_work\panteon-chacarita\panteon-asociacion-catalana\dataset-clean\frame_00778.jpg"
"frame_00779.jpg",".jpg","1086185","1.0359","8/13/2026 9:21:53 AM","C:\nerfstudio_work\panteon-chacarita\panteon-asociacion-catalana\dataset-clean\frame_00779.jpg"
"frame_00780.jpg",".jpg","1092035","1.0414","8/13/2026 9:21:54 AM","C:\nerfstudio_work\panteon-chacarita\panteon-asociacion-catalana\dataset-clean\frame_00780.jpg"
"frame_00781.jpg",".jpg","1092290","1.0417","8/13/2026 9:21:55 AM","C:\nerfstudio_work\panteon-chacarita\panteon-asociacion-catalana\dataset-clean\frame_00781.jpg"
"frame_00782.jpg",".jpg","1099649","1.0487","8/13/2026 9:21:56 AM","C:\nerfstudio_work\panteon-chacarita\panteon-asociacion-catalana\dataset-clean\frame_00782.jpg"
"frame_00783.jpg",".jpg","1133754","1.0812","8/13/2026 9:21:57 AM","C:\nerfstudio_work\panteon-chacarita\panteon-asociacion-catalana\dataset-clean\frame_00783.jpg"
"frame_00784.jpg",".jpg","1138811","1.0861","8/13/2026 9:21:57 AM","C:\nerfstudio_work\panteon-chacarita\panteon-asociacion-catalana\dataset-clean\frame_00784.jpg"
"frame_00785.jpg",".jpg","1182984","1.1282","8/13/2026 9:21:58 AM","C:\nerfstudio_work\panteon-chacarita\panteon-asociacion-catalana\dataset-clean\frame_00785.jpg"
"frame_00786.jpg",".jpg","1101374","1.0504","8/13/2026 9:21:59 AM","C:\nerfstudio_work\panteon-chacarita\panteon-asociacion-catalana\dataset-clean\frame_00786.jpg"
"frame_00787.jpg",".jpg","1119263","1.0674","8/13/2026 9:22:00 AM","C:\nerfstudio_work\panteon-chacarita\panteon-asociacion-catalana\dataset-clean\frame_00787.jpg"
"frame_00788.jpg",".jpg","1142359","1.0894","8/13/2026 9:22:00 AM","C:\nerfstudio_work\panteon-chacarita\panteon-asociacion-catalana\dataset-clean\frame_00788.jpg"
"frame_00789.jpg",".jpg","1157150","1.1035","8/13/2026 9:22:01 AM","C:\nerfstudio_work\panteon-chacarita\panteon-asociacion-catalana\dataset-clean\frame_00789.jpg"
"frame_00790.jpg",".jpg","1187377","1.1324","8/13/2026 9:22:02 AM","C:\nerfstudio_work\panteon-chacarita\panteon-asociacion-catalana\dataset-clean\frame_00790.jpg"
"frame_00791.jpg",".jpg","1263376","1.2048","8/13/2026 9:22:03 AM","C:\nerfstudio_work\panteon-chacarita\panteon-asociacion-catalana\dataset-clean\frame_00791.jpg"
"frame_00792.jpg",".jpg","1271685","1.2128","8/13/2026 9:22:04 AM","C:\nerfstudio_work\panteon-chacarita\panteon-asociacion-catalana\dataset-clean\frame_00792.jpg"
"frame_00793.jpg",".jpg","1240037","1.1826","8/13/2026 9:22:05 AM","C:\nerfstudio_work\panteon-chacarita\panteon-asociacion-catalana\dataset-clean\frame_00793.jpg"
"frame_00794.jpg",".jpg","1186297","1.1313","8/13/2026 9:22:05 AM","C:\nerfstudio_work\panteon-chacarita\panteon-asociacion-catalana\dataset-clean\frame_00794.jpg"
"frame_00795.jpg",".jpg","1268886","1.2101","8/13/2026 9:22:07 AM","C:\nerfstudio_work\panteon-chacarita\panteon-asociacion-catalana\dataset-clean\frame_00795.jpg"
"frame_00796.jpg",".jpg","1205796","1.1499","8/13/2026 9:22:08 AM","C:\nerfstudio_work\panteon-chacarita\panteon-asociacion-catalana\dataset-clean\frame_00796.jpg"
"frame_00797.jpg",".jpg","1275761","1.2167","8/13/2026 9:22:09 AM","C:\nerfstudio_work\panteon-chacarita\panteon-asociacion-catalana\dataset-clean\frame_00797.jpg"
"frame_00798.jpg",".jpg","1320115","1.259","8/13/2026 9:22:09 AM","C:\nerfstudio_work\panteon-chacarita\panteon-asociacion-catalana\dataset-clean\frame_00798.jpg"
"frame_00799.jpg",".jpg","1357879","1.295","8/13/2026 9:22:11 AM","C:\nerfstudio_work\panteon-chacarita\panteon-asociacion-catalana\dataset-clean\frame_00799.jpg"
"frame_00800.jpg",".jpg","1395665","1.331","8/13/2026 9:22:12 AM","C:\nerfstudio_work\panteon-chacarita\panteon-asociacion-catalana\dataset-clean\frame_00800.jpg"
"frame_00801.jpg",".jpg","1469940","1.4018","8/13/2026 9:22:13 AM","C:\nerfstudio_work\panteon-chacarita\panteon-asociacion-catalana\dataset-clean\frame_00801.jpg"
"frame_00802.jpg",".jpg","1565617","1.4931","8/13/2026 9:22:13 AM","C:\nerfstudio_work\panteon-chacarita\panteon-asociacion-catalana\dataset-clean\frame_00802.jpg"
"frame_00803.jpg",".jpg","1627282","1.5519","8/13/2026 9:22:14 AM","C:\nerfstudio_work\panteon-chacarita\panteon-asociacion-catalana\dataset-clean\frame_00803.jpg"
"frame_00804.jpg",".jpg","1766380","1.6846","8/13/2026 9:22:15 AM","C:\nerfstudio_work\panteon-chacarita\panteon-asociacion-catalana\dataset-clean\frame_00804.jpg"
"frame_00805.jpg",".jpg","1835088","1.7501","8/13/2026 9:22:17 AM","C:\nerfstudio_work\panteon-chacarita\panteon-asociacion-catalana\dataset-clean\frame_00805.jpg"
"frame_00806.jpg",".jpg","1855176","1.7692","8/13/2026 9:22:17 AM","C:\nerfstudio_work\panteon-chacarita\panteon-asociacion-catalana\dataset-clean\frame_00806.jpg"
"frame_00807.jpg",".jpg","1884737","1.7974","8/13/2026 9:22:18 AM","C:\nerfstudio_work\panteon-chacarita\panteon-asociacion-catalana\dataset-clean\frame_00807.jpg"
"frame_00808.jpg",".jpg","1936850","1.8471","8/13/2026 9:22:19 AM","C:\nerfstudio_work\panteon-chacarita\panteon-asociacion-catalana\dataset-clean\frame_00808.jpg"
"frame_00809.jpg",".jpg","1984765","1.8928","8/13/2026 9:22:20 AM","C:\nerfstudio_work\panteon-chacarita\panteon-asociacion-catalana\dataset-clean\frame_00809.jpg"
"frame_00810.jpg",".jpg","2018372","1.9249","8/13/2026 9:22:21 AM","C:\nerfstudio_work\panteon-chacarita\panteon-asociacion-catalana\dataset-clean\frame_00810.jpg"
"frame_00811.jpg",".jpg","1995576","1.9031","8/13/2026 9:22:22 AM","C:\nerfstudio_work\panteon-chacarita\panteon-asociacion-catalana\dataset-clean\frame_00811.jpg"
"frame_00812.jpg",".jpg","2032848","1.9387","8/13/2026 9:22:23 AM","C:\nerfstudio_work\panteon-chacarita\panteon-asociacion-catalana\dataset-clean\frame_00812.jpg"
"frame_00813.jpg",".jpg","2024353","1.9306","8/13/2026 9:22:24 AM","C:\nerfstudio_work\panteon-chacarita\panteon-asociacion-catalana\dataset-clean\frame_00813.jpg"
"frame_00814.jpg",".jpg","1990317","1.8981","8/13/2026 9:22:25 AM","C:\nerfstudio_work\panteon-chacarita\panteon-asociacion-catalana\dataset-clean\frame_00814.jpg"
"frame_00815.jpg",".jpg","1960494","1.8697","8/13/2026 9:22:26 AM","C:\nerfstudio_work\panteon-chacarita\panteon-asociacion-catalana\dataset-clean\frame_00815.jpg"
"frame_00816.jpg",".jpg","1908533","1.8201","8/13/2026 9:22:27 AM","C:\nerfstudio_work\panteon-chacarita\panteon-asociacion-catalana\dataset-clean\frame_00816.jpg"
"frame_00817.jpg",".jpg","1854154","1.7683","8/13/2026 9:22:28 AM","C:\nerfstudio_work\panteon-chacarita\panteon-asociacion-catalana\dataset-clean\frame_00817.jpg"
"frame_00818.jpg",".jpg","1780697","1.6982","8/13/2026 9:22:29 AM","C:\nerfstudio_work\panteon-chacarita\panteon-asociacion-catalana\dataset-clean\frame_00818.jpg"
"frame_00819.jpg",".jpg","1715485","1.636","8/13/2026 9:22:30 AM","C:\nerfstudio_work\panteon-chacarita\panteon-asociacion-catalana\dataset-clean\frame_00819.jpg"
"frame_00820.jpg",".jpg","1647585","1.5713","8/13/2026 9:22:31 AM","C:\nerfstudio_work\panteon-chacarita\panteon-asociacion-catalana\dataset-clean\frame_00820.jpg"
"frame_00821.jpg",".jpg","1671725","1.5943","8/13/2026 9:22:33 AM","C:\nerfstudio_work\panteon-chacarita\panteon-asociacion-catalana\dataset-clean\frame_00821.jpg"
"frame_00822.jpg",".jpg","1728940","1.6488","8/13/2026 9:22:33 AM","C:\nerfstudio_work\panteon-chacarita\panteon-asociacion-catalana\dataset-clean\frame_00822.jpg"
"frame_00823.jpg",".jpg","1710578","1.6313","8/13/2026 9:22:34 AM","C:\nerfstudio_work\panteon-chacarita\panteon-asociacion-catalana\dataset-clean\frame_00823.jpg"
"frame_00824.jpg",".jpg","1736893","1.6564","8/13/2026 9:22:35 AM","C:\nerfstudio_work\panteon-chacarita\panteon-asociacion-catalana\dataset-clean\frame_00824.jpg"
"frame_00825.jpg",".jpg","1903852","1.8157","8/13/2026 9:22:36 AM","C:\nerfstudio_work\panteon-chacarita\panteon-asociacion-catalana\dataset-clean\frame_00825.jpg"
"frame_00826.jpg",".jpg","1966925","1.8758","8/13/2026 9:22:37 AM","C:\nerfstudio_work\panteon-chacarita\panteon-asociacion-catalana\dataset-clean\frame_00826.jpg"
"frame_00827.jpg",".jpg","1906441","1.8181","8/13/2026 9:22:38 AM","C:\nerfstudio_work\panteon-chacarita\panteon-asociacion-catalana\dataset-clean\frame_00827.jpg"
"frame_00828.jpg",".jpg","1897833","1.8099","8/13/2026 9:22:39 AM","C:\nerfstudio_work\panteon-chacarita\panteon-asociacion-catalana\dataset-clean\frame_00828.jpg"
"frame_00829.jpg",".jpg","1906743","1.8184","8/13/2026 9:22:40 AM","C:\nerfstudio_work\panteon-chacarita\panteon-asociacion-catalana\dataset-clean\frame_00829.jpg"
"frame_00830.jpg",".jpg","1905378","1.8171","8/13/2026 9:22:41 AM","C:\nerfstudio_work\panteon-chacarita\panteon-asociacion-catalana\dataset-clean\frame_00830.jpg"
"frame_00831.jpg",".jpg","1812488","1.7285","8/13/2026 9:22:42 AM","C:\nerfstudio_work\panteon-chacarita\panteon-asociacion-catalana\dataset-clean\frame_00831.jpg"
"frame_00832.jpg",".jpg","1728606","1.6485","8/13/2026 9:22:43 AM","C:\nerfstudio_work\panteon-chacarita\panteon-asociacion-catalana\dataset-clean\frame_00832.jpg"
"frame_00833.jpg",".jpg","1649461","1.573","8/13/2026 9:22:44 AM","C:\nerfstudio_work\panteon-chacarita\panteon-asociacion-catalana\dataset-clean\frame_00833.jpg"
"frame_00834.jpg",".jpg","1553777","1.4818","8/13/2026 9:22:44 AM","C:\nerfstudio_work\panteon-chacarita\panteon-asociacion-catalana\dataset-clean\frame_00834.jpg"
"frame_00835.jpg",".jpg","1453745","1.3864","8/13/2026 9:22:45 AM","C:\nerfstudio_work\panteon-chacarita\panteon-asociacion-catalana\dataset-clean\frame_00835.jpg"
"frame_00836.jpg",".jpg","1448186","1.3811","8/13/2026 9:22:46 AM","C:\nerfstudio_work\panteon-chacarita\panteon-asociacion-catalana\dataset-clean\frame_00836.jpg"
"frame_00837.jpg",".jpg","1532844","1.4618","8/13/2026 9:22:47 AM","C:\nerfstudio_work\panteon-chacarita\panteon-asociacion-catalana\dataset-clean\frame_00837.jpg"
"frame_00838.jpg",".jpg","1560427","1.4881","8/13/2026 9:22:48 AM","C:\nerfstudio_work\panteon-chacarita\panteon-asociacion-catalana\dataset-clean\frame_00838.jpg"
"frame_00839.jpg",".jpg","1595028","1.5211","8/13/2026 9:22:49 AM","C:\nerfstudio_work\panteon-chacarita\panteon-asociacion-catalana\dataset-clean\frame_00839.jpg"
"frame_00840.jpg",".jpg","1620962","1.5459","8/13/2026 9:22:50 AM","C:\nerfstudio_work\panteon-chacarita\panteon-asociacion-catalana\dataset-clean\frame_00840.jpg"
"frame_00841.jpg",".jpg","1655149","1.5785","8/13/2026 9:22:51 AM","C:\nerfstudio_work\panteon-chacarita\panteon-asociacion-catalana\dataset-clean\frame_00841.jpg"
"frame_00842.jpg",".jpg","1686672","1.6085","8/13/2026 9:22:52 AM","C:\nerfstudio_work\panteon-chacarita\panteon-asociacion-catalana\dataset-clean\frame_00842.jpg"
"frame_00843.jpg",".jpg","1652954","1.5764","8/13/2026 9:22:53 AM","C:\nerfstudio_work\panteon-chacarita\panteon-asociacion-catalana\dataset-clean\frame_00843.jpg"
"frame_00844.jpg",".jpg","1659451","1.5826","8/13/2026 9:22:54 AM","C:\nerfstudio_work\panteon-chacarita\panteon-asociacion-catalana\dataset-clean\frame_00844.jpg"
"frame_00845.jpg",".jpg","1684733","1.6067","8/13/2026 9:22:55 AM","C:\nerfstudio_work\panteon-chacarita\panteon-asociacion-catalana\dataset-clean\frame_00845.jpg"
"frame_00846.jpg",".jpg","1729688","1.6496","8/13/2026 9:22:56 AM","C:\nerfstudio_work\panteon-chacarita\panteon-asociacion-catalana\dataset-clean\frame_00846.jpg"
"frame_00847.jpg",".jpg","1761175","1.6796","8/13/2026 9:22:57 AM","C:\nerfstudio_work\panteon-chacarita\panteon-asociacion-catalana\dataset-clean\frame_00847.jpg"
"frame_00848.jpg",".jpg","1871693","1.785","8/13/2026 9:22:58 AM","C:\nerfstudio_work\panteon-chacarita\panteon-asociacion-catalana\dataset-clean\frame_00848.jpg"
"frame_00849.jpg",".jpg","1690106","1.6118","8/13/2026 9:22:59 AM","C:\nerfstudio_work\panteon-chacarita\panteon-asociacion-catalana\dataset-clean\frame_00849.jpg"
"frame_00850.jpg",".jpg","1390893","1.3265","8/13/2026 9:23:00 AM","C:\nerfstudio_work\panteon-chacarita\panteon-asociacion-catalana\dataset-clean\frame_00850.jpg"
"frame_00851.jpg",".jpg","1196948","1.1415","8/13/2026 9:23:01 AM","C:\nerfstudio_work\panteon-chacarita\panteon-asociacion-catalana\dataset-clean\frame_00851.jpg"
"frame_00852.jpg",".jpg","1135018","1.0824","8/13/2026 9:23:02 AM","C:\nerfstudio_work\panteon-chacarita\panteon-asociacion-catalana\dataset-clean\frame_00852.jpg"
"frame_00853.jpg",".jpg","1174009","1.1196","8/13/2026 9:23:03 AM","C:\nerfstudio_work\panteon-chacarita\panteon-asociacion-catalana\dataset-clean\frame_00853.jpg"
"frame_00854.jpg",".jpg","1193054","1.1378","8/13/2026 9:23:04 AM","C:\nerfstudio_work\panteon-chacarita\panteon-asociacion-catalana\dataset-clean\frame_00854.jpg"
"frame_00855.jpg",".jpg","1164352","1.1104","8/13/2026 9:23:05 AM","C:\nerfstudio_work\panteon-chacarita\panteon-asociacion-catalana\dataset-clean\frame_00855.jpg"
"frame_00856.jpg",".jpg","1203409","1.1477","8/13/2026 9:23:06 AM","C:\nerfstudio_work\panteon-chacarita\panteon-asociacion-catalana\dataset-clean\frame_00856.jpg"
"frame_00857.jpg",".jpg","1230550","1.1735","8/13/2026 9:23:07 AM","C:\nerfstudio_work\panteon-chacarita\panteon-asociacion-catalana\dataset-clean\frame_00857.jpg"
"frame_00858.jpg",".jpg","1162258","1.1084","8/13/2026 9:23:08 AM","C:\nerfstudio_work\panteon-chacarita\panteon-asociacion-catalana\dataset-clean\frame_00858.jpg"
"frame_00859.jpg",".jpg","1231158","1.1741","8/13/2026 9:23:09 AM","C:\nerfstudio_work\panteon-chacarita\panteon-asociacion-catalana\dataset-clean\frame_00859.jpg"
"frame_00860.jpg",".jpg","1327986","1.2665","8/13/2026 9:23:10 AM","C:\nerfstudio_work\panteon-chacarita\panteon-asociacion-catalana\dataset-clean\frame_00860.jpg"
"frame_00861.jpg",".jpg","1465730","1.3978","8/13/2026 9:23:11 AM","C:\nerfstudio_work\panteon-chacarita\panteon-asociacion-catalana\dataset-clean\frame_00861.jpg"
"frame_00862.jpg",".jpg","1519871","1.4495","8/13/2026 9:23:12 AM","C:\nerfstudio_work\panteon-chacarita\panteon-asociacion-catalana\dataset-clean\frame_00862.jpg"
"frame_00863.jpg",".jpg","1471652","1.4035","8/13/2026 9:23:13 AM","C:\nerfstudio_work\panteon-chacarita\panteon-asociacion-catalana\dataset-clean\frame_00863.jpg"
"frame_00864.jpg",".jpg","1476420","1.408","8/13/2026 9:23:14 AM","C:\nerfstudio_work\panteon-chacarita\panteon-asociacion-catalana\dataset-clean\frame_00864.jpg"
"frame_00865.jpg",".jpg","1458103","1.3906","8/13/2026 9:23:15 AM","C:\nerfstudio_work\panteon-chacarita\panteon-asociacion-catalana\dataset-clean\frame_00865.jpg"
"frame_00866.jpg",".jpg","1365262","1.302","8/13/2026 9:23:16 AM","C:\nerfstudio_work\panteon-chacarita\panteon-asociacion-catalana\dataset-clean\frame_00866.jpg"
"frame_00867.jpg",".jpg","1315911","1.255","8/13/2026 9:23:17 AM","C:\nerfstudio_work\panteon-chacarita\panteon-asociacion-catalana\dataset-clean\frame_00867.jpg"
"frame_00868.jpg",".jpg","1307447","1.2469","8/13/2026 9:23:18 AM","C:\nerfstudio_work\panteon-chacarita\panteon-asociacion-catalana\dataset-clean\frame_00868.jpg"
"frame_00869.jpg",".jpg","1331790","1.2701","8/13/2026 9:23:19 AM","C:\nerfstudio_work\panteon-chacarita\panteon-asociacion-catalana\dataset-clean\frame_00869.jpg"
"frame_00870.jpg",".jpg","1359761","1.2968","8/13/2026 9:23:20 AM","C:\nerfstudio_work\panteon-chacarita\panteon-asociacion-catalana\dataset-clean\frame_00870.jpg"
"frame_00871.jpg",".jpg","1353133","1.2904","8/13/2026 9:23:21 AM","C:\nerfstudio_work\panteon-chacarita\panteon-asociacion-catalana\dataset-clean\frame_00871.jpg"
"frame_00872.jpg",".jpg","1217300","1.1609","8/13/2026 9:23:22 AM","C:\nerfstudio_work\panteon-chacarita\panteon-asociacion-catalana\dataset-clean\frame_00872.jpg"
"frame_00873.jpg",".jpg","1177538","1.123","8/13/2026 9:23:23 AM","C:\nerfstudio_work\panteon-chacarita\panteon-asociacion-catalana\dataset-clean\frame_00873.jpg"
"frame_00874.jpg",".jpg","1059867","1.0108","8/13/2026 9:23:24 AM","C:\nerfstudio_work\panteon-chacarita\panteon-asociacion-catalana\dataset-clean\frame_00874.jpg"
"frame_00875.jpg",".jpg","1002590","0.9561","8/13/2026 9:23:25 AM","C:\nerfstudio_work\panteon-chacarita\panteon-asociacion-catalana\dataset-clean\frame_00875.jpg"
"frame_00876.jpg",".jpg","978487","0.9332","8/13/2026 9:23:26 AM","C:\nerfstudio_work\panteon-chacarita\panteon-asociacion-catalana\dataset-clean\frame_00876.jpg"
"frame_00877.jpg",".jpg","990039","0.9442","8/13/2026 9:23:27 AM","C:\nerfstudio_work\panteon-chacarita\panteon-asociacion-catalana\dataset-clean\frame_00877.jpg"
"frame_00878.jpg",".jpg","1001148","0.9548","8/13/2026 9:23:28 AM","C:\nerfstudio_work\panteon-chacarita\panteon-asociacion-catalana\dataset-clean\frame_00878.jpg"
"frame_00879.jpg",".jpg","1141560","1.0887","8/13/2026 9:23:29 AM","C:\nerfstudio_work\panteon-chacarita\panteon-asociacion-catalana\dataset-clean\frame_00879.jpg"
"frame_00880.jpg",".jpg","1267163","1.2085","8/13/2026 9:23:30 AM","C:\nerfstudio_work\panteon-chacarita\panteon-asociacion-catalana\dataset-clean\frame_00880.jpg"
"frame_00881.jpg",".jpg","1281424","1.2221","8/13/2026 9:23:31 AM","C:\nerfstudio_work\panteon-chacarita\panteon-asociacion-catalana\dataset-clean\frame_00881.jpg"
"frame_00882.jpg",".jpg","1347689","1.2853","8/13/2026 9:23:32 AM","C:\nerfstudio_work\panteon-chacarita\panteon-asociacion-catalana\dataset-clean\frame_00882.jpg"
"frame_00883.jpg",".jpg","1359497","1.2965","8/13/2026 9:23:33 AM","C:\nerfstudio_work\panteon-chacarita\panteon-asociacion-catalana\dataset-clean\frame_00883.jpg"
"frame_00884.jpg",".jpg","1199777","1.1442","8/13/2026 9:23:34 AM","C:\nerfstudio_work\panteon-chacarita\panteon-asociacion-catalana\dataset-clean\frame_00884.jpg"
"frame_00885.jpg",".jpg","1039385","0.9912","8/13/2026 9:23:35 AM","C:\nerfstudio_work\panteon-chacarita\panteon-asociacion-catalana\dataset-clean\frame_00885.jpg"
"frame_00886.jpg",".jpg","1163018","1.1091","8/13/2026 9:23:36 AM","C:\nerfstudio_work\panteon-chacarita\panteon-asociacion-catalana\dataset-clean\frame_00886.jpg"
"frame_00887.jpg",".jpg","1147493","1.0943","8/13/2026 9:23:37 AM","C:\nerfstudio_work\panteon-chacarita\panteon-asociacion-catalana\dataset-clean\frame_00887.jpg"
"frame_00888.jpg",".jpg","1134337","1.0818","8/13/2026 9:23:38 AM","C:\nerfstudio_work\panteon-chacarita\panteon-asociacion-catalana\dataset-clean\frame_00888.jpg"
"frame_00889.jpg",".jpg","1217270","1.1609","8/13/2026 9:23:39 AM","C:\nerfstudio_work\panteon-chacarita\panteon-asociacion-catalana\dataset-clean\frame_00889.jpg"
"frame_00890.jpg",".jpg","1413314","1.3478","8/13/2026 9:23:40 AM","C:\nerfstudio_work\panteon-chacarita\panteon-asociacion-catalana\dataset-clean\frame_00890.jpg"
"frame_00891.jpg",".jpg","1580862","1.5076","8/13/2026 9:23:41 AM","C:\nerfstudio_work\panteon-chacarita\panteon-asociacion-catalana\dataset-clean\frame_00891.jpg"
"frame_00892.jpg",".jpg","1798130","1.7148","8/13/2026 9:23:42 AM","C:\nerfstudio_work\panteon-chacarita\panteon-asociacion-catalana\dataset-clean\frame_00892.jpg"
"frame_00893.jpg",".jpg","1917620","1.8288","8/13/2026 9:23:43 AM","C:\nerfstudio_work\panteon-chacarita\panteon-asociacion-catalana\dataset-clean\frame_00893.jpg"
"frame_00894.jpg",".jpg","1905797","1.8175","8/13/2026 9:23:43 AM","C:\nerfstudio_work\panteon-chacarita\panteon-asociacion-catalana\dataset-clean\frame_00894.jpg"
"frame_00895.jpg",".jpg","1858299","1.7722","8/13/2026 9:23:44 AM","C:\nerfstudio_work\panteon-chacarita\panteon-asociacion-catalana\dataset-clean\frame_00895.jpg"
"frame_00896.jpg",".jpg","1791459","1.7085","8/13/2026 9:23:45 AM","C:\nerfstudio_work\panteon-chacarita\panteon-asociacion-catalana\dataset-clean\frame_00896.jpg"
"frame_00897.jpg",".jpg","1720621","1.6409","8/13/2026 9:23:45 AM","C:\nerfstudio_work\panteon-chacarita\panteon-asociacion-catalana\dataset-clean\frame_00897.jpg"
"frame_00898.jpg",".jpg","1666700","1.5895","8/13/2026 9:23:46 AM","C:\nerfstudio_work\panteon-chacarita\panteon-asociacion-catalana\dataset-clean\frame_00898.jpg"
"frame_00899.jpg",".jpg","1629524","1.554","8/13/2026 9:23:47 AM","C:\nerfstudio_work\panteon-chacarita\panteon-asociacion-catalana\dataset-clean\frame_00899.jpg"
"frame_00900.jpg",".jpg","1745005","1.6642","8/13/2026 9:23:48 AM","C:\nerfstudio_work\panteon-chacarita\panteon-asociacion-catalana\dataset-clean\frame_00900.jpg"
"frame_00901.jpg",".jpg","1661989","1.585","8/13/2026 9:23:49 AM","C:\nerfstudio_work\panteon-chacarita\panteon-asociacion-catalana\dataset-clean\frame_00901.jpg"
"frame_00902.jpg",".jpg","1638574","1.5627","8/13/2026 9:23:50 AM","C:\nerfstudio_work\panteon-chacarita\panteon-asociacion-catalana\dataset-clean\frame_00902.jpg"
"frame_00903.jpg",".jpg","1544018","1.4725","8/13/2026 9:23:51 AM","C:\nerfstudio_work\panteon-chacarita\panteon-asociacion-catalana\dataset-clean\frame_00903.jpg"
"frame_00904.jpg",".jpg","1549795","1.478","8/13/2026 9:23:52 AM","C:\nerfstudio_work\panteon-chacarita\panteon-asociacion-catalana\dataset-clean\frame_00904.jpg"
"frame_00905.jpg",".jpg","1470266","1.4022","8/13/2026 9:23:53 AM","C:\nerfstudio_work\panteon-chacarita\panteon-asociacion-catalana\dataset-clean\frame_00905.jpg"
"frame_00906.jpg",".jpg","1710247","1.631","8/13/2026 9:23:54 AM","C:\nerfstudio_work\panteon-chacarita\panteon-asociacion-catalana\dataset-clean\frame_00906.jpg"
"frame_00907.jpg",".jpg","1912100","1.8235","8/13/2026 9:23:55 AM","C:\nerfstudio_work\panteon-chacarita\panteon-asociacion-catalana\dataset-clean\frame_00907.jpg"
"frame_00908.jpg",".jpg","1876604","1.7897","8/13/2026 9:23:56 AM","C:\nerfstudio_work\panteon-chacarita\panteon-asociacion-catalana\dataset-clean\frame_00908.jpg"
"frame_00909.jpg",".jpg","1854187","1.7683","8/13/2026 9:23:57 AM","C:\nerfstudio_work\panteon-chacarita\panteon-asociacion-catalana\dataset-clean\frame_00909.jpg"
"frame_00910.jpg",".jpg","1539905","1.4686","8/13/2026 9:23:57 AM","C:\nerfstudio_work\panteon-chacarita\panteon-asociacion-catalana\dataset-clean\frame_00910.jpg"
"frame_00911.jpg",".jpg","1109864","1.0584","8/13/2026 9:23:58 AM","C:\nerfstudio_work\panteon-chacarita\panteon-asociacion-catalana\dataset-clean\frame_00911.jpg"
"frame_00912.jpg",".jpg","1425954","1.3599","8/13/2026 9:23:59 AM","C:\nerfstudio_work\panteon-chacarita\panteon-asociacion-catalana\dataset-clean\frame_00912.jpg"
"frame_00913.jpg",".jpg","1310554","1.2498","8/13/2026 9:24:00 AM","C:\nerfstudio_work\panteon-chacarita\panteon-asociacion-catalana\dataset-clean\frame_00913.jpg"
"frame_00914.jpg",".jpg","1087996","1.0376","8/13/2026 9:24:00 AM","C:\nerfstudio_work\panteon-chacarita\panteon-asociacion-catalana\dataset-clean\frame_00914.jpg"
"frame_00915.jpg",".jpg","967206","0.9224","8/13/2026 9:24:01 AM","C:\nerfstudio_work\panteon-chacarita\panteon-asociacion-catalana\dataset-clean\frame_00915.jpg"
"frame_00916.jpg",".jpg","1009577","0.9628","8/13/2026 9:24:02 AM","C:\nerfstudio_work\panteon-chacarita\panteon-asociacion-catalana\dataset-clean\frame_00916.jpg"
"frame_00917.jpg",".jpg","1024091","0.9766","8/13/2026 9:24:02 AM","C:\nerfstudio_work\panteon-chacarita\panteon-asociacion-catalana\dataset-clean\frame_00917.jpg"
"frame_00918.jpg",".jpg","1072168","1.0225","8/13/2026 9:24:03 AM","C:\nerfstudio_work\panteon-chacarita\panteon-asociacion-catalana\dataset-clean\frame_00918.jpg"
"frame_00919.jpg",".jpg","1108144","1.0568","8/13/2026 9:24:04 AM","C:\nerfstudio_work\panteon-chacarita\panteon-asociacion-catalana\dataset-clean\frame_00919.jpg"
"frame_00920.jpg",".jpg","1088242","1.0378","8/13/2026 9:24:05 AM","C:\nerfstudio_work\panteon-chacarita\panteon-asociacion-catalana\dataset-clean\frame_00920.jpg"
"frame_00921.jpg",".jpg","980876","0.9354","8/13/2026 9:24:05 AM","C:\nerfstudio_work\panteon-chacarita\panteon-asociacion-catalana\dataset-clean\frame_00921.jpg"
"frame_00922.jpg",".jpg","895083","0.8536","8/13/2026 9:24:06 AM","C:\nerfstudio_work\panteon-chacarita\panteon-asociacion-catalana\dataset-clean\frame_00922.jpg"
"frame_00923.jpg",".jpg","851693","0.8122","8/13/2026 9:24:07 AM","C:\nerfstudio_work\panteon-chacarita\panteon-asociacion-catalana\dataset-clean\frame_00923.jpg"
"frame_00924.jpg",".jpg","794808","0.758","8/13/2026 9:24:07 AM","C:\nerfstudio_work\panteon-chacarita\panteon-asociacion-catalana\dataset-clean\frame_00924.jpg"
"frame_00925.jpg",".jpg","735176","0.7011","8/13/2026 9:24:08 AM","C:\nerfstudio_work\panteon-chacarita\panteon-asociacion-catalana\dataset-clean\frame_00925.jpg"
"frame_00926.jpg",".jpg","794352","0.7576","8/13/2026 9:24:09 AM","C:\nerfstudio_work\panteon-chacarita\panteon-asociacion-catalana\dataset-clean\frame_00926.jpg"
"frame_00927.jpg",".jpg","891313","0.85","8/13/2026 9:24:09 AM","C:\nerfstudio_work\panteon-chacarita\panteon-asociacion-catalana\dataset-clean\frame_00927.jpg"
"frame_00928.jpg",".jpg","919977","0.8774","8/13/2026 9:24:10 AM","C:\nerfstudio_work\panteon-chacarita\panteon-asociacion-catalana\dataset-clean\frame_00928.jpg"
"frame_00929.jpg",".jpg","862981","0.823","8/13/2026 9:24:11 AM","C:\nerfstudio_work\panteon-chacarita\panteon-asociacion-catalana\dataset-clean\frame_00929.jpg"
"frame_00930.jpg",".jpg","792111","0.7554","8/13/2026 9:24:11 AM","C:\nerfstudio_work\panteon-chacarita\panteon-asociacion-catalana\dataset-clean\frame_00930.jpg"
"frame_00931.jpg",".jpg","816931","0.7791","8/13/2026 9:24:12 AM","C:\nerfstudio_work\panteon-chacarita\panteon-asociacion-catalana\dataset-clean\frame_00931.jpg"
"frame_00932.jpg",".jpg","911771","0.8695","8/13/2026 9:24:13 AM","C:\nerfstudio_work\panteon-chacarita\panteon-asociacion-catalana\dataset-clean\frame_00932.jpg"
"frame_00933.jpg",".jpg","938813","0.8953","8/13/2026 9:24:14 AM","C:\nerfstudio_work\panteon-chacarita\panteon-asociacion-catalana\dataset-clean\frame_00933.jpg"
"frame_00934.jpg",".jpg","724295","0.6907","8/13/2026 9:24:14 AM","C:\nerfstudio_work\panteon-chacarita\panteon-asociacion-catalana\dataset-clean\frame_00934.jpg"
"frame_00935.jpg",".jpg","828465","0.7901","8/13/2026 9:24:15 AM","C:\nerfstudio_work\panteon-chacarita\panteon-asociacion-catalana\dataset-clean\frame_00935.jpg"
"frame_00936.jpg",".jpg","970628","0.9257","8/13/2026 9:24:16 AM","C:\nerfstudio_work\panteon-chacarita\panteon-asociacion-catalana\dataset-clean\frame_00936.jpg"
"frame_00937.jpg",".jpg","1041021","0.9928","8/13/2026 9:24:17 AM","C:\nerfstudio_work\panteon-chacarita\panteon-asociacion-catalana\dataset-clean\frame_00937.jpg"
"frame_00938.jpg",".jpg","1117147","1.0654","8/13/2026 9:24:17 AM","C:\nerfstudio_work\panteon-chacarita\panteon-asociacion-catalana\dataset-clean\frame_00938.jpg"
"frame_00939.jpg",".jpg","1126357","1.0742","8/13/2026 9:24:18 AM","C:\nerfstudio_work\panteon-chacarita\panteon-asociacion-catalana\dataset-clean\frame_00939.jpg"
"frame_00940.jpg",".jpg","1225469","1.1687","8/13/2026 9:24:19 AM","C:\nerfstudio_work\panteon-chacarita\panteon-asociacion-catalana\dataset-clean\frame_00940.jpg"
"frame_00941.jpg",".jpg","1260526","1.2021","8/13/2026 9:24:20 AM","C:\nerfstudio_work\panteon-chacarita\panteon-asociacion-catalana\dataset-clean\frame_00941.jpg"
"frame_00942.jpg",".jpg","1259596","1.2012","8/13/2026 9:24:20 AM","C:\nerfstudio_work\panteon-chacarita\panteon-asociacion-catalana\dataset-clean\frame_00942.jpg"
"frame_00943.jpg",".jpg","1227729","1.1709","8/13/2026 9:24:21 AM","C:\nerfstudio_work\panteon-chacarita\panteon-asociacion-catalana\dataset-clean\frame_00943.jpg"
"frame_00944.jpg",".jpg","1174672","1.1203","8/13/2026 9:24:22 AM","C:\nerfstudio_work\panteon-chacarita\panteon-asociacion-catalana\dataset-clean\frame_00944.jpg"
"frame_00945.jpg",".jpg","1090364","1.0399","8/13/2026 9:24:23 AM","C:\nerfstudio_work\panteon-chacarita\panteon-asociacion-catalana\dataset-clean\frame_00945.jpg"
"frame_00946.jpg",".jpg","1019755","0.9725","8/13/2026 9:24:23 AM","C:\nerfstudio_work\panteon-chacarita\panteon-asociacion-catalana\dataset-clean\frame_00946.jpg"
"frame_00947.jpg",".jpg","1082580","1.0324","8/13/2026 9:24:24 AM","C:\nerfstudio_work\panteon-chacarita\panteon-asociacion-catalana\dataset-clean\frame_00947.jpg"
"frame_00948.jpg",".jpg","1049552","1.0009","8/13/2026 9:24:25 AM","C:\nerfstudio_work\panteon-chacarita\panteon-asociacion-catalana\dataset-clean\frame_00948.jpg"
"frame_00949.jpg",".jpg","1001717","0.9553","8/13/2026 9:24:26 AM","C:\nerfstudio_work\panteon-chacarita\panteon-asociacion-catalana\dataset-clean\frame_00949.jpg"
"frame_00950.jpg",".jpg","1037002","0.989","8/13/2026 9:24:26 AM","C:\nerfstudio_work\panteon-chacarita\panteon-asociacion-catalana\dataset-clean\frame_00950.jpg"
"frame_00951.jpg",".jpg","799991","0.7629","8/13/2026 9:24:27 AM","C:\nerfstudio_work\panteon-chacarita\panteon-asociacion-catalana\dataset-clean\frame_00951.jpg"
"frame_00952.jpg",".jpg","950686","0.9066","8/13/2026 9:24:27 AM","C:\nerfstudio_work\panteon-chacarita\panteon-asociacion-catalana\dataset-clean\frame_00952.jpg"
"frame_00953.jpg",".jpg","1107324","1.056","8/13/2026 9:24:28 AM","C:\nerfstudio_work\panteon-chacarita\panteon-asociacion-catalana\dataset-clean\frame_00953.jpg"
"frame_00954.jpg",".jpg","1266236","1.2076","8/13/2026 9:24:29 AM","C:\nerfstudio_work\panteon-chacarita\panteon-asociacion-catalana\dataset-clean\frame_00954.jpg"
"frame_00955.jpg",".jpg","1408479","1.3432","8/13/2026 9:24:30 AM","C:\nerfstudio_work\panteon-chacarita\panteon-asociacion-catalana\dataset-clean\frame_00955.jpg"
"frame_00956.jpg",".jpg","1431465","1.3652","8/13/2026 9:24:30 AM","C:\nerfstudio_work\panteon-chacarita\panteon-asociacion-catalana\dataset-clean\frame_00956.jpg"
"frame_00957.jpg",".jpg","1443430","1.3766","8/13/2026 9:24:31 AM","C:\nerfstudio_work\panteon-chacarita\panteon-asociacion-catalana\dataset-clean\frame_00957.jpg"
"frame_00958.jpg",".jpg","1478936","1.4104","8/13/2026 9:24:32 AM","C:\nerfstudio_work\panteon-chacarita\panteon-asociacion-catalana\dataset-clean\frame_00958.jpg"
"frame_00959.jpg",".jpg","1449111","1.382","8/13/2026 9:24:33 AM","C:\nerfstudio_work\panteon-chacarita\panteon-asociacion-catalana\dataset-clean\frame_00959.jpg"
"frame_00960.jpg",".jpg","1455260","1.3878","8/13/2026 9:24:33 AM","C:\nerfstudio_work\panteon-chacarita\panteon-asociacion-catalana\dataset-clean\frame_00960.jpg"
"frame_00961.jpg",".jpg","1354499","1.2918","8/13/2026 9:24:34 AM","C:\nerfstudio_work\panteon-chacarita\panteon-asociacion-catalana\dataset-clean\frame_00961.jpg"
"frame_00962.jpg",".jpg","1248461","1.1906","8/13/2026 9:24:35 AM","C:\nerfstudio_work\panteon-chacarita\panteon-asociacion-catalana\dataset-clean\frame_00962.jpg"
"frame_00963.jpg",".jpg","1131524","1.0791","8/13/2026 9:24:36 AM","C:\nerfstudio_work\panteon-chacarita\panteon-asociacion-catalana\dataset-clean\frame_00963.jpg"
"frame_00964.jpg",".jpg","1086162","1.0358","8/13/2026 9:24:36 AM","C:\nerfstudio_work\panteon-chacarita\panteon-asociacion-catalana\dataset-clean\frame_00964.jpg"
"frame_00965.jpg",".jpg","1054527","1.0057","8/13/2026 9:24:37 AM","C:\nerfstudio_work\panteon-chacarita\panteon-asociacion-catalana\dataset-clean\frame_00965.jpg"
"frame_00966.jpg",".jpg","1051068","1.0024","8/13/2026 9:24:38 AM","C:\nerfstudio_work\panteon-chacarita\panteon-asociacion-catalana\dataset-clean\frame_00966.jpg"
"frame_00967.jpg",".jpg","1171676","1.1174","8/13/2026 9:24:38 AM","C:\nerfstudio_work\panteon-chacarita\panteon-asociacion-catalana\dataset-clean\frame_00967.jpg"
"frame_00968.jpg",".jpg","1352740","1.2901","8/13/2026 9:24:39 AM","C:\nerfstudio_work\panteon-chacarita\panteon-asociacion-catalana\dataset-clean\frame_00968.jpg"
"frame_00969.jpg",".jpg","1577591","1.5045","8/13/2026 9:24:40 AM","C:\nerfstudio_work\panteon-chacarita\panteon-asociacion-catalana\dataset-clean\frame_00969.jpg"
"frame_00970.jpg",".jpg","1758041","1.6766","8/13/2026 9:24:40 AM","C:\nerfstudio_work\panteon-chacarita\panteon-asociacion-catalana\dataset-clean\frame_00970.jpg"
"frame_00971.jpg",".jpg","1785492","1.7028","8/13/2026 9:24:41 AM","C:\nerfstudio_work\panteon-chacarita\panteon-asociacion-catalana\dataset-clean\frame_00971.jpg"
"frame_00972.jpg",".jpg","1787577","1.7048","8/13/2026 9:24:42 AM","C:\nerfstudio_work\panteon-chacarita\panteon-asociacion-catalana\dataset-clean\frame_00972.jpg"
"frame_00973.jpg",".jpg","1805957","1.7223","8/13/2026 9:24:42 AM","C:\nerfstudio_work\panteon-chacarita\panteon-asociacion-catalana\dataset-clean\frame_00973.jpg"
