frame_index,file_path,file_name,x,y,z,forward_x,forward_y,forward_z,up_x,up_y,up_z,right_x,right_y,right_z,yaw_xz_deg,pitch_y_deg
0,images/frame_00707.jpg,frame_00707.jpg,-1.5736133683661448,-0.16968073663001831,-0.8325496144415039,0.8905681437388414,-0.4546298583509799,-0.014144654584762897,0.013085302659765208,-0.005476713996802719,0.9998993841672769,-0.454661582071607,-0.8906636264603855,0.0010715822778392062,90.90993696529675,-27.041121194314037
1,images/frame_00706.jpg,frame_00706.jpg,-1.5811502375375404,-0.1687271092572611,-0.8346263963826952,0.8905946367661964,-0.45458485094666434,-0.013921359599039156,0.012892879073400693,-0.0053624166147553005,0.9999025033258234,-0.4546151830201952,-0.8906872940476073,0.0010851680357333716,90.89554794145133,-27.038225990973267
2,images/frame_00705.jpg,frame_00705.jpg,-1.5911040248568555,-0.16777866844659056,-0.8347366503474424,0.8904098087673302,-0.4549498274771831,-0.013821176845985422,0.012849821115381249,-0.005227477753086967,0.999903772156923,-0.4549782989860388,-0.8905017270925546,0.0011914264342851512,90.88928884503922,-27.06170608726076
3,images/frame_00704.jpg,frame_00704.jpg,-1.5759970045682854,-0.15721486740224033,-0.8296640060669109,0.8898624756589794,-0.4560022318548269,-0.014378350304859332,0.01331693711823513,-0.005540788530570955,0.9998959730133172,-0.45603446317121854,-0.8899613824239097,0.0011420132496108724,90.92570158715174,-27.129438148684997
4,images/frame_00703.jpg,frame_00703.jpg,-1.5496275732202391,-0.1624927783530543,-0.8295349972002565,0.889658378444301,-0.4563980835625724,-0.014448424975348241,0.01330630370229723,-0.00571616150550348,0.9998951273905805,-0.45643280989170704,-0.8897573336691608,0.0009875405341055856,90.93042568085613,-27.154925522353786
5,images/frame_00702.jpg,frame_00702.jpg,-1.9715363429582016,0.10281982587390029,-0.8286314352107083,0.8913325844149922,-0.45312658850593934,-0.014230837960561243,0.013081743609840915,-0.005669954428543727,0.9998983536344607,-0.453161218490966,-0.8914281487622809,0.0008738707202013427,90.91469525300714,-26.944460278220625
6,images/frame_00701.jpg,frame_00701.jpg,-2.4158877668052514,0.3389386545835855,-0.8272475677925862,0.8933382393931318,-0.44915586961855414,-0.014345481002027776,0.013362379041395847,-0.005358652139663129,0.99989635946612,-0.44918619175608376,-0.8934373439891833,0.001214702111758691,90.91999294416009,-26.68953831061611
7,images/frame_00700.jpg,frame_00700.jpg,-2.6075502940032034,0.43597690062375544,-0.8226603399386313,0.9000432990960816,-0.43556684451283556,-0.014268206382455254,0.01342312755504467,-0.005017244313944077,0.9998973171811869,-0.43559370679439574,-0.9001424049674728,0.0013309321892817348,90.90822245450947,-25.82136855841988
8,images/frame_00699.jpg,frame_00699.jpg,-2.6354065600691214,0.47125257637308204,-0.8240098412939237,0.9283259196779269,-0.3714802532050166,-0.014608433621295035,0.013962889649247894,-0.004427567547534561,0.999892710423601,-0.3715050774441367,-0.9284302968582773,0.0010767120679518914,90.90155030138301,-21.80693733060791
9,images/frame_00698.jpg,frame_00698.jpg,-2.6387191843393887,0.4699663939842,-0.8265716458009442,0.9283696838497794,-0.37136601073703995,-0.014731401084670503,0.014024407177502836,-0.004604518441444753,0.9998910502715993,-0.37139338189038895,-0.9284751383204501,0.000933492817630096,90.90909504232428,-21.7998873929463
10,images/frame_00697.jpg,frame_00697.jpg,-2.632926160621143,0.46566896489102844,-0.8250538237004112,0.9283130534395545,-0.3714961763466396,-0.01501545116062919,0.014258056913070645,-0.004785547237980882,0.9998868957790659,-0.3715260160833888,-0.928422149400508,0.0008543276573235965,90.92667765345199,-21.807919980107712
11,images/frame_00696.jpg,frame_00696.jpg,-2.634823676333984,0.46470511605888193,-0.8215214772818571,0.9283542187506492,-0.371394130566437,-0.014994742701094185,0.014190880026720474,-0.004897464569970791,0.9998873095328558,-0.37142571458090906,-0.928462391603228,0.0007238276555060646,90.92535882736243,-21.801622644029802
12,images/frame_00695.jpg,frame_00695.jpg,-2.638925478256773,0.465115844663583,-0.8206182767076206,0.928344910036121,-0.37143469368832815,-0.01456002522951705,0.013797571570631202,-0.004710309469026357,0.999893713353304,-0.3714637977364412,-0.9284471332872777,0.0007521049504667253,90.89854492042072,-21.80412579728924
13,images/frame_00694.jpg,frame_00694.jpg,-2.640427943333042,0.46818364027877496,-0.8200933628950632,0.9283021458509754,-0.37153150722683453,-0.014814288583363965,0.014071189719527533,-0.004711153238730964,0.9998898962661031,-0.3715603929758279,-0.9284083919121573,0.000854516664878607,90.91427577966934,-21.8101003447637
14,images/frame_00693.jpg,frame_00693.jpg,-2.643729619529615,0.46937458189785847,-0.8194002392496431,0.9283023786467075,-0.37152233128349266,-0.015028278562213051,0.014282005655188142,-0.0047602943486237705,0.9998866745347592,-0.37155176774351373,-0.9284118132355885,0.000887091470420694,90.92747982088358,-21.80953406916553
15,images/frame_00692.jpg,frame_00692.jpg,-2.654120555159203,0.4717643870266013,-0.8199668667140805,0.928302388103422,-0.3715190239798796,-0.015109237655196008,0.014346787119309702,-0.0048163094439923745,0.9998854788738023,-0.371549248338409,-0.9284128478130713,0.0008591127899689862,90.93247537372109,-21.809329965868066
16,images/frame_00691.jpg,frame_00691.jpg,-2.6536490773188137,0.4680082994207354,-0.8201325388794971,0.928158537394965,-0.3718713631883516,-0.015277980929312202,0.014514879477769228,-0.0048513612409044615,0.9998828834257821,-0.371901930264667,-0.9282715936268584,0.0008948356650750298,90.9430337002319,-21.8310754765448
17,images/frame_00690.jpg,frame_00690.jpg,-2.6464439093215857,0.47775273005571056,-0.8112299297396915,0.9280206375836769,-0.3722162704912911,-0.015255890676708624,0.014458814629486557,-0.004932701911306476,0.9998832977559753,-0.37224808515061003,-0.9281329185162048,0.0008041568851756936,90.94181032752935,-21.85236551104177
18,images/frame_00689.jpg,frame_00689.jpg,-2.784745585561761,0.5370758223040836,-0.8156280840827486,0.9275990589757825,-0.37326718215620025,-0.01521822960835335,0.014487191827649038,-0.0047637574391797164,0.9998837061818786,-0.3732962698182121,-0.9277116552788537,0.0009887363540796367,90.93991267287558,-21.917254538162705
19,images/frame_00688.jpg,frame_00688.jpg,-2.8073026380108472,0.5461628744036603,-0.8173112606906944,0.9278319235440542,-0.3726891878677246,-0.015188446235088112,0.014383116777797387,-0.004941315173647209,0.9998843469902462,-0.37272113651401184,-0.9279430751133663,0.0007757221492971594,90.93783811972578,-21.881562360515133
20,images/frame_00687.jpg,frame_00687.jpg,-2.8305284629270635,0.5513275460224979,-0.8163409709707617,0.9410302281691363,-0.33799511194223464,-0.014879918517906857,0.014262219901845296,-0.00431096981842019,0.9998889951503097,-0.33802174006329033,-0.9411379908612664,0.0007638077011745428,90.90590659100006,-19.754772443130204
21,images/frame_00686.jpg,frame_00686.jpg,-2.835188892942244,0.5524441986205917,-0.8131342329674186,0.9787155506972645,-0.20464094240814465,-0.015425741915917286,0.01506739700016371,-0.003309262260347936,0.999881003085333,-0.20466763879761143,-0.9788315133226958,-0.00015542011394237555,90.90297608141358,-11.808480971403435
22,images/frame_00685.jpg,frame_00685.jpg,-2.8397641320673763,0.5624976559693463,-0.8131682664541542,0.9910414683278913,-0.13258496020425342,-0.016063448637627983,0.015893710719086376,-0.002338494976706827,0.9998709513736369,-0.13260541472381582,-0.9911688845847011,-0.0002102784924152141,90.92860617204374,-7.618992930564135
23,images/frame_00684.jpg,frame_00684.jpg,-2.8566564470581453,0.5588463202263125,-0.8126602563491886,0.8705739723649248,-0.4917855972145944,-0.015744300970180786,0.013892167647138362,-0.00741825057132907,0.9998759799277731,-0.49184140159081646,-0.8706847270572429,0.0003738320954467138,91.03607929724149,-29.4580114103846
24,images/frame_00683.jpg,frame_00683.jpg,-2.8685962468005566,0.5601578176170542,-0.8108260910865135,0.7899095351307432,-0.6130134213356793,-0.016045858402030735,0.013361479979850027,-0.008954815581460173,0.9998706316972461,-0.6130778051457099,-0.7900217430806744,0.0011172723445405863,91.16372002192111,-37.807713344139266
25,images/frame_00682.jpg,frame_00682.jpg,-2.81973792222722,0.5575397275836395,-0.8131885347131947,0.7694257820120705,-0.6385115819742003,-0.01693882108996111,0.014105510328993412,-0.009527194000847946,0.9998551220816088,-0.6385804558185854,-0.7695532406918147,0.0016760630219119122,91.26115635448305,-39.68092124408078
26,images/frame_00681.jpg,frame_00681.jpg,-2.8054821602712496,0.5642746343726284,-0.8123032716170326,0.7695350952172243,-0.6383830027406328,-0.016818948863432746,0.013686715189149922,-0.009843856694187872,0.9998578750566078,-0.6384578365533221,-0.7696559220179089,0.0011621731428009382,91.25205646213823,-39.67134949247072
27,images/frame_00680.jpg,frame_00680.jpg,-2.817038506717641,0.5672232966408685,-0.813744820773388,0.7714997279808075,-0.6360332563632736,-0.015807103639515038,0.01261794039395779,-0.009544135586090933,0.9998748396955134,-0.6361045160237071,-0.7716026207030692,0.0006621317095476771,91.17375754236974,-39.496661354867385
28,images/frame_00679.jpg,frame_00679.jpg,-2.8097651305069267,0.5727300906047118,-0.8174056510716986,0.8479948913093504,-0.5297997119571949,-0.014728459638278357,0.012509524466817136,-0.0077743514959531905,0.9998915287452091,-0.5298567486697296,-0.8480871551137247,3.493210746462591e-05,90.99504577581557,-31.991923171308756
29,images/frame_00678.jpg,frame_00678.jpg,-2.80820923083691,0.5757630434611382,-0.8169370250177858,0.9346213921931501,-0.35535925453689726,-0.014235570586341065,0.013023153177117167,-0.0058037210939130045,0.9998983509851337,-0.35540575225545146,-0.934711781800382,-0.0007963838847499165,90.87262612918744,-20.815463862155575
30,images/frame_00677.jpg,frame_00677.jpg,-2.8197142656503087,0.5375917335637981,-0.8172210901220096,0.9414154687194898,-0.3369580949044883,-0.014005553684201168,0.012779515404582371,-0.005856325490840602,0.9999011878369628,-0.3370068207643389,-0.9415014305512674,-0.0012070742436100354,90.85233347861421,-19.69165275448973
31,images/frame_00676.jpg,frame_00676.jpg,-2.8518524248506942,0.4534863321406046,-0.8152358992110373,0.9413215589380468,-0.33722327976998423,-0.013934857717970988,0.012727695402785856,-0.005790351342667483,0.9999022330213403,-0.3372709985281555,-0.9414068883392045,-0.0011585073661964816,90.8481163672124,-19.707791280887015
32,images/frame_00675.jpg,frame_00675.jpg,-2.876115963036075,0.39245089789822446,-0.8143896777186661,0.9411812390641913,-0.3376204914668396,-0.013794092042728918,0.012646811443259522,-0.005597501113310162,0.9999043574970583,-0.33766541338122297,-0.9412656743571266,-0.000998440339525162,90.83967533719171,-19.7319676963117
33,images/frame_00674.jpg,frame_00674.jpg,-2.8811871645192233,0.3774790180834791,-0.8089272978879369,0.9410045974362485,-0.33810729834584263,-0.013921221538322662,0.012781167840790579,-0.005598011536383764,0.9999026462688575,-0.33815231383574657,-0.9410909175377871,-0.0009463484648301528,90.84757190285369,-19.761602342328572
34,images/frame_00673.jpg,frame_00673.jpg,-2.8517669547708486,0.3756285105746535,-0.8080114059517849,0.9408740120554072,-0.3384713459126108,-0.013901058767855905,0.012723548031500356,-0.005697534483347997,0.9999028189910764,-0.33851765502592573,-0.9409594486995264,-0.0010541057022200847,90.84646195104338,-19.783767544197875
35,images/frame_00672.jpg,frame_00672.jpg,-2.9898539268071844,0.4320412933743119,-0.813646186857255,0.940965162200848,-0.3382294627590627,-0.01361587478084049,0.012406695550520066,-0.005736739878355012,0.9999065764965668,-0.33827597524779734,-0.9410461828928928,-0.0012017624006745065,90.82901870161375,-19.76904003464208
36,images/frame_00671.jpg,frame_00671.jpg,-2.992520194137233,0.4444332228387643,-0.8147474100757878,0.9409563733405378,-0.33827176884084853,-0.013164796812164363,0.011841928694880238,-0.005974191953986767,0.9999120340086333,-0.33832066179086273,-0.941029498706486,-0.0016156638301749308,90.80156541450293,-19.77161582159017
37,images/frame_00670.jpg,frame_00670.jpg,-2.954795382707396,0.38964283950668016,-0.815051122292945,0.9409264151700928,-0.3383496040250817,-0.013305062616485551,0.011949626331856526,-0.006088811352727294,0.9999100613589404,-0.3384001856762007,-0.9410007809945652,-0.0016859721028232829,90.81013044045335,-19.776354890863104
38,images/frame_00669.jpg,frame_00669.jpg,-3.0134059878665167,0.42026427963104473,-0.8187419325826235,0.9410624883430997,-0.3379752904164677,-0.013194472380419542,0.01176732556877014,-0.006271200053800214,0.99991109609747,-0.33802798860812083,-0.9411340888087041,-0.001924525852920928,90.80328145821339,-19.753565740637427
39,images/frame_00668.jpg,frame_00668.jpg,-3.0831745009362166,0.4547709530645089,-0.8151242854805699,0.9410757059591497,-0.3379343838156411,-0.013299093526658397,0.011875431262958657,-0.0062799575877686715,0.9999097630611549,-0.33798740773260555,-0.9411487195804065,-0.0018967989758067862,90.80963859454634,-19.75107544166184
40,images/frame_00667.jpg,frame_00667.jpg,-3.109824793463013,0.478509421754683,-0.8157738364010025,0.9410636332896354,-0.3379778806882581,-0.013045622452915252,0.011624298532853284,-0.006229056444555105,0.9999130324880408,-0.3380297498495208,-0.9411334384779261,-0.001933182708991049,90.7942196535379,-19.753723431684406
41,images/frame_00666.jpg,frame_00666.jpg,-3.099295085079471,0.4568462963633174,-0.8150063189706094,0.9411925242958145,-0.3376241356817237,-0.01290632460624627,0.011387675359521912,-0.006478274891942032,0.9999141717189184,-0.3376787690388292,-0.9412587173352466,-0.002252549850199011,90.7856326573396,-19.73218951953444
42,images/frame_00665.jpg,frame_00665.jpg,-3.165908109121575,0.49613870544415595,-0.8154637534927871,0.9411686646881371,-0.33769518455044617,-0.012786905043410488,0.011252859975494254,-0.006499903434374484,0.9999155576336012,-0.33774978275569767,-0.941233080372117,-0.002317468812104664,90.77838398864408,-19.736514323050145
43,images/frame_00664.jpg,frame_00664.jpg,-3.2009450533210617,0.5028205039008476,-0.8175151769581585,0.9534133999060631,-0.30142345418749,-0.012115615759990563,0.010635800479925074,-0.006550106910884836,0.9999219838805461,-0.3014792971792803,-0.9534678785177496,-0.0030390799839860056,90.72805384007236,-17.54311915325823
44,images/frame_00663.jpg,frame_00663.jpg,-3.204058675444904,0.5115894169270153,-0.8163427000440306,0.9952722787151367,-0.09647887753149773,-0.011176556331957075,0.010922490401073062,-0.003161125692954917,0.9999353501540945,-0.09650797078281986,-0.9953300113402669,-0.00209239116008051,90.64338433322834,-5.536444286673497
45,images/frame_00662.jpg,frame_00662.jpg,-3.217350315733312,0.5097820127593303,-0.8142169743629234,0.9997463573355337,0.019687875497444725,-0.010936478076984855,0.010974962342459298,-0.001847730912222695,0.9999380651280646,0.019666448482449833,-0.9998044666077829,-0.0020633359430817125,90.62674801331951,1.1281050595139985
46,images/frame_00661.jpg,frame_00661.jpg,-3.2263250324263972,0.5071703569084217,-0.8129145171221116,0.9997496286736692,0.019392575751161486,-0.01116270453769729,0.011194148140087927,-0.0015136268429829377,0.9999361969551849,0.01937444229592767,-0.9998107995713567,-0.0017303312417293994,90.63970944655428,1.111182399282072
47,images/frame_00660.jpg,frame_00660.jpg,-3.21416491059032,0.5106442251113774,-0.8105354358792672,0.9997175379725693,0.020578879341979057,-0.011889154515453934,0.0119201204523783,-0.0013827295502487475,0.9999279958013936,0.02056095811154883,-0.9997872752661032,-0.001627641703815593,90.68135872201591,1.1791661709605792
48,images/frame_00659.jpg,frame_00659.jpg,-3.2326057499411145,0.5202028395747529,-0.80407227760684,0.9870876314836887,0.15974640048427194,-0.011793782439909533,0.011958243478006454,-6.820256263969953e-05,0.9999284943241348,0.1597341735034869,-0.9871580830245624,-0.001977608259720804,90.6845408497145,9.192176710521435
49,images/frame_00658.jpg,frame_00658.jpg,-3.382106074528746,0.4525172523559089,-0.8113329227297046,0.9775537720510465,0.21033801050793066,-0.01210545679998755,0.01220460981929906,0.0008267106955008994,0.9999251782251433,0.21033228056560746,-0.9776283730973604,-0.0017589391913940089,90.70948131237493,12.14216125325045
50,images/frame_00657.jpg,frame_00657.jpg,-3.3066553770189673,0.1003556197212847,-0.8151757458857699,0.9770365002837604,0.21275101677824723,-0.011691021045383151,0.011789085812378749,0.0008076935507618184,0.9999301791059395,0.2127456052870893,-0.9771061101492253,-0.0017189939150504833,90.68555698487849,12.283617760727884
51,images/frame_00656.jpg,frame_00656.jpg,-3.2333015685236477,-0.2150378121298686,-0.8215732356487558,0.9772810071679339,0.21164037938593885,-0.01140968195020503,0.011463503368608904,0.0009727005545795671,0.9999338177820315,0.21163747097181737,-0.977347124448119,-0.0014755384258475842,90.66889350877246,12.218500007611867
52,images/frame_00655.jpg,frame_00655.jpg,-3.167552074354993,-0.4770446365035678,-0.8253238660541488,0.9772337762912459,0.21186587752155073,-0.01126917998678572,0.011330542633438244,0.0009244659793223433,0.9999353789952053,0.21186260472103888,-0.9772983133642851,-0.001497135979299912,90.6606892321867,12.231719883757405
53,images/frame_00654.jpg,frame_00654.jpg,-3.203121079385489,-0.5474816657484031,-0.8194226580838636,0.9771733146031524,0.21217383794089723,-0.010703911477515924,0.010878800718340605,0.0003431321545725783,0.999940764223189,0.21216494272716035,-0.9772318776798854,-0.0019728973177468062,90.6275902290956,12.24977519721417
54,images/frame_00653.jpg,frame_00653.jpg,-3.5058693429945316,-0.6420285917775244,-0.83075341758179,0.9771785903506712,0.21213953122570967,-0.010900451899404567,0.01099692888576498,0.0007251191037740566,0.9999392680344976,0.21213455191306413,-0.9772391168458319,-0.0016243124767106713,90.63910936191107,12.247763778614145
55,images/frame_00652.jpg,frame_00652.jpg,-3.5402855304240646,-0.7671440050282461,-0.8332654990773133,0.9770132773921726,0.21291318515833982,-0.010631527883432516,0.0107103012217161,0.0007834569731109981,0.9999423351588387,0.2129092371109008,-0.9770708059198688,-0.0015149164836408158,90.62344867809225,12.293127197219105
56,images/frame_00651.jpg,frame_00651.jpg,-3.694134265322934,-0.8258444770164098,-0.8369659801063825,0.9771316529357061,0.21238488001552053,-0.010314725974443398,0.01046124462766303,0.00043386946079537145,0.9999451845566991,0.2123777135011465,-0.9771859968798591,-0.0017978626034717722,90.60479906996623,12.262149029141021
57,images/frame_00650.jpg,frame_00650.jpg,-3.6710276173017027,-0.8320455998445994,-0.8307348301715792,0.9771989617676103,0.2120805392075207,-0.010199608313637592,0.010359523603317124,0.0003571502567760151,0.9999462739139571,0.21207278795502418,-0.9772521247524313,-0.0018480464934560077,90.59800850321176,12.244305085105994
58,images/frame_00649.jpg,frame_00649.jpg,-3.7362765284780455,-0.8611547905997621,-0.8266282524819859,0.9769607424940819,0.21319756816616162,-0.009721242381862075,0.01001204610856573,-0.00028434314501346315,0.9999498367826738,0.21318410953476805,-0.9770090655040058,-0.0024123359752014693,90.57010251705759,12.309804041656683
59,images/frame_00648.jpg,frame_00648.jpg,-4.01391463514465,-0.9252542419991276,-0.8349237689146265,0.977079601746369,0.21263555055364747,-0.010078317910463146,0.010352525046626983,-0.00017618592363699665,0.9999463946550731,0.2126223767064889,-0.9771315620730239,-0.0023734625373839496,90.59096986804556,12.276847114310202
60,images/frame_00647.jpg,frame_00647.jpg,-4.048196101217738,-0.9754463717295543,-0.8339234362369837,0.9768510733542568,0.21370321814756352,-0.009639141041147974,0.010025669785262098,-0.000724987862799906,0.9999494778927362,0.21368543336407642,-0.9768983606015386,-0.002850723071990919,90.56535145518056,12.33945908485741
61,images/frame_00646.jpg,frame_00646.jpg,-4.044917844317745,-1.2730550723665726,-0.838958317267469,0.9759543139722399,0.21777193928257654,-0.009410499459663574,0.009853618223142409,-0.0009488957208920491,0.999951000701946,0.21775233924549944,-0.9759992213408866,-0.003071920424790173,90.55244921325632,12.578201890919924
62,images/frame_00645.jpg,frame_00645.jpg,-3.8884164665224072,-1.8148836140043967,-0.8454023976718538,0.9758124792963357,0.2184370723952034,-0.008674598143473353,0.009117537651451284,-0.001019854184499824,0.9999579133166638,0.2184190324965121,-0.975850502536559,-0.00298679467532037,90.50932405706514,12.61725131032474
63,images/frame_00644.jpg,frame_00644.jpg,-3.7944124890326005,-2.166213412763609,-0.8462013292576973,0.9757494348366286,0.21872933888711657,-0.008397304686916058,0.008848509779396316,-0.0010833361977411135,0.9999602633391822,0.21871155042814705,-0.9757849664207211,-0.002992493379859995,90.49307560236709,12.63441191933266
64,images/frame_00643.jpg,frame_00643.jpg,-3.7772705725988436,-2.239732712687411,-0.8484077060900904,0.9747669041238914,0.22307898257336192,-0.008077633239870548,0.008671556609422622,-0.0016829389377089046,0.9999609841501323,0.22305668501682197,-0.9747989193934129,-0.0035749152074722778,90.4747839691384,12.889941098710187
65,images/frame_00642.jpg,frame_00642.jpg,-3.759981647481111,-2.2454532141104666,-0.8555457728768867,0.8775343417153109,0.47944513780835,-0.008113996685248582,0.008576723224543241,0.0012250056045163696,0.9999624678856694,0.47943708338947416,-0.8775709983774538,-0.0030370837646154624,90.52976219253841,28.64916936096673
66,images/frame_00641.jpg,frame_00641.jpg,-3.6595035514689433,-2.4110788277777515,-0.8615806295220263,0.8737241046373849,0.48635871283734594,-0.007835140254022021,0.008415342175690156,0.0009913909958068625,0.9999640979355005,0.48634901972931543,-0.8737586723982164,-0.0032266727817242564,90.51378739938139,29.10152998543494
67,images/frame_00640.jpg,frame_00640.jpg,-3.5242266874256774,-2.608054022429437,-0.865307440594196,0.874091285390343,0.4857019780614064,-0.007616515731963736,0.008154979965390233,0.0010048583559230983,0.9999662417109132,0.4856932355987906,-0.8741238909713664,-0.00308255197135968,90.49924209182676,29.058474341597492
68,images/frame_00639.jpg,frame_00639.jpg,-3.4775308347227414,-2.660476533817064,-0.8612122997122988,0.8740874004299438,0.48571356656753817,-0.007317490134243256,0.00812918079683962,0.0004357159230454914,0.999966861736531,0.4857006596960677,-0.8741179207657717,-0.003567599603172148,90.47964483542557,29.05923393014671
69,images/frame_00638.jpg,frame_00638.jpg,-3.4864553874290354,-2.681323433260079,-0.8509563353249563,0.8739240918823086,0.4860105260489111,-0.007102689444372929,0.008186556747125349,-0.00010694786537733429,0.9999664828636908,0.48599347723638076,-0.8739529478935435,-0.0040722170714005065,90.46565276342906,29.078700559294862
70,images/frame_00637.jpg,frame_00637.jpg,-3.688240540548961,-2.804836845188542,-0.8546219977914241,0.8737038473015667,0.4864049533047415,-0.0071976809496297174,0.008337636418583956,-0.0001792629185655172,0.9999652242372019,0.4863867484105546,-0.8737334761043657,-0.004212090358694534,90.47199907956762,29.104562196757982
71,images/frame_00636.jpg,frame_00636.jpg,-3.69206633211121,-2.814739017516272,-0.8523474648277884,0.8608616983364196,0.5087945337413456,-0.006727315382991377,0.00809466210922361,-0.00047423928026075514,0.999967124230813,0.50877461688126,-0.8608878530517385,-0.004526774270406055,90.44773618540628,30.583567552888084
72,images/frame_00635.jpg,frame_00635.jpg,-3.6963531652434907,-2.8053709826514868,-0.8524735564861979,0.7654043841353697,0.6435191470519162,-0.006263714866572406,0.007118717923847004,0.0012662454902154221,0.9999738588970609,0.6435102567958622,-0.7654289660052934,-0.003611841440466531,90.46887164766628,40.054736793279034
73,images/frame_00634.jpg,frame_00634.jpg,-3.7048172562941724,-2.8048062891903025,-0.856498245779715,0.6433259573859136,0.7655672406737454,-0.006205687768908135,0.006057805749354491,0.003015283151015305,0.9999771042664038,0.7655684251214914,-0.6433488214605719,-0.002697847714852178,90.55267269470079,49.95748268392009
74,images/frame_00633.jpg,frame_00633.jpg,-3.420031207150282,-3.0263937553700213,-0.8638784727835658,0.6402817915146385,0.7681179467212825,-0.005834841856108784,0.005755484305797424,0.0027985162515890994,0.9999795201438854,0.768118545444133,-0.6403022616167076,-0.002629051790834436,90.52211785968889,50.18518162766896
75,images/frame_00632.jpg,frame_00632.jpg,-3.049613062065998,-3.3279154084537597,-0.8728061704879143,0.6404364835026154,0.7679928227619379,-0.005304034780704354,0.005153284123324404,0.002608872211797865,0.9999833175851118,0.7679938491039812,-0.640453133314166,-0.0022868682774215424,90.4745074137757,50.173986655077144
76,images/frame_00631.jpg,frame_00631.jpg,-2.8679081361967267,-3.4652230537043667,-0.872054623703575,0.6419937505512608,0.7666937056752949,-0.004978346212337313,0.005019056320775413,0.0022904422445228006,0.999984780358168,0.7666934402528656,-0.6420089668783521,-0.0023776292849637,90.44429172329087,50.057907817381796
77,images/frame_00630.jpg,frame_00630.jpg,-2.7278922333484927,-3.565504837209736,-0.8797978211733458,0.6383461740704877,0.7697351428525633,-0.004687206771074489,0.004953061041940976,0.0019816848890485753,0.9999857689543963,0.769733478053206,-0.6383603063965874,-0.0025475441840859905,90.42070016280317,50.33011086794771
78,images/frame_00629.jpg,frame_00629.jpg,-2.720809868606057,-3.5634691868165604,-0.8829727449024029,0.5773043164174867,0.8165158167303371,-0.0046524482725481715,0.004923339435388922,0.0022168772542594463,0.9999854219857623,0.816514228274402,-0.5773188066263129,-0.0027401717150157138,90.46173200556267,54.73751930790568
79,images/frame_00628.jpg,frame_00628.jpg,-2.572805475675755,-3.6547222678507585,-0.8859572680204942,0.5322340376585347,0.8465862572269184,-0.004316970258327721,0.004420544408974433,0.0023200852120736563,0.9999875369182042,0.8465857227385906,-0.5322464882731743,-0.0025075438284727692,90.46471802746466,57.8422906236246
80,images/frame_00627.jpg,frame_00627.jpg,-2.4994942815200702,-3.6819398930989284,-0.8840628829113332,0.5325267282787697,0.8464036587638849,-0.004015980555025151,0.004739089678951633,0.00176303265549296,0.9999872152907109,0.8463999188904286,-0.5325389527038983,-0.0030723208346688517,90.432080423878,57.822639635966574
81,images/frame_00626.jpg,frame_00626.jpg,-2.3584750117862803,-3.7670314457431515,-0.8820888735819653,0.5311276894504983,0.8472838005724359,-0.003679237217670521,0.004904438184819797,0.0012679424355808977,0.9999871683217096,0.8472775944075628,-0.5311389193134964,-0.00348201169222239,90.39689399887675,57.917458171794074
82,images/frame_00625.jpg,frame_00625.jpg,-2.1683782182660574,-3.877233330395619,-0.8820990249224722,0.5319661024788022,0.846760162365416,-0.0030481542623312144,0.004856754101884188,0.0005485488344936406,0.9999880544455368,0.8467517202539988,-0.5319745525164439,-0.0038206965101961797,90.32829998451474,57.86101601989834
83,images/frame_00624.jpg,frame_00624.jpg,-1.853215607512653,-4.074753011682222,-0.8845845869024691,0.5298918976015032,0.8480615462538218,-0.0024876940838962002,0.004402379514871399,0.00018263379404244895,0.9999902918026274,0.8480537682900096,-0.5298977056097471,-0.003636712614523387,90.268985665217,58.001454277129824
84,images/frame_00623.jpg,frame_00623.jpg,-1.6781985608399068,-4.188014226088175,-0.8844434074120419,0.5312217134060455,0.8472303993649836,-0.0020346001561694044,0.004372048718007126,-0.0003398681400666547,0.9999903837935916,0.8472215615740388,-0.5312255009706306,-0.0038846779209833543,90.2194440268393,57.91169807843207
85,images/frame_00622.jpg,frame_00622.jpg,-1.6636983394264082,-4.181086846241603,-0.8847249793118266,0.45136262679993827,0.8923384528701424,-0.0019653644904920006,0.004161857584288579,9.731787995721924e-05,0.9999913336977868,0.8923309117528696,-0.4513668951734843,-0.0036698599075677056,90.2494809542499,63.16858278593616
86,images/frame_00621.jpg,frame_00621.jpg,-1.613222126876944,-4.199653693043287,-0.8907785638836357,0.33362692266289473,0.9427041042494634,-0.0014304914203889967,0.0033975875676469655,0.00031500489436731336,0.9999941775683678,0.9426990669737649,-0.33362984069644236,-0.0030978256341340537,90.24566548197593,70.51074998971092
87,images/frame_00620.jpg,frame_00620.jpg,-1.180727342905946,-4.345349962771103,-0.8921170409041757,0.33240322395366145,0.9431371985134546,-0.0005652303994940788,0.0030025412245213118,-0.0004589221930947663,0.9999953860576637,0.9431325884791635,-0.3324033877243328,-0.0029843555384291283,90.09742771067171,70.58526414706655
88,images/frame_00619.jpg,frame_00619.jpg,-0.9196714247875879,-4.434289693038947,-0.8940323460166774,0.33504866458060306,0.9422007364847325,0.0004031505704483107,0.0026690462916519253,-0.001376998655729898,0.9999954890231231,0.9421970423189873,-0.3350460774913356,-0.002976138945414014,89.93105832826959,70.4244878303825
89,images/frame_00618.jpg,frame_00618.jpg,-0.7670111148207064,-4.4849592274000445,-0.8975430831788319,0.3353329109490755,0.9420992073826895,0.0009593139879809922,0.00297949657125607,-0.00207879477996055,0.9999933995844396,0.9420949842954273,-0.33532783967510216,-0.003504069666513769,89.83608977526373,70.40713301291984
90,images/frame_00617.jpg,frame_00617.jpg,-0.7676969525614165,-4.48693511939727,-0.897740916608805,0.33465608365646704,0.9423389167617481,0.0016338996330064494,0.0033530182797218014,-0.002924628682633753,0.9999901008587458,0.9423343679077675,-0.3346472926879339,-0.004138424398813391,89.72026562832463,70.44813137331178
91,images/frame_00616.jpg,frame_00616.jpg,-0.7407714753070013,-4.495925494134426,-0.8991374602326305,0.3340725348976696,0.942544580558992,0.00229196115127508,0.003614214718759053,-0.003712652248324859,0.9999865757425196,0.9425404377951176,-0.3340597669162759,-0.004646853648581158,89.60691877731993,70.48337274913911
92,images/frame_00615.jpg,frame_00615.jpg,-0.7047359817231794,-4.511575590755626,-0.9007635073587867,0.3342745570775439,0.9424703968243383,0.0031732633654364397,0.004047298903331984,-0.004802389382995101,0.9999802770194027,0.9424670486877507,-0.33425512137585667,-0.005419775992824365,89.45610836046477,70.47065400129163
93,images/frame_00614.jpg,frame_00614.jpg,-0.7028311591732094,-4.516798886911982,-0.9018494494355483,0.3340919753810344,0.9425325663754763,0.0038615162380421482,0.00446888579639825,-0.005680901050681011,0.9999738768702866,0.9425298823091697,-0.3340659915120226,-0.006110013858594387,89.33779094490642,70.48131238554727
94,images/frame_00613.jpg,frame_00613.jpg,-0.7043666005502827,-4.515336440580354,-0.9037045758805253,0.3342057770636185,0.9424898791959876,0.004395928847857695,0.004756909276901876,-0.006350813041762062,0.9999685179983617,0.9424881263928127,-0.33417434489625497,-0.006605817263947192,89.24641145215482,70.47399346898695
95,images/frame_00612.jpg,frame_00612.jpg,-0.7076641184408307,-4.51867894426051,-0.9041869400743429,0.22038125534566153,0.975399021928141,0.005371062641228562,0.004083521586990725,-0.00642899810860508,0.9999709949967389,0.9754052620032961,-0.22035293055674396,-0.005399893641162371,88.60388166022221,77.2647287553127
96,images/frame_00611.jpg,frame_00611.jpg,-0.7094209841732428,-4.512384790184996,-0.9067231583552903,0.12357747953494409,0.9923183711625418,0.0057319111219672775,0.0033269718160267247,-0.00619046117998856,0.9999753034194967,0.9923293484576206,-0.12355535781057299,-0.004066416847231643,87.34434539149947,82.89371387950361
97,images/frame_00610.jpg,frame_00610.jpg,-0.7075723852949231,-4.506830553977936,-0.9093103351904684,-0.12046019879488747,0.9926988271308722,0.006194926899239505,0.0012838334609277945,-0.006084580854615746,0.9999806636367867,0.9927173264721134,0.12046582290763794,-0.0005415101521053209,-87.0560338396587,83.07214900010275
98,images/frame_00609.jpg,frame_00609.jpg,-0.7045377538620655,-4.509509864204503,-0.9060289177528347,-0.20237714636031692,0.9792850028849786,0.006661212774141526,0.0010494045682109448,-0.006585099486101026,0.9999777663602378,0.9793070955431229,0.20237963728924332,0.0003050074871929573,-88.11479879771832,78.31758491189211
99,images/frame_00608.jpg,frame_00608.jpg,-0.7048815206129538,-4.5068433135895125,-0.8978062364565953,-0.3620388744830893,0.9321438816870827,0.005969522288747621,-0.00038564864757469845,-0.006553723690581651,0.9999784487582261,0.9321629163607286,0.36202877031960523,0.0027321827786611777,-89.05535712950933,68.77151181675109
100,images/frame_00607.jpg,frame_00607.jpg,-0.7011417386127708,-4.506236454187327,-0.8912934458178308,-0.5148269030507128,0.8572838146189501,0.00420940466024059,-0.0021332575427609438,-0.006191150103030043,0.9999785582064536,0.857291494829774,0.5148068850091104,0.005016177802703986,-89.53154012436931,59.01296411518924
101,images/frame_00606.jpg,frame_00606.jpg,-0.6270597735424904,-4.4446101862960745,-0.8939542664496419,-0.6032507363996776,0.7975449618965157,0.0032528121267375604,-0.0027865016175023876,-0.006186104412377161,0.9999769824955647,0.7975467274348147,0.6032277877101521,0.005954132374521467,-89.69105615803282,52.89629887988977
102,images/frame_00605.jpg,frame_00605.jpg,-0.11022268481669115,-4.047278584657818,-0.8977419415836959,-0.6066106658033058,0.7949920470970019,0.0033381411277111314,-0.0027815058202372003,-0.006321261492867538,0.9999761511548717,0.794994189512755,0.606586914387095,0.006045819654993591,-89.68470803723005,52.65450448083692
103,images/frame_00604.jpg,frame_00604.jpg,0.4435916882144137,-3.612814071836592,-0.9016499091629468,-0.6066352943635726,0.7949719328262284,0.0036391827313766952,-0.0028320219665946764,-0.006738715874925946,0.9999732833230784,0.7949752180313563,0.6066087814455771,0.006339320871347609,-89.65628885736932,52.652604711515686
104,images/frame_00603.jpg,frame_00603.jpg,0.915123847917926,-3.2308089530028323,-0.9036918899242765,-0.6066499083636758,0.7949589575620734,0.004017769799930932,-0.0028514026655729616,-0.0072298721404763,0.9999697977697483,0.7949639967855037,0.6066201305105644,0.00665274936876739,-89.6205424516373,52.65137925680782
105,images/frame_00602.jpg,frame_00602.jpg,1.253029020733101,-2.967446212927312,-0.9043530536581762,-0.6047099640285231,0.7964324872958372,0.004598976450062014,-0.0029423004689260366,-0.008008271355307047,0.999963603566575,0.7964403306416449,0.6046744237766849,0.007186025171222875,-89.56425910568102,52.79076780472173
106,images/frame_00601.jpg,frame_00601.jpg,1.429569380234399,-2.8225888627626032,-0.9035221296732164,-0.6047241035074405,0.7964189058816723,0.005067838924268703,-0.002591003410149474,-0.008330400279527733,0.9999619438421202,0.7964308151612737,0.6046879598482366,0.00710111794904358,-89.51984883251559,52.789481032972134
107,images/frame_00600.jpg,frame_00600.jpg,1.5235133071111613,-2.744840621497524,-0.90378738700814,-0.6040421546824818,0.7969320424715072,0.005691489149279856,-0.0019296784902440938,-0.008604090008755881,0.9999611212322433,0.7969500296175844,0.6040076881276537,0.006735055695249535,-89.46015579376385,52.838124664863045
108,images/frame_00599.jpg,frame_00599.jpg,1.5258607988133563,-2.74594536018227,-0.9052846453051451,-0.6047273308453676,0.7964066059269947,0.006432057562087971,-0.0010931595267709652,-0.008906081400420507,0.9999597415477977,0.796431829054368,0.6046959547987185,0.00625635030827664,-89.39060823500012,52.78831570600479
109,images/frame_00598.jpg,frame_00598.jpg,1.5300698557456145,-2.7369664440209918,-0.9035045773020123,-0.5768679673089868,0.8168031683397863,0.007478668523506639,-0.0008068510590297212,-0.00972542618661409,0.9999523804046158,0.8168370065589379,0.5768344634950096,0.006269325343148773,-89.257244008354,54.76604724163741
110,images/frame_00597.jpg,frame_00597.jpg,1.6747427705980729,-2.9736494567900826,-0.9114935585704117,-0.4921316247338214,0.8704752425566235,0.008905842623618387,0.0019145438733796877,-0.009148159129720824,0.999956320899215,0.8705186939167969,0.49212717998554456,0.002835535376103105,-88.96326210402474,60.513912792570004
111,images/frame_00596.jpg,frame_00596.jpg,1.9067131835454527,-3.3538940796637977,-0.9142578162496743,-0.49226847562216025,0.8703981451239042,0.008877774129897622,0.0021597538204104236,-0.008977749959845226,0.9999573658257104,0.8704407397244626,0.49226666246103373,0.0025396175705800386,-88.96681611839946,60.50493953702647
112,images/frame_00595.jpg,frame_00595.jpg,2.00614632820832,-3.5159557805081665,-0.9119610279313041,-0.49273084859326066,0.8701351804806581,0.009004250910424677,0.002482159380501397,-0.008942089502078712,0.9999569370328638,0.8701782275656953,0.4927319806195144,0.0022462291502680183,-88.95308329142388,60.47435214254128
113,images/frame_00594.jpg,frame_00594.jpg,2.021742798978759,-3.546542531726496,-0.9098003550625016,-0.5189245702779438,0.8547670121156595,0.009520680685713639,0.003416547836523043,-0.009063643438851268,0.9999530866838175,0.8548132050704015,0.5189327541854353,0.0017829948924663749,-88.9489153943134,58.73400481290514
114,images/frame_00593.jpg,frame_00593.jpg,2.015124973485115,-3.558859999524979,-0.9066158238667533,-0.6124023958280479,0.7904885170230357,0.009550289984528155,0.002915250471366143,-0.009822384685788239,0.9999475086592163,0.7905408306335329,0.612398092104969,0.0037107798961712904,-89.10655647186616,52.2311876270789
115,images/frame_00592.jpg,frame_00592.jpg,2.0151252473994687,-3.5619479825210094,-0.9055687456877684,-0.7367843530648975,0.6760746047580403,0.008481973826879978,0.00209872540815575,-0.010258040705356977,0.9999451814737388,0.6761245524534673,0.7367617657032339,0.006139068940134333,-89.34043138548202,42.53765512915378
116,images/frame_00591.jpg,frame_00591.jpg,2.0183004465636336,-3.5636448977443616,-0.9036825621871877,-0.9259584342048858,0.3776005217286052,0.004338446164380317,5.806823691804708e-05,-0.011346377605606786,0.9999356250995917,0.37762543975865287,0.9258990785747204,0.010484347455513278,-89.73155076215707,22.185132428714216
117,images/frame_00590.jpg,frame_00590.jpg,2.0246377681232652,-3.553963957076032,-0.8998913622844995,-0.9903386786708297,0.13866973659731172,6.0667516755271976e-05,-0.0018107162660974923,-0.013369062315150405,0.9999089895982621,0.1386579274153451,0.9902484386884162,0.01349099106941722,-89.99649009704041,7.9708769518047395
118,images/frame_00589.jpg,frame_00589.jpg,2.0249906474943478,-3.5498758611073553,-0.8970078143461547,-0.9956051607108614,-0.0935542738002548,-0.004237902736851518,-0.002787850267628453,-0.015624842623034539,0.9998740371586268,-0.09360870609502801,0.9954915670897029,0.015295358658831757,-90.24388430666421,-5.3681152013326034
119,images/frame_00588.jpg,frame_00588.jpg,2.065205698017418,-3.3898210137151454,-0.8989007689581521,-0.9954210025478334,-0.0954878976655202,-0.004368876982184008,-0.0028792806731885866,-0.015732064178929757,0.9998720967701193,-0.09554441600361228,0.9953062652048812,0.01538509065425047,-90.251468076691,-5.479401952252213
120,images/frame_00587.jpg,frame_00587.jpg,2.160010332583489,-3.1372373895633254,-0.8979383857321769,-0.9954563343824114,-0.09513357749122679,-0.004035687259142411,-0.0025310295188710656,-0.015931627977838047,0.99986987909405,-0.09518549378717038,0.9953370201412667,0.015618454110315278,-90.23228199229395,-5.45900805977734
121,images/frame_00586.jpg,frame_00586.jpg,2.4318461490412733,-3.0499370697217825,-0.9019107910801034,-0.9954863546752102,-0.09481110663618555,-0.004215413844859427,-0.002696080542266673,-0.016147238400353238,0.999865988941394,-0.09486646828659323,0.9953643145856015,0.015818737129265372,-90.24261907506579,-5.440447947334101
122,images/frame_00585.jpg,frame_00585.jpg,2.4584665568696664,-2.924237692626427,-0.8961705964904245,-0.9955431249470239,-0.09421895229939177,-0.004083307277099763,-0.0025805432940229456,-0.016066030064396615,0.99986760197252,-0.09427208052770422,0.9954218551476428,0.015751289706027478,-90.23500233755136,-5.406367438883093
123,images/frame_00584.jpg,frame_00584.jpg,2.4624610751914586,-2.875208394314168,-0.8981048248081477,-0.9955425833208887,-0.09421985669602408,-0.004193017881202553,-0.0027113795748895638,-0.015847848936212428,0.9998707376980766,-0.09427412802870291,0.9954252670533714,0.01552174269056324,-90.24131645545702,-5.406419488538252
124,images/frame_00583.jpg,frame_00583.jpg,2.5581062213062693,-2.679113468048371,-0.90051156917896,-0.9954194458547868,-0.09551562150198145,-0.004109849539751515,-0.0025662969644914243,-0.016277437920255676,0.9998642193491285,-0.09556955024504,0.9952948352442317,0.01595775680095231,-90.23655926757567,-5.480997704841792
125,images/frame_00582.jpg,frame_00582.jpg,2.8790696098627704,-2.5770428572856825,-0.9041205756221445,-0.9954192217056959,-0.09551124971435485,-0.0042628906658353964,-0.0027146380627504994,-0.01633423629408688,0.9998629013344166,-0.09556778640847019,0.9952943242592571,0.016000134321121573,-90.24536812754252,-5.480746069420159
126,images/frame_00581.jpg,frame_00581.jpg,3.015761752705197,-2.4663622763682156,-0.9001418350025819,-0.9954445501129663,-0.09524422436627744,-0.004322427010437707,-0.0027562777254481093,-0.016568937350916912,0.9998589256730979,-0.09530240596907585,0.9953160332476954,0.016230938869266,-90.24878861252186,-5.46537657672555
127,images/frame_00580.jpg,frame_00580.jpg,3.088431597734291,-2.3383366071479634,-0.8962406615639801,-0.9954644681346347,-0.09505212490599275,-0.003947686953666343,-0.0023940151766511574,-0.016453963253570444,0.9998617573367751,-0.0951039398382768,0.9953363042932303,0.016151779565476226,-90.22721515717218,-5.454319925696824
128,images/frame_00579.jpg,frame_00579.jpg,3.2156879430219996,-2.3160602955123837,-0.8942890312124466,-0.9954362555264258,-0.0953631151118456,-0.0035405451124280716,-0.001987008885884691,-0.016380781841287644,0.9998638506226513,-0.09540812847559516,0.9953077635899527,0.0161165367976903,-90.20378747063643,-5.472219662717727
129,images/frame_00578.jpg,frame_00578.jpg,3.4306166588240457,-2.27316648250241,-0.9005624629613419,-0.9954176784836655,-0.0955599216073833,-0.0034561169802169167,-0.0018852982799369214,-0.016523451837586613,0.9998617000314426,-0.09560381275130109,0.9952865290567142,0.0162675771291374,-90.19893168972567,-5.483547577527195
130,images/frame_00577.jpg,frame_00577.jpg,3.452211986414367,-2.2483195861008727,-0.8974214651926756,-0.9953712559654596,-0.096046530171632,-0.003335391990914628,-0.0017850146483426117,-0.01622333921781963,0.9998667986223608,-0.09608784793327657,0.9952446258617091,0.01597680108589279,-90.19199184996316,-5.511557030113664
131,images/frame_00576.jpg,frame_00576.jpg,3.428934946515226,-2.0458698341672403,-0.8960132255495332,-0.9953653270405107,-0.09611584566687716,-0.0030996672850862167,-0.0015459517630817643,-0.016235286130979305,0.9998670029145834,-0.09615338662097869,0.9952377392844317,0.01601145044430114,-90.1784242171359,-5.515546974924909
132,images/frame_00575.jpg,frame_00575.jpg,3.4205366273944273,-1.9055778533166654,-0.8915027448215209,-0.9954194492248178,-0.09556064949607959,-0.002877563700037651,-0.0013246506668287905,-0.01631001231208181,0.9998661044354843,-0.09559478754394106,0.995289979737698,0.016108719010573626,-90.16563047482872,-5.483589474211573
133,images/frame_00574.jpg,frame_00574.jpg,3.4263518037675165,-1.8818487535937578,-0.8864240521711747,-0.995437038430205,-0.09538520394123884,-0.002600651916500295,-0.0010603671727401672,-0.016195180728625205,0.9998682861970501,-0.09541475851649736,0.9953086842735049,0.01602013941834033,-90.14968906523535,-5.473491055064917
134,images/frame_00573.jpg,frame_00573.jpg,3.6404656799204442,-1.8475817572586768,-0.8927271470934823,-0.9952277825952145,-0.09755640683177744,-0.002099103781454893,-0.0005760276710469475,-0.01563780447385154,0.9998775551353075,-0.09757728702282498,0.9951071322010059,0.01550698229685277,-90.12084631397681,-5.598474789837388
135,images/frame_00572.jpg,frame_00572.jpg,4.092908722142563,-1.7674436901185566,-0.8970464006037464,-0.9952691417933481,-0.09712480085334677,-0.002471123859737523,-0.0009183739601312732,-0.016028615570519777,0.9998711107298589,-0.0971518913001789,0.9951431326910166,0.01586358959088367,-90.14225767778024,-5.573627592489839
136,images/frame_00571.jpg,frame_00571.jpg,4.276776039673683,-1.7307427729318405,-0.8988192796168796,-0.9954067711346951,-0.09570789222653632,-0.0023145938638422696,-0.0007675289353105224,-0.016198100017344504,0.9998685065823213,-0.09573279938732747,0.9952776592094197,0.016050239876210546,-90.1332281681387,-5.492064707137693
137,images/frame_00570.jpg,frame_00570.jpg,4.2417931667815925,-1.475784573835426,-0.8982452385293254,-0.9951164941924121,-0.09868467613160053,-0.0021203025737819756,-0.000521848411755958,-0.016220586940308195,0.9998683004443869,-0.09870607205455212,0.9949865452638609,0.016089875184368666,-90.12208038519606,-5.663433317397839
138,images/frame_00569.jpg,frame_00569.jpg,4.210898047583574,-1.067927462182704,-0.8940117466056527,-0.9953180847866975,-0.09664340301005617,-0.001400268251531944,0.0002056522891657455,-0.016605009285631613,0.9998621051793893,-0.09665332794930732,0.9951805486047545,0.016547140993649123,-90.08060680228176,-5.545915159095302
139,images/frame_00568.jpg,frame_00568.jpg,4.203041598479021,-0.9179090605639172,-0.8935010179131481,-0.9954382236052409,-0.09540253330690028,-0.001047675650188251,0.0005267269808612854,-0.016476055808688134,0.9998641208402652,-0.09540683174872676,0.9953024134521199,0.016451146831007755,-90.06030245721604,-5.474488503335761
140,images/frame_00567.jpg,frame_00567.jpg,4.206094411189767,-0.8875027217969794,-0.8924049903481358,-0.9954322689856846,-0.09546584712928086,-0.0009316082332860813,0.0006169109668047309,-0.016189863540513418,0.999868744255664,-0.09546839939409575,0.995301039058248,0.01617480654292605,-90.05362213583588,-5.478132751434212
141,images/frame_00566.jpg,frame_00566.jpg,4.198852069283339,-0.8821792367308516,-0.8904468271130788,-0.9954231945102355,-0.09555827536356391,-0.0011304161089034854,0.00042406984259440897,-0.016245540006242266,0.9998679415776235,-0.09556402040415932,0.9952912621134814,0.016211710728561236,-90.0650658379762,-5.4834528210758755
142,images/frame_00565.jpg,frame_00565.jpg,4.195342535483711,-0.8904949459264445,-0.8907737462546003,-0.9953777600744868,-0.09603588827807706,-0.0004700124873224977,0.0010908901526649906,-0.01620017632223334,0.999868172433648,-0.09603084248184199,0.9952460301100271,0.01623005984149139,-90.0270547835412,-5.510944462848169
143,images/frame_00564.jpg,frame_00564.jpg,4.198531543059878,-0.8983503857505395,-0.8911692164322258,-0.9953137000186119,-0.09669807908033275,0.00034359486914526457,0.0018850850926988483,-0.01585036578690171,0.9998725970635534,-0.09668031345343098,0.9951875428312974,0.015958370341334897,-89.98022077352901,-5.549062608506831
144,images/frame_00563.jpg,frame_00563.jpg,4.210859949968681,-0.8897104505669656,-0.8920772011415216,-0.9952360569268633,-0.09749356510108119,0.000440177862579412,0.001928633161028231,-0.01517350291421504,0.9998830147489469,-0.09747548084928659,0.9951204789236295,0.01528924654804171,-89.97465894453798,-5.594856978059603
145,images/frame_00562.jpg,frame_00562.jpg,4.2265806570430176,-0.8689721009356408,-0.8918279758152938,-0.9951322012836873,-0.09854579623155517,0.0007912100679263334,0.0022598839801877654,-0.014792734972775001,0.9998880266891996,-0.09852305767016604,0.9950225620744054,0.014943428997625763,-89.95444526065029,-5.65543710884342
146,images/frame_00561.jpg,frame_00561.jpg,4.272899351968593,-0.8682459087852679,-0.8913257659502782,-0.9951320222818436,-0.09854334481224782,0.0012105463488111497,0.0026137787622044794,-0.014111894410487588,0.9998970049943791,-0.0985161123361577,0.9950326937489852,0.014300768539064002,-89.9303015470044,-5.655295965869371
147,images/frame_00560.jpg,frame_00560.jpg,4.268718827502638,-0.8719945163192777,-0.8884810433521504,-0.9755816492735327,-0.2196367390386736,-0.000382707710031551,0.002984794182133321,-0.015000101496807302,0.9998830361391156,-0.21961679035179446,0.9754664001489457,0.015289394233680401,-90.0224763713662,-12.687697833697925
148,images/frame_00559.jpg,frame_00559.jpg,4.26608418406464,-0.8670392595646511,-0.8852061660772362,-0.9506089053891101,-0.31038789294630387,-0.0014362824483788535,0.0033808944885768744,-0.014981323573877917,0.9998820567929159,-0.3103728025252452,0.9504919325572041,0.015290768335718071,-90.0865685766184,-18.082608268433287
149,images/frame_00558.jpg,frame_00558.jpg,4.274575280034246,-0.8619054204537445,-0.8851504656145999,-0.8894161853566436,-0.45707832534469134,-0.004272203849188156,0.003690026271575439,-0.016525746281659464,0.9998566304305578,-0.45708339603594395,0.8892729064859262,0.016384897263079796,-90.27521128047933,-27.19873727406292
150,images/frame_00557.jpg,frame_00557.jpg,4.277695546950282,-0.8687120611028283,-0.8875694976661629,-0.8284398321336344,-0.5600394264118193,-0.006579011986295681,0.0037085432679138624,-0.017231456279209793,0.9998446487436575,-0.560065790100793,0.8282867352425837,0.01635215520830467,-90.45500189820615,-34.058524385283036
151,images/frame_00556.jpg,frame_00556.jpg,4.291590972643868,-0.8504016277524882,-0.8857136524953484,-0.7788887368848235,-0.6271130345437266,-0.007847003206508482,0.004153240394412013,-0.017669259034140475,0.9998352593699679,-0.6271483749067603,0.7787278325516194,0.016366938054088655,-90.57721332206441,-38.83744717995488
152,images/frame_00555.jpg,frame_00555.jpg,4.360142373336901,-0.8079959060520611,-0.8812359481057397,-0.778987582818152,-0.6269965861241703,-0.007322895859465104,0.004523566048407688,-0.017297585550783943,0.9998401516664147,-0.6270230308093464,0.7788299381268987,0.01631086484256507,-90.53859480858563,-38.828882076052736
153,images/frame_00554.jpg,frame_00554.jpg,4.457213672685439,-0.7246113827731343,-0.8812070371962782,-0.7784517551584696,-0.6276661864029714,-0.006929742928023586,0.004664713167125328,-0.01682413532927268,0.9998475818450984,-0.6276871062414512,0.7783007804934879,0.016024660416393888,-90.5100310107011,-38.878147121564744
154,images/frame_00553.jpg,frame_00553.jpg,4.638970536912175,-0.565683087382363,-0.878669837175447,-0.7783404766776666,-0.6278047381991505,-0.006878303561112033,0.004594916283260128,-0.016651175142987248,0.9998508004250972,-0.6278256024641974,0.7781927441585753,0.015844993828140152,-90.50631763029673,-38.88834516948523
155,images/frame_00552.jpg,frame_00552.jpg,4.81909555333032,-0.4213245202438777,-0.8756196468216765,-0.7787755715442574,-0.6272654575511629,-0.0068302949457329344,0.004715205641974964,-0.01674147458048818,0.9998487324913826,-0.6272849225046535,0.7786255626371389,0.015995537075370173,-90.50250297196871,-38.848659872464225
156,images/frame_00551.jpg,frame_00551.jpg,4.896361387640918,-0.31598165660889327,-0.8733651419996695,-0.7788893941445254,-0.6271277256675555,-0.006490407399634378,0.004933245833189252,-0.016474953909247553,0.9998521075535308,-0.6271419080038612,0.7787421842899789,0.015925942124385698,-90.4774289484474,-38.838527826043254
157,images/frame_00550.jpg,frame_00550.jpg,4.6527172093834785,0.08318021834760056,-0.8669918722501788,-0.7755684032897951,-0.6312333378436544,-0.006174383635347367,0.005494679639141911,-0.01653104483893607,0.9998482540126757,-0.6312396203615399,0.7754167884120718,0.01628938103573217,-90.45612823881777,-39.141174693599936
158,images/frame_00549.jpg,frame_00549.jpg,4.272771899172068,0.5457338286425133,-0.8655008252703339,-0.7761499746648726,-0.6305237022918968,-0.005574556111218735,0.00619975848201504,-0.01647144277546675,0.9998451142890379,-0.6305178647924913,0.7759951999986946,0.01669340458096158,-90.41150944571984,-39.08877091816474
159,images/frame_00548.jpg,frame_00548.jpg,4.014396096530236,0.8977069434202374,-0.8611738402724047,-0.7770520459832796,-0.6294176860638925,-0.004846885925455537,0.0068383400413516236,-0.016141725026972455,0.9998463281017901,-0.6293991999825531,0.7768994910431649,0.016847132640101188,-90.35737954398118,-39.00717352540202
160,images/frame_00547.jpg,frame_00547.jpg,3.877393357917677,1.0847337127261618,-0.8594841095431995,-0.7770789935018999,-0.629386832887523,-0.0045222169217710596,0.007164158529979547,-0.016029310461980705,0.9998458551390162,-0.6293623047900404,0.7769268136664653,0.016965067504778466,-90.3334294465436,-39.004898653358474
161,images/frame_00546.jpg,frame_00546.jpg,3.8310491279106635,1.1464528157798626,-0.8616841250068326,-0.7773990859810942,-0.6289905683282193,-0.0046394040460751,0.00697783331222171,-0.01599906105542542,0.9998476573396627,-0.628968972969276,0.7772482827253389,0.01682664679862403,-90.34192877304123,-38.97568770183365
162,images/frame_00545.jpg,frame_00545.jpg,3.836262741745944,1.1494356720694123,-0.8580710336420898,-0.7770163704068195,-0.629464462997922,-0.004477492886650939,0.006871006074684828,-0.015593774603246372,0.9998548001930804,-0.6294428865237367,0.7768727836759123,0.016441672308655175,-90.33015855972485,-39.01062263040767
163,images/frame_00544.jpg,frame_00544.jpg,4.086391655495405,1.3579821826155323,-0.8618864951863012,-0.7765103986827171,-0.6300876460871064,-0.004599672381513161,0.006776315368615179,-0.015650017660522143,0.9998545676733445,-0.6300679965588104,0.7763663009144811,0.016422074069140327,-90.33938854228612,-39.05658920145557
164,images/frame_00543.jpg,frame_00543.jpg,4.262843029099533,1.4965544600971923,-0.8631730384976471,-0.7770156442428039,-0.6294617724764934,-0.004956167137178468,0.006838412264153099,-0.01631385006271449,0.9998435339661084,-0.6294441378864737,0.7768601761494036,0.01698063583826005,-90.36545417156668,-39.01042423980403
165,images/frame_00542.jpg,frame_00542.jpg,4.27768933067407,1.476605183909871,-0.8623754214415468,-0.7772396234471145,-0.6291835388997641,-0.005161406916407671,0.0070902680937138295,-0.016960666273380304,0.9998310166712785,-0.6291647589003591,0.7770716879266237,0.017643581856328805,-90.38047788197093,-38.98991117234044
166,images/frame_00257.jpg,frame_00257.jpg,-2.4075363163884487,-4.073658296207832,0.8065674882150683,0.6095575610163577,0.7927384374679136,-0.002312481074513794,0.004830386662289987,-0.0007971675443374498,0.9999880148724778,0.7927270937545166,-0.6095614261785575,-0.004315152683392504,90.21736219615586,52.442164232864265
167,images/frame_00256.jpg,frame_00256.jpg,-2.4168083735866652,-4.094365133590813,0.8140942628737086,0.6093789854480046,0.7928758208962631,-0.0022765615383019593,0.004840197787262463,-0.0008487845770053565,0.9999879249521576,0.7928643153653345,-0.6093826467851042,-0.004354907282630347,90.21404866961255,52.45507948231045
168,images/frame_00255.jpg,frame_00255.jpg,-2.4203119625584586,-4.0990319080490085,0.8015749895699584,0.6093917727772661,0.7928652615451993,-0.0025183935838995657,0.004991383614312821,-0.0006600698424811122,0.99998732411837,0.7928535497561927,-0.6093966190771535,-0.004359735810660668,90.23678117841186,52.45408667615635
169,images/frame_00254.jpg,frame_00254.jpg,-2.4168499428813868,-4.093125090125289,0.7740021924424335,0.6094338580536367,0.7928314317458572,-0.0029481339308048376,0.005258972331263846,-0.0003240320478135572,0.9999861180102706,0.7928194711710091,-0.6094409026632905,-0.0043669546683067564,90.27716594974457,52.45090609797706
170,images/frame_00253.jpg,frame_00253.jpg,-2.4105111808480615,-4.093396584085978,0.6958323901839577,0.609487178449522,0.7927900864427265,-0.003042391127820659,0.005291174791566328,-0.00023026869520122723,0.9999859741244639,0.7927782670929909,-0.6094947282909526,-0.004335136742048029,90.28600228127512,52.44701924611599
171,images/frame_00252.jpg,frame_00252.jpg,-2.4150316655398623,-4.091467485260846,0.6797076151040115,0.6092671899839324,0.7929587229764483,-0.0031548161029513306,0.005239635503047624,-4.7373473862180155e-05,0.9999862708935305,0.792947687700064,-0.6092753559855464,-0.004183677784842169,90.29667777181,52.4628748391134
172,images/frame_00251.jpg,frame_00251.jpg,-2.417105627098833,-4.093235375452999,0.6785071924575643,0.6088489728242394,0.7932796385114167,-0.0032158069072427816,0.004983245247657899,0.0002290782866127952,0.9999875563175474,0.793270504656306,-0.6088574222643054,-0.00381363291298889,90.30262094278366,52.493063838061516
173,images/frame_00250.jpg,frame_00250.jpg,-2.4150274327007524,-4.092637343217137,0.677260934609185,0.6084685009248394,0.7935710797314427,-0.00332005966078524,0.0049487350669760975,0.0003892144659188124,0.9999876781907547,0.7935625945087857,-0.6084774341961844,-0.0036903482914795423,90.3126267312267,52.520498112422835
174,images/frame_00249.jpg,frame_00249.jpg,-2.417550595108793,-4.094916661408157,0.6762640796181034,0.6533433358948525,0.7570542563078891,-0.0033669641956497777,0.00554013958759548,-0.00033379502780526174,0.9999845965984824,0.7570414719783428,-0.653351926290103,-0.004412269016712667,90.29526761784055,49.20519133580573
175,images/frame_00248.jpg,frame_00248.jpg,-2.4102772020197034,-4.094499028963713,0.6750685725532176,0.7388401121534526,0.6738693153882193,-0.003928415874901036,0.006312373502643175,-0.0010914571498822588,0.9999794801204939,0.6738512006473216,-0.7388497496105028,-0.005060127138790714,90.30463902145843,42.36640748763858
176,images/frame_00247.jpg,frame_00247.jpg,-2.4103758947831047,-4.094452550572054,0.6727249631142806,0.7868639108183195,0.6171141367224752,-0.003914857465312199,0.0067638307743764295,-0.0022807071242944626,0.9999745231595997,0.617089486577883,-0.7868703442323186,-0.0059686617224884286,90.28505940651465,38.10569835254435
177,images/frame_00246.jpg,frame_00246.jpg,-2.3979788313294934,-4.099035801913759,0.6712726790371926,0.7871294636139294,0.6167764421246945,-0.0037451236095682587,0.0065664829921326506,-0.0023081934595002556,0.99997577547862,0.6167528571575179,-0.78713498885703,-0.005866899102720411,90.27260846823562,38.08111343881919
178,images/frame_00245.jpg,frame_00245.jpg,-2.4247354351314474,-4.069542262048667,0.6729783808281963,0.7873372856483303,0.6165111404226975,-0.0037430418945504245,0.006518083452734554,-0.0022529637574658728,0.9999762180884157,0.6164880462880223,-0.7873429595093947,-0.005792313438075252,90.27238502653847,38.061804684604354
179,images/frame_00244.jpg,frame_00244.jpg,-2.4314486624603373,-4.068987448546637,0.6710680683163667,0.7876822893243766,0.6160721978187642,-0.0034141118122892914,0.006066836348552395,-0.002215160735800293,0.9999791420622905,0.6160517856328549,-0.7876865735415782,-0.005482452088138538,90.24833994023382,38.029869465322314
180,images/frame_00243.jpg,frame_00243.jpg,-2.427197652924005,-4.05483316853071,0.6707817615870214,0.7880400497921195,0.6156146402565011,-0.003390077505406476,0.005769438652594206,-0.001878664915041603,0.9999815909284385,0.6155969391584625,-0.7880451023386896,-0.005032214098823039,90.24647977616686,37.996594729850365
181,images/frame_00242.jpg,frame_00242.jpg,-2.4334357861194675,-4.045996266239604,0.6718613935261774,0.7883914476077236,0.6151665530913061,-0.0030058770366061566,0.005116780705111294,-0.0016714053396546468,0.9999855113747431,0.6151526167498711,-0.7883954061015018,-0.004465394029022417,90.2184488859606,37.964023329626606
182,images/frame_00241.jpg,frame_00241.jpg,-2.427588144829757,-4.0466947294625575,0.6742289633927756,0.7887383401159204,0.6147244475172079,-0.0023837902269710394,0.0044128279843995795,-0.001784219586170879,0.9999886706906476,0.6147132305232768,-0.7887399243002293,-0.004119955643617195,90.17316351501239,37.93190088403231
183,images/frame_00240.jpg,frame_00240.jpg,-2.4263803389593437,-4.055139155613479,0.674282276082258,0.7888615652778488,0.6145692642361127,-0.0014311826107715286,0.003193607429604294,-0.0017705751842072846,0.9999933319453198,0.614562632852802,-0.7888608765300761,-0.0033594316828862002,90.10394806510021,37.92062892671875
184,images/frame_00239.jpg,frame_00239.jpg,-2.526364988428113,-3.9340948257448236,0.6747311635784768,0.7891052490409252,0.614256553698531,-0.001337974014331455,0.0032002755750391207,-0.0019330515660491293,0.9999930097495117,0.6142496741328426,-0.7891040156722349,-0.003491171386536435,90.0971482457488,37.89792000031244
185,images/frame_00238.jpg,frame_00238.jpg,-2.6771851891805944,-3.740486165994623,0.6778145379237109,0.7897276471102816,0.6134558463285796,-0.0014717319539663495,0.003594030252185015,-0.0022276847917544686,0.9999910591435381,0.6134470835664676,-0.7897258765076364,-0.003964043143144335,90.10677596539378,37.83980482394415
186,images/frame_00237.jpg,frame_00237.jpg,-2.6878423252839734,-3.726593138437357,0.6819543189313675,0.7894288219807273,0.6138414467436519,-0.0009007140398104974,0.002958081894047845,-0.002336902263360483,0.9999928932944072,0.6138349800863659,-0.7894258769178216,-0.0036606112739379026,90.0653726963067,37.86778590111427
187,images/frame_00236.jpg,frame_00236.jpg,-2.696768285313804,-3.698604048645309,0.6856531978745674,0.78947596374209,0.6137811497262459,-0.0006331778785041922,0.0027237644886978574,-0.002471846847443514,0.9999932345172006,0.6137754326954675,-0.7894723479729295,-0.0036232589751880664,90.045952522948,37.863409750052206
188,images/frame_00235.jpg,frame_00235.jpg,-2.8138466502030552,-3.561250823830543,0.6869969877322885,0.7900666951391152,0.6130207089629691,-0.00047498894186681574,0.0027093648960940598,-0.0027170265217090726,0.999992637527267,0.6130149056701771,-0.7900621660030424,-0.003807528957862505,90.0344462797545,37.80824184219976
189,images/frame_00234.jpg,frame_00234.jpg,-2.8775258087111935,-3.4668374773557242,0.6888664108533029,0.7901347963877574,0.612933050957506,-0.0002767330849453079,0.002471633550596141,-0.0027347072653913116,0.9999932051787972,0.6129281300159658,-0.7901301123359973,-0.0036757332650116446,90.020067002799,37.8018851425517
190,images/frame_00233.jpg,frame_00233.jpg,-2.877804489387233,-3.383734485456494,0.693569819073248,0.7904325259927065,0.6125490100103316,-0.0003608159530220428,0.002583927240493774,-0.0027452607378592926,0.9999928924064895,0.6125436663396373,-0.7904278410322123,-0.0037527254563906372,90.02615432585758,37.77404207274713
191,images/frame_00232.jpg,frame_00232.jpg,-2.870723103765447,-3.346223498297473,0.7022602817202663,0.7904115118974832,0.61257606603719,-0.00045075307561384393,0.0029007963488635667,-0.003007093794952207,0.999991270345622,0.6125693636156456,-0.7904059202114498,-0.004153799972801402,90.0326744305299,37.77600329839975
192,images/frame_00231.jpg,frame_00231.jpg,-3.180538331356241,-3.5878530221200267,0.6886003415380009,0.7903824757638429,0.6126131799908486,-0.0007947999234588026,0.003096409731258973,-0.002697550138774743,0.9999915666994521,0.6126058702397446,-0.7903782720474726,-0.004028997773232046,90.05761598620694,37.77869368336836
193,images/frame_00230.jpg,frame_00230.jpg,-3.3501200801518385,-3.721984513551731,0.6904809950789758,0.79067675210293,0.6122330383935642,-0.0009891326232132063,0.0028402629188287692,-0.0020524918322818463,0.9999938590730596,0.6122272491408021,-0.7906747068021479,-0.0033617603756592733,90.07167669338179,37.75114190760304
194,images/frame_00229.jpg,frame_00229.jpg,-3.438472772318581,-3.7883849233993443,0.6954995202461276,0.790490305891405,0.6124731500107585,-0.0013095066291422897,0.0029113280993118005,-0.0016194624674049707,0.9999944497396047,0.6124676305409215,-0.7904897316583028,-0.0030632796760022164,90.09491468004407,37.76854344308223
195,images/frame_00228.jpg,frame_00228.jpg,-3.4859802737261694,-3.7246857503947335,0.6975821014442155,0.791265074582133,0.6114714448865293,-0.0015006115126379586,0.002905235063779465,-0.0013053874328869835,0.9999949267735684,0.611466384485489,-0.7912654207356911,-0.0028093757694355116,90.10865967176856,37.69597422297069
196,images/frame_00227.jpg,frame_00227.jpg,-3.779510646564859,-3.3190074031929946,0.6974761746909482,0.7919915453035011,0.6105293514245465,-0.0018169251209330956,0.0035552821848746177,-0.0016360265477261906,0.9999923406635278,0.6105217032476064,-0.7919919396472782,-0.003466323323620286,90.13144326995531,37.627788367843856
197,images/frame_00226.jpg,frame_00226.jpg,-3.973895591763363,-3.0432277738217293,0.7026577784157321,0.7911599859168219,0.6116044839830279,-0.0024145094633084307,0.0045503193013829105,-0.0019384269698657396,0.9999877674727516,0.6115923227758421,-0.7911612956109119,-0.004316601546776674,90.17485815108269,37.705608238884444
198,images/frame_00225.jpg,frame_00225.jpg,-4.031503598421896,-2.973086294934861,0.7001704668256665,0.7906225540539846,0.6122990660512824,-0.0024142770929250386,0.004657674160083083,-0.002071237058219578,0.9999870069398237,0.6122861104847737,-0.7906235271542179,-0.004489456275700344,90.17496017200185,37.755926701723254
199,images/frame_00224.jpg,frame_00224.jpg,-4.048654310615394,-2.965548553095835,0.6979267718723328,0.7904453208105598,0.6125286065477078,-0.002213361564321945,0.004445125425137011,-0.002122829645968271,0.9999878661535094,0.6125164762425953,-0.7904455691285882,-0.004400747247523265,90.16043607494076,37.7725631097219
200,images/frame_00223.jpg,frame_00223.jpg,-4.035585176108941,-2.9657305830082783,0.6996565028838447,0.7904862708251656,0.6124768948932895,-0.0018726608868674763,0.0043354907242333695,-0.0025380690345649676,0.999987379783243,0.6124644129719724,-0.7904844144114734,-0.004661696627508899,90.13573336883593,37.76881487723042
201,images/frame_00222.jpg,frame_00222.jpg,-4.0375062806896755,-2.9594008338317632,0.7030742561957276,0.790605905209486,0.6123225169561526,-0.001853611709956153,0.004345237505339777,-0.0025832504331538848,0.9999872217824693,0.6123099048348892,-0.7906038578489748,-0.0047030198178313705,90.13433232984944,37.75762618149925
202,images/frame_00221.jpg,frame_00221.jpg,-4.037505636125264,-2.9454714187964344,0.7062650587791034,0.7908738209379746,0.6119753456616864,-0.0021848700711420183,0.004544245250064295,-0.002302515772910748,0.9999870230439106,0.6119623739986599,-0.7908734871794445,-0.004601965509373417,90.1582850665702,37.732470772964746
203,images/frame_00220.jpg,frame_00220.jpg,-4.03346027677217,-2.9127864495709397,0.7069217772498856,0.7910146415430205,0.6117906844313155,-0.002827243822057654,0.004971828869429254,-0.0018071297914023015,0.999986006501896,0.6117770147547714,-0.7910176298446071,-0.004471184715542487,90.20478565169076,37.71909403326738
204,images/frame_00219.jpg,frame_00219.jpg,-4.04471724973828,-2.9297989515843765,0.7044483681116224,0.7910548714646007,0.6117369786045697,-0.0031713309313591144,0.005295086627279775,-0.001663169015549216,0.9999845968445892,0.6117222820771969,-0.7910594799865418,-0.004554858251195639,90.22969696657191,37.71520407143542
205,images/frame_00218.jpg,frame_00218.jpg,-4.100375621048873,-2.97157780303085,0.7011160292675387,0.7911603115798385,0.6115984913315714,-0.003555950201942945,0.0055155800711924555,-0.0013208257572587235,0.9999839157685473,0.6115839580608463,-0.7911672002935063,-0.004418305372433578,90.25751995368205,37.70517425456025
206,images/frame_00217.jpg,frame_00217.jpg,-4.113206191468406,-2.983405787605284,0.691255596399604,0.7910034841221795,0.6118011369117667,-0.0035853842252006464,0.005716184061526573,-0.0015302358962640907,0.9999824906556498,0.6117849388031287,-0.7910101296769664,-0.004707589837820192,90.25970299918396,37.71985113966958
207,images/frame_00216.jpg,frame_00216.jpg,-4.128645282768674,-2.99317961246256,0.678470479646823,0.7911281009811618,0.6116350063997857,-0.004352560657215018,0.006323068088568384,-0.0010625383730692066,0.9999794436997957,0.6116178092958771,-0.7911393606429525,-0.0047080137608316724,90.31522181968553,37.70781869394264
208,images/frame_00215.jpg,frame_00215.jpg,-4.148657292560552,-3.004160047595688,0.6720151774965258,0.7911541169701629,0.6115968252496117,-0.004948186107820879,0.0068397323867989005,-0.0007573837506441897,0.9999763209350164,0.6115785961444682,-0.7911692282403622,-0.004782365890553976,90.35834545697598,37.70505359832766
209,images/frame_00214.jpg,frame_00214.jpg,-4.140892631643661,-3.010326160999763,0.683725241805699,0.7914057672987489,0.6112669812931488,-0.005439399510953192,0.007293748773574102,-0.0005448696615017114,0.9999732508151806,0.6112476672471696,-0.7914242722445484,-0.004889640792561455,90.39379259114648,37.68117044737988
210,images/frame_00213.jpg,frame_00213.jpg,-4.122853767687058,-3.0026799026571642,0.6925360272229591,0.7916074741100577,0.6109929920334503,-0.006720760307170573,0.00840758366720408,0.00010641145174265288,0.9999646489818937,0.6109721085859594,-0.791635996126133,-0.00505273860511894,90.486430411142,37.66133743607436
211,images/frame_00212.jpg,frame_00212.jpg,-4.118500747047617,-3.000782607607576,0.6986842096047604,0.7916776081908613,0.6108943355077171,-0.007394155379894602,0.009048293738397878,0.00037734939691927704,0.9999589911530654,0.6108720742263642,-0.7917120476865421,-0.005228812328020703,90.53511880813318,37.65419737333817
212,images/frame_00211.jpg,frame_00211.jpg,-4.12586131625142,-3.013699280723376,0.705572215049055,0.7916725372865159,0.6108969571752958,-0.007713586733468591,0.009300265877510615,0.000573724859890939,0.999956586004809,0.6108748617850775,-0.7917099068179897,-0.005227301915185555,90.55823836141218,37.654387102246034
213,images/frame_00210.jpg,frame_00210.jpg,-4.134947927792884,-3.018049554366035,0.7077414917478273,0.7920035607823365,0.610465466802223,-0.007891232479384796,0.009385972324544491,0.0007488698027051406,0.9999556693761686,0.6104443146034064,-0.792042518452111,-0.005136704431327667,90.57085520543161,37.62316685915677
214,images/frame_00209.jpg,frame_00209.jpg,-4.13705281375391,-3.0214820971371172,0.7095713974033331,0.7923593733748708,0.609999955096726,-0.008165550010522883,0.009682257199123495,0.0008087497831577372,0.999952797795635,0.6099777662509609,-0.7924010340135735,-0.00526535599056571,90.59043283611136,37.58949971805797
215,images/frame_00208.jpg,frame_00208.jpg,-4.140476108020875,-3.0044180834368066,0.7079218674911124,0.8838111361354346,0.4677585696415853,-0.00893275824426133,0.010567947273387938,-0.0008718460729470512,0.999943776606891,0.4677244831451729,-0.8838558470764808,-0.005713795174627978,90.57907385332206,27.888898537797484
216,images/frame_00207.jpg,frame_00207.jpg,-4.189939870687086,-2.900454222942304,0.713028660491986,0.886108004920194,0.4633809910122445,-0.009521490684951544,0.011124443850245054,-0.0007263132597667627,0.9999378566781395,0.46334527985658397,-0.8861588613998954,-0.005798447815144077,90.61563628027284,27.605492796667793
217,images/frame_00206.jpg,frame_00206.jpg,-4.187949819064349,-2.893890895906969,0.71785129094979,0.9790144569376322,0.20354536795284586,-0.00999871452006032,0.011213560011083592,-0.004815965519850217,0.9999255275009181,0.2034820561597286,-0.979053669448745,-0.006997368073561229,90.58514378545327,11.744359512938537
218,images/frame_00205.jpg,frame_00205.jpg,-4.232033693592718,-2.6365740699005533,0.7264523667111303,0.9909014211179276,0.13416805085231492,-0.01064451769514271,0.011478634885760683,-0.0054449402308412494,0.9999192925266729,0.13409926385939244,-0.990943633491014,-0.006935465088646131,90.61546231343269,7.7105150633736965
219,images/frame_00204.jpg,frame_00204.jpg,-4.262962410818682,-2.4467344658263293,0.7306058908139084,0.9909649451674296,0.1336826298709173,-0.01083650866786529,0.011658552383530455,-0.005367942633854854,0.9999176272814677,0.1336134484460074,-0.9910096556858943,-0.0068779889278160755,90.6265221261332,7.682449660253113
220,images/frame_00203.jpg,frame_00203.jpg,-4.312746732448873,-2.148605258650113,0.7297083181071706,0.9908150045148061,0.13476768769031447,-0.011103836405974957,0.011973330659991226,-0.005642984980887021,0.9999123931992302,0.1346932224769729,-0.9908611532778502,-0.007204772283517893,90.64207377526137,7.745186612579539
221,images/frame_00202.jpg,frame_00202.jpg,-4.332450268593225,-2.0739952250800715,0.7215076864968831,0.9907427287806574,0.13528934897717823,-0.011208720782862416,0.012052549641427003,-0.005419746115935344,0.9999126763868832,0.13521678673669857,-0.9907913082003545,-0.0070001556577040875,90.64818542516169,7.775351865071356
222,images/frame_00201.jpg,frame_00201.jpg,-4.3534812918478405,-1.9619480601420871,0.7157196425962578,0.9907598442394018,0.13515877246260896,-0.011270992374987241,0.012099021181730445,-0.0053064677549147,0.9999127227345445,0.13508716715202948,-0.9908097423957672,-0.006892724024135213,90.65177494006917,7.767801027776542
223,images/frame_00200.jpg,frame_00200.jpg,-4.370311776256459,-1.8795968082558037,0.7119838928666273,0.9895666893839301,0.14365822714080986,-0.010958058061905859,0.011797727798976157,-0.004994351616112121,0.9999179306676702,0.14359170895462556,-0.9896147574822711,-0.006637084660903201,90.63444417031961,8.259587811850603
224,images/frame_00199.jpg,frame_00199.jpg,-4.383370134234565,-1.8577733606858662,0.7143060903490068,0.8460824857250662,0.5329611968136014,-0.009838091293876146,0.010708587512842585,0.0014582081863253825,0.9999415971857383,0.5329444168980222,-0.8461384250345203,-0.00447349721451045,90.66619474672886,32.205750169251694
225,images/frame_00198.jpg,frame_00198.jpg,-4.394061936824049,-1.844886819998137,0.7215946763248317,0.5935017691228511,0.8047604525965453,-0.01078248508691645,0.00965591521570967,0.006276361165356101,0.9999336820969023,0.8047747581462736,-0.5935665246854186,-0.004045667247981246,91.04081059949382,53.58712725827317
226,images/frame_00197.jpg,frame_00197.jpg,-4.377324706087833,-1.8563485064074408,0.7281144223661027,0.6876546195055088,0.7259282824284616,-0.012619470797048794,0.011885125600444465,0.006123857417326837,0.9999106160851549,0.7259406766824651,-0.6877431389267334,-0.004416649975775974,91.05134357334822,46.546124858021855
227,images/frame_00196.jpg,frame_00196.jpg,-4.362041276343736,-1.87523485678763,0.7322938016765187,0.9857165198292787,0.16781051926489463,-0.014232714417912691,0.014736933837472046,-0.0017596773157457966,0.999889856092567,0.1677669911416588,-0.9858176967166855,-0.004207555523545608,90.82723357770028,9.66054234850902
228,images/frame_00195.jpg,frame_00195.jpg,-4.3646223957877925,-1.8505113105085083,0.7337684510773548,0.9943532129887953,0.10513493510721043,-0.014433684174948912,0.014730881994822385,-0.00205081373581751,0.9998893905221096,0.10509370549425948,-0.9944558499918553,-0.003587963553637285,90.83162713133093,6.034940801970397
229,images/frame_00194.jpg,frame_00194.jpg,-4.368324636034704,-1.753519940778325,0.734032682684648,0.994351090951184,0.1051175749775423,-0.01470378709825238,0.014981118506804352,-0.0018491645778650797,0.9998860658488291,0.10507840887867997,-0.9944580805751465,-0.003413497666648373,90.84718924079928,6.033940597559197
230,images/frame_00193.jpg,frame_00193.jpg,-4.401526202944323,-1.516297113763851,0.7357902931186332,0.9945549593724666,0.10313657161677081,-0.014942502560481153,0.015246340981327742,-0.0021582363211397914,0.9998814375228011,0.1030920941406874,-0.9946648619565892,-0.003718939978920726,90.86076482124841,5.919817071059771
231,images/frame_00192.jpg,frame_00192.jpg,-4.406613406222551,-1.3780670338862013,0.7394478252756186,0.9946113907906019,0.10250416056822388,-0.015526634399906696,0.015820029549765007,-0.0020498963781115137,0.9998727531990677,0.10245928935254799,-0.9947304624826983,-0.003660469140433715,90.8943577111713,5.883389518245958
232,images/frame_00191.jpg,frame_00191.jpg,-4.39611803077074,-1.308059804527731,0.7444143971177994,0.9945524572858712,0.10299444958875376,-0.01604839744476198,0.01631022100674475,-0.001700391843765204,0.9998655326384087,0.10295331173569172,-0.9946804763447845,-0.0033709911251971455,90.92446169154846,5.911630481563416
233,images/frame_00190.jpg,frame_00190.jpg,-4.3829187044948865,-1.2490376778735497,0.7504608641915737,0.983855912826812,-0.17821801236189858,-0.016305853718669935,0.015597262259400497,-0.005376425047162813,0.9998638994701848,-0.1782814241746233,-0.9839763371766042,-0.0025099144968736106,90.94949988245332,-10.265981240553703
234,images/frame_00189.jpg,frame_00189.jpg,-4.31866600331155,-0.9508614466772666,0.7488100364445868,0.9687597669691775,-0.24746410453290724,-0.016310391459170705,0.015415598577510415,-0.005553088705487543,0.9998657512517998,-0.24752145608476467,-0.9688811475994129,-0.0015648016240297064,90.96456143138735,-14.32750154432751
235,images/frame_00188.jpg,frame_00188.jpg,-4.240515355274464,-0.6170063026147395,0.7496497765346277,0.9686056965284439,-0.24806948794106945,-0.01626443375293858,0.015221998272167463,-0.006119779131055759,0.9998654094786904,-0.24813563512976175,-0.9687229095340124,-0.0021515396131716194,90.9619970690721,-14.363303783778182
236,images/frame_00187.jpg,frame_00187.jpg,-4.2059323797889165,-0.47450817923593247,0.7522323248615999,0.9684750544885381,-0.24855636102573508,-0.016607294393353487,0.0155559566911439,-0.006193405424699551,0.9998598161445776,-0.2486243733925664,-0.9685976332424572,-0.002131626670862471,90.98240488940245,-14.392101505410032
237,images/frame_00186.jpg,frame_00186.jpg,-4.19081143991628,-0.40628693431208157,0.753859453398557,0.9684491672013639,-0.24865531089231457,-0.01663565183667677,0.0156159344649947,-0.006072976239512443,0.9998596199219064,-0.2487214328074074,-0.9685729984490795,-0.0019983837443206106,90.98410834501722,-14.39795467700766
238,images/frame_00185.jpg,frame_00185.jpg,-4.178261427236371,-0.34683933301730263,0.7543551404107454,0.9684504618911878,-0.24867854906209877,-0.016207408772361022,0.015196409734548173,-0.005984741925287375,0.9998666161020016,-0.24874237675539884,-0.96856758158657,-0.002016904960120417,90.95877845790554,-14.399329304405187
239,images/frame_00184.jpg,frame_00184.jpg,-4.184795548645755,-0.3480335683004738,0.7560161533354354,0.968414476713495,-0.2488322116816892,-0.015997803640711766,0.014975099133771503,-0.006002513515018806,0.9998698486490307,-0.2488958531146339,-0.9685280059250228,-0.002086633949090351,90.94641631879654,-14.408419254356895
240,images/frame_00183.jpg,frame_00183.jpg,-4.185832993055932,-0.3431418667639489,0.7567788521391093,0.9516837047507942,-0.3066750826439198,-0.015764447251589053,0.014467728918710778,-0.006501220181172834,0.9998742005652964,-0.3067389915412417,-0.9517920601799014,-0.001750213347353945,90.94900615531098,-17.858969309106786
241,images/frame_00182.jpg,frame_00182.jpg,-4.184780516047192,-0.33772119170352194,0.7573924340197142,0.8868619238123776,-0.46177554658611225,-0.015468376350012242,0.013249666836190657,-0.008046967077094663,0.9998798381053545,-0.46184453273860293,-0.8869603085234183,-0.0010181765584993889,90.9992342681082,-27.501739752755824
242,images/frame_00181.jpg,frame_00181.jpg,-4.180132119690685,-0.31998761104663226,0.7562523326654264,0.8627771348445392,-0.5053654137774728,-0.014879924293197606,0.012703475126369207,-0.007752822752706959,0.9998892505968243,-0.5054248067805548,-0.8628706104027931,-0.00026906123815772994,90.98805625812268,-30.35561234739112
243,images/frame_00180.jpg,frame_00180.jpg,-4.164500933700063,-0.29706228452707634,0.7572034947203914,0.8629630102910582,-0.5050498628387097,-0.014814753322131263,0.01288007085279588,-0.007322252254995005,0.9998902371744316,-0.5051029050047346,-0.8630591049682024,0.00018624516966269972,90.98351778365218,-30.33466242522601
244,images/frame_00179.jpg,frame_00179.jpg,-4.100506440526892,-0.1910963784656386,0.7554979186969495,0.8626334838888327,-0.5056075540493679,-0.014982381720898826,0.013157860902240769,-0.007180049136632159,0.9998876514843419,-0.5056583245337628,-0.8627337052547623,0.0004589630665367112,90.99502390680092,-30.371691462618504
245,images/frame_00178.jpg,frame_00178.jpg,-3.930650797682829,0.10853530462303836,0.7500342789180982,0.8628316623241378,-0.5052642767597788,-0.015150284531407997,0.012965706993021013,-0.007840100723910616,0.9998852040423492,-0.5053250547253085,-0.8629290477501941,-0.00021357857410608827,91.00594149110356,-30.348897213677034
246,images/frame_00177.jpg,frame_00177.jpg,-3.8209336625395394,0.2934297797609073,0.7430148577656347,0.8627595012236816,-0.5053859085294808,-0.015202779617410957,0.012860223202820873,-0.008123971866082333,0.9998843001769218,-0.5054509429286268,-0.8628551921040694,-0.0005096583283965313,91.0095107260859,-30.356973181272544
247,images/frame_00176.jpg,frame_00176.jpg,-3.7552010513217513,0.3864248472015768,0.7409161343136137,0.8624496775556039,-0.5058979085995532,-0.015743498938709397,0.013397002830357765,-0.008276978140601396,0.9998759972856752,-0.5059654849882534,-0.8625536480170136,-0.00036096141547712387,91.04578376501155,-30.390975692684105
248,images/frame_00175.jpg,frame_00175.jpg,-3.699372854677993,0.46694287560218184,0.7381225055445931,0.8629966665264515,-0.5049580163757207,-0.015942184986069828,0.013577572494355908,-0.008362592503607706,0.9998728492022269,-0.5050271290627795,-0.8631033928472973,-0.00036078538054582686,91.05830772000772,-30.328565436675326
249,images/frame_00174.jpg,frame_00174.jpg,-3.6674852645141063,0.49712406567320566,0.7413485204136632,0.8568249327294492,-0.5153252474833073,-0.017056434546612955,0.014760817727987544,-0.008550941370671238,0.9998544882440027,-0.5153961106888331,-0.8569520224072894,0.00027996228431229937,91.14041109168089,-31.019197457914913
250,images/frame_00173.jpg,frame_00173.jpg,-3.6563271500568675,0.493575153693693,0.7449079043790844,0.7248712097951153,-0.6886805231191722,-0.016759006130113198,0.01340476042930612,-0.010222301176997777,0.9998578973816629,-0.6887539761104823,-0.7249928548854464,0.0018217456055030594,91.32444118628896,-43.52575138667447
251,images/frame_00172.jpg,frame_00172.jpg,-3.5029395793488654,0.6448563763444602,0.7463659004974837,0.7065920378167888,-0.7074217217629561,-0.01679874018646545,0.013338207871315916,-0.010420463384209317,0.9998567418153663,-0.7074954291758352,-0.7067148785194726,0.002072721521987525,91.36191123535637,-45.02552483896657
252,images/frame_00171.jpg,frame_00171.jpg,-3.3447162806506032,0.8023904201818002,0.7488222393286212,0.7062780745864389,-0.7077294048860828,-0.017040211796327073,0.013534713471846203,-0.010566790155109562,0.9998525653700414,-0.7078051221132181,-0.7064045798304318,0.002115822507539456,91.3820942172774,-45.05047248220526
253,images/frame_00170.jpg,frame_00170.jpg,-3.2547927256931013,0.8986110932162518,0.7508587494474414,0.7070379042225312,-0.706963043298986,-0.017339417580961948,0.013888659714967187,-0.01063274251251207,0.9998470122563674,-0.7070392528876543,-0.7071705580665097,0.002301017159553898,91.40484172707063,-44.98835432255537
254,images/frame_00169.jpg,frame_00169.jpg,-3.1940444751303483,0.9554150400565857,0.7480750542468785,0.7070306219251427,-0.706969507700783,-0.017372761480502777,0.013890040119508644,-0.010678552695272871,0.9998465048685288,-0.7070465079792306,-0.7071634052279901,0.0022697710741037304,91.40755665975358,-44.98887801909199
255,images/frame_00168.jpg,frame_00168.jpg,-3.1454609373622406,0.9953253229431035,0.7481363006152218,0.7071077620702383,-0.7068836545372029,-0.01772314216349478,0.014318276453634699,-0.010745385786758724,0.9998397479814907,-0.7069608177115734,-0.7072482121804351,0.0025232098924861807,91.43577646385111,-44.98192324063186
256,images/frame_00167.jpg,frame_00167.jpg,-3.0382433776676283,1.104951306232196,0.7472865480118642,0.7071878852439274,-0.7068031663983252,-0.0177363167969873,0.014248116073311272,-0.010833822846028835,0.9998397959027748,-0.7068820864561381,-0.7073273006549672,0.002409065290645887,91.43668058838378,-44.975403837324606
257,images/frame_00166.jpg,frame_00166.jpg,-3.010062671012095,1.1327019845503383,0.747138539369516,0.7073711476025951,-0.7066200619006249,-0.01772415467503233,0.014314338429152132,-0.01074943237486971,0.9998397608711875,-0.706697359026283,-0.7075115093220569,0.002510960394296841,91.43532404463143,-44.960575442372175
258,images/frame_00165.jpg,frame_00165.jpg,-3.007002084872333,1.1360969001027552,0.7481557547780243,0.7215706608771383,-0.6921142974390068,-0.01770815184710343,0.014517778691835162,-0.01044584140131473,0.9998400454569089,-0.6921885678506867,-0.7217123261230396,0.002510549518820564,91.40582039343752,-43.79770773472252
259,images/frame_00164.jpg,frame_00164.jpg,-3.0071636026394546,1.151002403004851,0.7508505252346147,0.7994920417202511,-0.6003918041400016,-0.018497425428917,0.016137805417204443,-0.009314196321867928,0.9998263924218014,-0.6004598608252685,-0.7996517524950418,0.0022423802771846155,91.32538575450585,-36.897963706997864
260,images/frame_00163.jpg,frame_00163.jpg,-3.01428078783386,1.1569708814434032,0.7552590161375612,0.8273924007294536,-0.5612716613045335,-0.019898126333903424,0.017666406553748962,-0.00940202605630699,0.999799728938508,-0.5613463380967483,-0.8275782271921401,0.002136488447391747,91.37765217673267,-34.14378729018298
261,images/frame_00162.jpg,frame_00162.jpg,-3.0043890018279327,1.1456275978869992,0.7575920911926324,0.7468693479511609,-0.6646394710441175,-0.020989250134378,0.018273603181700203,-0.011038273650542106,0.9997720889990747,-0.6647196781484399,-0.7470826781856285,0.0039012097127696624,91.60975812829761,-41.65467253874496
262,images/frame_00161.jpg,frame_00161.jpg,-3.0022786905786,1.1407012175043016,0.7585528602199804,0.3856047468609477,-0.9225030572222561,-0.017236200680408764,0.0134929989936921,-0.013040825392600906,0.9998239214237854,-0.9225653994034573,-0.38576941855034425,0.00741872865582481,92.55936844371641,-67.29479930037711
263,images/frame_00160.jpg,frame_00160.jpg,-2.916890322875586,1.178604003398759,0.7570415113210542,0.38539454475950335,-0.9225937686672445,-0.01708159494854584,0.013282756503048358,-0.012962965000818012,0.9998277491238519,-0.9226562801223953,-0.3855550512634462,0.007258732392471846,92.53782308888619,-67.3082681632875
264,images/frame_00159.jpg,frame_00159.jpg,-2.8412523950618276,1.2161686951042743,0.7553024315835697,0.38558667220469506,-0.9225149438756001,-0.017002780487542855,0.013360418817747584,-0.01284343524784357,0.9998282569421855,-0.9225748833710591,-0.3857476150246854,0.007372928566289355,92.52487170692135,-67.29656380340553
265,images/frame_00158.jpg,frame_00158.jpg,-2.82431549864821,1.2156648047045742,0.7566119603963771,0.38585998907242913,-0.9224040724454704,-0.016816479091536177,0.01358190938812978,-0.012546441570894537,0.9998290436576049,-0.9224573695138424,-0.3860224241412918,0.0076868387314398615,92.49547497925354,-67.28011063917748
266,images/frame_00157.jpg,frame_00157.jpg,-2.5487747773661935,1.3295378641411197,0.7580824810080964,0.3840907638470094,-0.9231406581049876,-0.016899955056489953,0.013387377566783987,-0.012733814754666624,0.9998292984723334,-0.9231982784046476,-0.3842514454303124,0.0074674919089621735,92.51938355130434,-67.38963148587546
267,images/frame_00156.jpg,frame_00156.jpg,-2.272459562589416,1.4525653479947847,0.7593992993248452,0.38456590103071053,-0.9229375170225355,-0.01718736270388794,0.013154994978858442,-0.013137866041334656,0.9998271553538571,-0.923003798405805,-0.3847255309284232,0.007088863117513751,92.55901121902727,-67.35937689203611
268,images/frame_00155.jpg,frame_00155.jpg,-2.2236086198818956,1.4862921653769299,0.7590094539274058,0.3847913400596921,-0.9228452914093956,-0.017093587644899343,0.013278445612085356,-0.012982900868840675,0.9998275477136829,-0.9229080699057698,-0.38495195857215403,0.007258243194423612,92.54357841382159,-67.34565400695789
269,images/frame_00154.jpg,frame_00154.jpg,-2.226033580300572,1.4874877719486141,0.7576123745261855,0.38477947628004616,-0.9228551159553279,-0.016828178413948028,0.013966360760504675,-0.012408526742544774,0.9998254683849512,-0.9229028623862647,-0.3849473488922321,0.008114381065820537,92.50421248423363,-67.34711549410999
270,images/frame_00153.jpg,frame_00153.jpg,-1.9572967346620935,1.6011800552255817,0.7543834695239973,0.3828561649673014,-0.9236524438944091,-0.016950452336613717,0.013924375478333152,-0.012576630259180982,0.9998239535732589,-0.9237030186775774,-0.3830247893533905,0.008046243019070264,92.53503966224895,-67.46602436312185
271,images/frame_00152.jpg,frame_00152.jpg,-1.5975201476086864,1.757403791031739,0.7522747326062278,0.38422167675560276,-0.9230815751997536,-0.01714953754054679,0.0136505969123886,-0.012893398658257976,0.9998236941956191,-0.9231399473075839,-0.38438803805240973,0.007646691256396918,92.55567147394204,-67.38082808422915
272,images/frame_00151.jpg,frame_00151.jpg,-1.4953482412816304,1.8090502720655857,0.7535837536070156,0.3852338591779492,-0.9226577134223785,-0.01725153920819377,0.0137706598015215,-0.012944706610607369,0.9998213847980029,-0.9227162297648691,-0.3854026160172674,0.0077188662089775865,92.56410595501903,-67.31776725197598
273,images/frame_00150.jpg,frame_00150.jpg,-1.4885146052492493,1.8125841070980218,0.7535170994583477,0.3852929289485303,-0.9226365791688478,-0.017061643586393234,0.014241321254646085,-0.012541764690575177,0.9998199272405849,-0.9226844214958788,-0.3854665289205439,0.008307310681723608,92.53553043486602,-67.31462731029129
274,images/frame_00149.jpg,frame_00149.jpg,-1.4124555294019006,1.84786988781421,0.7527414601268472,0.3848374617121265,-0.9228253740661579,-0.01713052954883033,0.014390380600545495,-0.012558656703047871,0.9998175809056302,-0.9228721704597765,-0.3850137752359916,0.00844676680098461,92.54876314421115,-67.34269140196693
275,images/frame_00148.jpg,frame_00148.jpg,-1.1859585326040027,1.9527792631086687,0.7525657220658597,0.38526875516820186,-0.9226445886264151,-0.017174031836976578,0.014116005498652462,-0.012716138189819131,0.9998195018193532,-0.922696441241596,-0.3854416439721202,0.008124925363538883,92.55237036465104,-67.3158172366728
276,images/frame_00147.jpg,frame_00147.jpg,-1.1643150487178362,1.9654892252255696,0.7557344850193668,0.3849071031941827,-0.9227922512033615,-0.01734880484917484,0.014371929277005096,-0.012802159360973269,0.999814758024982,-0.9228434144314621,-0.3850851384236065,0.008334662905735165,92.58072916726512,-67.33776535455102
277,images/frame_00146.jpg,frame_00146.jpg,-1.1671031410894173,1.9681580793660685,0.7561158305772744,0.38460824492967915,-0.9229147589672598,-0.017459771261862135,0.014557465506912616,-0.012847945581572574,0.9998114864775,-0.9229651001690838,-0.38478991147733793,0.008493873976899668,92.59922888143232,-67.35598983180572
278,images/frame_00145.jpg,frame_00145.jpg,-1.1655432683197529,1.9717530268103869,0.7546233430394127,0.38381248440172755,-0.9232476482742344,-0.01737109016352251,0.01459962845751467,-0.012742310943607178,0.9998122235503619,-0.9232956328642935,-0.3839940253023633,0.00858841462738125,92.5913992910048,-67.40558138081443
279,images/frame_00144.jpg,frame_00144.jpg,-1.1653882111359426,1.9726996086209871,0.7547449743878264,0.31448896230602996,-0.9491153614063778,-0.016634943045207944,0.013753486384011504,-0.012966444204292736,0.9998213395087053,-0.9491614889996123,-0.31466156433085013,0.008975841626327566,93.02784748918121,-71.64349577104286
280,images/frame_00143.jpg,frame_00143.jpg,-1.1645857317803618,1.976628902501992,0.7531543448147159,0.2593009873469146,-0.9656630258220944,-0.016059779607201986,0.013228174680533595,-0.013075909716697318,0.9998270020257015,-0.9657059652686922,-0.2594685706308135,0.009383362897491906,93.54408113731267,-74.9419326420183
281,images/frame_00142.jpg,frame_00142.jpg,-1.1585843269504872,1.980649207134894,0.7531441358880603,0.20356661573087206,-0.9789391596425203,-0.015451623807091704,0.012989574578093225,-0.013080235179093938,0.9998300737625069,-0.9789749240466579,-0.2037327346453092,0.010053304023273717,94.34068444601463,-78.22012571192698
282,images/frame_00141.jpg,frame_00141.jpg,-1.1571796351189307,1.9762883912765892,0.7568102089760044,0.06332142680820016,-0.9978973965879113,-0.013826814168220658,0.012231885039342664,-0.013077553747867024,0.9998396654345915,-0.9979182210458721,-0.06348040225959824,0.011378076885024855,102.31771520028822,-86.2838568276136
283,images/frame_00140.jpg,frame_00140.jpg,-1.0602333198968794,1.9728312681279199,0.7591119907223313,0.01152788981134905,-0.9998487686976577,-0.01302096349258352,0.01108454578648685,-0.012893249583928556,0.9998554370307109,-0.9998721111228199,-0.011670554783056552,0.010934237506612174,138.4804709543952,-89.00353063909203
284,images/frame_00139.jpg,frame_00139.jpg,-1.0563516563313884,1.9677827801334111,0.7618205006915338,0.01084221490672067,-0.9998570880599273,-0.012971038209755781,0.011353237553784864,-0.012847873421528497,0.9998530062692175,-0.9998767665932455,-0.01098788445820405,0.011212315647061705,140.1084668885054,-89.0313273005141
285,images/frame_00138.jpg,frame_00138.jpg,-0.7754574234132331,1.9695169869858218,0.7601356919849015,0.010273100365247432,-0.9998623044976134,-0.013032016482777369,0.011053186446503226,-0.012918361142423057,0.9998554600614894,-0.999886137756827,-0.010415660810326027,0.010918952862790843,141.75139111829174,-89.04917084218039
286,images/frame_00137.jpg,frame_00137.jpg,-0.6627043684307048,1.972188832876686,0.7569044394718947,0.011095792374435672,-0.9998531287663149,-0.013061481072002097,0.01124221553921831,-0.01293672128079645,0.9998531151285537,-0.9998752392080489,-0.011241002567113023,0.011097021218912087,139.65193552160565,-89.01800038557974
287,images/frame_00136.jpg,frame_00136.jpg,-0.345599628774809,1.9749118437198423,0.7514081697887685,0.011079439779898144,-0.9998538946755111,-0.013016655345194422,0.010644834269954266,-0.01289878066421919,0.9998601437004785,-0.999881958791901,-0.011216450400564916,0.010500367749886172,139.59643208288702,-89.02056427775229
288,images/frame_00135.jpg,frame_00135.jpg,-0.24402962406849793,1.9788934271526537,0.7513240447521923,0.011821511020469636,-0.9998436558625036,-0.01314966572565997,0.010649702120075308,-0.01302394529119459,0.9998584693314378,-0.9998734088483134,-0.011959877949028213,0.010494074399286991,138.04455106915353,-88.98682587696717
289,images/frame_00134.jpg,frame_00134.jpg,-0.22849169856324547,1.9731793135368403,0.7514827076997419,0.012704969248382492,-0.9998357683188865,-0.01292355007648628,0.010630543019935481,-0.012788802463482133,0.9998617084810536,-0.9998627772407066,-0.012840596626785938,0.010466315816428307,135.4886530948299,-88.96158239266452
290,images/frame_00133.jpg,frame_00133.jpg,-0.23201055120106634,1.9765035143788572,0.749420827138772,0.11019614593271097,-0.9938132283370857,-0.01385909823170564,0.011499357503376217,-0.012668260408394371,0.999853628265275,-0.9938433338301295,-0.11033938716725097,0.010032220141587804,97.16831250765141,-83.62333157282755
291,images/frame_00132.jpg,frame_00132.jpg,-0.23380344515716603,1.9823508626170836,0.7494793728391262,0.20562416851955173,-0.9785168239871711,-0.014950735590679593,0.012569713258263546,-0.012635167564278172,0.9998411638101462,-0.978550306131089,-0.20577943462523662,0.00970158008109718,94.15860304638052,-78.10217830480245
292,images/frame_00131.jpg,frame_00131.jpg,-0.24271425478586975,1.9950713100692894,0.7468105030069323,0.2979694818121994,-0.9544432352363231,-0.015883847776594157,0.013379256379250977,-0.01246232558674564,0.9998328279966149,-0.9544816296856151,-0.29813218402680147,0.009056348055467343,93.05137581930026,-72.63891881329022
293,images/frame_00130.jpg,frame_00130.jpg,-0.24865039591990226,2.002280685333928,0.7444398071573465,0.36627182748485054,-0.9303492229300182,-0.017183415970622087,0.014912355827123889,-0.012595448985746915,0.9998094690032359,-0.9303883963348818,-0.3664582869282109,0.009260340547079285,92.68602655884547,-68.48931802595929
294,images/frame_00129.jpg,frame_00129.jpg,-0.24891825125319803,2.0019621450237746,0.7455677706232964,0.36600433591135834,-0.9304461133151212,-0.017631060968363595,0.015527627250380078,-0.012837179165375282,0.9997970282127515,-0.9304835930235734,-0.3662038162661071,0.009749157198472962,92.7579047168901,-68.50446298325382
295,images/frame_00128.jpg,frame_00128.jpg,-0.24920957289868656,1.9998931321392375,0.7490371902862522,0.26107056232497095,-0.9651746597633701,-0.016734265385309144,0.014776744076144203,-0.01333766545361399,0.9998018566269796,-0.9652066137992587,-0.26126611114132275,0.010780067126805591,93.6675635719609,-74.83460206541488
296,images/frame_00059.jpg,frame_00059.jpg,2.6241994774090935,0.8923111113451857,-0.06240549383836588,-0.7352093144140049,-0.6777878590703813,-0.008419031754165989,0.005716604537769397,-0.018619890165826904,0.9998102910666461,-0.6778160387829778,0.7350217110990678,0.01756416185165257,-90.65607697655672,-42.671019462500894
297,images/frame_00058.jpg,frame_00058.jpg,2.624442867297442,0.8787010266703622,-0.061893929391542694,-0.7354716913458441,-0.6774974502513493,-0.008865333146803274,0.00554823340582043,-0.019105824012663104,0.9998020717096318,-0.6775327345117413,0.7352769344891199,0.01781070670480276,-90.69060655944219,-42.648393142344354
298,images/frame_00057.jpg,frame_00057.jpg,2.6186422418412323,0.880686794395988,-0.12252956050895422,-0.7351185052845466,-0.6778786941055367,-0.00901428122405714,0.005398977166933197,-0.019150011537494387,0.9998020434584363,-0.6779171278510117,0.7349243166040202,0.01773737946678837,-90.70254575447267,-42.678098289198644
299,images/frame_00056.jpg,frame_00056.jpg,2.6235041454559087,0.8835877255430268,-0.3302836831544985,-0.7348383192169887,-0.678180858252093,-0.009130504411338655,0.005435171238973487,-0.01934975309628108,0.9997980015826777,-0.6782205404762922,0.7346402579191856,0.017904969156034022,-90.71187421060164,-42.70165192137539
300,images/frame_00055.jpg,frame_00055.jpg,2.637234523634031,0.8926553841569346,-0.44664338828724576,-0.734657395288587,-0.6783787427243521,-0.008988379582338652,0.005335351830004913,-0.01902518405987868,0.999804768138429,-0.6784173078339313,0.7344660113247004,0.017596381450343607,-90.70096690474622,-42.717081817617014
301,images/frame_00054.jpg,frame_00054.jpg,2.630477659584469,0.8974447127617988,-0.5235628280127869,-0.7345615383856884,-0.6784754387045062,-0.0095091218931308,0.0048530554504011255,-0.019266891466792183,0.9998025968890069,-0.6785247174401579,0.7343703860913339,0.0174453963789706,-90.74166981449004,-42.72462301113907
302,images/frame_00053.jpg,frame_00053.jpg,2.621512083628335,0.897303450208709,-0.5418347457217769,-0.7347711915370071,-0.6782480805478954,-0.009530756548258343,0.004941310570877566,-0.019402308833292376,0.9997995458399547,-0.6782970422588681,0.7345768099014787,0.017607692007703624,-90.74314495442789,-42.70689310031274
303,images/frame_00052.jpg,frame_00052.jpg,2.613079501587441,0.8929115943819944,-0.5419637818388081,-0.7349452087176516,-0.678061914195598,-0.009358349233117555,0.005093674667472411,-0.01931984766971254,0.9998003780577406,-0.6781073607190453,0.7347508298759658,0.017652856290978926,-90.72953048926524,-42.69237919098618
304,images/frame_00051.jpg,frame_00051.jpg,2.6051429679619975,0.899350865287414,-0.5407362477419253,-0.7347130414268145,-0.6783209175741908,-0.008802132620441135,0.005310749634845718,-0.018726154090567524,0.9998105445989717,-0.6783572367828592,0.7345271008848374,0.017360742208784148,-90.68639168634337,-42.71257254735913
305,images/frame_00050.jpg,frame_00050.jpg,2.6178392334022753,0.9097806593009006,-0.544469298582128,-0.7347923551147594,-0.6782314647537521,-0.009070451084989673,0.004911448412313378,-0.018692219866823158,0.9998132208522468,-0.6782743328030322,0.7346105629069256,0.01706599912607769,-90.70723676830617,-42.70559756113512
306,images/frame_00049.jpg,frame_00049.jpg,2.6061463396303126,0.9001908897709777,-0.6953986434411507,-0.7351145801360233,-0.6778837223546572,-0.008956061524582143,0.005088932656520863,-0.018727877610427747,0.9998116659474554,-0.6779237824680999,0.7349305569690259,0.017216840515659804,-90.69801246462065,-42.67849016710846
307,images/frame_00048.jpg,frame_00048.jpg,2.60926566463549,0.8809876440088209,-0.871061607567053,-0.735610764173129,-0.6773406747212342,-0.009295805549185937,0.005121975249355447,-0.01928384878329035,0.9998009284580848,-0.67738509505463,0.7354167128535267,0.01765472892863388,-90.72399984194378,-42.63618187396305
308,images/frame_00047.jpg,frame_00047.jpg,2.6144815866993856,0.882398010960258,-0.8892161906004006,-0.7352488786400694,-0.6777390987256091,-0.008876852883740686,0.005363273204351667,-0.018913587753376652,0.9998067360739428,-0.6777760100203133,0.7350591733030031,0.01754109415200835,-90.69171339179155,-42.667219873235354
309,images/frame_00046.jpg,frame_00046.jpg,2.626404460816748,0.8879213489152455,-1.0980742569656432,-0.7350752457604802,-0.6779380453157144,-0.008024199877731763,0.005834750929253837,-0.018160539882030063,0.9998180576848905,-0.67796042417811,0.7348946859956886,0.017304962974113627,-90.62542512367966,-42.68272399887368
310,images/frame_00045.jpg,frame_00045.jpg,2.633913901025128,0.8955204658025916,-1.318159782217136,-0.7352312939882008,-0.6777686265799746,-0.008039350989412917,0.005771353363048952,-0.018120013645213928,0.9998191609415455,-0.6777917333671124,0.7350519382529319,0.017234043339069933,-90.62647296052353,-42.66952076685011
311,images/frame_00044.jpg,frame_00044.jpg,2.638333747447026,0.8946426812617717,-1.4883932076064537,-0.7353863530612319,-0.677596266202643,-0.008379126418557243,0.005684550809580715,-0.01853300202034115,0.9998120882036822,-0.6776242289155509,0.7352005344559747,0.017480747188106962,-90.65281032642595,-42.6560911626638
312,images/frame_00043.jpg,frame_00043.jpg,2.669410177000744,0.871920065503012,-1.5686490030428424,-0.7365384137387855,-0.6763472385289306,-0.008097902286594131,0.006083321473996721,-0.018595406974786063,0.9998085826993516,-0.6763683584312601,0.7363481661372776,0.017810669253868153,-90.62991545521115,-42.5588585952825
313,images/frame_00042.jpg,frame_00042.jpg,2.983174341778242,0.5556553701730017,-1.5757855395196532,-0.7373688777620984,-0.6754441127972239,-0.007898518559511292,0.005929093260621016,-0.018164353149430747,0.9998174333986027,-0.6754642714170532,0.7371874285161365,0.017398599851580977,-90.61371517545108,-42.48864761422599
314,images/frame_00041.jpg,frame_00041.jpg,3.142368330038009,0.38801851134820503,-1.5782029385926826,-0.7367506513657306,-0.6761134106052459,-0.008314548208636037,0.005242851044909738,-0.018008457319699325,0.9998240875163418,-0.6761442066786438,0.7365774565276259,0.01681250457846214,-90.64658008397456,-42.54067272535219
315,images/frame_00040.jpg,frame_00040.jpg,3.1923051841767185,0.32957769239904955,-1.5842531995186908,-0.7368190995511756,-0.6760389436720682,-0.008304166144107523,0.005256691317494005,-0.018010700531008318,0.9998239744388883,-0.6760695080633256,0.7366457488543163,0.016824356209856596,-90.64571280689806,-42.53488220249619
316,images/frame_00039.jpg,frame_00039.jpg,3.2640432791967133,0.251262044410076,-1.5871722973741593,-0.7367988994997402,-0.6760636532594939,-0.008081858536173889,0.005300654395864209,-0.017729086592135256,0.9998287756168973,-0.6760911793234309,0.736629903160356,0.016646351282401203,-90.62844531298691,-42.53680355190633
317,images/frame_00038.jpg,frame_00038.jpg,3.2669214925554804,0.2438944887817118,-1.6087806977816848,-0.7371459974527144,-0.6756900112433749,-0.007667147146795718,0.0054227300905527,-0.017261222870314178,0.9998363076941077,-0.6757117509987581,0.7369837561920541,0.016388125922234802,-90.59591903569103,-42.507756486032775
318,images/frame_00037.jpg,frame_00037.jpg,3.269164388743252,0.24914274399259456,-1.7061191941793514,-0.7375829309685402,-0.6752160774804381,-0.007393690268654838,0.005429375697384648,-0.016879252655692005,0.9998427929976401,-0.6752347294262897,0.7374268353821389,0.016115850424015383,-90.57432600608036,-42.47093210910798
319,images/frame_00036.jpg,frame_00036.jpg,3.2714255655731743,0.25474318845476157,-1.8240564693021855,-0.7377621420108771,-0.6750133023037712,-0.008003844606194962,0.004759560285322316,-0.01705746065631847,0.9998431815149057,-0.6750439736797986,0.7376083532260979,0.015797115232578186,-90.6215668974953,-42.455183213124656
320,images/frame_00035.jpg,frame_00035.jpg,3.2676566680381938,0.24991114106976112,-1.9359989059368983,-0.7378980910264756,-0.6748651596006582,-0.007963768998484137,0.004819590809887085,-0.01706842181251748,0.9998427068900664,-0.6748949376042974,0.7377436433707903,0.01584732980926298,-90.61834099242436,-42.44367994896209
321,images/frame_00034.jpg,frame_00034.jpg,3.2726622524885154,0.2527787912774656,-1.9353697212990786,-0.7378889108239227,-0.6748736762400086,-0.008091625385630264,0.0044201671934957654,-0.01682091665267012,0.9998487470037384,-0.674907708805483,0.7377415373159222,0.015395022366763739,-90.62827533395873,-42.44434120781911
322,images/frame_00033.jpg,frame_00033.jpg,3.2712156345459067,0.25441832246677265,-1.938390864880871,-0.7381787037629945,-0.6745517708551125,-0.008491628054559382,0.003950139349973548,-0.01690938626669935,0.9998492221606213,-0.674593652289955,0.7380338603968759,0.01514672234457576,-90.659072101215,-42.419352304998505
323,images/frame_00032.jpg,frame_00032.jpg,3.0301399089895122,0.030104452231921156,-1.9322471624458137,-0.738473095531708,-0.6742283674095003,-0.008578680326053365,0.0036632973882863434,-0.01673419365455131,0.9998532617414303,-0.6742729902851379,0.7383333077567692,0.014827650821570995,-90.66556259259514,-42.39425713474439
324,images/frame_00031.jpg,frame_00031.jpg,2.8717353985679823,-0.12717284154115444,-1.9338020143538501,-0.7381263201485099,-0.6746099269533732,-0.008424960533075692,0.003587838357572567,-0.016412520743754717,0.9998588673301627,-0.6746529929674511,0.7379919197517004,0.014534904927806205,-90.65394459870309,-42.42386611506218
325,images/frame_00030.jpg,frame_00030.jpg,2.829566883707514,-0.1643966816757208,-1.9351223555471935,-0.7379642705224647,-0.6747821814967916,-0.008817083796665591,0.0031288028469340368,-0.016486486007977558,0.9998591922725187,-0.6748325303547478,0.7378327732715182,0.014277698045161219,-90.68452860524016,-42.437237631345916
326,images/frame_00013.jpg,frame_00013.jpg,2.8133982090239984,-0.43473058256955177,-1.9411804810893107,-0.7441610538931868,-0.6678285757104023,-0.015143227304544742,-0.0046116756416145046,-0.017532806421654806,0.9998356520682574,-0.6679843234061397,0.7441085889597002,0.009967422939033528,-91.16577355791753,-41.89969364583611
327,images/frame_00012.jpg,frame_00012.jpg,2.807870119366778,-0.4359183894919267,-1.940604888283542,-0.7447487072228236,-0.6671609385318029,-0.01567300824017794,-0.005441885046650826,-0.017413433801429134,0.9998335642547624,-0.6673228206625874,0.7447100458706107,0.009338019186156841,-91.20559415930474,-41.84832102671338
328,images/frame_00011.jpg,frame_00011.jpg,2.80533380620772,-0.4393212744136077,-2.065233375905847,-0.7444438876408028,-0.6675061430873406,-0.015454614033055016,-0.005580462351153242,-0.01692541495335635,0.9998411807725287,-0.6676617067004779,0.7444119002738468,0.008875028816023003,-91.18928639002957,-41.87487829572323
329,images/frame_00010.jpg,frame_00010.jpg,2.8095389491019223,-0.43810042122672427,-2.1078159716989777,-0.770969871367075,-0.6366920738248459,-0.015121460671932685,-0.0054382082254132436,-0.017161067268833555,0.9998379477002719,-0.6368483974507065,0.7709271683491323,0.009768201761612841,-91.1236299056365,-39.54559569763902
330,images/frame_00009.jpg,frame_00009.jpg,2.8159840006507477,-0.42915285186772734,-2.1322989338789853,-0.9163857341136676,-0.40012803606368097,-0.011607715915541465,-0.007108146853432768,-0.012727621116505687,0.9998937343083136,-0.4002332551916,0.9163708640155122,0.008819241588672642,-90.72571793767328,-23.586182873801924
331,images/frame_00008.jpg,frame_00008.jpg,2.820699399733801,-0.4288310787785855,-2.184533503088785,-0.9169484132406173,-0.39882949184184696,-0.011859253462520944,-0.007352369009438737,-0.01282807332882538,0.9998906846273843,-0.39893802541931656,0.9169353712077228,0.00883033989676286,-90.74098747447991,-23.505024732499297
332,images/frame_00007.jpg,frame_00007.jpg,2.819680420321967,-0.4453611449177213,-2.184211855925658,-0.9174938513631694,-0.39757764638133236,-0.011706656596095197,-0.007086024941855939,-0.01308920535245813,0.9998892233411482,-0.39768683528789583,0.917475169037899,0.00919202032071974,-90.73101919796926,-23.426832538907625
333,images/frame_00006.jpg,frame_00006.jpg,2.9452119528764267,-0.7147458372072869,-2.187215200313852,-0.9182695641813873,-0.39577829402827414,-0.011855271999997516,-0.007244741428797259,-0.013141982633565584,0.9998873936669513,-0.39588952906051306,0.9182520505114748,0.009200571271238859,-90.7396731214857,-23.31452310873632
334,images/frame_00005.jpg,frame_00005.jpg,2.990029003256523,-0.8176146203922381,-2.190682491069596,-0.9183866340372887,-0.3955064866300178,-0.01185780145045543,-0.007296098934429206,-0.013036040206582276,0.9998884070715448,-0.39561693007503845,0.9183706651942406,0.009086470639923221,-90.73973662292997,-23.297566076921417
335,images/frame_00004.jpg,frame_00004.jpg,2.998258040764263,-0.8398150488428229,-2.1919622086690786,-0.9189607807927996,-0.39416451293660476,-0.012058942994189446,-0.007475985419556002,-0.013160556161664042,0.9998854471405824,-0.39427806305537033,0.9189456646086127,0.009147266823517098,-90.75181324284628,-23.213877057943865
336,images/frame_00003.jpg,frame_00003.jpg,2.9978362108522747,-0.8386776534053139,-2.192512124980195,-0.9192652778266631,-0.39344417179860697,-0.012370556170847818,-0.007865014389188428,-0.013061785946002056,0.9998837578921655,-0.3935600189690584,0.9192557160146512,0.008912802222938413,-90.77098297518218,-23.168976312614117
337,images/frame_00002.jpg,frame_00002.jpg,2.99598138048861,-0.8445582229450497,-2.1908023619099586,-0.9997362713984881,0.02166309955364816,-0.007622057988303343,-0.0077899410219648664,-0.0076759299870716394,0.999940195670575,0.021603297644633725,0.999735859223106,0.00784265990050938,-90.43681849426206,1.2413012768633043
338,images/frame_00001.jpg,frame_00001.jpg,3.001099972476794,-0.8394522149864526,-2.1917690269412144,-0.9675932096776496,0.25242696705073825,-0.006633618263770604,-0.007813871182938196,-0.0036734495011916434,0.9999627228981581,0.25239318929567084,0.9676089758132298,0.005526836602607873,-90.39280182103538,14.621174194398332
339,images/frame_00014.jpg,frame_00014.jpg,2.8156153438358946,-0.4337118758969622,-1.9384664872874158,-0.7435944732576834,-0.6684760104460334,-0.014390302247792575,-0.00364757723893594,-0.017466136207430268,0.9998408009609677,-0.6686209333553015,0.74352858421458,0.010549404483082826,-91.10866972285964,-41.9495512512853
340,images/frame_00015.jpg,frame_00015.jpg,2.789868122574054,-0.3918421952920641,-1.938871200502705,-0.742685825566681,-0.6694973871827143,-0.01382067501449358,-0.003256667551460877,-0.01702757527051637,0.9998497156057334,-0.6696321054271493,0.7426192215637335,0.010465808391022284,-91.06609677094451,-42.02828475004786
341,images/frame_00016.jpg,frame_00016.jpg,2.7324902056162323,-0.3251687498148396,-1.9372882003706708,-0.7428013484663748,-0.6693788560269525,-0.013345479406290106,-0.0027832843159847696,-0.016845627191948064,0.9998542274616468,-0.6695060926122717,0.7427302134345676,0.010649882933159091,-91.02928917649126,-42.019142699756735
342,images/frame_00017.jpg,frame_00017.jpg,2.65886367906251,-0.24441750936296028,-1.936692017263027,-0.7417475495236567,-0.6705571536954205,-0.012793529753239295,-0.0023607897391166315,-0.01646489010863753,0.999861656463292,-0.670675031179377,0.7416751371197545,0.010629747453952537,-90.98812943269552,-42.11008076497909
343,images/frame_00018.jpg,frame_00018.jpg,2.6119734915022557,-0.20995215703063208,-1.936593352716911,-0.741033747744433,-0.6713507807809331,-0.012534426539399835,-0.002089307101207506,-0.01636175084633126,0.9998639536982415,-0.6714645318255292,0.7409591218509115,0.01072195160635266,-90.96905338175058,-42.17140450206524
344,images/frame_00019.jpg,frame_00019.jpg,2.5888649168624815,-0.208741081127395,-1.9353772199379433,-0.7400085857154602,-0.6724825104345629,-0.01243238621635722,-0.0017476515130228115,-0.016561597934578082,0.9998613189778082,-0.6725951507270874,0.7399276887868718,0.01108045959899334,-90.96249728258421,-42.25895650084322
345,images/frame_00020.jpg,frame_00020.jpg,2.5829916270458027,-0.21426771822563134,-1.9346670480963017,-0.739169897455834,-0.6734082674496944,-0.012213354393146837,-0.0013474019783298772,-0.016655112191513364,0.9998603851267421,-0.6735176651009538,0.739083155381239,0.01140360595033454,-90.94661591484407,-42.33066468455651
346,images/frame_00021.jpg,frame_00021.jpg,2.5726776322691403,-0.2039384109580736,-1.9356347021078795,-0.7384551644697435,-0.6741975764988685,-0.011899408011187352,-0.0008701455223323777,-0.016694188999502133,0.9998602626869513,-0.6743020175816874,0.738362329684215,0.011741260092699764,-90.92317975315659,-42.39186837253121
347,images/frame_00022.jpg,frame_00022.jpg,2.5569545429680822,-0.2056183362762961,-1.9353618463755637,-0.737849271716942,-0.6748627925083593,-0.011775462394209237,-0.00043720237428138066,-0.01696815504278602,0.9998559339067443,-0.6749653762089298,0.7377481216528192,0.012224889237725899,-90.91431550048759,-42.44349616165735
348,images/frame_00023.jpg,frame_00023.jpg,2.5547864563970415,-0.20094111186448152,-1.937034901407656,-0.7371943083174367,-0.6755818558371104,-0.011563124493910946,-8.957762054518691e-06,-0.017103522487987396,0.9998537230206535,-0.675680804599431,0.737086578077629,0.012602567741413244,-90.89862862356854,-42.49935096448116
349,images/frame_00024.jpg,frame_00024.jpg,2.5375803664965346,-0.20752927000538707,-1.9357984048851709,-0.7367217211625893,-0.6761063340053609,-0.011014930097965956,0.0006607657833425718,-0.017009357971216412,0.999855111068592,-0.676195731246369,0.736607700787358,0.01297791142481502,-90.85658121411106,-42.54012242831313
350,images/frame_00025.jpg,frame_00025.jpg,2.530357922283508,-0.19729027219703077,-1.9383999086717472,-0.7364024193991234,-0.6764675531989474,-0.010155007245034417,0.0014201134554165343,-0.016555679771979588,0.9998619358416749,-0.6765422810001538,0.7362863280927582,0.013152303326485718,-90.79006011276307,-42.56821808433796
351,images/frame_00026.jpg,frame_00026.jpg,2.533198761024954,-0.19906536846353243,-1.9381931053118102,-0.7365256969932777,-0.6763393118188374,-0.009748382275420795,0.0018060849562034976,-0.01637829794743518,0.9998642344906011,-0.6764071508534614,0.7364080965366733,0.013284563580947872,-90.75830151172025,-42.558242011906316
352,images/frame_00027.jpg,frame_00027.jpg,2.6295612728242697,-0.11994930311124959,-1.9337284872352833,-0.736933861161495,-0.6758887880572515,-0.010140436485200112,0.0017400285187753484,-0.01689813379041364,0.9998557012765168,-0.6759626132963009,0.7368098786341705,0.013628872760962049,-90.78835778557648,-42.52320778648661
353,images/frame_00028.jpg,frame_00028.jpg,2.7229832847324555,-0.05776927979545188,-1.934340977017557,-0.7371563164138206,-0.6756553833550608,-0.009506109326785809,0.0023796266732375934,-0.016663701043780933,0.9998583181853414,-0.6757180629138925,0.7370292545149407,0.01389156006529454,-90.73882532508848,-42.50506518493347
354,images/frame_00029.jpg,frame_00029.jpg,2.767300858120853,-0.1055892772730505,-1.9354089882257466,-0.7375104195917312,-0.6752739316558624,-0.009137626588025157,0.0027956061943742163,-0.016583082117502087,0.9998585819872179,-0.6753299664457623,0.7373805778656759,0.014117995850957691,-90.70984848115926,-42.47542618347784
355,images/frame_00060.jpg,frame_00060.jpg,2.61822608729681,0.899649173276468,-0.06241568752654309,-0.7350766145472653,-0.6779308711337592,-0.00849133143586312,0.005304716173394014,-0.018274970508337148,0.9998189253256007,-0.6779632945315336,0.7348984674203246,0.017029734325795663,-90.66183008071962,-42.68216483977973
356,images/frame_00061.jpg,frame_00061.jpg,2.623000355420544,0.899886096694096,-0.06229856928479628,-0.7349586852467807,-0.678058507477891,-0.008508197058051314,0.005005155153065696,-0.017970866223842343,0.9998259820534062,-0.6780934134779791,0.7347882051339826,0.016601632262005575,-90.6632508979411,-42.692113627914885
357,images/frame_00062.jpg,frame_00062.jpg,2.6271645292314063,0.8977555725355433,-0.061522877026016866,-0.7347341023250155,-0.6783020692974702,-0.008491152302476162,0.004795905178663407,-0.017711044084236675,0.999831643933599,-0.6783382608803449,0.7345696833549669,0.016265980499578222,-90.66212461243789,-42.71110280833678
358,images/frame_00063.jpg,frame_00063.jpg,2.62648555648038,0.8938979239121204,-0.008285219952681635,-0.7344333800247133,-0.6786297084810771,-0.00832628803029841,0.004860447402690529,-0.01752735736685593,0.9998345692137176,-0.6786633807393181,0.7342714133824243,0.01617112033398765,-90.64953573613447,-42.73665620837146
359,images/frame_00064.jpg,frame_00064.jpg,2.6258791353611715,0.8928460270085833,0.03437778334873824,-0.7343500826884725,-0.6787220089151355,-0.008147924253236686,0.004916053403227204,-0.017321830401367044,0.9998378791636586,-0.6787531115761977,0.7341909743423363,0.016056921245389,-90.63569478174813,-42.74385685132128
360,images/frame_00065.jpg,frame_00065.jpg,2.62871896068566,0.8874098228816758,0.03458495644358418,-0.734615571257365,-0.678432933837768,-0.008289436078173843,0.004934102617354069,-0.01755917961807905,0.9998336500851037,-0.6784656329524559,0.7344524678258075,0.016246704496740663,-90.64650078700198,-42.72130799905511
361,images/frame_00066.jpg,frame_00066.jpg,2.628390208342474,0.8915147691993589,0.03245410983614892,-0.7346360876941443,-0.6784140794093395,-0.008009589041871481,0.005212975561036241,-0.017449373533480243,0.999834157372656,-0.6784413324254658,0.7344725006577629,0.016355495537928953,-90.62465957335226,-42.71983757337243
362,images/frame_00067.jpg,frame_00067.jpg,2.627996626794886,0.8886487136580448,0.03310226562003176,-0.7346530145799242,-0.6783961118270557,-0.007978823632757955,0.005226541103791023,-0.01741931887843679,0.9998346106221278,-0.6784228986677263,0.734489809859704,0.0163428203054315,-90.62224606375476,-42.71843634377931
363,images/frame_00068.jpg,frame_00068.jpg,2.624103158545175,0.8945114541232785,0.03522183232157692,-0.7344688275259041,-0.6785953165386552,-0.007995984274983306,0.005067546520469309,-0.0172660262977257,0.9998380880463342,-0.6786235033985976,0.734309388955152,0.016120171442174442,-90.62374063604435,-42.73397340015771
364,images/frame_00069.jpg,frame_00069.jpg,2.6296975467303443,0.8912625364463771,0.03515846892165825,-0.7346460806402458,-0.678405914663971,-0.007781333360451796,0.005181034518495094,-0.01707874360373826,0.9998407230145389,-0.6784307562907533,0.734488753804889,0.01606167652823294,-90.60685124533279,-42.71920082920015
365,images/frame_00070.jpg,frame_00070.jpg,2.63134293253283,0.8897987889934159,0.12492669301239845,-0.7348831443037681,-0.6781475889911496,-0.007912633170937544,0.00532575786969753,-0.017437395266863113,0.9998337719588295,-0.6781728382361834,0.7347188460845399,0.01642609773749212,-90.61689123027594,-42.699058151770004
366,images/frame_00071.jpg,frame_00071.jpg,2.616556169614163,0.8876275654357516,0.15194845377918498,-0.7348226641841655,-0.6782213119020558,-0.007176509119319725,0.005822295510880992,-0.016887877907047294,0.9998404364971345,-0.6782342892218508,0.7346636302837178,0.01635840035210297,-90.55955080312619,-42.704805953107915
367,images/frame_00072.jpg,frame_00072.jpg,2.625292610673964,0.8872293909048542,0.23678648387526705,-0.7348094198196992,-0.6782367446801225,-0.007073380376269913,0.005858063330252845,-0.016774119061970606,0.9998421425523699,-0.678248330361569,0.7346519891046408,0.016298934515452817,-90.55152031842866,-42.70600923587738
368,images/frame_00073.jpg,frame_00073.jpg,2.612911890691369,0.8860142702261904,0.377177587217385,-0.734813857487628,-0.6782348040293862,-0.006792896832135684,0.006001372789912846,-0.016516020351846662,0.9998455893768667,-0.6782422696712351,0.734659628450453,0.01620654053936501,-90.52964873867069,-42.70585792343265
369,images/frame_00074.jpg,frame_00074.jpg,2.6259158252511736,0.8898738221998452,0.5150299242669487,-0.7346955043772102,-0.6783649016949675,-0.0066010602401482855,0.005988259824968797,-0.01621490375557672,0.999850596659554,-0.6783705879474622,0.7345462102853533,0.015975242196595473,-90.51477477829386,-42.71600244874775
370,images/frame_00075.jpg,frame_00075.jpg,2.6293518126399666,0.8921056669046437,0.5260667580756411,-0.7348493784265598,-0.6781953858993128,-0.006885315605038584,0.005668347460475236,-0.016292757042427906,0.999851195881179,-0.6782066490850455,0.7347010021858136,0.01581696949466849,-90.53682835209935,-42.70278457354527
371,images/frame_00076.jpg,frame_00076.jpg,2.620505422540913,0.8899313828323661,0.7053174023693088,-0.7348162697981006,-0.6782332540559348,-0.006685860655352658,0.005821032011871474,-0.01616296894034844,0.9998524251215026,-0.6782412279022277,0.7346689115021344,0.01582483004480958,-90.52130177738293,-42.705737072342
372,images/frame_00077.jpg,frame_00077.jpg,2.6092483603823267,0.8868158042804523,0.7182688449200644,-0.7347506380526995,-0.6783027691362811,-0.00684479825881376,0.005590014409549988,-0.016144804831948814,0.9998540368552999,-0.6783142705413562,0.7346051297527066,0.015654127920674298,-90.53374122751026,-42.7111573793036
373,images/frame_00078.jpg,frame_00078.jpg,2.61466891884488,0.881865960734784,0.7178123865661181,-0.7344685606442684,-0.6786016648077169,-0.007464043497448616,0.005024783015422451,-0.01643598407416532,0.9998522930829141,-0.678624110226556,0.7343225700928092,0.015481539700769072,-90.58224884218689,-42.73446860010262
374,images/frame_00079.jpg,frame_00079.jpg,2.6214969341625594,0.8845966888574551,0.7149283559885031,-0.734141646004523,-0.6789541141490926,-0.007573142134574955,0.00488867099978144,-0.016438526646553788,0.9998529260534004,-0.6789787496657207,0.7339966510289482,0.015387390313600572,-90.5910217656178,-42.761967797255714
375,images/frame_00080.jpg,frame_00080.jpg,2.6284499837129354,0.8848491686419915,0.7114092573265965,-0.7340230393585407,-0.6790819785609993,-0.0076053983806737635,0.0048038842156770505,-0.016390437382567243,0.9998541264898848,-0.6791075749741662,0.7338794301219286,0.015293189877220973,-90.59363482167976,-42.77194719493993
376,images/frame_00081.jpg,frame_00081.jpg,2.6284401027878457,0.885106007596446,0.7075816925274945,-0.7339721549772552,-0.6791373036261021,-0.007576050522006273,0.004916647663776533,-0.01646738305637052,0.9998523140299396,-0.6791617629797739,0.7338265095502768,0.015425679481402672,-90.59138524855872,-42.7762656330941
377,images/frame_00082.jpg,frame_00082.jpg,2.6369073630462454,0.8864037979496101,0.7051230328902219,-0.7340020615070165,-0.6791070017516515,-0.007392690669327298,0.005102717534935651,-0.016399485488483228,0.9998524976962712,-0.6791280689068954,0.7338560724335498,0.015502547377639389,-90.57704967782466,-42.773900360969094
378,images/frame_00083.jpg,frame_00083.jpg,2.6381853497708154,0.8876256600902387,0.7067127396158468,-0.7339564036898085,-0.6791598630927486,-0.007062283381598039,0.005320249647938696,-0.016146557883094145,0.999855480363143,-0.6791757434025502,0.7338127602000165,0.015464169593822602,-90.55129506610105,-42.77802661509073
379,images/frame_00084.jpg,frame_00084.jpg,2.637565916105778,0.8911083827430458,0.7371372996590184,-0.7338939552655891,-0.6792301778344814,-0.006784242298768585,0.005503900426223582,-0.015933564034843705,0.9998579032128745,-0.6792417592468293,0.7337523322321275,0.015431961611728114,-90.52963698143014,-42.783515674100826
380,images/frame_00085.jpg,frame_00085.jpg,2.6369593429035474,0.8947248823060051,0.7339921783848458,-0.7338547557561834,-0.679272318465191,-0.006805352375649652,0.005448018249011843,-0.015902966398981238,0.9998586963950814,-0.679284560807318,0.7337139844834888,0.015371155524941298,-90.53131330081717,-42.78680557894303
381,images/frame_00086.jpg,frame_00086.jpg,2.6362898437030395,0.8939445558445928,0.7313814927338577,-0.7341369425043728,-0.6789675207313929,-0.006786268650509764,0.005445310686716094,-0.015881342727120155,0.9998590548395853,-0.6789795992825236,0.7339965168480362,0.015356269504480132,-90.5296198235761,-42.7630140615635
382,images/frame_00087.jpg,frame_00087.jpg,2.6194729349959913,0.9099083772958433,0.7293313824308001,-0.7343921584537473,-0.6786930337087652,-0.006627337085063935,0.0054010315409566845,-0.015607804731935609,0.9998636023427113,-0.6787039004307693,0.7342561953614302,0.015127891902627331,-90.51703729785261,-42.74159631560788
383,images/frame_00088.jpg,frame_00088.jpg,2.547343649645982,0.9801273176299784,0.7309739425294679,-0.7345563957959974,-0.6785183225271939,-0.00630756609771477,0.0057614099106418175,-0.015532050736837427,0.9998627703618881,-0.6785231798185201,0.7344192531482212,0.015318389411850502,-90.49198133231627,-42.72796775803634
384,images/frame_00089.jpg,frame_00089.jpg,2.5378095686723605,0.9850379041305971,0.729978264015931,-0.7345622598936042,-0.6785125215199271,-0.006248398248492674,0.005742376810309089,-0.01542445397804487,0.9998645454900617,-0.678516992748575,0.7344268801998941,0.015226496356044405,-90.48736265598846,-42.72751529479546
385,images/frame_00090.jpg,frame_00090.jpg,2.5045858793069438,1.0186337901505986,0.7305727227758623,-0.7346800631092604,-0.6783872203253538,-0.005998513900374083,0.005845256281387171,-0.015171444809763962,0.9998678203849694,-0.678388558164698,0.7345478912648407,0.015111505206227121,-90.46779803913941,-42.71774293802072
386,images/frame_00091.jpg,frame_00091.jpg,2.48037684242065,1.0388646595281246,0.7322276917423649,-0.7348439658034066,-0.6782109306285115,-0.00585469882487241,0.005917637459285142,-0.015043216677095905,0.9998693320623981,-0.6782103843861593,0.7347133000075707,0.01506782342488886,-90.45648117294138,-42.70399654568727
387,images/frame_00092.jpg,frame_00092.jpg,2.415258970041486,1.1005057138097107,0.7327210783504544,-0.7349923332547986,-0.6780528383236505,-0.005533217681278739,0.006153269934872979,-0.014829391058344134,0.9998711039078724,-0.6780474948893886,0.7348635489681606,0.015071730894104164,-90.43132971178254,-42.69167170417291
388,images/frame_00093.jpg,frame_00093.jpg,2.3556266340871965,1.1605499214926118,0.7323722801689079,-0.7350649577901379,-0.6779757530108274,-0.005327678517376845,0.006250369709531364,-0.014633903409192201,0.9998733818586754,-0.6779678743919044,0.7349385860059412,0.01499446871719292,-90.41526690312408,-42.68566303699432
389,images/frame_00094.jpg,frame_00094.jpg,2.3187380845984715,1.1911418356520163,0.7307482511671983,-0.7351206909990833,-0.6779157276489299,-0.005275781577391818,0.006307380883844901,-0.014620989696962778,0.9998732127658324,-0.677906914414816,0.7349942114510175,0.01502406476557647,-90.41119075024275,-42.68098456601787
390,images/frame_00095.jpg,frame_00095.jpg,2.272340373108558,1.2327819268754938,0.7292657495517578,-0.7354719873190698,-0.677535347786675,-0.0051774866998941195,0.006198296126502377,-0.014369030200300571,0.9998775475508145,-0.6775267780642078,0.735349836112508,0.01476758393378497,-90.4033372328395,-42.65134534654927
391,images/frame_00096.jpg,frame_00096.jpg,2.248412202942573,1.2559012448249303,0.7311968635124612,-0.7355920479298798,-0.6774048276297446,-0.0051996659740483255,0.006272692914767651,-0.014486405573496761,0.999875389924743,-0.6773957413107369,0.7354677705769819,0.014905237220559071,-90.40499887704509,-42.64117846344623
392,images/frame_00097.jpg,frame_00097.jpg,2.238768277827773,1.2635910607344707,0.7335822834937946,-0.7353530437161943,-0.6776630937776746,-0.005350740976666843,0.00623413201567394,-0.014659718138246049,0.9998731050798988,-0.6776555428057381,0.735226374660062,0.015004709556745516,-90.41690106180735,-42.66129774522597
393,images/frame_00098.jpg,frame_00098.jpg,2.238368806085286,1.260430018701511,0.7337475773054306,-0.6852716610998586,-0.7282554313226716,-0.006839242828700116,0.00676435018847927,-0.01575498713444772,0.9998530001689853,-0.7282561308083634,0.6851246639330851,0.015722620984081073,-90.57181226292208,-46.740339400191374
394,images/frame_00099.jpg,frame_00099.jpg,2.233907795420654,1.2630260822777333,0.734851581992193,-0.6733320569736365,-0.7393056205855217,-0.007151113361420406,0.006435946888545244,-0.01553299681034439,0.999858641307729,-0.7393121922701528,0.6731908521220014,0.015216996416982534,-90.60848611937357,-47.672298647559145
395,images/frame_00100.jpg,frame_00100.jpg,2.237726947257382,1.25886001493283,0.7337382803051918,-0.604070016194032,-0.7968834864080283,-0.008724828108775545,0.007604035575979757,-0.016711009348005134,0.9998314451994046,-0.7968949693518596,0.6039018539934751,0.016154150084179697,-90.8274886306952,-52.833519379448745
396,images/frame_00101.jpg,frame_00101.jpg,2.2382075476821544,1.257162494129121,0.7319661499973877,-0.4998866139739923,-0.8660229188624046,-0.010847818889426169,0.008753046827743615,-0.01757604583999835,0.9998072138086729,-0.8660466242303865,0.4996952917705661,0.016366369221076676,-91.2431553203478,-59.999715250135615
397,images/frame_00102.jpg,frame_00102.jpg,2.2401385074178095,1.2617406526543682,0.7304389210603943,-0.4224114054178058,-0.9063285553570883,-0.011711204775221603,0.009486939467127071,-0.017340630061555253,0.9998046301796243,-0.9063545666859638,0.42221777590883275,0.015923164073056405,-91.58809812883781,-65.00281577945046
398,images/frame_00103.jpg,frame_00103.jpg,2.2428303907405422,1.263770396758164,0.7310359881339814,-0.28755561816856534,-0.9576654981411871,-0.013731647012875329,0.010950115256553528,-0.01762354201728274,0.9997847287004505,-0.9577013414606677,0.28734335286683943,0.015554296116524452,-92.73396919856214,-73.2687254411761
399,images/frame_00104.jpg,frame_00104.jpg,2.2432735897562774,1.2610438167401632,0.7324839276571591,-0.28697844209461126,-0.9578456582687687,-0.01323127766388421,0.010735877783785975,-0.01702733852047507,0.9997973838089,-0.9578768776315468,0.28677824652260153,0.015169793019696827,-92.63977977115631,-73.30461909222547
400,images/frame_00105.jpg,frame_00105.jpg,2.2430672818139663,1.2585721350427705,0.7348504489231863,-0.28649753768003033,-0.9579956024436673,-0.012790019619779264,0.010716059746552794,-0.01655295437373974,0.9998055629796272,-0.9580210462024245,0.28630477362435935,0.015008318797135831,-92.55614029338777,-73.33455002469948
401,images/frame_00106.jpg,frame_00106.jpg,2.245186973103962,1.258344087537512,0.7374994530944302,-0.28595325955894063,-0.9581626460193474,-0.01245291615725205,0.010608843728559567,-0.01616032787879927,0.999813129658534,-0.9581848380048392,0.2857677126199743,0.01478609622543236,-92.49358584799282,-73.3679558596171
402,images/frame_00107.jpg,frame_00107.jpg,2.1986794821280937,1.2704406771286718,0.7394637874932862,-0.2857016492874426,-0.958245681875089,-0.01182280686557486,0.010346379364040304,-0.015420623435826815,0.9998275625361135,-0.9582627604308175,0.28553006066016234,0.014320070911609506,-92.36964212978222,-73.38458588291424
403,images/frame_00108.jpg,frame_00108.jpg,1.9625483261505408,1.3421141504352643,0.7410530734562871,-0.28557546011364593,-0.9582899135567161,-0.011273693110106486,0.010820823819784952,-0.014987039259093036,0.999829133615393,-0.9582951342633128,0.28540467450570584,0.01464941696968037,-92.26069774036795,-73.39345099855939
404,images/frame_00109.jpg,frame_00109.jpg,1.8117120385534196,1.3871379399489834,0.7389446621577489,-0.2853212839061345,-0.9583708258263013,-0.01082234517875694,0.01094139452826779,-0.01454798533396617,0.9998343062770448,-0.9583694740735076,0.28515559669719936,0.014636763178118985,-92.17220945141351,-73.40967971839777
405,images/frame_00110.jpg,frame_00110.jpg,1.7107908049017626,1.415945441174907,0.7369054702684334,-0.2857254524410299,-0.9582554439906746,-0.010366672060203743,0.01098999538883509,-0.014093463094865605,0.9998402833949767,-0.9582484979527607,0.2855658879492239,0.014558084044583159,-92.077890257638,-73.38654205535718
406,images/frame_00111.jpg,frame_00111.jpg,1.4153272317751269,1.5038345708492733,0.7412110551775845,-0.28552203867098563,-0.9583201395217582,-0.009983667670864284,0.011402792239632704,-0.013813561775945992,0.9998395670507353,-0.9583043043638613,0.2853623901253636,0.014871601784469746,-92.00260921432884,-73.39951167075601
407,images/frame_00112.jpg,frame_00112.jpg,1.357305375055007,1.5199923877412023,0.7436133715583298,-0.284864031934695,-0.9585176373111893,-0.00981938253072282,0.011422596944953,-0.013637428475829426,0.9998417588916756,-0.9584998725033521,0.28470679217036987,0.014833573511313697,-91.97422784044642,-73.43916542687637
408,images/frame_00113.jpg,frame_00113.jpg,1.2707993520341005,1.5455204450872726,0.7438405542386419,-0.2850437096596153,-0.9584668114771586,-0.009563099931178357,0.011200716608562228,-0.01330703045240622,0.999848721001329,-0.9584490729981116,0.28489347524530556,0.014528600473303812,-91.92152925419842,-73.42895176419874
409,images/frame_00114.jpg,frame_00114.jpg,1.1835839685236904,1.5720692398757612,0.743936850680541,-0.2849485546226259,-0.9584966472335259,-0.009407255740441852,0.0111784960830021,-0.013136355280280494,0.9998512266308787,-0.958477626470122,0.2848010031794831,0.014457736481253597,-91.89086889483514,-73.43494664153809
410,images/frame_00115.jpg,frame_00115.jpg,1.1534109672689445,1.5838015645155665,0.7453764382453885,-0.2851981721311399,-0.9584231933634053,-0.009326469650907403,0.010989182025405601,-0.012999698947716057,0.9998551113564812,-0.9584055709831142,0.2850543601672519,0.014239777321624465,-91.87300283990639,-73.42019139908143
411,images/frame_00116.jpg,frame_00116.jpg,1.0086067634056743,1.6276868787563061,0.7485683798353885,-0.2850710372752569,-0.9584633919640662,-0.00907898516057632,0.011062250825991448,-0.012761277800315877,0.9998573770271268,-0.9584425534759357,0.2849299458702788,0.014240633163171446,-91.82414800071771,-73.42826481849902
412,images/frame_00117.jpg,frame_00117.jpg,0.837394659659223,1.6762303161599457,0.7484506527971678,-0.28572667952645087,-0.9582719396213045,-0.008669044999968544,0.011062633095235466,-0.012343827386699494,0.9998626135997123,-0.9582472962423578,0.2855915223879554,0.014127971699467435,-91.73784039285293,-73.38984802572534
413,images/frame_00118.jpg,frame_00118.jpg,0.47164588480273406,1.7805902447771476,0.753253396631853,-0.28509661068164405,-0.9584615672870408,-0.008446573950921748,0.011674800074291268,-0.01228406778510215,0.9998563890488856,-0.9584276809551489,0.2849570559089918,0.014691993282576239,-91.69700900154078,-73.42789827060827
414,images/frame_00119.jpg,frame_00119.jpg,0.3978610092418797,1.8009445095002374,0.7518508931620723,-0.2839736542202128,-0.9587972012937557,-0.008178538994249416,0.011522810875854175,-0.011941615507623357,0.9998623008437648,-0.9587628416549832,0.28384031181340247,0.014439143026237944,-91.64968215881248,-73.49545480242573
415,images/frame_00120.jpg,frame_00120.jpg,0.3209609579439665,1.8303581160728895,0.7527481235001268,-0.2841222406495895,-0.9587533476393715,-0.00815896798346439,0.011695014010406372,-0.011974548602536645,0.9998599076035912,-0.958716734502717,0.2839870183231339,0.014614869427501453,-91.64487649765731,-73.48661266533514
416,images/frame_00121.jpg,frame_00121.jpg,0.20929153645546453,1.8620800424962451,0.7501441765432367,-0.2840510992177008,-0.9587748408778284,-0.008110211644024805,0.011409371163011647,-0.011837982554492059,0.9998648340744384,-0.9587412566917524,0.28392017305703116,0.01430160999275763,-91.63546168195728,-73.49094573485289
417,images/frame_00122.jpg,frame_00122.jpg,0.19279757175916196,1.8719986642361937,0.7501043568184422,-0.2838906851681748,-0.9588191345217808,-0.00848198972220375,0.01116457263722907,-0.012150730643024608,0.9998638457623461,-0.9587916505646951,0.28375733474175435,0.014154285135030031,-91.71135478457828,-73.49987888966713
418,images/frame_00123.jpg,frame_00123.jpg,0.022961354029546122,1.9147556205727034,0.7498609209573869,-0.28459682421243776,-0.95861101138248,-0.008341133283520808,0.010886362364520114,-0.011932128017945335,0.99986954620862,-0.9585854853703258,0.2844688931627183,0.013831632590363909,-91.67877826549248,-73.45794530906593
419,images/frame_00124.jpg,frame_00124.jpg,-0.2347777737001485,1.9907519210425655,0.7559316862285617,-0.28374419095473585,-0.9588640465235553,-0.008304961403619714,0.011378383973063327,-0.012027120465125885,0.9998629299816445,-0.95883250074119,0.28361080137715244,0.014322948879525507,-91.6765221665532,-73.50894155850919
420,images/frame_00125.jpg,frame_00125.jpg,-0.23280058196424006,1.9841598418805217,0.7567188243100123,-0.2828740670557286,-0.9591143392675853,-0.009052314546820619,0.010653506214260951,-0.012578985327950508,0.9998641257358231,-0.959097890203442,0.2827391931434739,0.013776199326501953,-91.83290919256866,-73.55953639683106
421,images/frame_00126.jpg,frame_00126.jpg,-0.24336927457385815,1.9888445317907106,0.7540750051640156,-0.11231460172878435,-0.9935963644309902,-0.01231636423720404,0.012594450670097058,-0.013817232763939275,0.9998252156707519,-0.9935928784219535,0.11213985316677583,0.014065677406755314,-96.25802239253177,-83.51241647548215
422,images/frame_00127.jpg,frame_00127.jpg,-0.25142164173072024,1.9974156754505614,0.7522542353631785,0.17787054951176307,-0.9839198705232847,-0.01624050509762716,0.014693359840397465,-0.013846329585389347,0.9997961703935525,-0.9839441908934592,-0.17807292199111965,0.011994234471635968,95.21693713478065,-79.71116782162453
423,images/frame_00258.jpg,frame_00258.jpg,-2.347764317274562,-3.9875027350783494,0.8073819386482161,0.6099684519113745,0.7924227879159287,-0.0021472923388302797,0.004666576825471415,-0.0008823528710750012,0.9999887211934657,0.7924119564554623,-0.6099715933098508,-0.004236109237109207,90.20169941541104,52.41250473337022
424,images/frame_00259.jpg,frame_00259.jpg,-2.229731422167414,-3.8216429636154774,0.8181090975566656,0.6097491208411748,0.7925923182866039,-0.0018505746353676437,0.004794935395064938,-0.0013539823102652416,0.999987586586184,0.7925799746574296,-0.6097504257685845,-0.004626018488753763,90.17389084642748,52.428431899469665
425,images/frame_00260.jpg,frame_00260.jpg,-2.194661613748911,-3.7520853128438714,0.815348672607467,0.6101312917878216,0.792298679656695,-0.0016146193304130627,0.004510252165171366,-0.0014353737627260039,0.999988797601037,0.7922874872208516,-0.6101317398041338,-0.004449233287883619,90.15162418063622,52.400848563502215
426,images/frame_00261.jpg,frame_00261.jpg,-2.0149998889996823,-3.5056307766293777,0.8149392877244391,0.6096789330028097,0.7926476702723513,-0.0011258172005951673,0.00457464702551672,-0.002098363546821938,0.9999873336572904,0.7926352687441729,-0.6096763614264858,-0.004905411360277972,90.10580077035488,52.433633395602975
427,images/frame_00262.jpg,frame_00262.jpg,-1.7200825531319848,-3.1050151630196545,0.8250250620900238,0.6098945853432645,0.7924822575794835,-0.0006813154135018963,0.004438404763282618,-0.0025560856877606735,0.9999868824085215,0.7924701214128673,-0.6098896095587152,-0.005076299852572691,90.06400529273557,52.4180911787246
428,images/frame_00263.jpg,frame_00263.jpg,-1.7083706788930137,-3.0863418816827575,0.8156915026157037,0.6100920588195369,0.7923303904643579,-0.00047969984057918367,0.00391710855452018,-0.0024107393578285357,0.9999894212422052,0.792320852954099,-0.6100874844498507,-0.004574417093163568,90.04505020223918,52.403826529750695
429,images/frame_00264.jpg,frame_00264.jpg,-1.7112179125378062,-3.096980590761425,0.8152282690824245,0.6094011186561308,0.7928619505672442,-0.0004493588332880863,0.00418219864775712,-0.0026477285295446688,0.9999877482990002,0.7928510476723397,-0.6093955323731367,-0.004929434910252108,90.04224862603597,52.45377537761176
430,images/frame_00265.jpg,frame_00265.jpg,-1.697630198360509,-3.075906374343801,0.8132974341819375,0.60930105181849,0.7929388663985651,-0.00042474396977652937,0.004209438132493991,-0.0026989172975501246,0.9999874971598545,0.7929278068547542,-0.6092952223675968,-0.004982280254105366,90.03994090085217,52.46100758161868
431,images/frame_00266.jpg,frame_00266.jpg,-1.684767261338637,-3.066879136239779,0.8513159648642291,0.6090641424311465,0.7931207815002779,-0.0005425467725020022,0.0044533036373490265,-0.002735785330294764,0.9999863406893817,0.7931084645187728,-0.6090582397694123,-0.005198276412382259,90.05103835518301,52.478117335192934
432,images/frame_00267.jpg,frame_00267.jpg,-1.6898736987005316,-3.0604090236007915,0.9230909140180166,0.6089908096110815,0.7931772103794201,-0.0003236417164962088,0.004438846178169847,-0.0030000602959398496,0.9999856470384099,0.7931648557858865,-0.6089835059941623,-0.0053478007827583805,90.03044923238782,52.48342602135914
433,images/frame_00268.jpg,frame_00268.jpg,-1.6819919912299122,-3.0612873101286517,1.0613457580544,0.6087034405094888,0.7933976820978265,-0.00048739481691008986,0.00454201534626309,-0.002870379682758959,0.9999855644043424,0.7933848307148967,-0.6086968678761812,-0.00535083444159264,90.04587728299035,52.504173587305104
434,images/frame_00269.jpg,frame_00269.jpg,-1.6871905554878395,-3.0678520118273362,1.0985685528298785,0.6085332168054935,0.7935283854724777,-0.00015327687696588128,0.004271858957499904,-0.003082805061595918,0.9999861226707096,0.7935169016885559,-0.6085254273753851,-0.005265830627694092,90.01443161641606,52.516478097397496
435,images/frame_00270.jpg,frame_00270.jpg,-1.6851029936079285,-3.066497089369893,1.094062955528084,0.6086451809565042,0.7934425065076091,-0.000174829480268712,0.00425517800159858,-0.0030437826024469652,0.9999863133301594,0.7934311155724855,-0.6086375951700586,-0.005228822717311833,90.01645784997858,52.50839300150033
436,images/frame_00271.jpg,frame_00271.jpg,-1.6818850982631601,-3.063992263913216,1.0896727208791446,0.6087003575944615,0.7934000265064851,-0.0005201960048494044,0.00444783747962672,-0.002756757385019049,0.9999863074214942,0.7933877295535452,-0.6086943372730099,-0.005206953585501596,90.04896502518787,52.50439426129246
437,images/frame_00272.jpg,frame_00272.jpg,-1.6783678714680033,-3.063842763340274,1.0886933752329722,0.6087193199667532,0.7933849333004633,-0.0010654158967815148,0.0048074718299662466,-0.002345646170224505,0.9999856919769643,0.7933710832352144,-0.6087157329623275,-0.005242015864025323,90.10028229756404,52.502973590676184
438,images/frame_00273.jpg,frame_00273.jpg,-1.6787271348176678,-3.060052582663647,1.0898265989903841,0.608759420696942,0.7933531634539313,-0.0016503788544675795,0.0051354879432666525,-0.0018603599248614457,0.999985081800991,0.7933382585482109,-0.6087588152122231,-0.005206767241023348,90.1553314956278,52.49998335632191
439,images/frame_00274.jpg,frame_00274.jpg,-1.630535395328688,-3.0975817801162844,1.090425348333531,0.6086123726096112,0.793465573113304,-0.001833627681920633,0.005245161111364011,-0.0017123240454780227,0.9999847769997697,0.7934503552153819,-0.6086127259845455,-0.005203996372498922,90.17262023289294,52.51056446656157
440,images/frame_00275.jpg,frame_00275.jpg,-1.64692622272463,-3.086461725965737,1.09513102906111,0.6086214121016058,0.7934581413189477,-0.002037818963592071,0.005475603188383938,-0.0016318235056067205,0.9999836763276538,0.793441864600785,-0.6086226360617288,-0.005337824660076,90.19184009531759,52.509864833844574
441,images/frame_00276.jpg,frame_00276.jpg,-1.605134111053328,-3.1167265558587074,1.0977281884586887,0.6082732134218156,0.7937245848374661,-0.002231425125470707,0.005493632413291292,-0.0013987725652126715,0.9999839305899962,0.7937087096891442,-0.6082756980678274,-0.005211266994788731,90.21018625454701,52.534954918623
442,images/frame_00277.jpg,frame_00277.jpg,-1.5109288739631686,-3.188345818759398,1.0977100369700368,0.6088131207876771,0.7933105738354616,-0.0022170696019620582,0.00535642666725896,-0.0013160381264981688,0.9999847872527902,0.7932955884474133,-0.6088157352471273,-0.005050531197030225,90.20864886977367,52.49597506486545
443,images/frame_00278.jpg,frame_00278.jpg,-1.1745059271498184,-3.442660074206266,1.097645097425821,0.609161828866235,0.7930428002417347,-0.0022318685202494023,0.004753919199034757,-0.0008373616125072504,0.9999883484710104,0.7930316919925665,-0.6091653419313001,-0.004280150129302915,90.20992135158723,52.47078210970743
444,images/frame_00279.jpg,frame_00279.jpg,-0.7863049279377616,-3.725004456090392,1.0973925819708534,0.6071484092623808,0.7945848520034687,-0.0023916723827466526,0.004600073150160151,-0.0005050188460932455,0.9999892910841487,0.7945751358161001,-0.6071529098362216,-0.0039617698362399405,90.22569774150256,52.616061444242206
445,images/frame_00280.jpg,frame_00280.jpg,-0.7875875035688414,-3.7268323942905943,1.1023511918790294,0.5723887738442793,0.8199779857672912,-0.0026818713724219225,0.005094742870349474,-0.0002857847095333328,0.9999869798763307,0.8199665439346459,-0.5723949852891057,-0.004341156960645813,90.2684517821481,55.0825901042999
446,images/frame_00281.jpg,frame_00281.jpg,-0.7947089906152027,-3.7186732769860806,1.094338461807823,0.34789917726188496,0.9375290697614761,-0.00232461022212024,0.0027203057859876193,0.0014700418434748332,0.999995218445273,0.9375280051267452,-0.34790383776147055,-0.002038939407157234,90.38283612411236,69.64065206899825
447,images/frame_00282.jpg,frame_00282.jpg,-0.7967999747669554,-3.7149388366396563,1.0926619453483057,0.22584220046758496,0.974160408320912,-0.0026071724133176076,0.0015412625020477062,0.0023190022601915806,0.9999961223616906,0.9741626778920752,-0.22584534329613892,-0.0009777083359712429,90.6614057959852,76.94670715031596
448,images/frame_00283.jpg,frame_00283.jpg,-0.8002099006361808,-3.708293508459799,1.0903249592674218,-0.003431821545003598,0.9999887916043081,-0.003261482276376294,-0.0011097310755265276,0.0032576910729476324,0.9999940769553655,0.9999934945277512,0.003435420589841204,0.0010985388239089526,-133.5421825669354,89.72872500562522
449,images/frame_00284.jpg,frame_00284.jpg,-0.7982504511807547,-3.7076868249541084,1.0916748071986515,-0.005162303471715843,0.9999815612199546,-0.0031977871986779162,-0.0010722033403073505,0.003192292886369797,0.999994328806981,0.9999860994048182,0.005165702878578149,0.001055703986591458,-121.77613098903808,89.65205997574355
450,images/frame_00285.jpg,frame_00285.jpg,-0.7925190921067224,-3.712267907515077,1.0956747275771903,-0.0053623991859382165,0.99998100518546,-0.003038411303254733,-0.0009102916221120547,0.003033572335825113,0.9999949833914398,0.9999852069126488,0.005365138130599578,0.0008940071063614091,-119.53650496912151,89.64685273553924
451,images/frame_00286.jpg,frame_00286.jpg,-0.7865133867230765,-3.7189242573828842,1.0981886726595247,-0.005463705280883636,0.9999821516800776,-0.002417073827123933,-0.0005877431480073775,0.0024138981938724084,0.9999969128219856,0.9999849001272948,0.005465109037498044,0.0005745438300448073,-113.8639899386715,89.65767631611155
452,images/frame_00287.jpg,frame_00287.jpg,-0.7766139555336998,-3.733041544690347,1.097665036156877,0.030377579701604082,0.9995373952958284,-0.001481909816316509,0.0004263852676355514,0.0014696353875819602,0.999998828183029,0.999538402887591,-0.030378175999532464,-0.0003815440540679289,92.7928466127268,88.25715246604369
453,images/frame_00288.jpg,frame_00288.jpg,-0.7722755709821577,-3.7434707210997598,1.101536066713957,0.12514694614559535,0.9921380189069441,-0.000625547628697569,0.0018118001430859018,0.0004019655413697107,0.9999982769004881,0.9921365617951357,-0.1251478639973846,-0.0017472510464056348,90.28639085186435,82.81066744085777
454,images/frame_00289.jpg,frame_00289.jpg,-0.7708775557567826,-3.746704359467185,1.1029167273261486,0.2831587203100088,0.9590729712506658,0.00041584710868962355,0.003388770996419644,-0.0014340977098659862,0.9999932287745213,0.9590670744757804,-0.28315539405100193,-0.0036561559444055914,89.91585543579534,73.55116371838479
455,images/frame_00290.jpg,frame_00290.jpg,-0.7709446868752228,-3.742106631080398,1.10806963882342,0.421610940742856,0.9067766404405876,0.0005805146037782522,0.005067163887529965,-0.002996191296826255,0.9999826721937984,0.9067626682302601,-0.42160069400914657,-0.00585801288365478,89.921109694961,65.0636398400404
456,images/frame_00291.jpg,frame_00291.jpg,-0.7738401592423382,-3.74163512741277,1.1078150436899468,0.5167099033817104,0.8561605352318203,0.00010797604514893262,0.005969603846818785,-0.0037288880600548466,0.9999752283050555,0.8561397301709432,-0.5166964595440909,-0.007037692620884149,89.98802699242843,58.88818317152242
457,images/frame_00292.jpg,frame_00292.jpg,-0.7762848601063501,-3.7434730269488248,1.1046294746338277,0.6182223553632501,0.7860030548088072,-0.0005613914308128505,0.007138379558517116,-0.004900407720565084,0.9999625130680905,0.7859708397048797,-0.6182031881472269,-0.008640329751267528,90.05202877333728,51.81354396684686
458,images/frame_00293.jpg,frame_00293.jpg,-0.7804056875218146,-3.7415542343283397,1.102438351940562,0.6389981080644469,0.7692073869739918,-0.0011881560087927672,0.00724173387441147,-0.004471279564319081,0.9999637808188605,0.769174215103802,-0.6389835690248232,-0.00842753438135174,90.106535912067,50.28276615505378
459,images/frame_00294.jpg,frame_00294.jpg,-0.7870886606291463,-3.742790054859923,1.0988040671036914,0.6399603128345087,0.7684067865467673,-0.0013440184628445372,0.006840645308894754,-0.0039481236052194965,0.9999688074593905,0.768377512404232,-0.6399495454400047,-0.007783040705002655,90.1203300747683,50.2110344576565
460,images/frame_00295.jpg,frame_00295.jpg,-0.7912721806133725,-3.737660474883742,1.0988252575870974,0.6407521686781746,0.7677464025224972,-0.001455248425465171,0.006564605935969373,-0.0035833157362777524,0.9999720315075015,0.767719715966134,-0.6407438015791477,-0.007335969927732887,90.13012745588226,50.15194684192598
461,images/frame_00296.jpg,frame_00296.jpg,-0.7935647571241861,-3.7274925423857477,1.0969008435685337,0.641379705988482,0.7672216526252827,-0.00173392302546038,0.006147063587587209,-0.0028788535232590487,0.999976961640438,0.7671989861537738,-0.6413755888286687,-0.0065625985173557505,90.15489456309238,50.10504705019718
462,images/frame_00297.jpg,frame_00297.jpg,-0.7838562929766596,-3.7365492693448057,1.0960945273710574,0.6418566819483805,0.766821797882169,-0.002080416057835225,0.005994988479854846,-0.002305033940533227,0.9999793722530778,0.7668011854133652,-0.6418559146033408,-0.0060765892873308296,90.18570912429162,50.069340633857884
463,images/frame_00298.jpg,frame_00298.jpg,-0.7866815689676915,-3.7408886144935476,1.0943830702284358,0.6422803334410871,0.7664663762727529,-0.0022946281007565285,0.0058351059296437545,-0.0018959590630050894,0.999981177261863,0.7664475995223652,-0.6422816340068788,-0.00569014972192941,90.20469558155146,50.03762433118002
464,images/frame_00299.jpg,frame_00299.jpg,-0.7714276195479978,-3.755654207693511,1.0931272066561515,0.6425456739491566,0.7662438238478785,-0.002336087371066232,0.0056670586985427445,-0.0017035016057614144,0.9999824901106951,0.7662264282409811,-0.642547662432337,-0.005436926319926139,90.20830792677803,50.01777536858286
465,images/frame_00300.jpg,frame_00300.jpg,-0.7831150173555786,-3.7452763689570174,1.0935535193446098,0.6426907458801333,0.7661211214288653,-0.0026515015775395263,0.0055526741610760644,-0.0011971912455737003,0.9999838661412404,0.7661055873505289,-0.6426951003654061,-0.005023444694815051,90.23637960996957,50.006835315140414
466,images/frame_00301.jpg,frame_00301.jpg,-0.7293511820440316,-3.790605581275714,1.0919088423890684,0.6424314654519303,0.76633762608531,-0.0029074117728491392,0.005570809433158978,-0.0008762426713926459,0.9999840980140835,0.766322892963237,-0.6424374467951822,-0.004832046744687042,90.2592981439782,50.026140384346185
467,images/frame_00302.jpg,frame_00302.jpg,-0.722971595630438,-3.7971262779218673,1.0891180000789915,0.6422439050640469,0.7664934903741192,-0.0032393860812870035,0.005647460883854478,-0.0005058272921937666,0.9999839240329396,0.7664795304466056,-0.642251875320618,-0.004653606504697031,90.2889892380244,50.04004313914893
468,images/frame_00303.jpg,frame_00303.jpg,-0.7054153952443314,-3.8207562946450073,1.0869414860963396,0.6421373259566949,0.7665824657420952,-0.003312979015161596,0.005571161580970009,-0.0003450684193181526,0.9999844204218508,0.7665693802727999,-0.642145779511596,-0.004492336098333015,90.29560348434421,50.047981353404225
469,images/frame_00304.jpg,frame_00304.jpg,-0.6632648858929127,-3.8668688313398527,1.0844567216295202,0.6418463369082479,0.7668262101945316,-0.0032925911006201226,0.0054079499796584095,-0.0002328167998789115,0.9999853488293491,0.7668142094891575,-0.6418547399178646,-0.004296390402292423,90.29391757509366,50.06973450151234
470,images/frame_00305.jpg,frame_00305.jpg,-0.6716172105719045,-3.876994333887247,1.0839891710773444,0.6417540194021103,0.7669026959118297,-0.0034686574353348853,0.005344255003567607,5.073754954385905e-05,0.9999857170800781,0.7668919190601062,-0.6417633913124595,-0.004065962547587859,90.30967861570997,50.07656255811386
471,images/frame_00306.jpg,frame_00306.jpg,-0.6829163815534052,-3.8743330166618972,1.0842487997920345,0.6415883274260584,0.7670415622524772,-0.003414364935393019,0.005166218264979627,0.00013002424848433222,0.9999866455520959,0.7670317635531606,-0.6415973993642539,-0.003879282092676644,90.30491024445288,50.08896196309621
472,images/frame_00307.jpg,frame_00307.jpg,-0.5989029757088697,-3.9472594163939645,1.0832361967197546,0.6414973037391548,0.7671179723206237,-0.003350199708896573,0.004966922918919606,0.00021364464022961705,0.9999876409399695,0.7671092079828741,-0.6415060162606911,-0.0036731633812419804,90.2992227054447,50.09578600265785
473,images/frame_00308.jpg,frame_00308.jpg,-0.4912675501549465,-4.044736823385939,1.0849098158241615,0.6420598335986863,0.7666483668087293,-0.0030740443612763454,0.0045016199410714995,0.00023961933572669525,0.9999898379486064,0.7666413134557342,-0.6420671477751231,-0.003297309628289673,90.27431777061602,50.0538617685391
474,images/frame_00309.jpg,frame_00309.jpg,-0.16823705958067783,-4.319440829410996,1.0855215170586185,0.6428969734592168,0.7659478894268704,-0.0027037380608228353,0.0037223067231668735,0.00040558813782623336,0.9999929889408831,0.7659436166909662,-0.6429025308557939,-0.0025903415947200145,90.24095908504951,49.991394320743176
475,images/frame_00310.jpg,frame_00310.jpg,0.0686970232245362,-4.5234694222874126,1.089910371263805,0.640984644863633,0.7675483659686174,-0.0028616337898728656,0.003630410456808276,0.0006964732142381793,0.9999931664991402,0.7675451147450272,-0.6409906542407364,-0.002340086980373167,90.25579153993256,50.134241822748905
476,images/frame_00311.jpg,frame_00311.jpg,0.020987149142185416,-4.4935159646419045,1.0946073809924444,0.3982026094995283,0.9172912396165416,-0.003385485270223232,0.0019482950697535652,0.0028449513602482484,0.9999940541813631,0.9172954180274135,-0.398206838181499,-0.000654286944777244,90.48711218740229,66.53323803163127
477,images/frame_00312.jpg,frame_00312.jpg,0.004073070121728055,-4.4862013763618664,1.0956746039607648,0.27718819020483026,0.9608106271627223,-0.003105469714394451,0.0006244290297182055,0.0030519752875673802,0.9999951467558386,0.9608154428917958,-0.2771887843654938,0.00024601345909452233,90.64188472098647,73.90650389371571
478,images/frame_00313.jpg,frame_00313.jpg,0.0077967919156781895,-4.493963096584279,1.0981472658876386,0.006155405720883902,0.9999688089317244,-0.004948751769867084,-0.003077995474683878,0.00496776851834174,0.9999829224640819,0.9999763171816966,-0.006140068372308696,0.003108478102583181,128.79818239045028,89.5474632185093
479,images/frame_00314.jpg,frame_00314.jpg,0.041526622878932204,-4.510574261475666,1.0984033671035072,0.004896825522283466,0.9999780866626197,-0.0044548057612798135,-0.002541632920369055,0.004467290742261941,0.9999867906205172,0.9999847794851192,-0.004885438362165599,0.0025634527705949957,132.29383774796233,89.62069140311752
480,images/frame_00315.jpg,frame_00315.jpg,0.06136596896421857,-4.515673004355032,1.0965286810664083,0.004939433307719019,0.999980566919552,-0.0038033908358296536,-0.0018666830173692385,0.003812651009598665,0.9999909885527927,0.999986057649361,-0.004932289076127161,0.0018854790792409903,127.59646913903411,89.6428018854513
481,images/frame_00316.jpg,frame_00316.jpg,0.2084135373475784,-4.517571313207857,1.0893228777606399,0.004328366674080606,0.9999858850785456,-0.0030810526792977326,-0.001864038407539159,0.0030891444671765156,0.9999934902524498,0.9999888942397059,-0.004322595301298986,0.001877383048623979,125.44432665718215,89.69557706135365
482,images/frame_00317.jpg,frame_00317.jpg,0.273943794547485,-4.51883058669867,1.0859639543861654,0.003563663492917703,0.9999897169124057,-0.0028043487579140994,-0.0016951080965891053,0.002810403345649526,0.9999946131062787,0.999992212425202,-0.003558890625114899,0.0017051059991524372,128.20021959300496,89.74016373190972
483,images/frame_00318.jpg,frame_00318.jpg,0.3191822602813378,-4.5274375473066835,1.0858336422158081,0.003024326992429441,0.9999929411704311,-0.0022291378498809464,-0.0010331473140456995,0.002232271436553947,0.9999969737808515,0.9999948920133894,-0.003022014815392957,0.0010398911410347802,126.39277865230474,89.78471972782222
484,images/frame_00319.jpg,frame_00319.jpg,0.5921831149737077,-4.5275810043700595,1.0840021936439725,0.002131411507154926,0.9999964464701036,-0.0016006661589603286,-0.0014165132786687368,0.0016036873646252802,0.9999977098358614,0.9999967242821941,-0.002129139263132985,0.0014199263641692201,126.90613885185553,89.84725473874448
485,images/frame_00320.jpg,frame_00320.jpg,0.5513785255858868,-4.5345930622595505,1.086793784735428,0.0009690034165190265,0.9999985699707993,-0.0013853117827098977,-0.0007518645395172985,0.0013860406004838725,0.99999875579481,0.999999246865763,-0.0009679606450423123,0.0007532065431595614,145.02782693172847,89.90310304380722
486,images/frame_00321.jpg,frame_00321.jpg,0.5397328683660239,-4.538632291719043,1.0873101526438598,0.0005395724666607821,0.9999994009309409,-0.0009513145182629968,-5.3318247275255705e-05,0.000951343424442326,0.999999545051323,0.9999998520093478,-0.0005395214992998025,5.383153410594287e-05,150.43869091727294,89.93728432559895
487,images/frame_00322.jpg,frame_00322.jpg,0.5488556886702386,-4.531617625389492,1.0864600095209402,-6.890085518981124e-05,0.9999998930882703,-0.0004550561725364971,0.0003639825750591285,0.00045508122218115485,0.9999998292088685,0.9999999303846763,6.873521097341507e-05,-0.00036401389199452495,-171.39014295749553,89.9735058304008
488,images/frame_00323.jpg,frame_00323.jpg,0.5444023557517608,-4.526306250772607,1.0884168603703912,-0.0008208788626973384,0.999999661777312,-2.4559197842735514e-05,0.00046019929954674554,2.49369715218005e-05,0.9999998927973703,0.9999995561871502,0.0008208674733921885,-0.00046021961458994295,-91.7136740047637,89.95287634032955
489,images/frame_00324.jpg,frame_00324.jpg,0.5437248278489492,-4.525413572108834,1.0878730946438195,-0.0014255946685133897,0.999998912623985,0.00037474082915614027,0.0002627611340412121,-0.0003743666057901603,0.9999998944031098,0.9999989483176608,0.0014256929867259597,-0.00026222715354600053,-75.27206210964174,89.91550567434625
490,images/frame_00325.jpg,frame_00325.jpg,0.5490128769835035,-4.526155019434535,1.0865909944822458,-0.0019040292377756752,0.9999979733521133,0.0006526594269433888,0.000449524583090671,-0.0006518046347367224,0.9999996855391342,0.9999980852983223,0.001904322027394112,-0.0004482826174290508,-71.07941076060341,89.88464754186364
491,images/frame_00326.jpg,frame_00326.jpg,0.5491498571416439,-4.532273992789244,1.0866589195288865,-0.0023471084337333653,0.999996816840499,0.0009248734345278619,0.0007333642814340957,-0.0009231544438563662,0.9999993039811095,0.999996975624842,0.0023477850715910723,-0.0007311952041689969,-68.49317809564647,89.85543373998901
492,images/frame_00327.jpg,frame_00327.jpg,0.5432391801379307,-4.528061394825487,1.0840333527095773,-0.0026139331523370576,0.9999958620874184,0.0012004838674656137,0.00047696381941506126,-0.0011992410772722493,0.9999991661628292,0.9999964689232608,0.002614503562727509,-0.00047382711024477274,-65.33241211519272,89.83517296904434
493,images/frame_00328.jpg,frame_00328.jpg,0.5414116073104485,-4.531640665551652,1.0832427476472721,-0.002782852217147658,0.9999953513506845,0.0012453957437711615,0.00016165158830311774,-0.0012449506959909757,0.9999992109829531,0.9999961137935995,0.0027830513444129174,-0.0001581863231951807,-65.89029404382056,89.82529666680105
494,images/frame_00329.jpg,frame_00329.jpg,0.5389007816310682,-4.526008372618122,1.0851174955155387,-0.002615741727509655,0.9999959681687578,0.0011043285035672332,-5.8230973285491647e-05,-0.0011044845972949908,0.9999993873612765,0.9999965762463232,0.0026156758214970683,6.111978501769025e-05,-67.11122895517173,89.83729947696386
495,images/frame_00330.jpg,frame_00330.jpg,0.5326840163107857,-4.466349143889857,1.0862918607496679,-0.0022362507833629556,0.9999964635614036,0.0014387658324377434,-0.00024399534463390545,-0.0014393150227067846,0.9999989334186999,0.9999974688211495,0.0022358973482904513,0.0002472131513535986,-57.243458117147206,89.84762250872652
496,images/frame_00331.jpg,frame_00331.jpg,0.5195498304462004,-4.321880678143587,1.085358846756975,-0.0019128679525903542,0.9999962025196341,0.0019834017512592402,-7.447017234821197e-05,-0.001983547826052849,0.9999980289941651,0.9999981666935143,0.001912716479958923,7.826415469634554e-05,-43.96289325257326,89.84209876156591
497,images/frame_00332.jpg,frame_00332.jpg,0.5106683330328977,-3.9033685895509653,1.0967996933795332,-0.0012117308980550072,0.999996198966345,0.0024762393044462767,0.0002925415644283098,-0.0024758865355835828,0.9999968911978157,0.9999992220635292,0.0012124515351558177,-0.00028954034454227326,-26.07450091439845,89.84202490497341
498,images/frame_00333.jpg,frame_00333.jpg,0.5091751108274254,-3.804840690661303,1.092965781971655,1.7566772181256766e-06,0.9999966770946201,0.0025775563296024126,9.290131749772937e-05,-0.002577556481680476,0.9999966727804293,0.9999999946831296,-1.5172129958473937e-06,-9.290553682309702e-05,0.03904868104184499,89.85229447591391
499,images/frame_00334.jpg,frame_00334.jpg,0.5077255679295154,-3.8192244844115204,1.089532385612191,-7.435460745633792e-05,0.9999976107569405,0.0021842508562277363,0.00010229459537756755,-0.002184243244781098,0.9999976083057716,0.9999999910036039,7.457786675497118e-05,-0.00010213194252399261,-1.9496665146573262,89.87475284106388
500,images/frame_00335.jpg,frame_00335.jpg,0.4938109316413166,-3.561856930277288,1.0950100789232484,-0.00047665476758414145,0.9999964002866322,0.002640116287266313,0.0004449284172434208,-0.0026399042493262396,0.9999964154657044,0.9999997864194453,0.0004778277222376396,-0.00044366849312591085,-10.234111404821252,89.84626536504825
501,images/frame_00336.jpg,frame_00336.jpg,0.4752303251566215,-3.1232542963939744,1.1042929389344407,-0.0001351535194877328,0.9999948576182605,0.0032038212435934,0.0006737773691946018,-0.003203729482709308,0.9999946400563646,0.9999997628787632,0.0001373114574586758,-0.000673340909732428,-2.415595949157203,89.81625312031359
502,images/frame_00337.jpg,frame_00337.jpg,0.47032166890274635,-3.059494319774567,1.0947486627188587,0.0005327975624639536,0.9999935941734526,0.003539172052581997,0.0003841416479986559,-0.0035393769622726135,0.9999936616028688,0.9999997832809523,-0.0005314346425280172,-0.000386024959058054,8.561189933418653,89.79491898908744
503,images/frame_00338.jpg,frame_00338.jpg,0.44532099839453726,-2.750225351371974,1.0999399879593519,7.616654327083515e-05,0.9999923289682638,0.003915891122758059,0.0007892307673941893,-0.003915950027059985,0.9999920201932521,0.999999684656677,-7.30753937937681e-05,-0.0007895229783466309,1.1142984100721207,89.77557832595475
504,images/frame_00339.jpg,frame_00339.jpg,0.42705527738565635,-2.2126738952548313,1.106238385044881,-0.00017668472728061914,0.9999900643278925,0.004453990121738002,0.001142463080125002,-0.004453785430756543,0.9999894282308426,0.9999993307800848,0.00018177137886556715,-0.0011416648142639077,-2.2716673910680365,89.74459075389464
505,images/frame_00340.jpg,frame_00340.jpg,0.4097160427539902,-1.6687518609943128,1.1206774702924303,0.0002958234840011029,0.9999889737505315,0.004686455571621883,0.0014684656102429915,-0.004686885125624032,0.9999879372855309,0.9999988770479784,-0.00028893801701496174,-0.0014698359107316486,3.611893619244431,89.73093826622238
506,images/frame_00341.jpg,frame_00341.jpg,0.3971801652778901,-1.6248996029279759,1.110607786441711,0.0005296263406575181,0.9999890695359337,0.004645245375310274,0.0013236717219565096,-0.004645943001274499,0.999988330485312,0.9999989826940385,-0.0005234713807537805,-0.001326117868727104,6.504474515883906,89.73210949171522
507,images/frame_00342.jpg,frame_00342.jpg,0.3837879521698664,-1.288166026494734,1.1124096251365034,-0.0004487862976503173,0.9999876014525331,0.00495918663380572,0.0015629633142927929,-0.004958479647962697,0.9999864842212914,0.9999986768673933,0.00045653125918793157,-0.001560718639655487,-5.170950738810738,89.71468573655244
508,images/frame_00343.jpg,frame_00343.jpg,0.3669480951214397,-0.7417788162295907,1.1126442043341163,-0.0010516051780276108,0.9999835282606245,0.005642280920197842,0.001755987483567952,-0.005640428763880217,0.9999825498834052,0.9999979043150575,0.0010614946031307787,-0.001750027057055411,-10.557620036133452,89.67114234366312
509,images/frame_00344.jpg,frame_00344.jpg,0.33836865126267085,-0.06347088037298244,1.114893640414742,-0.0010799702661632754,0.9999819252583831,0.005914458619504681,0.0017330634195251845,-0.005912581561224083,0.99998101775507,0.9999979140755286,0.001090199898873125,-0.0017266466842959306,-10.348109338416199,89.65551181354863
510,images/frame_00345.jpg,frame_00345.jpg,0.31411439053099466,0.6311097398051041,1.135446593212285,0.0006668097852726666,0.9999819603005156,0.005969291268506212,0.0016640522771295887,-0.005970393917701764,0.9999807914787595,0.999998392146072,-0.000656863764771399,-0.0016680033768808422,6.373897699064626,89.6558459121991
511,images/frame_00346.jpg,frame_00346.jpg,0.2979143941471356,0.7192148536749582,1.1227032586452066,0.004175113710485805,0.9999733704384821,0.005985385485227461,0.0006620286840974753,-0.005988200361195487,0.9999818504225242,0.999991064031837,-0.004171075441230521,-0.0006870124726800814,34.89775247521842,89.5818610717882
512,images/frame_00347.jpg,frame_00347.jpg,0.288077818737004,0.836278561104171,1.1252812043114921,0.004449569724063313,0.9999706684919581,0.006233898059579396,0.00044798998941029586,-0.006235952490063389,0.9999804549097502,0.9999899992671127,-0.004446690037342479,-0.0004757241550645263,35.51810914835735,89.5611603218052
513,images/frame_00348.jpg,frame_00348.jpg,0.2774045211616368,0.8104859695990131,1.120263340139217,-0.15553301335757408,0.9878171636197479,0.005170204459091551,-0.002385406793342054,-0.005609457004036524,0.9999814207406805,0.9878278137359481,0.15551779078406427,0.0032288015270447792,-88.09608361015651,81.04730610415469
514,images/frame_00349.jpg,frame_00349.jpg,0.25235587985348085,0.8343994544872052,1.1263930129922468,-0.803362281122482,0.5954672199738479,-0.005275718557638237,-0.012871847353630823,-0.008507044419919816,0.99988096478578,0.595351458228992,0.8033345617685413,0.014499001784890346,-90.37625871805388,36.54594632169676
515,images/frame_00350.jpg,frame_00350.jpg,0.24251611558151687,0.8410203588724086,1.1239031007448648,-0.9702139451340238,0.24197677656093472,-0.01149514126284518,-0.014490210804958716,-0.010601497798768136,0.9998388070260378,0.2418159061317125,0.9702241214531837,0.013792015519736857,-90.67881137642146,14.003240733257872
516,images/frame_00351.jpg,frame_00351.jpg,0.2353215853193548,0.8258569550469617,1.1194779810729758,-0.9871088991132155,-0.1591486730600113,-0.016962286247236565,-0.014576671264265486,-0.016145349595057385,0.9997633951797329,-0.1593848799176041,0.9871225990471958,0.013617360388852607,-90.98446257752477,-9.157485627528395
517,images/frame_00352.jpg,frame_00352.jpg,0.25100628783181905,0.824374825619263,1.1133763334448528,-0.8255219964572325,-0.5640012794918369,-0.02039578625196762,-0.011898804151516548,-0.01873761132135775,0.999753628841493,-0.5642444947228363,0.8255612979382818,0.00875736954972614,-91.41529212978372,-34.332967083248846
518,images/frame_00353.jpg,frame_00353.jpg,0.25435968798843994,0.8319618890890447,1.1143140182438076,-0.39248335754562275,-0.9194836417702976,-0.022508766437680863,-0.0067092008898905296,-0.021609687143317527,0.9997439702468763,-0.9197346349209288,0.39253388635683306,0.0023124421002271166,-93.28229514231023,-66.85071025038357
519,images/frame_00354.jpg,frame_00354.jpg,0.2523116625817901,0.828719841425947,1.1139000857018575,0.09821889714832724,-0.994936477849249,-0.02131786311751191,-0.0011174051882469416,-0.02153168405223882,0.9997675409751609,-0.9951642063743106,-0.09817224468659776,-0.0032265654469085824,102.24579399044624,-84.23170566603501
520,images/frame_00355.jpg,frame_00355.jpg,0.2633141310986424,0.8198709598742833,1.1157167868111502,0.37990687647558946,-0.9248182820752832,-0.019542475428750955,0.0027359904728594536,-0.02000292488248282,0.9997961769042119,-0.9250206903430288,-0.379882911086387,-0.005068954708664628,92.94470931402478,-67.64096941825387
521,images/frame_00356.jpg,frame_00356.jpg,0.27616044420801894,0.8210587076952506,1.1205886791586126,0.48674490639075857,-0.8733642200690876,-0.017729444598354505,0.0032883735378322365,-0.018463920182952134,0.9998241186583534,-0.8735379675218058,-0.4867175985667581,-0.0061152713170080685,92.08604845543648,-60.85196882517929
522,images/frame_00357.jpg,frame_00357.jpg,0.28079855630632905,0.8247361166475121,1.125302381675562,0.6284312896476497,-0.7776894590493773,-0.016529291433052845,0.005697907375097923,-0.016646733756852862,0.9998451970714132,-0.7778442299351052,-0.6284281896435864,-0.006030125865016872,91.50667279899793,-51.049508558092874
523,images/frame_00358.jpg,frame_00358.jpg,0.28304884442258604,0.8188756517599433,1.1288940258350413,0.6298056678736994,-0.7765898945461186,-0.01590454032696314,0.005716656199418494,-0.0158409250213342,0.999858181411927,-0.7767317030713121,-0.6298072711419875,-0.005537206933272967,91.44658812484654,-50.94940108661881
524,images/frame_00359.jpg,frame_00359.jpg,0.25646757836449,0.8443171722889563,1.130816074035303,0.630944854612146,-0.7756796009306549,-0.015157346024876228,0.0052667892646163506,-0.015254131453987173,0.9998697767231622,-0.7758098023158126,-0.6309425220839409,-0.005539174763046207,91.37616614404043,-50.86668822651065
525,images/frame_00360.jpg,frame_00360.jpg,0.20482717176090867,0.9083652765858709,1.13324475925746,0.631791929187848,-0.7750031348841573,-0.014460191313599755,0.004856520179443368,-0.01469690664200781,0.9998801993973591,-0.775122809898434,-0.6317864669766872,-0.005521568642272598,91.31113309849205,-50.80531679426418
526,images/frame_00361.jpg,frame_00361.jpg,0.1193839045386237,1.0042070012637931,1.1355044019759848,0.6328503286623294,-0.7741456579863859,-0.014105308674645885,0.004834303603076778,-0.014266459506494878,0.9998865413844827,-0.7742590580811145,-0.632846716317605,-0.005286078449109352,91.27682776008467,-50.72763906576094
527,images/frame_00362.jpg,frame_00362.jpg,0.019708700853872135,1.1271239399066035,1.137022966653081,0.6333104326066169,-0.7737765397005968,-0.013702574962047376,0.0046632053111606625,-0.013890118018186685,0.9998926528071235,-0.7738838081184058,-0.6333063470631033,-0.005188477786659912,91.2394825616205,-50.694240748436236
528,images/frame_00363.jpg,frame_00363.jpg,-0.0035998139682382607,1.165212436913729,1.1432962859237195,0.6343488447265844,-0.7729370412014843,-0.01303347738489422,0.004417258496256781,-0.013235393326035984,0.9999026503569648,-0.773034300029064,-0.6343446639660493,-0.00498159375853563,91.17704666433522,-50.618370184376765
529,images/frame_00364.jpg,frame_00364.jpg,-0.12475911737539042,1.3092227966735044,1.139989576821143,0.6349138700539512,-0.7724792703346526,-0.012655137943026059,0.004365866349417749,-0.012792618565948944,0.9999086388871962,-0.7725705888940722,-0.6349111148920521,-0.004749669714603504,91.1418714065061,-50.577050186917596
530,images/frame_00365.jpg,frame_00365.jpg,-0.266960854447694,1.479687108839776,1.1405581526848363,0.6346792613207268,-0.7726771116902701,-0.012341568755979401,0.004462127838015645,-0.012305905294448987,0.9999143223846937,-0.7727627855069974,-0.6346799538073231,-0.004362518836655543,91.11399684802207,-50.59490358815592
531,images/frame_00366.jpg,frame_00366.jpg,-0.3535144045144059,1.5888119975278827,1.1465147609089585,0.6337318697485685,-0.7734604752731662,-0.011950249168574161,0.004410779633608312,-0.011835180460337045,0.999920232581827,-0.773540212456991,-0.6337340291428881,-0.004088767334294002,91.08029552462284,-50.665661703516506
532,images/frame_00367.jpg,frame_00367.jpg,-0.5618937491879091,1.8214608933989913,1.1456415811982774,0.6330689548112458,-0.7740029767630159,-0.011961957038347308,0.004984802663131487,-0.011376326400963708,0.9999228614948397,-0.7740793552321408,-0.6330797494467888,-0.003343746967753441,91.08248572269657,-50.71472625590908
533,images/frame_00368.jpg,frame_00368.jpg,-0.6487956537877323,1.9236100030104204,1.1565081647812554,0.6329372846686865,-0.7741149033307664,-0.011683668834237248,0.005152021853053057,-0.010879412762487044,0.9999275438994413,-0.7741859262135007,-0.6329516196512505,-0.002897729076841966,91.05752798808477,-50.72485543427237
534,images/frame_00369.jpg,frame_00369.jpg,-0.8543521404936036,2.1637305672733227,1.1581239689285066,0.6324795481515773,-0.7744880616791535,-0.011741443115923005,0.005803122594776682,-0.010420111010096423,0.9999288689975339,-0.7745553194821703,-0.6325026969136217,-0.0020960579353360258,91.06352509398639,-50.758641511330474
535,images/frame_00370.jpg,frame_00370.jpg,-0.9525775718548379,2.289470822134574,1.1673470197282798,0.6322862191828018,-0.7746459705918707,-0.011736919412541827,0.006229677850778544,-0.010065446555079582,0.9999299354952438,-0.7747098335153576,-0.6323150362212063,-0.0015384483030452512,91.06344042214961,-50.77294606625413
536,images/frame_00371.jpg,frame_00371.jpg,-1.1484763208378577,2.5216004727389554,1.1725135203803163,0.6320716092792428,-0.7748215948157766,-0.011703629791007425,0.006947873008282018,-0.009436072768783686,0.9999313404386138,-0.7748788329821698,-0.6321095274854183,-0.0005809116559674882,91.06078482616574,-50.788860544936725
537,images/frame_00372.jpg,frame_00372.jpg,-1.417398429971231,2.8531785842662654,1.1694072392660437,0.6318868891019127,-0.7749692948127278,-0.011897456811046387,0.007556038687985724,-0.009190109831558886,0.9999292205754513,-0.7750237826418314,-0.6319320627874071,4.858806168592761e-05,91.07866382017167,-50.80224881903481
538,images/frame_00373.jpg,frame_00373.jpg,-1.4415600950740353,2.8841067368958853,1.1765600957031837,0.6318523717308997,-0.7750068870666027,-0.011265138142564265,0.007685399365595299,-0.008268807145033584,0.9999362777022293,-0.7750506518767842,-0.6318986863633539,0.0007315720329503562,91.02140393095974,-50.805656983341294
539,images/frame_00374.jpg,frame_00374.jpg,-1.5683931286720596,3.0344998806607517,1.1710046137030174,0.627135419571094,-0.7788320091152401,-0.01103925255197233,0.008007426500919549,-0.007725450845852292,0.9999380963489994,-0.778869080552194,-0.6271849942295707,0.00139153621335588,91.00845406727045,-51.153759307576465
540,images/frame_00375.jpg,frame_00375.jpg,-1.580803878496935,3.038800479043198,1.1696055827865364,0.44862416978609715,-0.8936643900244126,-0.010015502285437256,0.00590789891971051,-0.008240857781054784,0.9999485901752084,-0.89370098411834,-0.4486602771199239,0.0015826309056406068,91.27891170914916,-63.33738693256183
541,images/frame_00376.jpg,frame_00376.jpg,-1.5934593700285753,3.045437571302487,1.1679360905988305,0.3374596502420184,-0.9412784609067216,-0.010762968531388629,0.006642785103870568,-0.009052175822339782,0.9999369627726266,-0.941316554547193,-0.33750987414586037,0.0031979664549673264,91.82677750966394,-70.26737760648425
542,images/frame_00377.jpg,frame_00377.jpg,-1.5918280741149444,3.045120246665356,1.1679214471908645,0.26560717330123856,-0.9640133086950147,-0.011452866445409642,0.007278741439872402,-0.009874053273047516,0.9999247576668019,-0.9640538612618993,-0.26567055111707727,0.004394184244101108,92.46903976565943,-74.5822971830647
543,images/frame_00378.jpg,frame_00378.jpg,-1.5880189143205419,3.0514543953640008,1.1679669336649277,0.3344949720615146,-0.9423141907154031,-0.012533061953952882,0.009410565401644717,-0.009958566622975276,0.9999061286989079,-0.9423505467310919,-0.3345815161170604,0.005536618861836999,92.14578948839153,-70.44389856853759
544,images/frame_00379.jpg,frame_00379.jpg,-1.592555708362883,3.0646275133766654,1.1681776591453934,0.3337731021344018,-0.9425697250153494,-0.012562952521863681,0.010073698669978115,-0.009759900793180554,0.9999016266271467,-0.9425996153652328,-0.33386682348055446,0.006237571027222477,92.15554975522811,-70.48768555593956
545,images/frame_00380.jpg,frame_00380.jpg,-1.6114706502314793,3.1059966159344157,1.1683809672102876,0.33317798007426785,-0.9427790627844168,-0.012651891912576183,0.010674054829078376,-0.009646186250997033,0.9998965014661853,-0.9428035299823271,-0.33327854396307577,0.006849378564190017,92.17466916839122,-70.52362704499883
546,images/frame_00381.jpg,frame_00381.jpg,-1.6189557992169183,3.1296442203593813,1.1680933569777276,0.3320375172854131,-0.9431813691840629,-0.012648712939097561,0.011086303087733807,-0.009506438257986683,0.99989335407107,-0.9432010278825962,-0.3321423346333974,0.007299900375369231,92.18158362202355,-70.59287919535873
547,images/frame_00382.jpg,frame_00382.jpg,-1.634067274474685,3.16984950092766,1.16522593613085,0.3315965711887339,-0.9433387372943461,-0.012479531072262367,0.01148687068750437,-0.009189884196975485,0.9998917920606484,-0.9433513469422109,-0.3317040408984413,0.007788676008263899,92.15529118782678,-70.6200329282164
548,images/frame_00383.jpg,frame_00383.jpg,-1.672241330568977,3.2916298936698176,1.1626193301966405,0.3309995930753394,-0.9435452039656974,-0.012716739255412179,0.011967819205659912,-0.009277709040277506,0.9998853401357701,-0.9435550003510237,-0.3311138326743453,0.008221260504646992,92.20017587212318,-70.6557141603391
549,images/frame_00384.jpg,frame_00384.jpg,-1.7268009482900064,3.43978240982814,1.1668050082155577,0.3307646085997088,-0.9436294187886681,-0.012581402721552677,0.012171464745413415,-0.009065067078563388,0.9998848323706147,-0.9436347954287362,-0.3308796496544046,0.008486948847837062,92.17832834117885,-70.67028621445006
550,images/frame_00385.jpg,frame_00385.jpg,-1.7847407717862267,3.613848314920802,1.1652110552376016,0.33094036419953266,-0.9435647681270057,-0.012806314571756827,0.012436709178549313,-0.009208665185026109,0.9998802562058712,-0.9435697121083789,-0.33106000488573073,0.008687321610884138,92.2160544220492,-70.65909849000326
551,images/frame_00386.jpg,frame_00386.jpg,-1.8677584543990755,3.821130442547337,1.1660042096723728,0.33039320702601455,-0.9437542956212512,-0.012967507374251196,0.012940121998965718,-0.009208480863319062,0.9998738696069829,-0.9437546715082883,-0.3305193358589266,0.009169876207287169,92.24763181379913,-70.6919136617909
552,images/frame_00387.jpg,frame_00387.jpg,-1.9182638750019072,3.9552821691746076,1.1676923159314112,0.3310671266263392,-0.9435182496711874,-0.012956396289042875,0.013057768845266195,-0.00914847318048956,0.9998728909772729,-0.9435168521760293,-0.33119422696642087,0.009291484485905192,92.24114123195423,-70.65105237218575
553,images/frame_00388.jpg,frame_00388.jpg,-1.9240660783869044,3.9501055595510604,1.1666085659328358,0.33147572616066445,-0.9433741746799591,-0.013000288964717782,0.012985527553400232,-0.0092161241243885,0.9998732105273568,-0.9433743779859723,-0.3316025144703064,0.00919528991114962,92.24595672337244,-70.62615266677855
554,images/frame_00389.jpg,frame_00389.jpg,-1.9291855972442504,3.955808223392251,1.0992418886849378,0.33154571524378185,-0.9433489398420465,-0.013046624175478952,0.01290420461015799,-0.009293104940974885,0.9998735508572748,-0.9433508987682516,-0.33167214821181934,0.009092078623098448,92.25347813086854,-70.62179463192858
555,images/frame_00390.jpg,frame_00390.jpg,-1.938320445246587,3.9584868123065027,1.0564559800975422,0.3317279885298597,-0.9432849476015627,-0.013040216802281995,0.012840052417928457,-0.009307020345227218,0.9998742473062292,-0.943287693484781,-0.3318537102408391,0.009024429042942737,92.25113622869239,-70.61074744971934
556,images/frame_00391.jpg,frame_00391.jpg,-1.9387952902851298,3.9625563417928644,0.9742771440277842,0.3317994416743198,-0.9432599472421811,-0.013030749528985247,0.013070224582242764,-0.009215264462980606,0.9998721148878226,-0.9432594010843356,-0.3319273246202471,0.009270999755462627,92.24901963626968,-70.60643320261117
557,images/frame_00392.jpg,frame_00392.jpg,-1.935323387283878,3.95840989821626,0.8738828959969261,0.3316404886575805,-0.9433160921753553,-0.013012860022982365,0.012927101112752895,-0.009248295516336992,0.9998736705638684,-0.9433172713036595,-0.3317668115907,0.009127233269677277,92.24701055025567,-70.61612327947259
558,images/frame_00393.jpg,frame_00393.jpg,-1.9275985640594442,3.9639250713589207,0.7403495766200078,0.3314910927127363,-0.9433688944643422,-0.0129916284291374,0.012835161488426197,-0.009259643360775048,0.9998747499734141,-0.9433710362745308,-0.3316163234250629,0.009038802816853155,92.24435810454813,-70.62524070009074
559,images/frame_00394.jpg,frame_00394.jpg,-1.928634984783885,3.9604727949204044,0.6415276806332534,0.3310994318875263,-0.9435071639381039,-0.012938152929747333,0.01251176307260279,-0.009320480901299942,0.9998782838028755,-0.943512914584942,-0.3312210111590819,0.008718932169876953,92.23777064798907,-70.64913539044518
560,images/frame_00395.jpg,frame_00395.jpg,-1.9311032780278437,3.9589029193566767,0.4843793788144497,0.3309435067097294,-0.9435631747609018,-0.012842453106591,0.012652428244490378,-0.009171241759412033,0.9998778937370845,-0.9435657419735974,-0.3310655849823689,0.00890320246296656,92.22228063238767,-70.65882283837362
561,images/frame_00396.jpg,frame_00396.jpg,-1.9360239786212006,3.959224596720791,0.3353824902469826,0.3307608793882283,-0.9436263937567848,-0.012902235150989299,0.012605481412922503,-0.009252875496558313,0.9998777345922819,-0.9436304046101284,-0.33088307799071665,0.008834375739967235,92.23384645246682,-70.6697625972028
562,images/frame_00397.jpg,frame_00397.jpg,-1.9417582544659848,3.969510073948333,0.12081233515116707,0.3304886360160917,-0.9437192162186204,-0.013088178022020325,0.012847132057568081,-0.009367926615736008,0.9998735875843594,-0.9437225284277783,-0.330615004031328,0.009028092115519925,92.26787130643577,-70.68583589938679
563,images/frame_00398.jpg,frame_00398.jpg,-1.9295635256313357,3.972293962098197,-0.09639094839336788,0.3310181671400106,-0.9435309271843754,-0.013280077931281924,0.012970910513449693,-0.009522476975356178,0.9998705295750575,-0.9435352280141531,-0.33114756511085314,0.00908634235725174,92.29741041835271,-70.65324483371724
564,images/frame_00399.jpg,frame_00399.jpg,-1.9296245673667272,3.971769090385509,-0.30395607883746245,0.3313230202286713,-0.9434177418820059,-0.01371198631884734,0.013217962126860957,-0.009890319151846672,0.9998637232464669,-0.9434247928392409,-0.33145911345040946,0.009193169578782912,92.36986511418051,-70.6336789046662
565,images/frame_00400.jpg,frame_00400.jpg,-1.9314201281819794,3.9756278385039177,-0.3350941016700361,0.3315117799419599,-0.943347578155674,-0.013974424765899445,0.013407003692696654,-0.010100069650833063,0.9998591094974494,-0.9433558130481294,-0.33165242857677457,0.00929917240564333,92.41379602738171,-70.62155949665988
566,images/frame_00401.jpg,frame_00401.jpg,-1.9290105310587977,3.981016544465193,-0.3589620208585916,0.3315311880316137,-0.9433357909351009,-0.014305764684015298,0.013458735079181453,-0.010432870218843962,0.9998549973216443,-0.9433482558485043,-0.3316756529500536,0.009237284651909913,92.470813630939,-70.61952420041521
567,images/frame_00402.jpg,frame_00402.jpg,-1.9245552897826343,3.9833159660593163,-0.35723938597259425,0.3317544694032812,-0.9432543625289103,-0.014497503272169091,0.013516846354224748,-0.010613349272906247,0.999852313935337,-0.9432689250132138,-0.3319014347474118,0.009228798243859596,92.50220475108581,-70.60546958923143
568,images/frame_00403.jpg,frame_00403.jpg,-1.9162824359760946,3.9849259686204115,-0.36176529598800006,0.33200963995684507,-0.9431587298297012,-0.014873040097793019,0.013836415825568393,-0.010896267531097924,0.9998448994474056,-0.9431745069566012,-0.3321639349777684,0.009432270524997658,92.56496491973884,-70.58897579921276
569,images/frame_00404.jpg,frame_00404.jpg,-1.8690436252120384,3.9970584973933203,-0.3663873452685525,0.3320350312441257,-0.9431441693559954,-0.015225368189367679,0.014036779491396627,-0.011198935552709949,0.9998387623332053,-0.9431626078509593,-0.33219521015853865,0.009520267827221816,92.62544192842874,-70.58646573336476
570,images/frame_00405.jpg,frame_00405.jpg,-1.8147715346965527,4.013078850925353,-0.37116757658410965,0.3320822266636611,-0.9431258026920791,-0.015333395922826322,0.014278945088316609,-0.011227645532862268,0.9998350112408314,-0.943142356413532,-0.3322463818797878,0.009738340029009834,92.64366850491687,-70.58329996706125
571,images/frame_00406.jpg,frame_00406.jpg,-1.7866240590847788,4.030533952697959,-0.3745084261244968,0.3322653001251379,-0.9430593598978427,-0.015453544636197204,0.014509827435307435,-0.011271638078395483,0.9998311922933926,-0.9430743519153458,-0.33243343978020706,0.009938454374287668,92.66288799816967,-70.57185171062883
572,images/frame_00407.jpg,frame_00407.jpg,-1.6856400684269208,4.081925544025843,-0.3786869557281789,0.33216373695096146,-0.9430965023671963,-0.015370005775318439,0.014257293114434473,-0.011273195247917653,0.9998348076867255,-0.94311398009351,-0.33232800106470595,0.009701456618222342,92.64932215782275,-70.57825064953788
573,images/frame_00408.jpg,frame_00408.jpg,-1.6019026716015967,4.122301649360307,-0.37793556947212903,0.3323600376288565,-0.9430280927089977,-0.0153238294487735,0.01414403184264082,-0.011262033204381237,0.9998365421264307,-0.9430465257613643,-0.33252245182804346,0.009595169601790472,92.63981619277904,-70.56646654082527
574,images/frame_00409.jpg,frame_00409.jpg,-1.5671589491074072,4.134572114012589,-0.3777090623226714,0.22751467348664794,-0.9736752467900927,-0.013913487575593332,0.012839415565069321,-0.011287437832378589,0.9998538598990993,-0.9736900023910132,-0.22766006574591077,0.009933363395958315,93.4995217999546,-76.82419554519447
575,images/frame_00410.jpg,frame_00410.jpg,-1.541359855223099,4.133465039060887,-0.37767069876704007,0.11924383349449377,-0.9927806750039516,-0.01293976476739115,0.011644908426873036,-0.011633413556212379,0.9998645197209269,-0.9927967074286997,-0.11937836080181416,0.010173627229494274,96.19322753943999,-83.11113697730023
576,images/frame_00411.jpg,frame_00411.jpg,-1.4938776948523549,4.119121165754519,-0.3762404004434525,0.11652752328388391,-0.9930985960731608,-0.013285811787059428,0.012018965465196886,-0.011965942399261423,0.999856169002144,-0.9931147359628043,-0.11667044484364851,0.010541656108736948,96.50445466462963,-83.26470782059533
577,images/frame_00412.jpg,frame_00412.jpg,-1.451822442890575,4.12766498096867,-0.3760275817395281,0.11735971214401772,-0.992997624862542,-0.01350603505192788,0.01208905393107103,-0.012170502239237439,0.9998528549993226,-0.9930158864492173,-0.11750571855273821,0.010576075211519743,96.56485480574142,-83.21555904196765
578,images/frame_00413.jpg,frame_00413.jpg,-1.2469704533938266,4.142187175476437,-0.37453329576617017,0.11880579220064652,-0.9928177791883381,-0.014072635400417324,0.011527697027262342,-0.012792872703041597,0.9998517153104511,-0.9928505899382971,-0.11895040031685501,0.009925035195680781,96.75525213187152,-83.12888396102849
579,images/frame_00414.jpg,frame_00414.jpg,-0.7691986223840834,4.20426571514585,-0.3783285931538497,0.11939487932094893,-0.9927429505822964,-0.014362968394174334,0.011009939785644495,-0.013141696933543064,0.9998530267132383,-0.992785798658428,-0.11953546699981105,0.009360988798442254,96.85960609818154,-83.09313985828038
580,images/frame_00415.jpg,frame_00415.jpg,-0.14145024200819842,4.291429209306369,-0.38210222860101645,0.1206161742990649,-0.9925927897285193,-0.014535827338451173,0.010651855981253611,-0.013347791440095838,0.9998541755815327,-0.992642067646547,-0.12075341917572097,0.008962995914335765,96.87175197422003,-83.02196075586075
581,images/frame_00416.jpg,frame_00416.jpg,0.37864699331834467,4.35728306983263,-0.3855750128424078,-0.08318531306232643,-0.996461681064914,-0.012013320107627602,0.00802334629481181,-0.01272440839220898,0.9998868502712204,-0.9965017950836597,0.08307951372242053,0.00905344104138636,-98.21763300239668,-85.1786988689678
582,images/frame_00417.jpg,frame_00417.jpg,0.3417581395348275,4.330920238186375,-0.3819322713739838,-0.08006963001081463,-0.9967119785719113,-0.012413062522885546,0.008853570375332387,-0.013163685007545868,0.999874156926076,-0.9967499519144911,0.07994965395977596,0.00987847104423476,-98.81231913360536,-85.35245055295456
583,images/frame_00418.jpg,frame_00418.jpg,0.5714366257083714,4.308724973756878,-0.38290788854195285,-0.07797599123359428,-0.9968740903285415,-0.01271970214986988,0.008890446251963457,-0.0134533435574771,0.9998699743029417,-0.9969155945999538,0.07785276860052869,0.009911693329252909,-99.26467731014988,-85.46853074589704
584,images/frame_00419.jpg,frame_00419.jpg,1.0517905171818376,4.277561633304511,-0.3852333786099581,-0.07811969974810008,-0.9968581994514158,-0.013078252855326346,0.008439935260861566,-0.01377916196628134,0.999869441571398,-0.9969082595725942,0.0779991210334331,0.00948984267270513,-99.50392288008825,-85.45702123371845
585,images/frame_00420.jpg,frame_00420.jpg,1.5390461612538577,4.238373462846674,-0.3904231769323599,-0.12742385099389605,-0.9917676010475542,-0.012656449354561275,0.007511987036045731,-0.013725096835137077,0.9998775873913949,-0.9918199081731802,0.1273131777517367,0.009199050065035751,-95.67233240207176,-82.64302592324847
586,images/frame_00421.jpg,frame_00421.jpg,1.4942428543883102,4.23863954605214,-0.3874661751504454,-0.2716499145650701,-0.962331561911904,-0.011148401902735633,0.007322296410085828,-0.013650352961715798,0.9998800177217783,-0.9623682797620009,0.2715356897577467,0.010754594167687558,-92.3500766868653,-74.22391577066584
587,images/frame_00422.jpg,frame_00422.jpg,1.5191710632648456,4.2223270990060815,-0.38808367503776453,-0.2740536406300714,-0.9616441499160757,-0.011624499541556548,0.0078117552456975076,-0.014312772596969388,0.9998670506725227,-0.9616826797532463,0.2739263979115109,0.011434596181745579,-92.42885206871418,-74.07969268568928
588,images/frame_00423.jpg,frame_00423.jpg,1.4943800885561713,4.221395819040528,-0.39049052839614196,-0.2744535060572191,-0.9615219388096528,-0.012281376169897343,0.008652855718176105,-0.015240730229149492,0.9998464113202601,-0.9615614380271394,0.2743050844038599,0.01250278246514598,-92.56218953683754,-74.05418514304017
589,images/frame_00424.jpg,frame_00424.jpg,1.5026474787611042,4.218560463373069,-0.3943004774124493,-0.2745587825121065,-0.9614822501944571,-0.0130136661426821,0.008966467651472625,-0.016093152053350643,0.9998302910568587,-0.9615285099274616,0.2743955010891964,0.013039615741423502,-92.71370127317734,-74.04590999725875
590,images/frame_00425.jpg,frame_00425.jpg,1.5129979304861183,4.214703190297908,-0.3961551554829243,-0.2747289351593934,-0.961426172965658,-0.013554487183002624,0.009044924254512173,-0.016680375148107482,0.9998199600078749,-0.9614791726976804,0.27455687392874856,0.013278608626557277,-92.82455024399599,-74.03422491831815
591,images/frame_00426.jpg,frame_00426.jpg,1.5193093110863425,4.213826252707472,-0.3967538617012305,-0.275190314214435,-0.9612920173314556,-0.01370935364563539,0.009133479990261373,-0.016873410895550882,0.9998159158305179,-0.9613463832073371,0.27501444220180593,0.013423340664734107,-92.85198722359745,-74.00630401210104
592,images/frame_00427.jpg,frame_00427.jpg,1.5222980548983644,4.215065934585515,-0.3979710880451234,-0.27528421758082355,-0.9612647408030542,-0.01373665314953809,0.009247830378918765,-0.01693589347142796,0.9998138082391177,-0.961318404684003,0.27510592796441413,0.01355179746904801,-92.85668382313533,-74.0006329376458
593,images/frame_00428.jpg,frame_00428.jpg,1.521594512171331,4.2132882880450575,-0.3974922636489043,-0.27540250718579384,-0.9612275651449462,-0.01396513663724441,0.009325449424262543,-0.017197505318285414,0.9998086215890835,-0.9612837734138729,0.2752195701914123,0.013700115139663183,-92.90287349995378,-73.99290688172015
594,images/frame_00429.jpg,frame_00429.jpg,1.5166571333128758,4.218112288083634,-0.398512379540928,-0.27528890763263647,-0.961262527461199,-0.013797414009066172,0.00953891162302009,-0.017082460826320003,0.9998085800277798,-0.9613142173605247,0.2751045997998308,0.013872010290400263,-92.86924982195622,-74.00017284668138
595,images/frame_00430.jpg,frame_00430.jpg,1.5233111728299984,4.218454739121149,-0.4001280739305857,-0.2752425045900872,-0.9612768203821954,-0.013727208852216661,0.009645262124436272,-0.01703917444061394,0.9998082983517056,-0.961326443298803,0.2750573378957173,0.013961671969874578,-92.85515494787951,-74.003144166462
596,images/frame_00431.jpg,frame_00431.jpg,1.517551259460981,4.2095235169785665,-0.4038958548317176,-0.2752400855658354,-0.9612821715077625,-0.013397016049557994,0.009695521483675458,-0.01671009028968224,0.9998133664567953,-0.9613266303192018,0.27505882575156754,0.013919418640792106,-92.78661138861803,-74.00425673693435
597,images/frame_00432.jpg,frame_00432.jpg,1.496755623742568,4.145909506506671,-0.40450446125314415,-0.2754931987120491,-0.9612085362338826,-0.013477586375906347,0.00971600615460841,-0.01680357613828822,0.9998116007795511,-0.9612539179050492,0.2753103479713056,0.013968379008017413,-92.80077204835696,-73.98895359044563
598,images/frame_00433.jpg,frame_00433.jpg,1.4732951888828403,4.060109795585209,-0.4029741379227852,-0.2758071433496472,-0.9611224069728588,-0.013196078660166614,0.00992411171616032,-0.01657515906234416,0.9998133696389058,-0.961161760414943,0.27562471027967744,0.014109833425364522,-92.73924548417283,-73.97107195311553
599,images/frame_00434.jpg,frame_00434.jpg,1.4080319215781705,3.8365851609262913,-0.40535932970223965,-0.27549437885011097,-0.961215674590876,-0.01293337321809274,0.009971675520172599,-0.016310751629730398,0.9998172448345716,-0.9612509614607996,0.27531506370353265,0.014078451214813487,-92.68783715522211,-73.99043648581973
600,images/frame_00435.jpg,frame_00435.jpg,1.335347946058336,3.579934077478644,-0.39832947458839424,-0.2759265315617994,-0.9610930045583659,-0.012836813048732165,0.01019834862756318,-0.01628191926001156,0.9998154283618957,-0.961124622962884,0.2757446893308795,0.014294175046876835,-92.66362669403405,-73.96497204727373
601,images/frame_00436.jpg,frame_00436.jpg,1.3130301264790516,3.5281990003891153,-0.40046177581572895,-0.2760274437757707,-0.9610658428067155,-0.01270016034666968,0.01037778090798761,-0.01619281721293893,0.9998150290599427,-0.9610937258904771,0.2758445875142845,0.014443392712057824,-92.63434949505425,-73.95933900266841
602,images/frame_00437.jpg,frame_00437.jpg,1.282828711242411,3.438010062649517,-0.40040595850305527,-0.2760590440842196,-0.9610592450661389,-0.01251118108773913,0.010510739765691581,-0.0160348763144311,0.9998161856517223,-0.961083204789723,0.2758767989782471,0.014528016266200794,-92.59490752483497,-73.95797099554605
603,images/frame_00438.jpg,frame_00438.jpg,1.280032824233718,3.4274599061832136,-0.40318716285998313,-0.27625794090745576,-0.9610027892295105,-0.012457414606306547,0.010502478193224337,-0.01597969331046323,0.9998171559607808,-0.9610261422237031,0.27607659534050377,0.01450742802229934,-92.58191340699426,-73.94626981335058
604,images/frame_00439.jpg,frame_00439.jpg,1.2736473241595878,3.419925539962595,-0.40371974694741924,-0.2762210270361565,-0.9610142370239343,-0.01239267769274599,0.01064428540480615,-0.015952494166450323,0.9998160906477203,-0.9610351925977071,0.2760383164837352,0.014635724154045727,-92.568856897244,-73.94864184138557
605,images/frame_00440.jpg,frame_00440.jpg,1.2680172906043532,3.4219064172879716,-0.4036846089041024,-0.2761636827548902,-0.9610296078075832,-0.012478431169791434,0.010597535988374195,-0.016027375186339867,0.9998153896973239,-0.9610521892999524,0.2759804597464087,0.014610724825598652,-92.58714489828998,-73.95182726512252
606,images/frame_00441.jpg,frame_00441.jpg,1.2191141224601771,3.4375610715630738,-0.40387061592208673,-0.2760730306797734,-0.9610546373048324,-0.012556426488532831,0.010629895988930198,-0.016116371709124503,0.9998136155675206,-0.9610778766793819,0.27588810173294964,0.014665206430194382,-92.60414708657251,-73.95701566761868
607,images/frame_00442.jpg,frame_00442.jpg,1.1800934129153313,3.4496180798883,-0.40352797647208744,-0.276094379929789,-0.9610463806729325,-0.012717923047503766,0.010811953814130774,-0.01633698670508498,0.999808082843962,-0.9610697128855462,0.27590388736089755,0.014901339310236277,-92.63739008928198,-73.955303957283
608,images/frame_00443.jpg,frame_00443.jpg,1.179939504194571,3.450416598582014,-0.40293575412728944,-0.2760768200074497,-0.961047557181666,-0.013006932371883174,0.010644390240593424,-0.016589267369504338,0.9998057267112191,-0.9610766277519084,0.2758847350675561,0.01480967743484649,-92.69740742192536,-73.95554785243142
609,images/frame_00444.jpg,frame_00444.jpg,1.1491757978241732,3.4601834485869536,-0.40213332283916153,-0.27604507912432424,-0.9610557131621389,-0.013077786114562224,0.010560591348175243,-0.01663841694712126,0.9998057986388509,-0.9610866694537088,0.27585336191517845,0.014742269786948339,-92.7123907352582,-73.95723872033815
610,images/frame_00445.jpg,frame_00445.jpg,1.1418021036199464,3.4566023014867415,-0.401156222397772,-0.2761880343030728,-0.9610138943366747,-0.013132501652885641,0.010600927315294075,-0.016709206355153314,0.9998041912109774,-0.9610451540109136,0.27599473783903805,0.014802521315647498,-92.72231424685972,-73.9485708302818
611,images/frame_00446.jpg,frame_00446.jpg,1.13505103923378,3.4586406017489897,-0.40015512645075263,-0.27615177182125106,-0.9610252707545293,-0.013062384589636088,0.010481663218640806,-0.016601432960862167,0.9998072440024712,-0.9610568826329453,0.2759616266708651,0.014657658374223516,-92.70815599719113,-73.95092839683015
612,images/frame_00447.jpg,frame_00447.jpg,1.1258464185977994,3.458742808977341,-0.39817116772200445,-0.2762971620671132,-0.9609830110265172,-0.013096898566764645,0.010601559809768988,-0.01667409555963026,0.9998047706761896,-0.961013778862332,0.2761043734816184,0.014794924165526144,-92.71387422391707,-73.94217249579953
613,images/frame_00448.jpg,frame_00448.jpg,1.1180296676501629,3.4611408592135366,-0.39780095012523936,-0.2762918029725672,-0.960984978215691,-0.013065575148293618,0.010870553847022813,-0.01671870235022158,0.9998011372521957,-0.9610123145252755,0.27609482906333516,0.0150656793826438,-92.70744564565459,-73.94257997958529
614,images/frame_00449.jpg,frame_00449.jpg,1.134483095158241,3.4549089583128136,-0.3983459022690611,-0.2763083278836665,-0.9609809283068934,-0.013013891522270915,0.010999829728313927,-0.01670234318701212,0.9997999967383533,-0.9610060924302616,0.2761099150021318,0.015185623116460961,-92.69659057339425,-73.94174109199558
615,images/frame_00450.jpg,frame_00450.jpg,1.154870036127417,3.4498011327339304,-0.3986356957099921,-0.27607678776337924,-0.9610483030292221,-0.012952393713386728,0.011073200724505653,-0.01665562119333091,0.9997999662474385,-0.9610717920550832,0.27587813890795476,0.015240111177886687,-92.68611398331487,-73.95570247159829
616,images/frame_00451.jpg,frame_00451.jpg,1.2239282074520044,3.4224816816135095,-0.3976551487718642,-0.2763876084480842,-0.9609584435757212,-0.012990674227145825,0.011227837492507244,-0.016745020672783145,0.999796748318332,-0.9609806572255191,0.27618557529892007,0.015417601474102757,-92.69101583964006,-73.93708443903219
617,images/frame_00452.jpg,frame_00452.jpg,1.3432643186387754,3.386308167160738,-0.39887822598221007,-0.2765449396459633,-0.960911466757119,-0.013116684447393369,0.011115265037310999,-0.016846383337087337,0.9997963033796485,-0.9609367019941328,0.27634281322868137,0.015339567708943775,-92.7155364255949,-73.92735964311716
618,images/frame_00453.jpg,frame_00453.jpg,1.4337530988950973,3.3576523960295543,-0.3991007547397297,-0.27640905565859547,-0.9609473520340145,-0.01334985276095976,0.010855131788755442,-0.017011952697668392,0.9997963580546095,-0.9609787708704975,0.27620785304590484,0.015133467943589473,-92.76509143562271,-73.93478783266508
619,images/frame_00454.jpg,frame_00454.jpg,1.4739173159376662,3.3466711651545746,-0.3991700938981744,-0.2765963074350771,-0.960891508962196,-0.01349031940446472,0.010840833499767985,-0.01715706217946603,0.9997940335621134,-0.9609250527706678,0.27639309184877264,0.015162444920436747,-92.79225115750906,-73.92322986053671
620,images/frame_00455.jpg,frame_00455.jpg,1.4887496867785444,3.3405959115490425,-0.3998177591418272,-0.3988804847507888,-0.9169342977127962,-0.011218313728764567,0.009324910061105834,-0.01628891210393121,0.9998238421816229,-0.9169555076105537,0.3987056094669495,0.015047659029241805,-91.61099041601008,-66.48193384976415
621,images/frame_00456.jpg,frame_00456.jpg,1.483579800378543,3.334867191925002,-0.39900171426800685,-0.40621010236679544,-0.9137063727270979,-0.011576492260074426,0.009616913077756584,-0.016942841648640086,0.9998102085394626,-0.9137290986490539,0.4060216774443934,0.01566938822125666,-91.63241796019642,-66.0226777093345
622,images/frame_00457.jpg,frame_00457.jpg,1.4838313522569397,3.333353271583831,-0.3991371711638745,-0.40611160307290806,-0.9137495522573023,-0.011624095626439393,0.009759843610893257,-0.017056573751759934,0.999806889726482,-0.9137713659894598,0.4059197298006474,0.01584492525465846,-91.63952426634546,-66.02876642116134
623,images/frame_00458.jpg,frame_00458.jpg,1.4810723904275502,3.3280120649818663,-0.3995858015316689,-0.40603429594065854,-0.9137851125573689,-0.011528945679919111,0.009835694921439401,-0.016984687220928205,0.9998073701995898,-0.9138049067636844,0.4058426868486409,0.01588407712427342,-91.62642048509049,-66.03378184422318
624,images/frame_00459.jpg,frame_00459.jpg,1.4809971833910383,3.3225010252767557,-0.3974502501876584,-0.4062676925010794,-0.9136769051189921,-0.01187741899692257,0.010167225657707592,-0.017517787332238945,0.9997948552825264,-0.9136975361421709,0.4060635888369734,0.016406470326180513,-91.67459093470517,-66.0185233399908
625,images/frame_00460.jpg,frame_00460.jpg,1.483162655821016,3.3187366212800335,-0.39707286142803705,-0.4063217688477555,-0.9136497072347142,-0.012117368953383488,0.010289754275637207,-0.017835884835379383,0.9997879776077957,-0.9136721179489817,0.4061109351914331,0.016648339273377614,-91.70817426842156,-66.01468955914113
626,images/frame_00461.jpg,frame_00461.jpg,1.4888069125123793,3.312023071942911,-0.39700231130962926,-0.406307451272287,-0.9136530177831187,-0.012345693031100004,0.010205189662089819,-0.018047862246189882,0.9997850402823116,-0.9136794334691893,0.4060941218044687,0.016656983258637154,-91.74040258003858,-66.01515617921768
627,images/frame_00462.jpg,frame_00462.jpg,1.4921239490328149,3.3070747605627577,-0.39682266306420216,-0.40640722807383967,-0.9136048329414478,-0.012624270092458827,0.00981718467964894,-0.018182204073503495,0.9997864913770315,-0.9136393084003687,0.4061965222414623,0.016358406543349868,-91.77921265526251,-66.00836539316882
628,images/frame_00463.jpg,frame_00463.jpg,1.4840305925570683,3.3068523159425407,-0.39823418856646836,-0.40666796486728723,-0.9134860161734707,-0.01282429749422974,0.009159595407002655,-0.018113653758497772,0.9997939764568985,-0.9135301123458814,0.4064667167223399,0.015733405044116033,-91.8062270973327,-65.99162803103746
629,images/frame_00464.jpg,frame_00464.jpg,1.4755362720885157,3.2987849908101894,-0.3990308129783405,-0.4072452005432204,-0.9132183590679097,-0.013548922312368433,0.008525580189669014,-0.01863527868045723,0.9997899973849165,-0.913279069680753,0.4070441659695126,0.015374844169687856,-91.90551008152946,-65.95396413211905
630,images/frame_00465.jpg,frame_00465.jpg,1.4753627983118414,3.291664592022064,-0.3991635231961996,-0.40770677078450573,-0.9130029423031845,-0.014170899837295197,0.00816095467185409,-0.01916215333216944,0.9997830808222944,-0.9130764403243106,0.4075026837033133,0.015263515299005596,-91.99066114455633,-65.92369158977691
631,images/frame_00466.jpg,frame_00466.jpg,1.4453064199560326,3.304406460482852,-0.40150477927690564,-0.40767261925421355,-0.9130141600778665,-0.014428340435305229,0.007974440393936785,-0.01936020172696926,0.9997807704139416,-0.9130933368559934,0.40746818782133043,0.015173401160858108,-92.02696493934282,-65.92526714129178
632,images/frame_00467.jpg,frame_00467.jpg,1.336241175029211,3.3457172621098503,-0.3995208925042038,-0.4077840306391347,-0.9129620031296863,-0.014579547219708229,0.008094356914675548,-0.019581344609803687,0.999775499964572,-0.9130425311790459,0.40757447145853304,0.015374799948563236,-92.04763010802276,-65.91794245034627
633,images/frame_00468.jpg,frame_00468.jpg,1.2996782734951768,3.354766134348538,-0.39759003256436576,-0.4077297732477581,-0.9129821395704752,-0.01483384079221346,0.008156646733821101,-0.019886611840093178,0.9997689682039452,-0.913066207414003,0.4075145807144065,0.01555523653854711,-92.08359025175325,-65.92077007463976
634,images/frame_00469.jpg,frame_00469.jpg,1.346384486677363,3.3333642566206736,-0.39908633546363004,-0.4074299061906364,-0.9131158827809713,-0.014840962051594731,0.008124344288882413,-0.01987441243202566,0.9997694738090163,-0.9132003419684889,0.40721541024819935,0.015515897815649547,-92.08612253145142,-65.93955866063617
635,images/frame_00470.jpg,frame_00470.jpg,1.418034000240889,3.302534728068601,-0.40002428560383435,-0.4071017322253762,-0.9132633317573361,-0.014773776991279634,0.007916394928594873,-0.019702120667487395,0.9997745521529032,-0.9133485141557043,0.40689299736993956,0.015250520675493462,-92.07835953582509,-65.96028867320153
636,images/frame_00471.jpg,frame_00471.jpg,1.4872822657376958,3.2685073932984743,-0.39837128311367664,-0.40686969414975627,-0.913367230396753,-0.01474287691898497,0.007827061082086414,-0.01962428633247167,0.9997767863382099,-0.9134526737041724,0.40666348228394655,0.015133508495824994,-92.0751981253166,-65.97490600041975
637,images/frame_00472.jpg,frame_00472.jpg,1.5049962035837117,3.2641097932962153,-0.3965432319199221,-0.4064521989449635,-0.9135550258929163,-0.01462267549380415,0.007757043581680384,-0.019454039507901897,0.9997806592556675,-0.9136391170739547,0.40624961909227464,0.014993623301457032,-92.06040565496157,-66.00134788653453
638,images/frame_00473.jpg,frame_00473.jpg,1.4992003702342123,3.2613131376602325,-0.3944257500135258,-0.40615691002251925,-0.913697927998633,-0.013880158931502195,0.007898010358514916,-0.018698882949534232,0.9997939643790698,-0.9137692180596455,0.40596360199831244,0.01481107623435349,-91.95728578219178,-66.02148709484726
639,images/frame_00474.jpg,frame_00474.jpg,1.506940539302013,3.2575535257501813,-0.39436237290422554,-0.4058510437190516,-0.9138411309751164,-0.013390879369041406,0.008149787196181311,-0.018269914307159133,0.9997998745748402,-0.9139028992627243,0.405660690194809,0.014862474553645493,-91.88976386451493,-66.04168468326519
640,images/frame_00475.jpg,frame_00475.jpg,1.5200834915577868,3.2590740825544917,-0.39650930778082605,-0.405403999693654,-0.9140456363864284,-0.012968023570191162,0.008308038513046574,-0.017869586230427434,0.9998058073366142,-0.914099869559368,0.4052175347771644,0.014838328095304876,-91.83214707265633,-66.07055628210176
641,images/frame_00476.jpg,frame_00476.jpg,1.5093628441119553,3.265065982230955,-0.3997469294301334,-0.2746294927295275,-0.9614342006256184,-0.014930424993967621,0.010166987222223178,-0.018430041079520294,0.9997784574377617,-0.9614963713368583,0.27441685344232286,0.01483632208025834,-93.11186181559188,-74.03589716909316
642,images/frame_00477.jpg,frame_00477.jpg,1.5135788453881422,3.2629886429066786,-0.40143676515852833,-0.18754901075872832,-0.9821302453836867,-0.0156699606254071,0.011370200061437144,-0.018122691853793102,0.9997711161013481,-0.982189434434104,0.18732791341001973,0.014565910320430978,-94.77604298739392,-79.15209728028667
643,images/frame_00478.jpg,frame_00478.jpg,1.5189785354441572,3.2618606601012043,-0.3998235955898458,-0.18783893913495686,-0.9820849329942785,-0.015023825420891245,0.011454197306646015,-0.01748533809891728,0.9997815072882809,-0.9821330522432866,0.18762581202273315,0.014533421967850806,-94.57292419234538,-79.13831117343726
644,images/frame_00479.jpg,frame_00479.jpg,1.5207975908552658,3.2609953419564337,-0.400534745241882,-0.18802874816291923,-0.9820610014212053,-0.014190748812693858,0.011486268062317513,-0.016646211240288693,0.999795462730925,-0.9820963565303996,0.1878272907192221,0.014410182191449147,-94.31599718873565,-79.13103706321553
645,images/frame_00480.jpg,frame_00480.jpg,1.5155263828177046,3.2580525001680987,-0.3996240281949934,-0.1881659454424299,-0.9820410152061329,-0.013748433680407067,0.011544986638761265,-0.016209184870143833,0.9998019671961824,-0.9820693907556977,0.18796995711749676,0.014387667009599791,-94.17891727849573,-79.12496584610156
646,images/frame_00481.jpg,frame_00481.jpg,1.5168074704999086,3.2568489677371564,-0.3990292966239635,-0.1883322262439275,-0.9820116375554385,-0.013568871128141462,0.01126060698673442,-0.01597436722713615,0.9998089899185659,-0.9820408185448792,0.18814345935317178,0.014066535263702419,-94.12089873933418,-79.11604786400387
647,images/frame_00482.jpg,frame_00482.jpg,1.519240402000688,3.252990599185681,-0.4129320077928271,-0.18827353317594359,-0.9820241685269376,-0.013476169130118483,0.011154675581773191,-0.015858841885034218,0.9998120165044682,-0.982053281608545,0.18808781875241726,0.013939961221092536,-94.09411250307895,-79.11985092619229
648,images/frame_00483.jpg,frame_00483.jpg,1.5190910259580974,3.2604293746976736,-0.5306669027213151,-0.18778878098094892,-0.9821211154780362,-0.013171418673300721,0.010977412149257695,-0.0155077369310066,0.9998194859662338,-0.982148088711776,0.18761029456684106,0.013693327292831417,-94.01212891895264,-79.14931815214364
649,images/frame_00484.jpg,frame_00484.jpg,1.5018058477580591,3.2491718092731516,-0.5891570403450855,-0.18706775675712137,-0.9822626476460526,-0.0128741376885883,0.01076652500772249,-0.0151547884281801,0.9998271912320424,-0.9822880098632562,0.18689682027007137,0.013410527648831867,-93.93692914233705,-79.19247967701904
650,images/frame_00485.jpg,frame_00485.jpg,1.5049030788392614,3.250896246462397,-0.607352025793961,-0.1868577362409707,-0.9823033753396879,-0.012816520711805024,0.010506157992605835,-0.015043743274606114,0.9998316380433868,-0.9823308022510209,0.1866916243020668,0.013131274284003255,-93.92375628173875,-79.20493155165596
651,images/frame_00486.jpg,frame_00486.jpg,1.5031062400606747,3.251688674860554,-0.647097791610929,-0.18672208626444506,-0.9823298844973203,-0.012761603525198933,0.010269442110029349,-0.014941047687757782,0.9998356373188249,-0.9823590988329075,0.18656034175963923,0.012877803489909552,-93.9098252151694,-79.2130439554623
652,images/frame_00487.jpg,frame_00487.jpg,1.5041828574147096,3.2523635573978664,-0.740885332080478,-0.18695008053530207,-0.9822790082799837,-0.01332723828615449,0.01011496586862296,-0.015490457291172283,0.9998288509531954,-0.9823173381618185,0.1867832798336142,0.01283166089316183,-94.07758542694354,-79.1974799883956
653,images/frame_00488.jpg,frame_00488.jpg,1.5113469188403672,3.2507692748860992,-0.7900456382833302,-0.1872284315366984,-0.9822300339673762,-0.013025851095220631,0.010151188895006207,-0.015194268972294,0.9998330288375231,-0.9822639491441827,0.18706494209991517,0.012815601773996124,-93.97976756838388,-79.18251875100812
654,images/frame_00489.jpg,frame_00489.jpg,1.5085543861675177,3.247700883030867,-0.8309864733797601,-0.18780915277925028,-0.9821204967842567,-0.012924779633902555,0.010289907828177701,-0.015125593671294884,0.99983265210383,-0.9821516369325196,0.1876447287091636,0.012946654333709872,-93.93681331638585,-79.14912984822625
655,images/frame_00490.jpg,frame_00490.jpg,1.5155109025542233,3.2474966301647665,-0.8318254642055987,-0.18824729004508392,-0.9820370431609289,-0.012891921905674904,0.010392911724529328,-0.015117749208689631,0.999831705360832,-0.9820666694153549,0.18808162461708786,0.01305209963295846,-93.91772534832616,-79.1237596558595
656,images/frame_00491.jpg,frame_00491.jpg,1.515863947799717,3.2455979171003233,-0.831440877811364,-0.18867513041209596,-0.981955913803911,-0.012817039810525347,0.010429706817032086,-0.015054358557071738,0.9998322786868534,-0.981984172163528,0.188509807792489,0.013081895365333503,-93.88623437209559,-79.09915197022033
657,images/frame_00492.jpg,frame_00492.jpg,1.514747423221556,3.24642041872288,-0.8310619956124986,-0.18881877999015478,-0.9819276740412743,-0.012865040805312028,0.010440994668454533,-0.01510735213207588,0.9998313615514822,-0.981956440965363,0.18865261425024116,0.013104853421038027,-93.89778537266307,-79.09059931515309
658,images/frame_00493.jpg,frame_00493.jpg,1.3405284909777206,3.276133214585181,-0.8286236083050694,-0.18971815296238073,-0.9817558178855902,-0.012748901299272806,0.010450562676793096,-0.015003151754653977,0.9998328306157811,-0.9817829730527421,0.18955320489303978,0.013106270960733133,-93.84444861580792,-79.03869333414627
659,images/frame_00494.jpg,frame_00494.jpg,1.2924767223679332,3.2839746848625024,-0.8247426131036404,-0.1882458193939038,-0.9820363499949781,-0.012965985086306807,0.010769237775252915,-0.015265205082863498,0.9998254822875432,-0.9820628966611343,0.18807333357581213,0.01344939400952643,-93.94019239793928,-79.12354917582536
660,images/frame_00495.jpg,frame_00495.jpg,1.5663697917616506,3.2274564499364717,-0.8258784514953317,-0.18607227903239815,-0.9824470219885624,-0.013227016348909071,0.010058711859084463,-0.01536615464952666,0.9998313365798366,-0.9824845684749584,0.1859078488851178,0.012741366939341645,-94.06605198865752,-79.24896310273928
661,images/frame_00496.jpg,frame_00496.jpg,1.7979096673131105,3.18402485684428,-0.8294697143398851,-0.18938662937482423,-0.9818126506106786,-0.013289910265925674,0.009739586690538645,-0.01541256239398303,0.9998337818715414,-0.9818542881024355,0.18922571183981568,0.012481382678797202,-94.0140614421566,-79.05583169739218
662,images/frame_00497.jpg,frame_00497.jpg,1.7631334128316642,3.1856097152762515,-0.8278877314401261,-0.193559854879333,-0.9810000597672115,-0.013170547286236274,0.010047539701007305,-0.015405829501220955,0.9998308383738401,-0.9810370163888048,0.1933947805761746,0.012838587182592258,-93.89262217497155,-78.81325376994296
663,images/frame_00498.jpg,frame_00498.jpg,1.7592352401912896,3.181114537588922,-0.8261536518036987,-0.3008847855255592,-0.9535881293645889,-0.011748334953618421,0.009058670770955745,-0.015176485069268402,0.9998437941922756,-0.9536174727442349,0.30073136157688385,0.013204614383308638,-92.23603276855951,-72.47547132646018
664,images/frame_00499.jpg,frame_00499.jpg,1.7998854492970033,3.168542836637314,-0.8266604082259769,-0.3012105221819451,-0.953483440454936,-0.01189739908963825,0.009078760872897964,-0.01534387045095104,0.999841057238898,-0.9535144442680943,0.30105463360958695,0.013278183396259661,-92.26192823803616,-72.4555621457414
665,images/frame_00500.jpg,frame_00500.jpg,1.9434441388221382,3.1154148841301303,-0.8282046500665837,-0.3011547778661397,-0.9534977925150218,-0.012155551710080172,0.008794919758697842,-0.015524156328604129,0.9998408113078416,-0.9535347120869979,0.3009999306300012,0.01306111043902627,-92.31138275022889,-72.45829024973533
666,images/frame_00501.jpg,frame_00501.jpg,2.255597922292222,3.0207684890035176,-0.8310328898268434,-0.2993522244690592,-0.9540633325765528,-0.012304516989623945,0.00803691190356928,-0.01541671728202584,0.9998488540150958,-0.9541088259483193,0.2992080885624051,0.012282751579011245,-92.3537498660485,-72.56611979860872
667,images/frame_00502.jpg,frame_00502.jpg,2.5608918389706266,2.9290619329226195,-0.8338036714161109,-0.3039137209424763,-0.952620303880716,-0.012288403358894804,0.007680323155413433,-0.015347929274770848,0.9998527150051677,-0.9526685997025026,0.303774580406572,0.0119808780848505,-92.31542796849929,-72.29224166848573
668,images/frame_00503.jpg,frame_00503.jpg,2.505899115184291,2.947649413339759,-0.8346093302565505,-0.30947287486856734,-0.9508312892058427,-0.012099470556147398,0.008664303664504514,-0.01554315872343699,0.9998416564931205,-0.9508687961872517,0.3093190386705175,0.013048477051120704,-92.23895452216429,-71.95828669026955
669,images/frame_00504.jpg,frame_00504.jpg,2.505808209650207,2.9372631770764133,-0.8352045121100782,-0.4011495976030408,-0.9159477143982667,-0.010898753667710091,0.007441896891405719,-0.015156447966715003,0.9998574389660208,-0.9159823232538802,0.4010113023015976,0.012896391464306173,-91.55627480021037,-66.34067557082226
670,images/frame_00505.jpg,frame_00505.jpg,2.5199365381229084,2.9325645322716074,-0.8364995596687247,-0.6568242005754028,-0.7540171915002917,-0.006327911226885243,0.00464285626802343,-0.012435915445559316,0.9999118910647604,-0.7540294499713902,0.6567369495688844,0.011669003676376364,-90.55197629677363,-48.93956808047222
671,images/frame_00506.jpg,frame_00506.jpg,2.5219663763580487,2.9362001098465456,-0.837942783628954,-0.5668445461758705,-0.8237759621957204,-0.008967863691359323,0.005844417764039529,-0.01490646851387724,0.9998718107724831,-0.8238040429930353,0.5667194714362301,0.013264141260143202,-90.90638232643329,-55.464588174529915
672,images/frame_00507.jpg,frame_00507.jpg,2.533169776236231,2.9316249649541635,-0.8412538253948704,-0.45047630015748835,-0.8927133253436258,-0.011576689956387123,0.007508779170152928,-0.016754836213831645,0.999831431641765,-0.8927568085608725,0.4503134377490565,0.014250843863860625,-91.47210744136973,-63.216207622519995
673,images/frame_00508.jpg,frame_00508.jpg,2.550900490501609,2.922940849618385,-0.8400318107605269,-0.42569212102880494,-0.9047902680119508,-0.011865369984089096,0.00723406041503968,-0.016515345289656376,0.99983744165733,-0.9048391483926348,0.4255370868453483,0.013575759841191045,-91.59659907620966,-64.79505048606669
674,images/frame_00509.jpg,frame_00509.jpg,2.569050251087111,2.9129592570630347,-0.840442086781432,-0.4268446836955022,-0.9042500220405723,-0.011640946718862155,0.007404315982339719,-0.016366669493593312,0.9998386400987518,-0.9042946367781468,0.4266896152583423,0.013681378767049092,-91.56218844289305,-64.72246230233988
675,images/frame_00510.jpg,frame_00510.jpg,2.653068092673887,2.863169132967902,-0.8410395650969825,-0.42785865358689706,-0.9037696657437421,-0.011720146426236882,0.006981047467909139,-0.016270971891445576,0.9998432469392183,-0.9038186961592786,0.42770976696254254,0.013270935075908511,-91.56908604692953,-64.65808415031042
676,images/frame_00511.jpg,frame_00511.jpg,2.6704680438244472,2.848194259267798,-0.8411345756536799,-0.427505571703656,-0.9039361494480118,-0.011765282972879008,0.0071995991168605335,-0.016418483616190676,0.9998392856696027,-0.9039840429647454,0.42735216053840946,0.013526971141637907,-91.57642612070693,-64.6803792607926
677,images/frame_00512.jpg,frame_00512.jpg,2.7310623267257146,2.815525732665301,-0.8426572550073446,-0.4265358838282924,-0.9043920216731813,-0.011925139022812977,0.007350401244358379,-0.01665027246710379,0.999834355295075,-0.9044407716419934,0.42637757628734085,0.01374958293798194,-91.60146477852646,-64.74152268156567
678,images/frame_00513.jpg,frame_00513.jpg,3.047698773136918,2.6581987266275604,-0.8479615678076229,-0.4237015791935787,-0.9057170483830008,-0.012393468330224687,0.006663828845210189,-0.01679875530864102,0.9998366832664233,-0.9057773253807965,0.4235497941074523,0.01315320255852418,-91.67545048543037,-64.92003122576378
679,images/frame_00514.jpg,frame_00514.jpg,3.319726959484252,2.5309260385166104,-0.8515306947515646,-0.42800272356231595,-0.9036896206342176,-0.012599054775003712,0.006370931842200574,-0.01695688806387664,0.9998359231267154,-0.9037549877321297,0.42785223092228103,0.013014939267060184,-91.68612073083025,-64.64737121412904
680,images/frame_00515.jpg,frame_00515.jpg,3.2794616384465467,2.545108555078185,-0.847715759254313,-0.4271401326705445,-0.9041006821961841,-0.012379883464082555,0.007369037350841499,-0.01717212886498884,0.9998253913953007,-0.9041554082958921,0.42697432293129606,0.013997257111649225,-91.66014969084921,-64.70243113435086
681,images/frame_00516.jpg,frame_00516.jpg,3.284155251952238,2.5422492981437186,-0.8477462047065795,-0.4261845466941557,-0.9045491082998697,-0.012555510065616617,0.00792443422492202,-0.017611470445915076,0.9998135013345978,-0.9046015329974364,0.4260055689573123,0.01467377647521778,-91.68746082550322,-64.7626238325348
682,images/frame_00517.jpg,frame_00517.jpg,3.307473950406298,2.5402975734954047,-0.8487565189698157,-0.4254469313876557,-0.9049008506453343,-0.01222117319154595,0.008589069711531354,-0.017541187325356585,0.999809248121214,-0.9049426139011898,0.42526080850293163,0.015235100823920926,-91.64539709028392,-64.80993261842654
683,images/frame_00518.jpg,frame_00518.jpg,3.3115350997419433,2.5456791890814787,-0.8496695334087596,-0.4251345549884217,-0.9050567994191544,-0.01152380058631258,0.009226016541425682,-0.017064045713244193,0.9998118307775087,-0.9050831391499755,0.4249482393998741,0.015604584498577647,-91.55269312142542,-64.83093407215316
684,images/frame_00519.jpg,frame_00519.jpg,3.315763382773835,2.54428133729394,-0.8471578249561251,-0.4251600168432869,-0.9050515148347857,-0.010986972880434522,0.009731037325180967,-0.016708625493673423,0.9998130458974259,-0.9050658898612807,0.42497361721567095,0.01591092958429816,-91.4803064187513,-64.83022213472076
685,images/frame_00520.jpg,frame_00520.jpg,3.3111369299129625,2.534233303604253,-0.8440903385637997,-0.42545658184793433,-0.9049185504598466,-0.010445668763751963,0.010111218104639448,-0.01629498267668093,0.9998161004944893,-0.9049223492823639,0.42527272258306986,0.016082636477608304,-91.40642441398045,-64.81231540993525
686,images/frame_00521.jpg,frame_00521.jpg,3.2938216000499896,2.5039246718363137,-0.8476203687415086,-0.4257753277034887,-0.9047751991940965,-0.00985937332033786,0.010618271497813253,-0.015891870571421017,0.999817332696398,-0.9047666111375826,0.4255928633953161,0.016373515126272737,-91.32652013059176,-64.7930231710434
687,images/frame_00522.jpg,frame_00522.jpg,3.224098098799054,2.3409341698690405,-0.8426444281945344,-0.42668190483462554,-0.9043495787813247,-0.009715423034329146,0.010571054056883895,-0.015728603300093947,0.9998204148017557,-0.9043399819220768,0.4265025772445798,0.016271038716360875,-91.3043828645993,-64.73582423363486
688,images/frame_00523.jpg,frame_00523.jpg,3.17221851333986,2.249625831644388,-0.8424624492521349,-0.4276489211794212,-0.9038932607326772,-0.009662888601535165,0.010654366743316485,-0.0157291504679327,0.9998195218612488,-0.9038821176920009,0.42746878836659596,0.0163569645416953,-91.29439948342798,-64.67463395081752
689,images/frame_00524.jpg,frame_00524.jpg,3.1637092478284456,2.2495371311953725,-0.8462545367873564,-0.4288657026374986,-0.9033178434397542,-0.009543627433867274,0.010719020486655916,-0.015652220643963613,0.9998200381012172,-0.9033046605110877,0.4286862252420347,0.016395383090498587,-91.27480312800272,-64.59766926179984
690,images/frame_00525.jpg,frame_00525.jpg,3.160161335515573,2.2389575904011614,-0.8484647871172842,-0.4297070362293308,-0.9029181288937621,-0.009524365070291932,0.010599203861569541,-0.015590809819290155,0.9998222749702468,-0.9029061512098061,0.4295297162760295,0.016269694014583926,-91.26974086295814,-64.54433351585806
691,images/frame_00526.jpg,frame_00526.jpg,3.0734247602809535,2.2771217885879946,-0.8471650509990222,-0.4305764395860892,-0.9025041972069903,-0.009492191376739328,0.010571364746543596,-0.015559254436764846,0.9998230612707267,-0.9024922015844582,0.43039990895112623,0.01624014944819801,-91.26289869801613,-64.48921041949194
692,images/frame_00527.jpg,frame_00527.jpg,3.080982652792028,2.2677313070717386,-0.848476358906914,-0.4303078581675131,-0.9026301551134972,-0.009692692044600989,0.010671834139805022,-0.01582386810797276,0.9998178409861439,-0.9026191096777089,0.4301260353406725,0.016441854114866556,-91.29037023245084,-64.5059724043279
693,images/frame_00528.jpg,frame_00528.jpg,3.2464627972469433,2.1794754315629015,-0.8516569723735287,-0.4303693266552797,-0.9025995674919755,-0.00981129133091583,0.010537959894454043,-0.015892675512646264,0.9998181696020095,-0.902591376025466,0.4301876818649609,0.016351278118461737,-91.30596721051921,-64.50190097823538
694,images/frame_00529.jpg,frame_00529.jpg,3.455586746741628,2.0818185127295603,-0.8534956143851823,-0.4299829307406664,-0.9027817579896551,-0.00998872928731367,0.010147720875850134,-0.015895646450572336,0.999822159278811,-0.9027799848427597,0.42980509985925747,0.015996033954718922,-91.33077169461113,-64.52616076894329
695,images/frame_00530.jpg,frame_00530.jpg,3.5961761624931103,2.0009688433752437,-0.8557387377189434,-0.4291420726113352,-0.9031806827483712,-0.010086318705738565,0.010078735605525755,-0.01595442894687084,0.9998219207866834,-0.9031807674012117,0.4289639944181392,0.015949636026979134,-91.34640053065766,-64.57935550896866
696,images/frame_00531.jpg,frame_00531.jpg,3.979251223197018,1.7971504144137862,-0.8577823721332971,-0.4281729100058748,-0.9036329615616823,-0.010743738472452182,0.009218117910460023,-0.016255284383916307,0.999825379769781,-0.9036498123937666,0.4279991057337169,0.015289867620378131,-91.43736727604045,-64.63979073165986
697,images/frame_00532.jpg,frame_00532.jpg,4.387747151672906,1.6028170503108436,-0.8590052605955166,-0.4328652677114441,-0.9013935519778652,-0.010831549373370431,0.008907627783229163,-0.01629197882977888,0.9998275969351345,-0.9014146172413532,0.4326941574351771,0.015081510040004601,-91.43340810736173,-64.34185233645508
698,images/frame_00533.jpg,frame_00533.jpg,4.369376046829672,1.6127094194288365,-0.8582493719112659,-0.43320272320478653,-0.9012327407336548,-0.01072127033808459,0.00947889028585369,-0.016450377633189774,0.9998197506124162,-0.9012466639310825,0.43302301336699245,0.015669034675547505,-91.41771539552576,-64.3205815962918
699,images/frame_00534.jpg,frame_00534.jpg,4.3698976502674824,1.6023937874689482,-0.8613176529059188,-0.43263580532114804,-0.9015007907044267,-0.011071689727194271,0.009493262122964906,-0.016834978883830932,0.9998132122852976,-0.9015187939962132,0.4324498882474992,0.015841597973029562,-91.46595047494948,-64.3560461016774
700,images/frame_00535.jpg,frame_00535.jpg,4.38083159103894,1.5912057241973356,-0.8645713748648286,-0.5734266127604654,-0.8192157571447007,-0.008213466009777343,0.007844668881450743,-0.015515529770506926,0.9998488523302315,-0.8192193716875839,0.5732755093162228,0.015323494054076564,-90.82061897395586,-55.006364918619994
701,images/frame_00536.jpg,frame_00536.jpg,4.392865893029131,1.5863813015891368,-0.8689640933868283,-0.6732019509443768,-0.7394325319521258,-0.006217872268984052,0.007527019061401284,-0.015260588979524023,0.9998552177230697,-0.7394203643589579,0.6730576818630528,0.01583918105203886,-90.52918401077531,-47.683098412725194
702,images/frame_00537.jpg,frame_00537.jpg,4.3861112098004735,1.5881060646699034,-0.8722749619740827,-0.7358957223774242,-0.6770757673875296,-0.005088123740302799,0.007251703101206928,-0.01539544715373386,0.9998551850188448,-0.6770560512902464,0.7357522568253013,0.016239396162876042,-90.39614766281164,-42.615553647133275
703,images/frame_00538.jpg,frame_00538.jpg,4.396845193223942,1.5938941075727506,-0.8734122852555328,-0.7765646105065623,-0.6300258822458145,-0.0038459601108679167,0.0070867738688025015,-0.01483872033114848,0.999864784865967,-0.62999776296819,0.7764323525454856,0.015988076049331102,-90.28375678979536,-39.0520321070933
704,images/frame_00539.jpg,frame_00539.jpg,4.396468394708076,1.595868254587686,-0.8717823839025002,-0.7752589171076988,-0.631630934484611,-0.00399650435946823,0.007223180857774711,-0.015192058700817617,0.9998585024945913,-0.631602276043472,0.7751203532062153,0.016340163468520214,-90.29536042631102,-39.17055268599704
705,images/frame_00540.jpg,frame_00540.jpg,4.385658306128767,1.577363501411434,-0.8654561495978611,-0.7766233928082064,-0.6299461906568067,-0.0048888260399088815,0.007009533849380398,-0.016401109246345393,0.9998409213723471,-0.629926162481195,0.7764655810095303,0.017153114272565016,-90.36067082398809,-39.046152692031285
706,images/frame_00541.jpg,frame_00541.jpg,4.390420076402827,1.5765155206906296,-0.8669968504547134,-0.7765942734219528,-0.6299799868008774,-0.005152544865960885,0.007058346759383559,-0.016878558669707104,0.9998326319931039,-0.6299615164668819,0.776427928714314,0.01755440922237785,-90.38014025198204,-39.04864601407599
