"FileName","Extension","SizeBytes","SizeMB","LastWriteTime","FullPath"
"frame_000001.jpg",".jpg","1310859","1.2501","8/10/2026 6:35:34 PM","C:\nerfstudio_work\panteon-chacarita\templete-central\dataset-clean\frame_000001.jpg"
"frame_000002.jpg",".jpg","1407445","1.3422","8/10/2026 6:35:34 PM","C:\nerfstudio_work\panteon-chacarita\templete-central\dataset-clean\frame_000002.jpg"
"frame_000003.jpg",".jpg","1347216","1.2848","8/10/2026 6:35:35 PM","C:\nerfstudio_work\panteon-chacarita\templete-central\dataset-clean\frame_000003.jpg"
"frame_000004.jpg",".jpg","1415868","1.3503","8/10/2026 6:35:35 PM","C:\nerfstudio_work\panteon-chacarita\templete-central\dataset-clean\frame_000004.jpg"
"frame_000005.jpg",".jpg","1448220","1.3811","8/10/2026 6:35:35 PM","C:\nerfstudio_work\panteon-chacarita\templete-central\dataset-clean\frame_000005.jpg"
"frame_000006.jpg",".jpg","1452530","1.3852","8/10/2026 6:35:36 PM","C:\nerfstudio_work\panteon-chacarita\templete-central\dataset-clean\frame_000006.jpg"
"frame_000007.jpg",".jpg","1395468","1.3308","8/10/2026 6:35:36 PM","C:\nerfstudio_work\panteon-chacarita\templete-central\dataset-clean\frame_000007.jpg"
"frame_000008.jpg",".jpg","1466249","1.3983","8/10/2026 6:35:36 PM","C:\nerfstudio_work\panteon-chacarita\templete-central\dataset-clean\frame_000008.jpg"
"frame_000009.jpg",".jpg","1442290","1.3755","8/10/2026 6:35:36 PM","C:\nerfstudio_work\panteon-chacarita\templete-central\dataset-clean\frame_000009.jpg"
"frame_000010.jpg",".jpg","1395417","1.3308","8/10/2026 6:35:37 PM","C:\nerfstudio_work\panteon-chacarita\templete-central\dataset-clean\frame_000010.jpg"
"frame_000011.jpg",".jpg","1135952","1.0833","8/10/2026 6:35:37 PM","C:\nerfstudio_work\panteon-chacarita\templete-central\dataset-clean\frame_000011.jpg"
"frame_000012.jpg",".jpg","1774053","1.6919","8/10/2026 6:35:37 PM","C:\nerfstudio_work\panteon-chacarita\templete-central\dataset-clean\frame_000012.jpg"
"frame_000013.jpg",".jpg","1776718","1.6944","8/10/2026 6:35:37 PM","C:\nerfstudio_work\panteon-chacarita\templete-central\dataset-clean\frame_000013.jpg"
"frame_000014.jpg",".jpg","1756311","1.6749","8/10/2026 6:35:38 PM","C:\nerfstudio_work\panteon-chacarita\templete-central\dataset-clean\frame_000014.jpg"
"frame_000015.jpg",".jpg","1800490","1.7171","8/10/2026 6:35:38 PM","C:\nerfstudio_work\panteon-chacarita\templete-central\dataset-clean\frame_000015.jpg"
"frame_000016.jpg",".jpg","1808271","1.7245","8/10/2026 6:35:38 PM","C:\nerfstudio_work\panteon-chacarita\templete-central\dataset-clean\frame_000016.jpg"
"frame_000017.jpg",".jpg","1816444","1.7323","8/10/2026 6:35:39 PM","C:\nerfstudio_work\panteon-chacarita\templete-central\dataset-clean\frame_000017.jpg"
"frame_000018.jpg",".jpg","1798210","1.7149","8/10/2026 6:35:39 PM","C:\nerfstudio_work\panteon-chacarita\templete-central\dataset-clean\frame_000018.jpg"
"frame_000019.jpg",".jpg","1808268","1.7245","8/10/2026 6:35:39 PM","C:\nerfstudio_work\panteon-chacarita\templete-central\dataset-clean\frame_000019.jpg"
"frame_000020.jpg",".jpg","1796186","1.713","8/10/2026 6:35:39 PM","C:\nerfstudio_work\panteon-chacarita\templete-central\dataset-clean\frame_000020.jpg"
"frame_000021.jpg",".jpg","1815385","1.7313","8/10/2026 6:35:39 PM","C:\nerfstudio_work\panteon-chacarita\templete-central\dataset-clean\frame_000021.jpg"
"frame_000022.jpg",".jpg","1801355","1.7179","8/10/2026 6:35:40 PM","C:\nerfstudio_work\panteon-chacarita\templete-central\dataset-clean\frame_000022.jpg"
"frame_000023.jpg",".jpg","1794607","1.7115","8/10/2026 6:35:40 PM","C:\nerfstudio_work\panteon-chacarita\templete-central\dataset-clean\frame_000023.jpg"
"frame_000024.jpg",".jpg","1733753","1.6534","8/10/2026 6:35:40 PM","C:\nerfstudio_work\panteon-chacarita\templete-central\dataset-clean\frame_000024.jpg"
"frame_000025.jpg",".jpg","1755931","1.6746","8/10/2026 6:35:40 PM","C:\nerfstudio_work\panteon-chacarita\templete-central\dataset-clean\frame_000025.jpg"
"frame_000026.jpg",".jpg","1618263","1.5433","8/10/2026 6:35:40 PM","C:\nerfstudio_work\panteon-chacarita\templete-central\dataset-clean\frame_000026.jpg"
"frame_000027.jpg",".jpg","1591585","1.5179","8/10/2026 6:35:41 PM","C:\nerfstudio_work\panteon-chacarita\templete-central\dataset-clean\frame_000027.jpg"
"frame_000028.jpg",".jpg","1567135","1.4945","8/10/2026 6:35:41 PM","C:\nerfstudio_work\panteon-chacarita\templete-central\dataset-clean\frame_000028.jpg"
"frame_000029.jpg",".jpg","1472001","1.4038","8/10/2026 6:35:41 PM","C:\nerfstudio_work\panteon-chacarita\templete-central\dataset-clean\frame_000029.jpg"
"frame_000030.jpg",".jpg","1335304","1.2734","8/10/2026 6:35:41 PM","C:\nerfstudio_work\panteon-chacarita\templete-central\dataset-clean\frame_000030.jpg"
"frame_000031.jpg",".jpg","1266942","1.2083","8/10/2026 6:35:41 PM","C:\nerfstudio_work\panteon-chacarita\templete-central\dataset-clean\frame_000031.jpg"
"frame_000032.jpg",".jpg","1131568","1.0791","8/10/2026 6:35:42 PM","C:\nerfstudio_work\panteon-chacarita\templete-central\dataset-clean\frame_000032.jpg"
"frame_000033.jpg",".jpg","1054554","1.0057","8/10/2026 6:35:42 PM","C:\nerfstudio_work\panteon-chacarita\templete-central\dataset-clean\frame_000033.jpg"
"frame_000034.jpg",".jpg","1005821","0.9592","8/10/2026 6:35:42 PM","C:\nerfstudio_work\panteon-chacarita\templete-central\dataset-clean\frame_000034.jpg"
"frame_000035.jpg",".jpg","1102043","1.051","8/10/2026 6:35:42 PM","C:\nerfstudio_work\panteon-chacarita\templete-central\dataset-clean\frame_000035.jpg"
"frame_000036.jpg",".jpg","984530","0.9389","8/10/2026 6:35:42 PM","C:\nerfstudio_work\panteon-chacarita\templete-central\dataset-clean\frame_000036.jpg"
"frame_000037.jpg",".jpg","999367","0.9531","8/10/2026 6:35:43 PM","C:\nerfstudio_work\panteon-chacarita\templete-central\dataset-clean\frame_000037.jpg"
"frame_000038.jpg",".jpg","988175","0.9424","8/10/2026 6:35:43 PM","C:\nerfstudio_work\panteon-chacarita\templete-central\dataset-clean\frame_000038.jpg"
"frame_000039.jpg",".jpg","931861","0.8887","8/10/2026 6:35:43 PM","C:\nerfstudio_work\panteon-chacarita\templete-central\dataset-clean\frame_000039.jpg"
"frame_000040.jpg",".jpg","905115","0.8632","8/10/2026 6:35:43 PM","C:\nerfstudio_work\panteon-chacarita\templete-central\dataset-clean\frame_000040.jpg"
"frame_000041.jpg",".jpg","975851","0.9306","8/10/2026 6:35:43 PM","C:\nerfstudio_work\panteon-chacarita\templete-central\dataset-clean\frame_000041.jpg"
"frame_000042.jpg",".jpg","873818","0.8333","8/10/2026 6:35:44 PM","C:\nerfstudio_work\panteon-chacarita\templete-central\dataset-clean\frame_000042.jpg"
"frame_000043.jpg",".jpg","834070","0.7954","8/10/2026 6:35:44 PM","C:\nerfstudio_work\panteon-chacarita\templete-central\dataset-clean\frame_000043.jpg"
"frame_000044.jpg",".jpg","869786","0.8295","8/10/2026 6:35:44 PM","C:\nerfstudio_work\panteon-chacarita\templete-central\dataset-clean\frame_000044.jpg"
"frame_000045.jpg",".jpg","816444","0.7786","8/10/2026 6:35:44 PM","C:\nerfstudio_work\panteon-chacarita\templete-central\dataset-clean\frame_000045.jpg"
"frame_000046.jpg",".jpg","853177","0.8137","8/10/2026 6:35:44 PM","C:\nerfstudio_work\panteon-chacarita\templete-central\dataset-clean\frame_000046.jpg"
"frame_000047.jpg",".jpg","865277","0.8252","8/10/2026 6:35:45 PM","C:\nerfstudio_work\panteon-chacarita\templete-central\dataset-clean\frame_000047.jpg"
"frame_000048.jpg",".jpg","890875","0.8496","8/10/2026 6:35:45 PM","C:\nerfstudio_work\panteon-chacarita\templete-central\dataset-clean\frame_000048.jpg"
"frame_000049.jpg",".jpg","914714","0.8723","8/10/2026 6:35:45 PM","C:\nerfstudio_work\panteon-chacarita\templete-central\dataset-clean\frame_000049.jpg"
"frame_000050.jpg",".jpg","955397","0.9111","8/10/2026 6:35:45 PM","C:\nerfstudio_work\panteon-chacarita\templete-central\dataset-clean\frame_000050.jpg"
"frame_000051.jpg",".jpg","838009","0.7992","8/10/2026 6:35:45 PM","C:\nerfstudio_work\panteon-chacarita\templete-central\dataset-clean\frame_000051.jpg"
"frame_000052.jpg",".jpg","834566","0.7959","8/10/2026 6:35:46 PM","C:\nerfstudio_work\panteon-chacarita\templete-central\dataset-clean\frame_000052.jpg"
"frame_000053.jpg",".jpg","754041","0.7191","8/10/2026 6:35:46 PM","C:\nerfstudio_work\panteon-chacarita\templete-central\dataset-clean\frame_000053.jpg"
"frame_000054.jpg",".jpg","748052","0.7134","8/10/2026 6:35:46 PM","C:\nerfstudio_work\panteon-chacarita\templete-central\dataset-clean\frame_000054.jpg"
"frame_000055.jpg",".jpg","733874","0.6999","8/10/2026 6:35:46 PM","C:\nerfstudio_work\panteon-chacarita\templete-central\dataset-clean\frame_000055.jpg"
"frame_000056.jpg",".jpg","783428","0.7471","8/10/2026 6:35:46 PM","C:\nerfstudio_work\panteon-chacarita\templete-central\dataset-clean\frame_000056.jpg"
"frame_000057.jpg",".jpg","845285","0.8061","8/10/2026 6:35:47 PM","C:\nerfstudio_work\panteon-chacarita\templete-central\dataset-clean\frame_000057.jpg"
"frame_000058.jpg",".jpg","969748","0.9248","8/10/2026 6:35:47 PM","C:\nerfstudio_work\panteon-chacarita\templete-central\dataset-clean\frame_000058.jpg"
"frame_000059.jpg",".jpg","931215","0.8881","8/10/2026 6:35:47 PM","C:\nerfstudio_work\panteon-chacarita\templete-central\dataset-clean\frame_000059.jpg"
"frame_000060.jpg",".jpg","892000","0.8507","8/10/2026 6:35:47 PM","C:\nerfstudio_work\panteon-chacarita\templete-central\dataset-clean\frame_000060.jpg"
"frame_000061.jpg",".jpg","925014","0.8822","8/10/2026 6:35:47 PM","C:\nerfstudio_work\panteon-chacarita\templete-central\dataset-clean\frame_000061.jpg"
"frame_000062.jpg",".jpg","1022692","0.9753","8/10/2026 6:35:48 PM","C:\nerfstudio_work\panteon-chacarita\templete-central\dataset-clean\frame_000062.jpg"
"frame_000063.jpg",".jpg","969290","0.9244","8/10/2026 6:35:48 PM","C:\nerfstudio_work\panteon-chacarita\templete-central\dataset-clean\frame_000063.jpg"
"frame_000064.jpg",".jpg","892766","0.8514","8/10/2026 6:35:48 PM","C:\nerfstudio_work\panteon-chacarita\templete-central\dataset-clean\frame_000064.jpg"
"frame_000065.jpg",".jpg","856634","0.8169","8/10/2026 6:35:48 PM","C:\nerfstudio_work\panteon-chacarita\templete-central\dataset-clean\frame_000065.jpg"
"frame_000066.jpg",".jpg","1007863","0.9612","8/10/2026 6:35:48 PM","C:\nerfstudio_work\panteon-chacarita\templete-central\dataset-clean\frame_000066.jpg"
"frame_000067.jpg",".jpg","1051734","1.003","8/10/2026 6:35:48 PM","C:\nerfstudio_work\panteon-chacarita\templete-central\dataset-clean\frame_000067.jpg"
"frame_000068.jpg",".jpg","845968","0.8068","8/10/2026 6:35:49 PM","C:\nerfstudio_work\panteon-chacarita\templete-central\dataset-clean\frame_000068.jpg"
"frame_000069.jpg",".jpg","903013","0.8612","8/10/2026 6:35:49 PM","C:\nerfstudio_work\panteon-chacarita\templete-central\dataset-clean\frame_000069.jpg"
"frame_000070.jpg",".jpg","1015905","0.9688","8/10/2026 6:35:49 PM","C:\nerfstudio_work\panteon-chacarita\templete-central\dataset-clean\frame_000070.jpg"
"frame_000071.jpg",".jpg","830599","0.7921","8/10/2026 6:35:49 PM","C:\nerfstudio_work\panteon-chacarita\templete-central\dataset-clean\frame_000071.jpg"
"frame_000072.jpg",".jpg","885510","0.8445","8/10/2026 6:35:49 PM","C:\nerfstudio_work\panteon-chacarita\templete-central\dataset-clean\frame_000072.jpg"
"frame_000073.jpg",".jpg","884259","0.8433","8/10/2026 6:35:50 PM","C:\nerfstudio_work\panteon-chacarita\templete-central\dataset-clean\frame_000073.jpg"
"frame_000074.jpg",".jpg","1016387","0.9693","8/10/2026 6:35:50 PM","C:\nerfstudio_work\panteon-chacarita\templete-central\dataset-clean\frame_000074.jpg"
"frame_000075.jpg",".jpg","879058","0.8383","8/10/2026 6:35:50 PM","C:\nerfstudio_work\panteon-chacarita\templete-central\dataset-clean\frame_000075.jpg"
"frame_000076.jpg",".jpg","936568","0.8932","8/10/2026 6:35:50 PM","C:\nerfstudio_work\panteon-chacarita\templete-central\dataset-clean\frame_000076.jpg"
"frame_000077.jpg",".jpg","865531","0.8254","8/10/2026 6:35:50 PM","C:\nerfstudio_work\panteon-chacarita\templete-central\dataset-clean\frame_000077.jpg"
"frame_000078.jpg",".jpg","887903","0.8468","8/10/2026 6:35:51 PM","C:\nerfstudio_work\panteon-chacarita\templete-central\dataset-clean\frame_000078.jpg"
"frame_000079.jpg",".jpg","865606","0.8255","8/10/2026 6:35:51 PM","C:\nerfstudio_work\panteon-chacarita\templete-central\dataset-clean\frame_000079.jpg"
"frame_000080.jpg",".jpg","925060","0.8822","8/10/2026 6:35:51 PM","C:\nerfstudio_work\panteon-chacarita\templete-central\dataset-clean\frame_000080.jpg"
"frame_000081.jpg",".jpg","919391","0.8768","8/10/2026 6:35:51 PM","C:\nerfstudio_work\panteon-chacarita\templete-central\dataset-clean\frame_000081.jpg"
"frame_000082.jpg",".jpg","937500","0.8941","8/10/2026 6:35:52 PM","C:\nerfstudio_work\panteon-chacarita\templete-central\dataset-clean\frame_000082.jpg"
"frame_000083.jpg",".jpg","970255","0.9253","8/10/2026 6:35:52 PM","C:\nerfstudio_work\panteon-chacarita\templete-central\dataset-clean\frame_000083.jpg"
"frame_000084.jpg",".jpg","975747","0.9305","8/10/2026 6:35:52 PM","C:\nerfstudio_work\panteon-chacarita\templete-central\dataset-clean\frame_000084.jpg"
"frame_000085.jpg",".jpg","1024956","0.9775","8/10/2026 6:35:52 PM","C:\nerfstudio_work\panteon-chacarita\templete-central\dataset-clean\frame_000085.jpg"
"frame_000086.jpg",".jpg","902634","0.8608","8/10/2026 6:35:52 PM","C:\nerfstudio_work\panteon-chacarita\templete-central\dataset-clean\frame_000086.jpg"
"frame_000087.jpg",".jpg","929021","0.886","8/10/2026 6:35:53 PM","C:\nerfstudio_work\panteon-chacarita\templete-central\dataset-clean\frame_000087.jpg"
"frame_000088.jpg",".jpg","919463","0.8769","8/10/2026 6:35:53 PM","C:\nerfstudio_work\panteon-chacarita\templete-central\dataset-clean\frame_000088.jpg"
"frame_000089.jpg",".jpg","906098","0.8641","8/10/2026 6:35:53 PM","C:\nerfstudio_work\panteon-chacarita\templete-central\dataset-clean\frame_000089.jpg"
"frame_000090.jpg",".jpg","1042879","0.9946","8/10/2026 6:35:53 PM","C:\nerfstudio_work\panteon-chacarita\templete-central\dataset-clean\frame_000090.jpg"
"frame_000091.jpg",".jpg","1110667","1.0592","8/10/2026 6:35:53 PM","C:\nerfstudio_work\panteon-chacarita\templete-central\dataset-clean\frame_000091.jpg"
"frame_000092.jpg",".jpg","1123056","1.071","8/10/2026 6:35:53 PM","C:\nerfstudio_work\panteon-chacarita\templete-central\dataset-clean\frame_000092.jpg"
"frame_000093.jpg",".jpg","926292","0.8834","8/10/2026 6:35:54 PM","C:\nerfstudio_work\panteon-chacarita\templete-central\dataset-clean\frame_000093.jpg"
"frame_000094.jpg",".jpg","972583","0.9275","8/10/2026 6:35:54 PM","C:\nerfstudio_work\panteon-chacarita\templete-central\dataset-clean\frame_000094.jpg"
"frame_000095.jpg",".jpg","921773","0.8791","8/10/2026 6:35:54 PM","C:\nerfstudio_work\panteon-chacarita\templete-central\dataset-clean\frame_000095.jpg"
"frame_000096.jpg",".jpg","984441","0.9388","8/10/2026 6:35:54 PM","C:\nerfstudio_work\panteon-chacarita\templete-central\dataset-clean\frame_000096.jpg"
"frame_000097.jpg",".jpg","1007142","0.9605","8/10/2026 6:35:54 PM","C:\nerfstudio_work\panteon-chacarita\templete-central\dataset-clean\frame_000097.jpg"
"frame_000098.jpg",".jpg","886681","0.8456","8/10/2026 6:35:55 PM","C:\nerfstudio_work\panteon-chacarita\templete-central\dataset-clean\frame_000098.jpg"
"frame_000099.jpg",".jpg","862001","0.8221","8/10/2026 6:35:55 PM","C:\nerfstudio_work\panteon-chacarita\templete-central\dataset-clean\frame_000099.jpg"
"frame_000100.jpg",".jpg","912487","0.8702","8/10/2026 6:35:55 PM","C:\nerfstudio_work\panteon-chacarita\templete-central\dataset-clean\frame_000100.jpg"
"frame_000101.jpg",".jpg","909784","0.8676","8/10/2026 6:35:55 PM","C:\nerfstudio_work\panteon-chacarita\templete-central\dataset-clean\frame_000101.jpg"
"frame_000102.jpg",".jpg","914034","0.8717","8/10/2026 6:35:55 PM","C:\nerfstudio_work\panteon-chacarita\templete-central\dataset-clean\frame_000102.jpg"
"frame_000103.jpg",".jpg","969754","0.9248","8/10/2026 6:35:56 PM","C:\nerfstudio_work\panteon-chacarita\templete-central\dataset-clean\frame_000103.jpg"
"frame_000104.jpg",".jpg","1062414","1.0132","8/10/2026 6:35:56 PM","C:\nerfstudio_work\panteon-chacarita\templete-central\dataset-clean\frame_000104.jpg"
"frame_000105.jpg",".jpg","1022036","0.9747","8/10/2026 6:35:56 PM","C:\nerfstudio_work\panteon-chacarita\templete-central\dataset-clean\frame_000105.jpg"
"frame_000106.jpg",".jpg","1069546","1.02","8/10/2026 6:35:56 PM","C:\nerfstudio_work\panteon-chacarita\templete-central\dataset-clean\frame_000106.jpg"
"frame_000107.jpg",".jpg","959959","0.9155","8/10/2026 6:35:56 PM","C:\nerfstudio_work\panteon-chacarita\templete-central\dataset-clean\frame_000107.jpg"
"frame_000108.jpg",".jpg","1007813","0.9611","8/10/2026 6:35:57 PM","C:\nerfstudio_work\panteon-chacarita\templete-central\dataset-clean\frame_000108.jpg"
"frame_000109.jpg",".jpg","1028357","0.9807","8/10/2026 6:35:57 PM","C:\nerfstudio_work\panteon-chacarita\templete-central\dataset-clean\frame_000109.jpg"
"frame_000110.jpg",".jpg","982145","0.9366","8/10/2026 6:35:57 PM","C:\nerfstudio_work\panteon-chacarita\templete-central\dataset-clean\frame_000110.jpg"
"frame_000111.jpg",".jpg","987095","0.9414","8/10/2026 6:35:57 PM","C:\nerfstudio_work\panteon-chacarita\templete-central\dataset-clean\frame_000111.jpg"
"frame_000112.jpg",".jpg","1018618","0.9714","8/10/2026 6:35:57 PM","C:\nerfstudio_work\panteon-chacarita\templete-central\dataset-clean\frame_000112.jpg"
"frame_000113.jpg",".jpg","994809","0.9487","8/10/2026 6:35:58 PM","C:\nerfstudio_work\panteon-chacarita\templete-central\dataset-clean\frame_000113.jpg"
"frame_000114.jpg",".jpg","1029343","0.9817","8/10/2026 6:35:58 PM","C:\nerfstudio_work\panteon-chacarita\templete-central\dataset-clean\frame_000114.jpg"
"frame_000115.jpg",".jpg","989794","0.9439","8/10/2026 6:35:58 PM","C:\nerfstudio_work\panteon-chacarita\templete-central\dataset-clean\frame_000115.jpg"
"frame_000116.jpg",".jpg","1051996","1.0033","8/10/2026 6:35:58 PM","C:\nerfstudio_work\panteon-chacarita\templete-central\dataset-clean\frame_000116.jpg"
"frame_000117.jpg",".jpg","1040679","0.9925","8/10/2026 6:35:58 PM","C:\nerfstudio_work\panteon-chacarita\templete-central\dataset-clean\frame_000117.jpg"
"frame_000118.jpg",".jpg","1056843","1.0079","8/10/2026 6:35:59 PM","C:\nerfstudio_work\panteon-chacarita\templete-central\dataset-clean\frame_000118.jpg"
"frame_000119.jpg",".jpg","1128240","1.076","8/10/2026 6:35:59 PM","C:\nerfstudio_work\panteon-chacarita\templete-central\dataset-clean\frame_000119.jpg"
"frame_000120.jpg",".jpg","1146174","1.0931","8/10/2026 6:35:59 PM","C:\nerfstudio_work\panteon-chacarita\templete-central\dataset-clean\frame_000120.jpg"
"frame_000121.jpg",".jpg","1148755","1.0955","8/10/2026 6:35:59 PM","C:\nerfstudio_work\panteon-chacarita\templete-central\dataset-clean\frame_000121.jpg"
"frame_000122.jpg",".jpg","957202","0.9129","8/10/2026 6:35:59 PM","C:\nerfstudio_work\panteon-chacarita\templete-central\dataset-clean\frame_000122.jpg"
"frame_000123.jpg",".jpg","1088077","1.0377","8/10/2026 6:36:00 PM","C:\nerfstudio_work\panteon-chacarita\templete-central\dataset-clean\frame_000123.jpg"
"frame_000124.jpg",".jpg","1048921","1.0003","8/10/2026 6:36:00 PM","C:\nerfstudio_work\panteon-chacarita\templete-central\dataset-clean\frame_000124.jpg"
"frame_000125.jpg",".jpg","1121079","1.0691","8/10/2026 6:36:00 PM","C:\nerfstudio_work\panteon-chacarita\templete-central\dataset-clean\frame_000125.jpg"
"frame_000126.jpg",".jpg","1038268","0.9902","8/10/2026 6:36:00 PM","C:\nerfstudio_work\panteon-chacarita\templete-central\dataset-clean\frame_000126.jpg"
"frame_000127.jpg",".jpg","1002224","0.9558","8/10/2026 6:36:00 PM","C:\nerfstudio_work\panteon-chacarita\templete-central\dataset-clean\frame_000127.jpg"
"frame_000128.jpg",".jpg","977034","0.9318","8/10/2026 6:36:01 PM","C:\nerfstudio_work\panteon-chacarita\templete-central\dataset-clean\frame_000128.jpg"
"frame_000129.jpg",".jpg","1063352","1.0141","8/10/2026 6:36:01 PM","C:\nerfstudio_work\panteon-chacarita\templete-central\dataset-clean\frame_000129.jpg"
"frame_000130.jpg",".jpg","1034616","0.9867","8/10/2026 6:36:01 PM","C:\nerfstudio_work\panteon-chacarita\templete-central\dataset-clean\frame_000130.jpg"
"frame_000131.jpg",".jpg","1099180","1.0483","8/10/2026 6:36:01 PM","C:\nerfstudio_work\panteon-chacarita\templete-central\dataset-clean\frame_000131.jpg"
"frame_000132.jpg",".jpg","948485","0.9045","8/10/2026 6:36:01 PM","C:\nerfstudio_work\panteon-chacarita\templete-central\dataset-clean\frame_000132.jpg"
"frame_000133.jpg",".jpg","962718","0.9181","8/10/2026 6:36:02 PM","C:\nerfstudio_work\panteon-chacarita\templete-central\dataset-clean\frame_000133.jpg"
"frame_000134.jpg",".jpg","988607","0.9428","8/10/2026 6:36:02 PM","C:\nerfstudio_work\panteon-chacarita\templete-central\dataset-clean\frame_000134.jpg"
"frame_000135.jpg",".jpg","968083","0.9232","8/10/2026 6:36:02 PM","C:\nerfstudio_work\panteon-chacarita\templete-central\dataset-clean\frame_000135.jpg"
"frame_000136.jpg",".jpg","1023395","0.976","8/10/2026 6:36:02 PM","C:\nerfstudio_work\panteon-chacarita\templete-central\dataset-clean\frame_000136.jpg"
"frame_000137.jpg",".jpg","1073259","1.0235","8/10/2026 6:36:02 PM","C:\nerfstudio_work\panteon-chacarita\templete-central\dataset-clean\frame_000137.jpg"
"frame_000138.jpg",".jpg","1046015","0.9976","8/10/2026 6:36:03 PM","C:\nerfstudio_work\panteon-chacarita\templete-central\dataset-clean\frame_000138.jpg"
"frame_000139.jpg",".jpg","1080542","1.0305","8/10/2026 6:36:03 PM","C:\nerfstudio_work\panteon-chacarita\templete-central\dataset-clean\frame_000139.jpg"
"frame_000140.jpg",".jpg","1071998","1.0223","8/10/2026 6:36:03 PM","C:\nerfstudio_work\panteon-chacarita\templete-central\dataset-clean\frame_000140.jpg"
"frame_000141.jpg",".jpg","1139484","1.0867","8/10/2026 6:36:03 PM","C:\nerfstudio_work\panteon-chacarita\templete-central\dataset-clean\frame_000141.jpg"
"frame_000142.jpg",".jpg","1150560","1.0973","8/10/2026 6:36:03 PM","C:\nerfstudio_work\panteon-chacarita\templete-central\dataset-clean\frame_000142.jpg"
"frame_000143.jpg",".jpg","1193643","1.1383","8/10/2026 6:36:04 PM","C:\nerfstudio_work\panteon-chacarita\templete-central\dataset-clean\frame_000143.jpg"
"frame_000144.jpg",".jpg","1218216","1.1618","8/10/2026 6:36:04 PM","C:\nerfstudio_work\panteon-chacarita\templete-central\dataset-clean\frame_000144.jpg"
"frame_000145.jpg",".jpg","1259864","1.2015","8/10/2026 6:36:04 PM","C:\nerfstudio_work\panteon-chacarita\templete-central\dataset-clean\frame_000145.jpg"
"frame_000146.jpg",".jpg","1281332","1.222","8/10/2026 6:36:04 PM","C:\nerfstudio_work\panteon-chacarita\templete-central\dataset-clean\frame_000146.jpg"
"frame_000147.jpg",".jpg","1241908","1.1844","8/10/2026 6:36:04 PM","C:\nerfstudio_work\panteon-chacarita\templete-central\dataset-clean\frame_000147.jpg"
"frame_000148.jpg",".jpg","1217897","1.1615","8/10/2026 6:36:05 PM","C:\nerfstudio_work\panteon-chacarita\templete-central\dataset-clean\frame_000148.jpg"
"frame_000149.jpg",".jpg","1249516","1.1916","8/10/2026 6:36:05 PM","C:\nerfstudio_work\panteon-chacarita\templete-central\dataset-clean\frame_000149.jpg"
"frame_000150.jpg",".jpg","1207663","1.1517","8/10/2026 6:36:05 PM","C:\nerfstudio_work\panteon-chacarita\templete-central\dataset-clean\frame_000150.jpg"
"frame_000151.jpg",".jpg","1324727","1.2634","8/10/2026 6:36:05 PM","C:\nerfstudio_work\panteon-chacarita\templete-central\dataset-clean\frame_000151.jpg"
"frame_000152.jpg",".jpg","1331178","1.2695","8/10/2026 6:36:06 PM","C:\nerfstudio_work\panteon-chacarita\templete-central\dataset-clean\frame_000152.jpg"
"frame_000153.jpg",".jpg","1323958","1.2626","8/10/2026 6:36:06 PM","C:\nerfstudio_work\panteon-chacarita\templete-central\dataset-clean\frame_000153.jpg"
"frame_000154.jpg",".jpg","1310093","1.2494","8/10/2026 6:36:06 PM","C:\nerfstudio_work\panteon-chacarita\templete-central\dataset-clean\frame_000154.jpg"
"frame_000155.jpg",".jpg","1340872","1.2788","8/10/2026 6:36:06 PM","C:\nerfstudio_work\panteon-chacarita\templete-central\dataset-clean\frame_000155.jpg"
"frame_000156.jpg",".jpg","1333093","1.2713","8/10/2026 6:36:06 PM","C:\nerfstudio_work\panteon-chacarita\templete-central\dataset-clean\frame_000156.jpg"
"frame_000157.jpg",".jpg","1370886","1.3074","8/10/2026 6:36:07 PM","C:\nerfstudio_work\panteon-chacarita\templete-central\dataset-clean\frame_000157.jpg"
"frame_000158.jpg",".jpg","1368963","1.3055","8/10/2026 6:36:07 PM","C:\nerfstudio_work\panteon-chacarita\templete-central\dataset-clean\frame_000158.jpg"
"frame_000159.jpg",".jpg","1379120","1.3152","8/10/2026 6:36:07 PM","C:\nerfstudio_work\panteon-chacarita\templete-central\dataset-clean\frame_000159.jpg"
"frame_000160.jpg",".jpg","1363596","1.3004","8/10/2026 6:36:07 PM","C:\nerfstudio_work\panteon-chacarita\templete-central\dataset-clean\frame_000160.jpg"
"frame_000161.jpg",".jpg","1359536","1.2966","8/10/2026 6:36:08 PM","C:\nerfstudio_work\panteon-chacarita\templete-central\dataset-clean\frame_000161.jpg"
"frame_000162.jpg",".jpg","1389131","1.3248","8/10/2026 6:36:08 PM","C:\nerfstudio_work\panteon-chacarita\templete-central\dataset-clean\frame_000162.jpg"
"frame_000163.jpg",".jpg","1393899","1.3293","8/10/2026 6:36:08 PM","C:\nerfstudio_work\panteon-chacarita\templete-central\dataset-clean\frame_000163.jpg"
"frame_000164.jpg",".jpg","1393432","1.3289","8/10/2026 6:36:08 PM","C:\nerfstudio_work\panteon-chacarita\templete-central\dataset-clean\frame_000164.jpg"
"frame_000165.jpg",".jpg","1362927","1.2998","8/10/2026 6:36:09 PM","C:\nerfstudio_work\panteon-chacarita\templete-central\dataset-clean\frame_000165.jpg"
"frame_000166.jpg",".jpg","1344276","1.282","8/10/2026 6:36:09 PM","C:\nerfstudio_work\panteon-chacarita\templete-central\dataset-clean\frame_000166.jpg"
"frame_000167.jpg",".jpg","1306067","1.2456","8/10/2026 6:36:09 PM","C:\nerfstudio_work\panteon-chacarita\templete-central\dataset-clean\frame_000167.jpg"
"frame_000168.jpg",".jpg","1280811","1.2215","8/10/2026 6:36:09 PM","C:\nerfstudio_work\panteon-chacarita\templete-central\dataset-clean\frame_000168.jpg"
"frame_000169.jpg",".jpg","1248799","1.1909","8/10/2026 6:36:10 PM","C:\nerfstudio_work\panteon-chacarita\templete-central\dataset-clean\frame_000169.jpg"
"frame_000170.jpg",".jpg","1236217","1.1789","8/10/2026 6:36:10 PM","C:\nerfstudio_work\panteon-chacarita\templete-central\dataset-clean\frame_000170.jpg"
"frame_000171.jpg",".jpg","1247421","1.1896","8/10/2026 6:36:10 PM","C:\nerfstudio_work\panteon-chacarita\templete-central\dataset-clean\frame_000171.jpg"
"frame_000172.jpg",".jpg","1266016","1.2074","8/10/2026 6:36:10 PM","C:\nerfstudio_work\panteon-chacarita\templete-central\dataset-clean\frame_000172.jpg"
"frame_000173.jpg",".jpg","1295806","1.2358","8/10/2026 6:36:10 PM","C:\nerfstudio_work\panteon-chacarita\templete-central\dataset-clean\frame_000173.jpg"
"frame_000174.jpg",".jpg","1310813","1.2501","8/10/2026 6:36:11 PM","C:\nerfstudio_work\panteon-chacarita\templete-central\dataset-clean\frame_000174.jpg"
"frame_000175.jpg",".jpg","1328275","1.2667","8/10/2026 6:36:11 PM","C:\nerfstudio_work\panteon-chacarita\templete-central\dataset-clean\frame_000175.jpg"
"frame_000176.jpg",".jpg","1322740","1.2615","8/10/2026 6:36:11 PM","C:\nerfstudio_work\panteon-chacarita\templete-central\dataset-clean\frame_000176.jpg"
"frame_000177.jpg",".jpg","1340844","1.2787","8/10/2026 6:36:11 PM","C:\nerfstudio_work\panteon-chacarita\templete-central\dataset-clean\frame_000177.jpg"
"frame_000178.jpg",".jpg","1345339","1.283","8/10/2026 6:36:12 PM","C:\nerfstudio_work\panteon-chacarita\templete-central\dataset-clean\frame_000178.jpg"
"frame_000179.jpg",".jpg","1349493","1.287","8/10/2026 6:36:12 PM","C:\nerfstudio_work\panteon-chacarita\templete-central\dataset-clean\frame_000179.jpg"
"frame_000180.jpg",".jpg","1345077","1.2828","8/10/2026 6:36:12 PM","C:\nerfstudio_work\panteon-chacarita\templete-central\dataset-clean\frame_000180.jpg"
"frame_000181.jpg",".jpg","1333216","1.2715","8/10/2026 6:36:12 PM","C:\nerfstudio_work\panteon-chacarita\templete-central\dataset-clean\frame_000181.jpg"
"frame_000182.jpg",".jpg","1290632","1.2308","8/10/2026 6:36:12 PM","C:\nerfstudio_work\panteon-chacarita\templete-central\dataset-clean\frame_000182.jpg"
"frame_000183.jpg",".jpg","1281300","1.2219","8/10/2026 6:36:13 PM","C:\nerfstudio_work\panteon-chacarita\templete-central\dataset-clean\frame_000183.jpg"
"frame_000184.jpg",".jpg","1318860","1.2578","8/10/2026 6:36:13 PM","C:\nerfstudio_work\panteon-chacarita\templete-central\dataset-clean\frame_000184.jpg"
"frame_000185.jpg",".jpg","1283905","1.2244","8/10/2026 6:36:13 PM","C:\nerfstudio_work\panteon-chacarita\templete-central\dataset-clean\frame_000185.jpg"
"frame_000186.jpg",".jpg","1348755","1.2863","8/10/2026 6:36:13 PM","C:\nerfstudio_work\panteon-chacarita\templete-central\dataset-clean\frame_000186.jpg"
"frame_000187.jpg",".jpg","1327828","1.2663","8/10/2026 6:36:13 PM","C:\nerfstudio_work\panteon-chacarita\templete-central\dataset-clean\frame_000187.jpg"
"frame_000188.jpg",".jpg","1307999","1.2474","8/10/2026 6:36:14 PM","C:\nerfstudio_work\panteon-chacarita\templete-central\dataset-clean\frame_000188.jpg"
"frame_000189.jpg",".jpg","1317977","1.2569","8/10/2026 6:36:14 PM","C:\nerfstudio_work\panteon-chacarita\templete-central\dataset-clean\frame_000189.jpg"
"frame_000190.jpg",".jpg","1315060","1.2541","8/10/2026 6:36:14 PM","C:\nerfstudio_work\panteon-chacarita\templete-central\dataset-clean\frame_000190.jpg"
"frame_000191.jpg",".jpg","1271929","1.213","8/10/2026 6:36:14 PM","C:\nerfstudio_work\panteon-chacarita\templete-central\dataset-clean\frame_000191.jpg"
"frame_000192.jpg",".jpg","1278491","1.2193","8/10/2026 6:36:15 PM","C:\nerfstudio_work\panteon-chacarita\templete-central\dataset-clean\frame_000192.jpg"
"frame_000193.jpg",".jpg","1212866","1.1567","8/10/2026 6:36:15 PM","C:\nerfstudio_work\panteon-chacarita\templete-central\dataset-clean\frame_000193.jpg"
"frame_000194.jpg",".jpg","1126697","1.0745","8/10/2026 6:36:15 PM","C:\nerfstudio_work\panteon-chacarita\templete-central\dataset-clean\frame_000194.jpg"
"frame_000195.jpg",".jpg","1043934","0.9956","8/10/2026 6:36:15 PM","C:\nerfstudio_work\panteon-chacarita\templete-central\dataset-clean\frame_000195.jpg"
"frame_000196.jpg",".jpg","1118541","1.0667","8/10/2026 6:36:16 PM","C:\nerfstudio_work\panteon-chacarita\templete-central\dataset-clean\frame_000196.jpg"
"frame_000197.jpg",".jpg","1124987","1.0729","8/10/2026 6:36:16 PM","C:\nerfstudio_work\panteon-chacarita\templete-central\dataset-clean\frame_000197.jpg"
"frame_000198.jpg",".jpg","1281255","1.2219","8/10/2026 6:36:16 PM","C:\nerfstudio_work\panteon-chacarita\templete-central\dataset-clean\frame_000198.jpg"
"frame_000199.jpg",".jpg","1257487","1.1992","8/10/2026 6:36:16 PM","C:\nerfstudio_work\panteon-chacarita\templete-central\dataset-clean\frame_000199.jpg"
"frame_000200.jpg",".jpg","1270083","1.2112","8/10/2026 6:36:16 PM","C:\nerfstudio_work\panteon-chacarita\templete-central\dataset-clean\frame_000200.jpg"
"frame_000201.jpg",".jpg","1300965","1.2407","8/10/2026 6:36:17 PM","C:\nerfstudio_work\panteon-chacarita\templete-central\dataset-clean\frame_000201.jpg"
"frame_000202.jpg",".jpg","1220411","1.1639","8/10/2026 6:36:17 PM","C:\nerfstudio_work\panteon-chacarita\templete-central\dataset-clean\frame_000202.jpg"
"frame_000203.jpg",".jpg","1280870","1.2215","8/10/2026 6:36:17 PM","C:\nerfstudio_work\panteon-chacarita\templete-central\dataset-clean\frame_000203.jpg"
"frame_000204.jpg",".jpg","1299473","1.2393","8/10/2026 6:36:17 PM","C:\nerfstudio_work\panteon-chacarita\templete-central\dataset-clean\frame_000204.jpg"
"frame_000205.jpg",".jpg","1272231","1.2133","8/10/2026 6:36:18 PM","C:\nerfstudio_work\panteon-chacarita\templete-central\dataset-clean\frame_000205.jpg"
"frame_000206.jpg",".jpg","1226584","1.1698","8/10/2026 6:36:18 PM","C:\nerfstudio_work\panteon-chacarita\templete-central\dataset-clean\frame_000206.jpg"
"frame_000207.jpg",".jpg","1272438","1.2135","8/10/2026 6:36:18 PM","C:\nerfstudio_work\panteon-chacarita\templete-central\dataset-clean\frame_000207.jpg"
"frame_000208.jpg",".jpg","1241002","1.1835","8/10/2026 6:36:18 PM","C:\nerfstudio_work\panteon-chacarita\templete-central\dataset-clean\frame_000208.jpg"
"frame_000209.jpg",".jpg","1145159","1.0921","8/10/2026 6:36:18 PM","C:\nerfstudio_work\panteon-chacarita\templete-central\dataset-clean\frame_000209.jpg"
"frame_000210.jpg",".jpg","1207319","1.1514","8/10/2026 6:36:19 PM","C:\nerfstudio_work\panteon-chacarita\templete-central\dataset-clean\frame_000210.jpg"
"frame_000211.jpg",".jpg","1226525","1.1697","8/10/2026 6:36:19 PM","C:\nerfstudio_work\panteon-chacarita\templete-central\dataset-clean\frame_000211.jpg"
"frame_000212.jpg",".jpg","1155059","1.1016","8/10/2026 6:36:19 PM","C:\nerfstudio_work\panteon-chacarita\templete-central\dataset-clean\frame_000212.jpg"
"frame_000213.jpg",".jpg","1103643","1.0525","8/10/2026 6:36:19 PM","C:\nerfstudio_work\panteon-chacarita\templete-central\dataset-clean\frame_000213.jpg"
"frame_000214.jpg",".jpg","1064970","1.0156","8/10/2026 6:36:20 PM","C:\nerfstudio_work\panteon-chacarita\templete-central\dataset-clean\frame_000214.jpg"
"frame_000215.jpg",".jpg","1071437","1.0218","8/10/2026 6:36:20 PM","C:\nerfstudio_work\panteon-chacarita\templete-central\dataset-clean\frame_000215.jpg"
"frame_000216.jpg",".jpg","1096462","1.0457","8/10/2026 6:36:20 PM","C:\nerfstudio_work\panteon-chacarita\templete-central\dataset-clean\frame_000216.jpg"
"frame_000217.jpg",".jpg","1103815","1.0527","8/10/2026 6:36:20 PM","C:\nerfstudio_work\panteon-chacarita\templete-central\dataset-clean\frame_000217.jpg"
"frame_000218.jpg",".jpg","1098492","1.0476","8/10/2026 6:36:20 PM","C:\nerfstudio_work\panteon-chacarita\templete-central\dataset-clean\frame_000218.jpg"
"frame_000219.jpg",".jpg","1119096","1.0673","8/10/2026 6:36:21 PM","C:\nerfstudio_work\panteon-chacarita\templete-central\dataset-clean\frame_000219.jpg"
"frame_000220.jpg",".jpg","1140796","1.0879","8/10/2026 6:36:21 PM","C:\nerfstudio_work\panteon-chacarita\templete-central\dataset-clean\frame_000220.jpg"
"frame_000221.jpg",".jpg","1095444","1.0447","8/10/2026 6:36:21 PM","C:\nerfstudio_work\panteon-chacarita\templete-central\dataset-clean\frame_000221.jpg"
"frame_000222.jpg",".jpg","1111333","1.0598","8/10/2026 6:36:21 PM","C:\nerfstudio_work\panteon-chacarita\templete-central\dataset-clean\frame_000222.jpg"
"frame_000223.jpg",".jpg","1102465","1.0514","8/10/2026 6:36:21 PM","C:\nerfstudio_work\panteon-chacarita\templete-central\dataset-clean\frame_000223.jpg"
"frame_000224.jpg",".jpg","1090007","1.0395","8/10/2026 6:36:22 PM","C:\nerfstudio_work\panteon-chacarita\templete-central\dataset-clean\frame_000224.jpg"
"frame_000225.jpg",".jpg","1048079","0.9995","8/10/2026 6:36:22 PM","C:\nerfstudio_work\panteon-chacarita\templete-central\dataset-clean\frame_000225.jpg"
"frame_000226.jpg",".jpg","1004782","0.9582","8/10/2026 6:36:22 PM","C:\nerfstudio_work\panteon-chacarita\templete-central\dataset-clean\frame_000226.jpg"
"frame_000227.jpg",".jpg","1028000","0.9804","8/10/2026 6:36:22 PM","C:\nerfstudio_work\panteon-chacarita\templete-central\dataset-clean\frame_000227.jpg"
"frame_000228.jpg",".jpg","1056445","1.0075","8/10/2026 6:36:22 PM","C:\nerfstudio_work\panteon-chacarita\templete-central\dataset-clean\frame_000228.jpg"
"frame_000229.jpg",".jpg","1056541","1.0076","8/10/2026 6:36:23 PM","C:\nerfstudio_work\panteon-chacarita\templete-central\dataset-clean\frame_000229.jpg"
"frame_000230.jpg",".jpg","1062319","1.0131","8/10/2026 6:36:23 PM","C:\nerfstudio_work\panteon-chacarita\templete-central\dataset-clean\frame_000230.jpg"
"frame_000231.jpg",".jpg","1056265","1.0073","8/10/2026 6:36:23 PM","C:\nerfstudio_work\panteon-chacarita\templete-central\dataset-clean\frame_000231.jpg"
"frame_000232.jpg",".jpg","1044004","0.9956","8/10/2026 6:36:23 PM","C:\nerfstudio_work\panteon-chacarita\templete-central\dataset-clean\frame_000232.jpg"
"frame_000233.jpg",".jpg","1027452","0.9799","8/10/2026 6:36:23 PM","C:\nerfstudio_work\panteon-chacarita\templete-central\dataset-clean\frame_000233.jpg"
"frame_000234.jpg",".jpg","1047085","0.9986","8/10/2026 6:36:24 PM","C:\nerfstudio_work\panteon-chacarita\templete-central\dataset-clean\frame_000234.jpg"
"frame_000235.jpg",".jpg","1103644","1.0525","8/10/2026 6:36:24 PM","C:\nerfstudio_work\panteon-chacarita\templete-central\dataset-clean\frame_000235.jpg"
"frame_000236.jpg",".jpg","1217596","1.1612","8/10/2026 6:36:24 PM","C:\nerfstudio_work\panteon-chacarita\templete-central\dataset-clean\frame_000236.jpg"
"frame_000237.jpg",".jpg","1211700","1.1556","8/10/2026 6:36:24 PM","C:\nerfstudio_work\panteon-chacarita\templete-central\dataset-clean\frame_000237.jpg"
"frame_000238.jpg",".jpg","1268047","1.2093","8/10/2026 6:36:25 PM","C:\nerfstudio_work\panteon-chacarita\templete-central\dataset-clean\frame_000238.jpg"
"frame_000239.jpg",".jpg","1167657","1.1136","8/10/2026 6:36:25 PM","C:\nerfstudio_work\panteon-chacarita\templete-central\dataset-clean\frame_000239.jpg"
"frame_000240.jpg",".jpg","1222879","1.1662","8/10/2026 6:36:25 PM","C:\nerfstudio_work\panteon-chacarita\templete-central\dataset-clean\frame_000240.jpg"
"frame_000241.jpg",".jpg","1264561","1.206","8/10/2026 6:36:25 PM","C:\nerfstudio_work\panteon-chacarita\templete-central\dataset-clean\frame_000241.jpg"
"frame_000242.jpg",".jpg","1204958","1.1491","8/10/2026 6:36:25 PM","C:\nerfstudio_work\panteon-chacarita\templete-central\dataset-clean\frame_000242.jpg"
"frame_000243.jpg",".jpg","1167424","1.1133","8/10/2026 6:36:26 PM","C:\nerfstudio_work\panteon-chacarita\templete-central\dataset-clean\frame_000243.jpg"
"frame_000244.jpg",".jpg","1166099","1.1121","8/10/2026 6:36:26 PM","C:\nerfstudio_work\panteon-chacarita\templete-central\dataset-clean\frame_000244.jpg"
"frame_000245.jpg",".jpg","1193956","1.1386","8/10/2026 6:36:26 PM","C:\nerfstudio_work\panteon-chacarita\templete-central\dataset-clean\frame_000245.jpg"
"frame_000246.jpg",".jpg","1211166","1.1551","8/10/2026 6:36:26 PM","C:\nerfstudio_work\panteon-chacarita\templete-central\dataset-clean\frame_000246.jpg"
"frame_000247.jpg",".jpg","1257416","1.1992","8/10/2026 6:36:27 PM","C:\nerfstudio_work\panteon-chacarita\templete-central\dataset-clean\frame_000247.jpg"
"frame_000248.jpg",".jpg","1298146","1.238","8/10/2026 6:36:27 PM","C:\nerfstudio_work\panteon-chacarita\templete-central\dataset-clean\frame_000248.jpg"
"frame_000249.jpg",".jpg","1178591","1.124","8/10/2026 6:36:27 PM","C:\nerfstudio_work\panteon-chacarita\templete-central\dataset-clean\frame_000249.jpg"
"frame_000250.jpg",".jpg","1175555","1.1211","8/10/2026 6:36:27 PM","C:\nerfstudio_work\panteon-chacarita\templete-central\dataset-clean\frame_000250.jpg"
"frame_000251.jpg",".jpg","1236673","1.1794","8/10/2026 6:36:27 PM","C:\nerfstudio_work\panteon-chacarita\templete-central\dataset-clean\frame_000251.jpg"
"frame_000252.jpg",".jpg","1243821","1.1862","8/10/2026 6:36:28 PM","C:\nerfstudio_work\panteon-chacarita\templete-central\dataset-clean\frame_000252.jpg"
"frame_000253.jpg",".jpg","1280252","1.2209","8/10/2026 6:36:28 PM","C:\nerfstudio_work\panteon-chacarita\templete-central\dataset-clean\frame_000253.jpg"
"frame_000254.jpg",".jpg","1152904","1.0995","8/10/2026 6:36:28 PM","C:\nerfstudio_work\panteon-chacarita\templete-central\dataset-clean\frame_000254.jpg"
"frame_000255.jpg",".jpg","1152469","1.0991","8/10/2026 6:36:28 PM","C:\nerfstudio_work\panteon-chacarita\templete-central\dataset-clean\frame_000255.jpg"
"frame_000256.jpg",".jpg","1191015","1.1358","8/10/2026 6:36:28 PM","C:\nerfstudio_work\panteon-chacarita\templete-central\dataset-clean\frame_000256.jpg"
"frame_000257.jpg",".jpg","1123765","1.0717","8/10/2026 6:36:29 PM","C:\nerfstudio_work\panteon-chacarita\templete-central\dataset-clean\frame_000257.jpg"
"frame_000258.jpg",".jpg","1183740","1.1289","8/10/2026 6:36:29 PM","C:\nerfstudio_work\panteon-chacarita\templete-central\dataset-clean\frame_000258.jpg"
"frame_000259.jpg",".jpg","1285589","1.226","8/10/2026 6:36:29 PM","C:\nerfstudio_work\panteon-chacarita\templete-central\dataset-clean\frame_000259.jpg"
"frame_000260.jpg",".jpg","1278119","1.2189","8/10/2026 6:36:29 PM","C:\nerfstudio_work\panteon-chacarita\templete-central\dataset-clean\frame_000260.jpg"
"frame_000261.jpg",".jpg","1219997","1.1635","8/10/2026 6:36:30 PM","C:\nerfstudio_work\panteon-chacarita\templete-central\dataset-clean\frame_000261.jpg"
"frame_000262.jpg",".jpg","1113538","1.062","8/10/2026 6:36:30 PM","C:\nerfstudio_work\panteon-chacarita\templete-central\dataset-clean\frame_000262.jpg"
"frame_000263.jpg",".jpg","1070292","1.0207","8/10/2026 6:36:30 PM","C:\nerfstudio_work\panteon-chacarita\templete-central\dataset-clean\frame_000263.jpg"
"frame_000264.jpg",".jpg","1095517","1.0448","8/10/2026 6:36:30 PM","C:\nerfstudio_work\panteon-chacarita\templete-central\dataset-clean\frame_000264.jpg"
"frame_000265.jpg",".jpg","1127574","1.0753","8/10/2026 6:36:30 PM","C:\nerfstudio_work\panteon-chacarita\templete-central\dataset-clean\frame_000265.jpg"
"frame_000266.jpg",".jpg","1005874","0.9593","8/10/2026 6:36:31 PM","C:\nerfstudio_work\panteon-chacarita\templete-central\dataset-clean\frame_000266.jpg"
"frame_000267.jpg",".jpg","1094304","1.0436","8/10/2026 6:36:31 PM","C:\nerfstudio_work\panteon-chacarita\templete-central\dataset-clean\frame_000267.jpg"
"frame_000268.jpg",".jpg","1177018","1.1225","8/10/2026 6:36:31 PM","C:\nerfstudio_work\panteon-chacarita\templete-central\dataset-clean\frame_000268.jpg"
"frame_000269.jpg",".jpg","1264948","1.2063","8/10/2026 6:36:31 PM","C:\nerfstudio_work\panteon-chacarita\templete-central\dataset-clean\frame_000269.jpg"
"frame_000270.jpg",".jpg","1150076","1.0968","8/10/2026 6:36:31 PM","C:\nerfstudio_work\panteon-chacarita\templete-central\dataset-clean\frame_000270.jpg"
"frame_000271.jpg",".jpg","1146796","1.0937","8/10/2026 6:36:32 PM","C:\nerfstudio_work\panteon-chacarita\templete-central\dataset-clean\frame_000271.jpg"
"frame_000272.jpg",".jpg","1180230","1.1256","8/10/2026 6:36:32 PM","C:\nerfstudio_work\panteon-chacarita\templete-central\dataset-clean\frame_000272.jpg"
"frame_000273.jpg",".jpg","1246447","1.1887","8/10/2026 6:36:32 PM","C:\nerfstudio_work\panteon-chacarita\templete-central\dataset-clean\frame_000273.jpg"
"frame_000274.jpg",".jpg","1044147","0.9958","8/10/2026 6:36:32 PM","C:\nerfstudio_work\panteon-chacarita\templete-central\dataset-clean\frame_000274.jpg"
"frame_000275.jpg",".jpg","1101283","1.0503","8/10/2026 6:36:32 PM","C:\nerfstudio_work\panteon-chacarita\templete-central\dataset-clean\frame_000275.jpg"
"frame_000276.jpg",".jpg","1086348","1.036","8/10/2026 6:36:33 PM","C:\nerfstudio_work\panteon-chacarita\templete-central\dataset-clean\frame_000276.jpg"
"frame_000277.jpg",".jpg","1231264","1.1742","8/10/2026 6:36:33 PM","C:\nerfstudio_work\panteon-chacarita\templete-central\dataset-clean\frame_000277.jpg"
"frame_000278.jpg",".jpg","1249587","1.1917","8/10/2026 6:36:33 PM","C:\nerfstudio_work\panteon-chacarita\templete-central\dataset-clean\frame_000278.jpg"
"frame_000279.jpg",".jpg","1125034","1.0729","8/10/2026 6:36:33 PM","C:\nerfstudio_work\panteon-chacarita\templete-central\dataset-clean\frame_000279.jpg"
"frame_000280.jpg",".jpg","1151248","1.0979","8/10/2026 6:36:33 PM","C:\nerfstudio_work\panteon-chacarita\templete-central\dataset-clean\frame_000280.jpg"
"frame_000281.jpg",".jpg","1056521","1.0076","8/10/2026 6:36:34 PM","C:\nerfstudio_work\panteon-chacarita\templete-central\dataset-clean\frame_000281.jpg"
"frame_000282.jpg",".jpg","1081838","1.0317","8/10/2026 6:36:34 PM","C:\nerfstudio_work\panteon-chacarita\templete-central\dataset-clean\frame_000282.jpg"
"frame_000283.jpg",".jpg","1207461","1.1515","8/10/2026 6:36:34 PM","C:\nerfstudio_work\panteon-chacarita\templete-central\dataset-clean\frame_000283.jpg"
"frame_000284.jpg",".jpg","1139952","1.0871","8/10/2026 6:36:34 PM","C:\nerfstudio_work\panteon-chacarita\templete-central\dataset-clean\frame_000284.jpg"
"frame_000285.jpg",".jpg","1096007","1.0452","8/10/2026 6:36:35 PM","C:\nerfstudio_work\panteon-chacarita\templete-central\dataset-clean\frame_000285.jpg"
"frame_000286.jpg",".jpg","1176767","1.1223","8/10/2026 6:36:35 PM","C:\nerfstudio_work\panteon-chacarita\templete-central\dataset-clean\frame_000286.jpg"
"frame_000287.jpg",".jpg","1151517","1.0982","8/10/2026 6:36:35 PM","C:\nerfstudio_work\panteon-chacarita\templete-central\dataset-clean\frame_000287.jpg"
"frame_000288.jpg",".jpg","1147421","1.0943","8/10/2026 6:36:35 PM","C:\nerfstudio_work\panteon-chacarita\templete-central\dataset-clean\frame_000288.jpg"
"frame_000289.jpg",".jpg","1144143","1.0911","8/10/2026 6:36:35 PM","C:\nerfstudio_work\panteon-chacarita\templete-central\dataset-clean\frame_000289.jpg"
"frame_000290.jpg",".jpg","1138298","1.0856","8/10/2026 6:36:36 PM","C:\nerfstudio_work\panteon-chacarita\templete-central\dataset-clean\frame_000290.jpg"
"frame_000291.jpg",".jpg","1154929","1.1014","8/10/2026 6:36:36 PM","C:\nerfstudio_work\panteon-chacarita\templete-central\dataset-clean\frame_000291.jpg"
"frame_000292.jpg",".jpg","1181034","1.1263","8/10/2026 6:36:36 PM","C:\nerfstudio_work\panteon-chacarita\templete-central\dataset-clean\frame_000292.jpg"
"frame_000293.jpg",".jpg","1243894","1.1863","8/10/2026 6:36:36 PM","C:\nerfstudio_work\panteon-chacarita\templete-central\dataset-clean\frame_000293.jpg"
"frame_000294.jpg",".jpg","1334881","1.273","8/10/2026 6:36:36 PM","C:\nerfstudio_work\panteon-chacarita\templete-central\dataset-clean\frame_000294.jpg"
"frame_000295.jpg",".jpg","1346796","1.2844","8/10/2026 6:36:37 PM","C:\nerfstudio_work\panteon-chacarita\templete-central\dataset-clean\frame_000295.jpg"
"frame_000296.jpg",".jpg","1386891","1.3226","8/10/2026 6:36:37 PM","C:\nerfstudio_work\panteon-chacarita\templete-central\dataset-clean\frame_000296.jpg"
"frame_000297.jpg",".jpg","1260918","1.2025","8/10/2026 6:36:37 PM","C:\nerfstudio_work\panteon-chacarita\templete-central\dataset-clean\frame_000297.jpg"
"frame_000298.jpg",".jpg","1243025","1.1854","8/10/2026 6:36:37 PM","C:\nerfstudio_work\panteon-chacarita\templete-central\dataset-clean\frame_000298.jpg"
"frame_000299.jpg",".jpg","1339680","1.2776","8/10/2026 6:36:37 PM","C:\nerfstudio_work\panteon-chacarita\templete-central\dataset-clean\frame_000299.jpg"
"frame_000300.jpg",".jpg","1360295","1.2973","8/10/2026 6:36:38 PM","C:\nerfstudio_work\panteon-chacarita\templete-central\dataset-clean\frame_000300.jpg"
"frame_000301.jpg",".jpg","1388931","1.3246","8/10/2026 6:36:38 PM","C:\nerfstudio_work\panteon-chacarita\templete-central\dataset-clean\frame_000301.jpg"
"frame_000302.jpg",".jpg","1239481","1.1821","8/10/2026 6:36:38 PM","C:\nerfstudio_work\panteon-chacarita\templete-central\dataset-clean\frame_000302.jpg"
"frame_000303.jpg",".jpg","1223042","1.1664","8/10/2026 6:36:38 PM","C:\nerfstudio_work\panteon-chacarita\templete-central\dataset-clean\frame_000303.jpg"
"frame_000304.jpg",".jpg","1233779","1.1766","8/10/2026 6:36:38 PM","C:\nerfstudio_work\panteon-chacarita\templete-central\dataset-clean\frame_000304.jpg"
"frame_000305.jpg",".jpg","1377491","1.3137","8/10/2026 6:36:39 PM","C:\nerfstudio_work\panteon-chacarita\templete-central\dataset-clean\frame_000305.jpg"
"frame_000306.jpg",".jpg","1348235","1.2858","8/10/2026 6:36:39 PM","C:\nerfstudio_work\panteon-chacarita\templete-central\dataset-clean\frame_000306.jpg"
"frame_000307.jpg",".jpg","1411628","1.3462","8/10/2026 6:36:39 PM","C:\nerfstudio_work\panteon-chacarita\templete-central\dataset-clean\frame_000307.jpg"
"frame_000308.jpg",".jpg","1268861","1.2101","8/10/2026 6:36:39 PM","C:\nerfstudio_work\panteon-chacarita\templete-central\dataset-clean\frame_000308.jpg"
"frame_000309.jpg",".jpg","1235396","1.1782","8/10/2026 6:36:40 PM","C:\nerfstudio_work\panteon-chacarita\templete-central\dataset-clean\frame_000309.jpg"
"frame_000310.jpg",".jpg","1375522","1.3118","8/10/2026 6:36:40 PM","C:\nerfstudio_work\panteon-chacarita\templete-central\dataset-clean\frame_000310.jpg"
"frame_000311.jpg",".jpg","1388671","1.3243","8/10/2026 6:36:40 PM","C:\nerfstudio_work\panteon-chacarita\templete-central\dataset-clean\frame_000311.jpg"
"frame_000312.jpg",".jpg","1405553","1.3404","8/10/2026 6:36:40 PM","C:\nerfstudio_work\panteon-chacarita\templete-central\dataset-clean\frame_000312.jpg"
"frame_000313.jpg",".jpg","1294295","1.2343","8/10/2026 6:36:40 PM","C:\nerfstudio_work\panteon-chacarita\templete-central\dataset-clean\frame_000313.jpg"
"frame_000314.jpg",".jpg","1296907","1.2368","8/10/2026 6:36:41 PM","C:\nerfstudio_work\panteon-chacarita\templete-central\dataset-clean\frame_000314.jpg"
"frame_000315.jpg",".jpg","1417709","1.352","8/10/2026 6:36:41 PM","C:\nerfstudio_work\panteon-chacarita\templete-central\dataset-clean\frame_000315.jpg"
"frame_000316.jpg",".jpg","1404628","1.3396","8/10/2026 6:36:41 PM","C:\nerfstudio_work\panteon-chacarita\templete-central\dataset-clean\frame_000316.jpg"
"frame_000317.jpg",".jpg","1312682","1.2519","8/10/2026 6:36:41 PM","C:\nerfstudio_work\panteon-chacarita\templete-central\dataset-clean\frame_000317.jpg"
"frame_000318.jpg",".jpg","1362111","1.299","8/10/2026 6:36:41 PM","C:\nerfstudio_work\panteon-chacarita\templete-central\dataset-clean\frame_000318.jpg"
"frame_000319.jpg",".jpg","1412947","1.3475","8/10/2026 6:36:42 PM","C:\nerfstudio_work\panteon-chacarita\templete-central\dataset-clean\frame_000319.jpg"
"frame_000320.jpg",".jpg","1440894","1.3741","8/10/2026 6:36:42 PM","C:\nerfstudio_work\panteon-chacarita\templete-central\dataset-clean\frame_000320.jpg"
"frame_000321.jpg",".jpg","1365572","1.3023","8/10/2026 6:36:42 PM","C:\nerfstudio_work\panteon-chacarita\templete-central\dataset-clean\frame_000321.jpg"
"frame_000322.jpg",".jpg","1374110","1.3105","8/10/2026 6:36:42 PM","C:\nerfstudio_work\panteon-chacarita\templete-central\dataset-clean\frame_000322.jpg"
"frame_000323.jpg",".jpg","1386539","1.3223","8/10/2026 6:36:42 PM","C:\nerfstudio_work\panteon-chacarita\templete-central\dataset-clean\frame_000323.jpg"
"frame_000324.jpg",".jpg","1340035","1.278","8/10/2026 6:36:43 PM","C:\nerfstudio_work\panteon-chacarita\templete-central\dataset-clean\frame_000324.jpg"
"frame_000325.jpg",".jpg","1233625","1.1765","8/10/2026 6:36:43 PM","C:\nerfstudio_work\panteon-chacarita\templete-central\dataset-clean\frame_000325.jpg"
"frame_000326.jpg",".jpg","1188429","1.1334","8/10/2026 6:36:43 PM","C:\nerfstudio_work\panteon-chacarita\templete-central\dataset-clean\frame_000326.jpg"
"frame_000327.jpg",".jpg","1137820","1.0851","8/10/2026 6:36:43 PM","C:\nerfstudio_work\panteon-chacarita\templete-central\dataset-clean\frame_000327.jpg"
"frame_000328.jpg",".jpg","1094699","1.044","8/10/2026 6:36:44 PM","C:\nerfstudio_work\panteon-chacarita\templete-central\dataset-clean\frame_000328.jpg"
"frame_000329.jpg",".jpg","1086361","1.036","8/10/2026 6:36:44 PM","C:\nerfstudio_work\panteon-chacarita\templete-central\dataset-clean\frame_000329.jpg"
"frame_000330.jpg",".jpg","1054982","1.0061","8/10/2026 6:36:44 PM","C:\nerfstudio_work\panteon-chacarita\templete-central\dataset-clean\frame_000330.jpg"
"frame_000331.jpg",".jpg","1040237","0.992","8/10/2026 6:36:44 PM","C:\nerfstudio_work\panteon-chacarita\templete-central\dataset-clean\frame_000331.jpg"
"frame_000332.jpg",".jpg","1022183","0.9748","8/10/2026 6:36:44 PM","C:\nerfstudio_work\panteon-chacarita\templete-central\dataset-clean\frame_000332.jpg"
"frame_000333.jpg",".jpg","977486","0.9322","8/10/2026 6:36:45 PM","C:\nerfstudio_work\panteon-chacarita\templete-central\dataset-clean\frame_000333.jpg"
"frame_000334.jpg",".jpg","990395","0.9445","8/10/2026 6:36:45 PM","C:\nerfstudio_work\panteon-chacarita\templete-central\dataset-clean\frame_000334.jpg"
"frame_000335.jpg",".jpg","1101859","1.0508","8/10/2026 6:36:45 PM","C:\nerfstudio_work\panteon-chacarita\templete-central\dataset-clean\frame_000335.jpg"
"frame_000336.jpg",".jpg","1124612","1.0725","8/10/2026 6:36:45 PM","C:\nerfstudio_work\panteon-chacarita\templete-central\dataset-clean\frame_000336.jpg"
"frame_000337.jpg",".jpg","1132336","1.0799","8/10/2026 6:36:45 PM","C:\nerfstudio_work\panteon-chacarita\templete-central\dataset-clean\frame_000337.jpg"
"frame_000338.jpg",".jpg","1098060","1.0472","8/10/2026 6:36:46 PM","C:\nerfstudio_work\panteon-chacarita\templete-central\dataset-clean\frame_000338.jpg"
"frame_000339.jpg",".jpg","1116733","1.065","8/10/2026 6:36:46 PM","C:\nerfstudio_work\panteon-chacarita\templete-central\dataset-clean\frame_000339.jpg"
"frame_000340.jpg",".jpg","1080705","1.0306","8/10/2026 6:36:46 PM","C:\nerfstudio_work\panteon-chacarita\templete-central\dataset-clean\frame_000340.jpg"
"frame_000341.jpg",".jpg","1141214","1.0883","8/10/2026 6:36:46 PM","C:\nerfstudio_work\panteon-chacarita\templete-central\dataset-clean\frame_000341.jpg"
"frame_000342.jpg",".jpg","1158338","1.1047","8/10/2026 6:36:46 PM","C:\nerfstudio_work\panteon-chacarita\templete-central\dataset-clean\frame_000342.jpg"
"frame_000343.jpg",".jpg","1164604","1.1107","8/10/2026 6:36:47 PM","C:\nerfstudio_work\panteon-chacarita\templete-central\dataset-clean\frame_000343.jpg"
"frame_000344.jpg",".jpg","1117623","1.0658","8/10/2026 6:36:47 PM","C:\nerfstudio_work\panteon-chacarita\templete-central\dataset-clean\frame_000344.jpg"
"frame_000345.jpg",".jpg","1101861","1.0508","8/10/2026 6:36:47 PM","C:\nerfstudio_work\panteon-chacarita\templete-central\dataset-clean\frame_000345.jpg"
"frame_000346.jpg",".jpg","1052182","1.0034","8/10/2026 6:36:47 PM","C:\nerfstudio_work\panteon-chacarita\templete-central\dataset-clean\frame_000346.jpg"
"frame_000347.jpg",".jpg","1105633","1.0544","8/10/2026 6:36:47 PM","C:\nerfstudio_work\panteon-chacarita\templete-central\dataset-clean\frame_000347.jpg"
"frame_000348.jpg",".jpg","1062770","1.0135","8/10/2026 6:36:48 PM","C:\nerfstudio_work\panteon-chacarita\templete-central\dataset-clean\frame_000348.jpg"
"frame_000349.jpg",".jpg","1074436","1.0247","8/10/2026 6:36:48 PM","C:\nerfstudio_work\panteon-chacarita\templete-central\dataset-clean\frame_000349.jpg"
"frame_000350.jpg",".jpg","1064758","1.0154","8/10/2026 6:36:48 PM","C:\nerfstudio_work\panteon-chacarita\templete-central\dataset-clean\frame_000350.jpg"
"frame_000351.jpg",".jpg","1017771","0.9706","8/10/2026 6:36:48 PM","C:\nerfstudio_work\panteon-chacarita\templete-central\dataset-clean\frame_000351.jpg"
"frame_000352.jpg",".jpg","963482","0.9188","8/10/2026 6:36:49 PM","C:\nerfstudio_work\panteon-chacarita\templete-central\dataset-clean\frame_000352.jpg"
"frame_000353.jpg",".jpg","1080228","1.0302","8/10/2026 6:36:49 PM","C:\nerfstudio_work\panteon-chacarita\templete-central\dataset-clean\frame_000353.jpg"
"frame_000354.jpg",".jpg","961527","0.917","8/10/2026 6:36:49 PM","C:\nerfstudio_work\panteon-chacarita\templete-central\dataset-clean\frame_000354.jpg"
"frame_000355.jpg",".jpg","1020293","0.973","8/10/2026 6:36:49 PM","C:\nerfstudio_work\panteon-chacarita\templete-central\dataset-clean\frame_000355.jpg"
"frame_000356.jpg",".jpg","1082734","1.0326","8/10/2026 6:36:49 PM","C:\nerfstudio_work\panteon-chacarita\templete-central\dataset-clean\frame_000356.jpg"
"frame_000357.jpg",".jpg","1097129","1.0463","8/10/2026 6:36:50 PM","C:\nerfstudio_work\panteon-chacarita\templete-central\dataset-clean\frame_000357.jpg"
"frame_000358.jpg",".jpg","1027324","0.9797","8/10/2026 6:36:50 PM","C:\nerfstudio_work\panteon-chacarita\templete-central\dataset-clean\frame_000358.jpg"
"frame_000359.jpg",".jpg","990274","0.9444","8/10/2026 6:36:50 PM","C:\nerfstudio_work\panteon-chacarita\templete-central\dataset-clean\frame_000359.jpg"
"frame_000360.jpg",".jpg","986183","0.9405","8/10/2026 6:36:50 PM","C:\nerfstudio_work\panteon-chacarita\templete-central\dataset-clean\frame_000360.jpg"
"frame_000361.jpg",".jpg","1042798","0.9945","8/10/2026 6:36:51 PM","C:\nerfstudio_work\panteon-chacarita\templete-central\dataset-clean\frame_000361.jpg"
"frame_000362.jpg",".jpg","937271","0.8939","8/10/2026 6:36:51 PM","C:\nerfstudio_work\panteon-chacarita\templete-central\dataset-clean\frame_000362.jpg"
"frame_000363.jpg",".jpg","955598","0.9113","8/10/2026 6:36:51 PM","C:\nerfstudio_work\panteon-chacarita\templete-central\dataset-clean\frame_000363.jpg"
"frame_000364.jpg",".jpg","925116","0.8823","8/10/2026 6:36:51 PM","C:\nerfstudio_work\panteon-chacarita\templete-central\dataset-clean\frame_000364.jpg"
"frame_000365.jpg",".jpg","985714","0.9401","8/10/2026 6:36:51 PM","C:\nerfstudio_work\panteon-chacarita\templete-central\dataset-clean\frame_000365.jpg"
"frame_000366.jpg",".jpg","1024768","0.9773","8/10/2026 6:36:52 PM","C:\nerfstudio_work\panteon-chacarita\templete-central\dataset-clean\frame_000366.jpg"
"frame_000367.jpg",".jpg","971059","0.9261","8/10/2026 6:36:52 PM","C:\nerfstudio_work\panteon-chacarita\templete-central\dataset-clean\frame_000367.jpg"
"frame_000368.jpg",".jpg","1065372","1.016","8/10/2026 6:36:52 PM","C:\nerfstudio_work\panteon-chacarita\templete-central\dataset-clean\frame_000368.jpg"
"frame_000369.jpg",".jpg","965012","0.9203","8/10/2026 6:36:52 PM","C:\nerfstudio_work\panteon-chacarita\templete-central\dataset-clean\frame_000369.jpg"
"frame_000370.jpg",".jpg","949170","0.9052","8/10/2026 6:36:53 PM","C:\nerfstudio_work\panteon-chacarita\templete-central\dataset-clean\frame_000370.jpg"
"frame_000371.jpg",".jpg","1005857","0.9593","8/10/2026 6:36:53 PM","C:\nerfstudio_work\panteon-chacarita\templete-central\dataset-clean\frame_000371.jpg"
"frame_000372.jpg",".jpg","954388","0.9102","8/10/2026 6:36:53 PM","C:\nerfstudio_work\panteon-chacarita\templete-central\dataset-clean\frame_000372.jpg"
"frame_000373.jpg",".jpg","972749","0.9277","8/10/2026 6:36:53 PM","C:\nerfstudio_work\panteon-chacarita\templete-central\dataset-clean\frame_000373.jpg"
"frame_000374.jpg",".jpg","978799","0.9335","8/10/2026 6:36:53 PM","C:\nerfstudio_work\panteon-chacarita\templete-central\dataset-clean\frame_000374.jpg"
"frame_000375.jpg",".jpg","987388","0.9416","8/10/2026 6:36:54 PM","C:\nerfstudio_work\panteon-chacarita\templete-central\dataset-clean\frame_000375.jpg"
"frame_000376.jpg",".jpg","992199","0.9462","8/10/2026 6:36:54 PM","C:\nerfstudio_work\panteon-chacarita\templete-central\dataset-clean\frame_000376.jpg"
"frame_000377.jpg",".jpg","985155","0.9395","8/10/2026 6:36:54 PM","C:\nerfstudio_work\panteon-chacarita\templete-central\dataset-clean\frame_000377.jpg"
"frame_000378.jpg",".jpg","949818","0.9058","8/10/2026 6:36:54 PM","C:\nerfstudio_work\panteon-chacarita\templete-central\dataset-clean\frame_000378.jpg"
"frame_000379.jpg",".jpg","940509","0.8969","8/10/2026 6:36:54 PM","C:\nerfstudio_work\panteon-chacarita\templete-central\dataset-clean\frame_000379.jpg"
"frame_000380.jpg",".jpg","877240","0.8366","8/10/2026 6:36:55 PM","C:\nerfstudio_work\panteon-chacarita\templete-central\dataset-clean\frame_000380.jpg"
"frame_000381.jpg",".jpg","919447","0.8769","8/10/2026 6:36:55 PM","C:\nerfstudio_work\panteon-chacarita\templete-central\dataset-clean\frame_000381.jpg"
"frame_000382.jpg",".jpg","946829","0.903","8/10/2026 6:36:55 PM","C:\nerfstudio_work\panteon-chacarita\templete-central\dataset-clean\frame_000382.jpg"
"frame_000383.jpg",".jpg","1034971","0.987","8/10/2026 6:36:55 PM","C:\nerfstudio_work\panteon-chacarita\templete-central\dataset-clean\frame_000383.jpg"
"frame_000384.jpg",".jpg","1037079","0.989","8/10/2026 6:36:55 PM","C:\nerfstudio_work\panteon-chacarita\templete-central\dataset-clean\frame_000384.jpg"
"frame_000385.jpg",".jpg","1000876","0.9545","8/10/2026 6:36:56 PM","C:\nerfstudio_work\panteon-chacarita\templete-central\dataset-clean\frame_000385.jpg"
"frame_000386.jpg",".jpg","1031746","0.9839","8/10/2026 6:36:56 PM","C:\nerfstudio_work\panteon-chacarita\templete-central\dataset-clean\frame_000386.jpg"
"frame_000387.jpg",".jpg","1003595","0.9571","8/10/2026 6:36:56 PM","C:\nerfstudio_work\panteon-chacarita\templete-central\dataset-clean\frame_000387.jpg"
"frame_000388.jpg",".jpg","979674","0.9343","8/10/2026 6:36:56 PM","C:\nerfstudio_work\panteon-chacarita\templete-central\dataset-clean\frame_000388.jpg"
"frame_000389.jpg",".jpg","995623","0.9495","8/10/2026 6:36:56 PM","C:\nerfstudio_work\panteon-chacarita\templete-central\dataset-clean\frame_000389.jpg"
"frame_000390.jpg",".jpg","1001572","0.9552","8/10/2026 6:36:57 PM","C:\nerfstudio_work\panteon-chacarita\templete-central\dataset-clean\frame_000390.jpg"
"frame_000391.jpg",".jpg","1001011","0.9546","8/10/2026 6:36:57 PM","C:\nerfstudio_work\panteon-chacarita\templete-central\dataset-clean\frame_000391.jpg"
"frame_000392.jpg",".jpg","995083","0.949","8/10/2026 6:36:57 PM","C:\nerfstudio_work\panteon-chacarita\templete-central\dataset-clean\frame_000392.jpg"
"frame_000393.jpg",".jpg","1024727","0.9773","8/10/2026 6:36:57 PM","C:\nerfstudio_work\panteon-chacarita\templete-central\dataset-clean\frame_000393.jpg"
"frame_000394.jpg",".jpg","1038569","0.9905","8/10/2026 6:36:57 PM","C:\nerfstudio_work\panteon-chacarita\templete-central\dataset-clean\frame_000394.jpg"
"frame_000395.jpg",".jpg","1058279","1.0093","8/10/2026 6:36:58 PM","C:\nerfstudio_work\panteon-chacarita\templete-central\dataset-clean\frame_000395.jpg"
"frame_000396.jpg",".jpg","1053369","1.0046","8/10/2026 6:36:58 PM","C:\nerfstudio_work\panteon-chacarita\templete-central\dataset-clean\frame_000396.jpg"
"frame_000397.jpg",".jpg","1063075","1.0138","8/10/2026 6:36:58 PM","C:\nerfstudio_work\panteon-chacarita\templete-central\dataset-clean\frame_000397.jpg"
"frame_000398.jpg",".jpg","1088646","1.0382","8/10/2026 6:36:58 PM","C:\nerfstudio_work\panteon-chacarita\templete-central\dataset-clean\frame_000398.jpg"
"frame_000399.jpg",".jpg","1100425","1.0494","8/10/2026 6:36:59 PM","C:\nerfstudio_work\panteon-chacarita\templete-central\dataset-clean\frame_000399.jpg"
"frame_000400.jpg",".jpg","1081970","1.0318","8/10/2026 6:36:59 PM","C:\nerfstudio_work\panteon-chacarita\templete-central\dataset-clean\frame_000400.jpg"
"frame_000401.jpg",".jpg","1105747","1.0545","8/10/2026 6:36:59 PM","C:\nerfstudio_work\panteon-chacarita\templete-central\dataset-clean\frame_000401.jpg"
"frame_000402.jpg",".jpg","1079149","1.0292","8/10/2026 6:36:59 PM","C:\nerfstudio_work\panteon-chacarita\templete-central\dataset-clean\frame_000402.jpg"
"frame_000403.jpg",".jpg","1156576","1.103","8/10/2026 6:36:59 PM","C:\nerfstudio_work\panteon-chacarita\templete-central\dataset-clean\frame_000403.jpg"
"frame_000404.jpg",".jpg","1164710","1.1108","8/10/2026 6:37:00 PM","C:\nerfstudio_work\panteon-chacarita\templete-central\dataset-clean\frame_000404.jpg"
"frame_000405.jpg",".jpg","1168276","1.1142","8/10/2026 6:37:00 PM","C:\nerfstudio_work\panteon-chacarita\templete-central\dataset-clean\frame_000405.jpg"
"frame_000406.jpg",".jpg","1153288","1.0999","8/10/2026 6:37:00 PM","C:\nerfstudio_work\panteon-chacarita\templete-central\dataset-clean\frame_000406.jpg"
"frame_000407.jpg",".jpg","1126058","1.0739","8/10/2026 6:37:00 PM","C:\nerfstudio_work\panteon-chacarita\templete-central\dataset-clean\frame_000407.jpg"
"frame_000408.jpg",".jpg","1213333","1.1571","8/10/2026 6:37:01 PM","C:\nerfstudio_work\panteon-chacarita\templete-central\dataset-clean\frame_000408.jpg"
"frame_000409.jpg",".jpg","1207529","1.1516","8/10/2026 6:37:01 PM","C:\nerfstudio_work\panteon-chacarita\templete-central\dataset-clean\frame_000409.jpg"
"frame_000410.jpg",".jpg","1150917","1.0976","8/10/2026 6:37:01 PM","C:\nerfstudio_work\panteon-chacarita\templete-central\dataset-clean\frame_000410.jpg"
"frame_000411.jpg",".jpg","1212453","1.1563","8/10/2026 6:37:01 PM","C:\nerfstudio_work\panteon-chacarita\templete-central\dataset-clean\frame_000411.jpg"
"frame_000412.jpg",".jpg","1206755","1.1509","8/10/2026 6:37:01 PM","C:\nerfstudio_work\panteon-chacarita\templete-central\dataset-clean\frame_000412.jpg"
"frame_000413.jpg",".jpg","1125294","1.0732","8/10/2026 6:37:02 PM","C:\nerfstudio_work\panteon-chacarita\templete-central\dataset-clean\frame_000413.jpg"
"frame_000414.jpg",".jpg","1117904","1.0661","8/10/2026 6:37:02 PM","C:\nerfstudio_work\panteon-chacarita\templete-central\dataset-clean\frame_000414.jpg"
"frame_000415.jpg",".jpg","1108535","1.0572","8/10/2026 6:37:02 PM","C:\nerfstudio_work\panteon-chacarita\templete-central\dataset-clean\frame_000415.jpg"
"frame_000416.jpg",".jpg","1108132","1.0568","8/10/2026 6:37:02 PM","C:\nerfstudio_work\panteon-chacarita\templete-central\dataset-clean\frame_000416.jpg"
"frame_000417.jpg",".jpg","1133883","1.0814","8/10/2026 6:37:03 PM","C:\nerfstudio_work\panteon-chacarita\templete-central\dataset-clean\frame_000417.jpg"
"frame_000418.jpg",".jpg","1352275","1.2896","8/10/2026 6:37:03 PM","C:\nerfstudio_work\panteon-chacarita\templete-central\dataset-clean\frame_000418.jpg"
"frame_000419.jpg",".jpg","1327905","1.2664","8/10/2026 6:37:03 PM","C:\nerfstudio_work\panteon-chacarita\templete-central\dataset-clean\frame_000419.jpg"
"frame_000420.jpg",".jpg","1303939","1.2435","8/10/2026 6:37:03 PM","C:\nerfstudio_work\panteon-chacarita\templete-central\dataset-clean\frame_000420.jpg"
"frame_000421.jpg",".jpg","1300936","1.2407","8/10/2026 6:37:04 PM","C:\nerfstudio_work\panteon-chacarita\templete-central\dataset-clean\frame_000421.jpg"
"frame_000422.jpg",".jpg","1223614","1.1669","8/10/2026 6:37:04 PM","C:\nerfstudio_work\panteon-chacarita\templete-central\dataset-clean\frame_000422.jpg"
"frame_000423.jpg",".jpg","1339840","1.2778","8/10/2026 6:37:04 PM","C:\nerfstudio_work\panteon-chacarita\templete-central\dataset-clean\frame_000423.jpg"
"frame_000424.jpg",".jpg","1307625","1.247","8/10/2026 6:37:04 PM","C:\nerfstudio_work\panteon-chacarita\templete-central\dataset-clean\frame_000424.jpg"
"frame_000425.jpg",".jpg","1295436","1.2354","8/10/2026 6:37:04 PM","C:\nerfstudio_work\panteon-chacarita\templete-central\dataset-clean\frame_000425.jpg"
"frame_000426.jpg",".jpg","1199325","1.1438","8/10/2026 6:37:05 PM","C:\nerfstudio_work\panteon-chacarita\templete-central\dataset-clean\frame_000426.jpg"
"frame_000427.jpg",".jpg","1159923","1.1062","8/10/2026 6:37:05 PM","C:\nerfstudio_work\panteon-chacarita\templete-central\dataset-clean\frame_000427.jpg"
"frame_000428.jpg",".jpg","1159054","1.1054","8/10/2026 6:37:05 PM","C:\nerfstudio_work\panteon-chacarita\templete-central\dataset-clean\frame_000428.jpg"
"frame_000429.jpg",".jpg","1139370","1.0866","8/10/2026 6:37:05 PM","C:\nerfstudio_work\panteon-chacarita\templete-central\dataset-clean\frame_000429.jpg"
"frame_000430.jpg",".jpg","1282821","1.2234","8/10/2026 6:37:06 PM","C:\nerfstudio_work\panteon-chacarita\templete-central\dataset-clean\frame_000430.jpg"
"frame_000431.jpg",".jpg","1258444","1.2001","8/10/2026 6:37:06 PM","C:\nerfstudio_work\panteon-chacarita\templete-central\dataset-clean\frame_000431.jpg"
"frame_000432.jpg",".jpg","1143409","1.0904","8/10/2026 6:37:06 PM","C:\nerfstudio_work\panteon-chacarita\templete-central\dataset-clean\frame_000432.jpg"
"frame_000433.jpg",".jpg","1262551","1.2041","8/10/2026 6:37:06 PM","C:\nerfstudio_work\panteon-chacarita\templete-central\dataset-clean\frame_000433.jpg"
"frame_000434.jpg",".jpg","1320230","1.2591","8/10/2026 6:37:06 PM","C:\nerfstudio_work\panteon-chacarita\templete-central\dataset-clean\frame_000434.jpg"
"frame_000435.jpg",".jpg","1165201","1.1112","8/10/2026 6:37:07 PM","C:\nerfstudio_work\panteon-chacarita\templete-central\dataset-clean\frame_000435.jpg"
"frame_000436.jpg",".jpg","1196580","1.1411","8/10/2026 6:37:07 PM","C:\nerfstudio_work\panteon-chacarita\templete-central\dataset-clean\frame_000436.jpg"
"frame_000437.jpg",".jpg","1166581","1.1125","8/10/2026 6:37:07 PM","C:\nerfstudio_work\panteon-chacarita\templete-central\dataset-clean\frame_000437.jpg"
"frame_000438.jpg",".jpg","1153267","1.0998","8/10/2026 6:37:07 PM","C:\nerfstudio_work\panteon-chacarita\templete-central\dataset-clean\frame_000438.jpg"
"frame_000439.jpg",".jpg","1202712","1.147","8/10/2026 6:37:07 PM","C:\nerfstudio_work\panteon-chacarita\templete-central\dataset-clean\frame_000439.jpg"
"frame_000440.jpg",".jpg","1191547","1.1363","8/10/2026 6:37:08 PM","C:\nerfstudio_work\panteon-chacarita\templete-central\dataset-clean\frame_000440.jpg"
"frame_000441.jpg",".jpg","1184864","1.13","8/10/2026 6:37:08 PM","C:\nerfstudio_work\panteon-chacarita\templete-central\dataset-clean\frame_000441.jpg"
"frame_000442.jpg",".jpg","1151898","1.0985","8/10/2026 6:37:08 PM","C:\nerfstudio_work\panteon-chacarita\templete-central\dataset-clean\frame_000442.jpg"
"frame_000443.jpg",".jpg","1080160","1.0301","8/10/2026 6:37:08 PM","C:\nerfstudio_work\panteon-chacarita\templete-central\dataset-clean\frame_000443.jpg"
"frame_000444.jpg",".jpg","989447","0.9436","8/10/2026 6:37:09 PM","C:\nerfstudio_work\panteon-chacarita\templete-central\dataset-clean\frame_000444.jpg"
"frame_000445.jpg",".jpg","934768","0.8915","8/10/2026 6:37:09 PM","C:\nerfstudio_work\panteon-chacarita\templete-central\dataset-clean\frame_000445.jpg"
"frame_000446.jpg",".jpg","805748","0.7684","8/10/2026 6:37:09 PM","C:\nerfstudio_work\panteon-chacarita\templete-central\dataset-clean\frame_000446.jpg"
"frame_000447.jpg",".jpg","782334","0.7461","8/10/2026 6:37:09 PM","C:\nerfstudio_work\panteon-chacarita\templete-central\dataset-clean\frame_000447.jpg"
"frame_000448.jpg",".jpg","723958","0.6904","8/10/2026 6:37:09 PM","C:\nerfstudio_work\panteon-chacarita\templete-central\dataset-clean\frame_000448.jpg"
"frame_000449.jpg",".jpg","729005","0.6952","8/10/2026 6:37:10 PM","C:\nerfstudio_work\panteon-chacarita\templete-central\dataset-clean\frame_000449.jpg"
"frame_000450.jpg",".jpg","767915","0.7323","8/10/2026 6:37:10 PM","C:\nerfstudio_work\panteon-chacarita\templete-central\dataset-clean\frame_000450.jpg"
"frame_000451.jpg",".jpg","757217","0.7221","8/10/2026 6:37:10 PM","C:\nerfstudio_work\panteon-chacarita\templete-central\dataset-clean\frame_000451.jpg"
"frame_000452.jpg",".jpg","896487","0.855","8/10/2026 6:37:10 PM","C:\nerfstudio_work\panteon-chacarita\templete-central\dataset-clean\frame_000452.jpg"
"frame_000453.jpg",".jpg","930105","0.887","8/10/2026 6:37:11 PM","C:\nerfstudio_work\panteon-chacarita\templete-central\dataset-clean\frame_000453.jpg"
"frame_000454.jpg",".jpg","949888","0.9059","8/10/2026 6:37:11 PM","C:\nerfstudio_work\panteon-chacarita\templete-central\dataset-clean\frame_000454.jpg"
"frame_000455.jpg",".jpg","985338","0.9397","8/10/2026 6:37:11 PM","C:\nerfstudio_work\panteon-chacarita\templete-central\dataset-clean\frame_000455.jpg"
"frame_000456.jpg",".jpg","934059","0.8908","8/10/2026 6:37:11 PM","C:\nerfstudio_work\panteon-chacarita\templete-central\dataset-clean\frame_000456.jpg"
"frame_000457.jpg",".jpg","859103","0.8193","8/10/2026 6:37:11 PM","C:\nerfstudio_work\panteon-chacarita\templete-central\dataset-clean\frame_000457.jpg"
"frame_000458.jpg",".jpg","855381","0.8158","8/10/2026 6:37:12 PM","C:\nerfstudio_work\panteon-chacarita\templete-central\dataset-clean\frame_000458.jpg"
"frame_000459.jpg",".jpg","885620","0.8446","8/10/2026 6:37:12 PM","C:\nerfstudio_work\panteon-chacarita\templete-central\dataset-clean\frame_000459.jpg"
"frame_000460.jpg",".jpg","839698","0.8008","8/10/2026 6:37:12 PM","C:\nerfstudio_work\panteon-chacarita\templete-central\dataset-clean\frame_000460.jpg"
"frame_000461.jpg",".jpg","808074","0.7706","8/10/2026 6:37:12 PM","C:\nerfstudio_work\panteon-chacarita\templete-central\dataset-clean\frame_000461.jpg"
"frame_000462.jpg",".jpg","780038","0.7439","8/10/2026 6:37:12 PM","C:\nerfstudio_work\panteon-chacarita\templete-central\dataset-clean\frame_000462.jpg"
"frame_000463.jpg",".jpg","898427","0.8568","8/10/2026 6:37:13 PM","C:\nerfstudio_work\panteon-chacarita\templete-central\dataset-clean\frame_000463.jpg"
"frame_000464.jpg",".jpg","854789","0.8152","8/10/2026 6:37:13 PM","C:\nerfstudio_work\panteon-chacarita\templete-central\dataset-clean\frame_000464.jpg"
"frame_000465.jpg",".jpg","886341","0.8453","8/10/2026 6:37:13 PM","C:\nerfstudio_work\panteon-chacarita\templete-central\dataset-clean\frame_000465.jpg"
"frame_000466.jpg",".jpg","839331","0.8004","8/10/2026 6:37:13 PM","C:\nerfstudio_work\panteon-chacarita\templete-central\dataset-clean\frame_000466.jpg"
"frame_000467.jpg",".jpg","874745","0.8342","8/10/2026 6:37:14 PM","C:\nerfstudio_work\panteon-chacarita\templete-central\dataset-clean\frame_000467.jpg"
"frame_000468.jpg",".jpg","1040240","0.9921","8/10/2026 6:37:14 PM","C:\nerfstudio_work\panteon-chacarita\templete-central\dataset-clean\frame_000468.jpg"
"frame_000469.jpg",".jpg","868149","0.8279","8/10/2026 6:37:14 PM","C:\nerfstudio_work\panteon-chacarita\templete-central\dataset-clean\frame_000469.jpg"
"frame_000470.jpg",".jpg","930038","0.887","8/10/2026 6:37:14 PM","C:\nerfstudio_work\panteon-chacarita\templete-central\dataset-clean\frame_000470.jpg"
"frame_000471.jpg",".jpg","1074119","1.0244","8/10/2026 6:37:14 PM","C:\nerfstudio_work\panteon-chacarita\templete-central\dataset-clean\frame_000471.jpg"
"frame_000472.jpg",".jpg","883863","0.8429","8/10/2026 6:37:15 PM","C:\nerfstudio_work\panteon-chacarita\templete-central\dataset-clean\frame_000472.jpg"
"frame_000473.jpg",".jpg","1140535","1.0877","8/10/2026 6:37:15 PM","C:\nerfstudio_work\panteon-chacarita\templete-central\dataset-clean\frame_000473.jpg"
"frame_000474.jpg",".jpg","1073872","1.0241","8/10/2026 6:37:15 PM","C:\nerfstudio_work\panteon-chacarita\templete-central\dataset-clean\frame_000474.jpg"
"frame_000475.jpg",".jpg","1069530","1.02","8/10/2026 6:37:15 PM","C:\nerfstudio_work\panteon-chacarita\templete-central\dataset-clean\frame_000475.jpg"
"frame_000476.jpg",".jpg","1083646","1.0334","8/10/2026 6:37:16 PM","C:\nerfstudio_work\panteon-chacarita\templete-central\dataset-clean\frame_000476.jpg"
"frame_000477.jpg",".jpg","1092916","1.0423","8/10/2026 6:37:16 PM","C:\nerfstudio_work\panteon-chacarita\templete-central\dataset-clean\frame_000477.jpg"
"frame_000478.jpg",".jpg","919091","0.8765","8/10/2026 6:37:16 PM","C:\nerfstudio_work\panteon-chacarita\templete-central\dataset-clean\frame_000478.jpg"
"frame_000479.jpg",".jpg","899950","0.8583","8/10/2026 6:37:16 PM","C:\nerfstudio_work\panteon-chacarita\templete-central\dataset-clean\frame_000479.jpg"
"frame_000480.jpg",".jpg","897271","0.8557","8/10/2026 6:37:16 PM","C:\nerfstudio_work\panteon-chacarita\templete-central\dataset-clean\frame_000480.jpg"
"frame_000481.jpg",".jpg","1048669","1.0001","8/10/2026 6:37:17 PM","C:\nerfstudio_work\panteon-chacarita\templete-central\dataset-clean\frame_000481.jpg"
"frame_000482.jpg",".jpg","1046919","0.9984","8/10/2026 6:37:17 PM","C:\nerfstudio_work\panteon-chacarita\templete-central\dataset-clean\frame_000482.jpg"
"frame_000483.jpg",".jpg","1012620","0.9657","8/10/2026 6:37:17 PM","C:\nerfstudio_work\panteon-chacarita\templete-central\dataset-clean\frame_000483.jpg"
"frame_000484.jpg",".jpg","1059078","1.01","8/10/2026 6:37:17 PM","C:\nerfstudio_work\panteon-chacarita\templete-central\dataset-clean\frame_000484.jpg"
"frame_000485.jpg",".jpg","1055438","1.0065","8/10/2026 6:37:17 PM","C:\nerfstudio_work\panteon-chacarita\templete-central\dataset-clean\frame_000485.jpg"
"frame_000486.jpg",".jpg","1057213","1.0082","8/10/2026 6:37:18 PM","C:\nerfstudio_work\panteon-chacarita\templete-central\dataset-clean\frame_000486.jpg"
"frame_000487.jpg",".jpg","1050937","1.0023","8/10/2026 6:37:18 PM","C:\nerfstudio_work\panteon-chacarita\templete-central\dataset-clean\frame_000487.jpg"
"frame_000488.jpg",".jpg","859995","0.8202","8/10/2026 6:43:00 PM","C:\nerfstudio_work\panteon-chacarita\templete-central\dataset-clean\frame_000488.jpg"
"frame_000489.jpg",".jpg","864221","0.8242","8/10/2026 6:43:01 PM","C:\nerfstudio_work\panteon-chacarita\templete-central\dataset-clean\frame_000489.jpg"
"frame_000490.jpg",".jpg","898420","0.8568","8/10/2026 6:43:02 PM","C:\nerfstudio_work\panteon-chacarita\templete-central\dataset-clean\frame_000490.jpg"
"frame_000491.jpg",".jpg","918643","0.8761","8/10/2026 6:43:03 PM","C:\nerfstudio_work\panteon-chacarita\templete-central\dataset-clean\frame_000491.jpg"
"frame_000492.jpg",".jpg","928508","0.8855","8/10/2026 6:43:04 PM","C:\nerfstudio_work\panteon-chacarita\templete-central\dataset-clean\frame_000492.jpg"
"frame_000493.jpg",".jpg","894604","0.8532","8/10/2026 6:43:05 PM","C:\nerfstudio_work\panteon-chacarita\templete-central\dataset-clean\frame_000493.jpg"
"frame_000494.jpg",".jpg","877225","0.8366","8/10/2026 6:43:06 PM","C:\nerfstudio_work\panteon-chacarita\templete-central\dataset-clean\frame_000494.jpg"
"frame_000495.jpg",".jpg","901700","0.8599","8/10/2026 6:43:07 PM","C:\nerfstudio_work\panteon-chacarita\templete-central\dataset-clean\frame_000495.jpg"
"frame_000496.jpg",".jpg","916142","0.8737","8/10/2026 6:43:08 PM","C:\nerfstudio_work\panteon-chacarita\templete-central\dataset-clean\frame_000496.jpg"
"frame_000497.jpg",".jpg","924564","0.8817","8/10/2026 6:43:09 PM","C:\nerfstudio_work\panteon-chacarita\templete-central\dataset-clean\frame_000497.jpg"
"frame_000498.jpg",".jpg","949929","0.9059","8/10/2026 6:43:10 PM","C:\nerfstudio_work\panteon-chacarita\templete-central\dataset-clean\frame_000498.jpg"
"frame_000499.jpg",".jpg","994745","0.9487","8/10/2026 6:43:10 PM","C:\nerfstudio_work\panteon-chacarita\templete-central\dataset-clean\frame_000499.jpg"
"frame_000500.jpg",".jpg","1042806","0.9945","8/10/2026 6:43:11 PM","C:\nerfstudio_work\panteon-chacarita\templete-central\dataset-clean\frame_000500.jpg"
"frame_000501.jpg",".jpg","1095974","1.0452","8/10/2026 6:43:12 PM","C:\nerfstudio_work\panteon-chacarita\templete-central\dataset-clean\frame_000501.jpg"
"frame_000502.jpg",".jpg","1076422","1.0266","8/10/2026 6:43:14 PM","C:\nerfstudio_work\panteon-chacarita\templete-central\dataset-clean\frame_000502.jpg"
"frame_000503.jpg",".jpg","1041543","0.9933","8/10/2026 6:43:14 PM","C:\nerfstudio_work\panteon-chacarita\templete-central\dataset-clean\frame_000503.jpg"
"frame_000504.jpg",".jpg","994929","0.9488","8/10/2026 6:43:15 PM","C:\nerfstudio_work\panteon-chacarita\templete-central\dataset-clean\frame_000504.jpg"
"frame_000505.jpg",".jpg","1010203","0.9634","8/10/2026 6:43:17 PM","C:\nerfstudio_work\panteon-chacarita\templete-central\dataset-clean\frame_000505.jpg"
"frame_000506.jpg",".jpg","1014372","0.9674","8/10/2026 6:43:18 PM","C:\nerfstudio_work\panteon-chacarita\templete-central\dataset-clean\frame_000506.jpg"
"frame_000507.jpg",".jpg","1030746","0.983","8/10/2026 6:43:19 PM","C:\nerfstudio_work\panteon-chacarita\templete-central\dataset-clean\frame_000507.jpg"
"frame_000508.jpg",".jpg","1059193","1.0101","8/10/2026 6:43:20 PM","C:\nerfstudio_work\panteon-chacarita\templete-central\dataset-clean\frame_000508.jpg"
"frame_000509.jpg",".jpg","1060873","1.0117","8/10/2026 6:43:21 PM","C:\nerfstudio_work\panteon-chacarita\templete-central\dataset-clean\frame_000509.jpg"
"frame_000510.jpg",".jpg","1116592","1.0649","8/10/2026 6:43:22 PM","C:\nerfstudio_work\panteon-chacarita\templete-central\dataset-clean\frame_000510.jpg"
"frame_000511.jpg",".jpg","1170165","1.116","8/10/2026 6:43:23 PM","C:\nerfstudio_work\panteon-chacarita\templete-central\dataset-clean\frame_000511.jpg"
"frame_000512.jpg",".jpg","1294013","1.2341","8/10/2026 6:43:24 PM","C:\nerfstudio_work\panteon-chacarita\templete-central\dataset-clean\frame_000512.jpg"
"frame_000513.jpg",".jpg","1391986","1.3275","8/10/2026 6:43:25 PM","C:\nerfstudio_work\panteon-chacarita\templete-central\dataset-clean\frame_000513.jpg"
"frame_000514.jpg",".jpg","1424008","1.358","8/10/2026 6:43:26 PM","C:\nerfstudio_work\panteon-chacarita\templete-central\dataset-clean\frame_000514.jpg"
"frame_000515.jpg",".jpg","1429425","1.3632","8/10/2026 6:43:26 PM","C:\nerfstudio_work\panteon-chacarita\templete-central\dataset-clean\frame_000515.jpg"
"frame_000516.jpg",".jpg","1402728","1.3377","8/10/2026 6:43:27 PM","C:\nerfstudio_work\panteon-chacarita\templete-central\dataset-clean\frame_000516.jpg"
"frame_000517.jpg",".jpg","1454418","1.387","8/10/2026 6:43:28 PM","C:\nerfstudio_work\panteon-chacarita\templete-central\dataset-clean\frame_000517.jpg"
"frame_000518.jpg",".jpg","1465522","1.3976","8/10/2026 6:43:29 PM","C:\nerfstudio_work\panteon-chacarita\templete-central\dataset-clean\frame_000518.jpg"
"frame_000519.jpg",".jpg","1438940","1.3723","8/10/2026 6:43:30 PM","C:\nerfstudio_work\panteon-chacarita\templete-central\dataset-clean\frame_000519.jpg"
"frame_000520.jpg",".jpg","1370730","1.3072","8/10/2026 6:43:31 PM","C:\nerfstudio_work\panteon-chacarita\templete-central\dataset-clean\frame_000520.jpg"
"frame_000521.jpg",".jpg","1324063","1.2627","8/10/2026 6:43:32 PM","C:\nerfstudio_work\panteon-chacarita\templete-central\dataset-clean\frame_000521.jpg"
"frame_000522.jpg",".jpg","1240818","1.1833","8/10/2026 6:43:33 PM","C:\nerfstudio_work\panteon-chacarita\templete-central\dataset-clean\frame_000522.jpg"
"frame_000523.jpg",".jpg","1158868","1.1052","8/10/2026 6:43:34 PM","C:\nerfstudio_work\panteon-chacarita\templete-central\dataset-clean\frame_000523.jpg"
"frame_000524.jpg",".jpg","1153270","1.0998","8/10/2026 6:43:35 PM","C:\nerfstudio_work\panteon-chacarita\templete-central\dataset-clean\frame_000524.jpg"
"frame_000525.jpg",".jpg","1160729","1.107","8/10/2026 6:43:36 PM","C:\nerfstudio_work\panteon-chacarita\templete-central\dataset-clean\frame_000525.jpg"
"frame_000526.jpg",".jpg","1117872","1.0661","8/10/2026 6:43:37 PM","C:\nerfstudio_work\panteon-chacarita\templete-central\dataset-clean\frame_000526.jpg"
"frame_000527.jpg",".jpg","1124639","1.0725","8/10/2026 6:43:38 PM","C:\nerfstudio_work\panteon-chacarita\templete-central\dataset-clean\frame_000527.jpg"
"frame_000528.jpg",".jpg","1139438","1.0867","8/10/2026 6:43:39 PM","C:\nerfstudio_work\panteon-chacarita\templete-central\dataset-clean\frame_000528.jpg"
"frame_000529.jpg",".jpg","1160609","1.1068","8/10/2026 6:43:40 PM","C:\nerfstudio_work\panteon-chacarita\templete-central\dataset-clean\frame_000529.jpg"
"frame_000530.jpg",".jpg","1160737","1.107","8/10/2026 6:43:41 PM","C:\nerfstudio_work\panteon-chacarita\templete-central\dataset-clean\frame_000530.jpg"
"frame_000531.jpg",".jpg","1133782","1.0813","8/10/2026 6:43:41 PM","C:\nerfstudio_work\panteon-chacarita\templete-central\dataset-clean\frame_000531.jpg"
"frame_000532.jpg",".jpg","1134889","1.0823","8/10/2026 6:43:42 PM","C:\nerfstudio_work\panteon-chacarita\templete-central\dataset-clean\frame_000532.jpg"
"frame_000533.jpg",".jpg","1184521","1.1296","8/10/2026 6:43:43 PM","C:\nerfstudio_work\panteon-chacarita\templete-central\dataset-clean\frame_000533.jpg"
"frame_000534.jpg",".jpg","1195874","1.1405","8/10/2026 6:43:44 PM","C:\nerfstudio_work\panteon-chacarita\templete-central\dataset-clean\frame_000534.jpg"
"frame_000535.jpg",".jpg","1266081","1.2074","8/10/2026 6:43:45 PM","C:\nerfstudio_work\panteon-chacarita\templete-central\dataset-clean\frame_000535.jpg"
"frame_000536.jpg",".jpg","1333088","1.2713","8/10/2026 6:43:46 PM","C:\nerfstudio_work\panteon-chacarita\templete-central\dataset-clean\frame_000536.jpg"
"frame_000537.jpg",".jpg","1372348","1.3088","8/10/2026 6:43:47 PM","C:\nerfstudio_work\panteon-chacarita\templete-central\dataset-clean\frame_000537.jpg"
"frame_000538.jpg",".jpg","1410766","1.3454","8/10/2026 6:43:48 PM","C:\nerfstudio_work\panteon-chacarita\templete-central\dataset-clean\frame_000538.jpg"
"frame_000539.jpg",".jpg","1389839","1.3255","8/10/2026 6:43:49 PM","C:\nerfstudio_work\panteon-chacarita\templete-central\dataset-clean\frame_000539.jpg"
"frame_000540.jpg",".jpg","1393592","1.329","8/10/2026 6:43:50 PM","C:\nerfstudio_work\panteon-chacarita\templete-central\dataset-clean\frame_000540.jpg"
"frame_000541.jpg",".jpg","1365952","1.3027","8/10/2026 6:43:51 PM","C:\nerfstudio_work\panteon-chacarita\templete-central\dataset-clean\frame_000541.jpg"
"frame_000542.jpg",".jpg","1343645","1.2814","8/10/2026 6:43:52 PM","C:\nerfstudio_work\panteon-chacarita\templete-central\dataset-clean\frame_000542.jpg"
"frame_000543.jpg",".jpg","1367434","1.3041","8/10/2026 6:43:52 PM","C:\nerfstudio_work\panteon-chacarita\templete-central\dataset-clean\frame_000543.jpg"
"frame_000544.jpg",".jpg","1350712","1.2881","8/10/2026 6:43:53 PM","C:\nerfstudio_work\panteon-chacarita\templete-central\dataset-clean\frame_000544.jpg"
"frame_000545.jpg",".jpg","1386590","1.3224","8/10/2026 6:43:54 PM","C:\nerfstudio_work\panteon-chacarita\templete-central\dataset-clean\frame_000545.jpg"
"frame_000546.jpg",".jpg","1383876","1.3198","8/10/2026 6:43:55 PM","C:\nerfstudio_work\panteon-chacarita\templete-central\dataset-clean\frame_000546.jpg"
"frame_000547.jpg",".jpg","1405065","1.34","8/10/2026 6:43:56 PM","C:\nerfstudio_work\panteon-chacarita\templete-central\dataset-clean\frame_000547.jpg"
"frame_000548.jpg",".jpg","1380172","1.3162","8/10/2026 6:43:57 PM","C:\nerfstudio_work\panteon-chacarita\templete-central\dataset-clean\frame_000548.jpg"
"frame_000549.jpg",".jpg","1394820","1.3302","8/10/2026 6:43:58 PM","C:\nerfstudio_work\panteon-chacarita\templete-central\dataset-clean\frame_000549.jpg"
"frame_000550.jpg",".jpg","1401123","1.3362","8/10/2026 6:43:59 PM","C:\nerfstudio_work\panteon-chacarita\templete-central\dataset-clean\frame_000550.jpg"
"frame_000551.jpg",".jpg","1389404","1.325","8/10/2026 6:44:00 PM","C:\nerfstudio_work\panteon-chacarita\templete-central\dataset-clean\frame_000551.jpg"
"frame_000552.jpg",".jpg","1376713","1.3129","8/10/2026 6:44:01 PM","C:\nerfstudio_work\panteon-chacarita\templete-central\dataset-clean\frame_000552.jpg"
"frame_000553.jpg",".jpg","1373012","1.3094","8/10/2026 6:44:02 PM","C:\nerfstudio_work\panteon-chacarita\templete-central\dataset-clean\frame_000553.jpg"
"frame_000554.jpg",".jpg","1372641","1.3091","8/10/2026 6:44:03 PM","C:\nerfstudio_work\panteon-chacarita\templete-central\dataset-clean\frame_000554.jpg"
"frame_000555.jpg",".jpg","1374074","1.3104","8/10/2026 6:44:03 PM","C:\nerfstudio_work\panteon-chacarita\templete-central\dataset-clean\frame_000555.jpg"
"frame_000556.jpg",".jpg","1351069","1.2885","8/10/2026 6:44:04 PM","C:\nerfstudio_work\panteon-chacarita\templete-central\dataset-clean\frame_000556.jpg"
"frame_000557.jpg",".jpg","1349498","1.287","8/10/2026 6:44:05 PM","C:\nerfstudio_work\panteon-chacarita\templete-central\dataset-clean\frame_000557.jpg"
"frame_000558.jpg",".jpg","1326513","1.2651","8/10/2026 6:44:06 PM","C:\nerfstudio_work\panteon-chacarita\templete-central\dataset-clean\frame_000558.jpg"
"frame_000559.jpg",".jpg","1321358","1.2601","8/10/2026 6:44:07 PM","C:\nerfstudio_work\panteon-chacarita\templete-central\dataset-clean\frame_000559.jpg"
"frame_000560.jpg",".jpg","1295759","1.2357","8/10/2026 6:44:08 PM","C:\nerfstudio_work\panteon-chacarita\templete-central\dataset-clean\frame_000560.jpg"
"frame_000561.jpg",".jpg","1292935","1.233","8/10/2026 6:44:09 PM","C:\nerfstudio_work\panteon-chacarita\templete-central\dataset-clean\frame_000561.jpg"
"frame_000562.jpg",".jpg","1281782","1.2224","8/10/2026 6:44:10 PM","C:\nerfstudio_work\panteon-chacarita\templete-central\dataset-clean\frame_000562.jpg"
"frame_000563.jpg",".jpg","1282284","1.2229","8/10/2026 6:44:11 PM","C:\nerfstudio_work\panteon-chacarita\templete-central\dataset-clean\frame_000563.jpg"
"frame_000564.jpg",".jpg","1264579","1.206","8/10/2026 6:44:12 PM","C:\nerfstudio_work\panteon-chacarita\templete-central\dataset-clean\frame_000564.jpg"
"frame_000565.jpg",".jpg","1213437","1.1572","8/10/2026 6:44:13 PM","C:\nerfstudio_work\panteon-chacarita\templete-central\dataset-clean\frame_000565.jpg"
"frame_000566.jpg",".jpg","1186796","1.1318","8/10/2026 6:44:14 PM","C:\nerfstudio_work\panteon-chacarita\templete-central\dataset-clean\frame_000566.jpg"
"frame_000567.jpg",".jpg","1156643","1.1031","8/10/2026 6:44:14 PM","C:\nerfstudio_work\panteon-chacarita\templete-central\dataset-clean\frame_000567.jpg"
"frame_000568.jpg",".jpg","1133810","1.0813","8/10/2026 6:44:15 PM","C:\nerfstudio_work\panteon-chacarita\templete-central\dataset-clean\frame_000568.jpg"
"frame_000569.jpg",".jpg","1140038","1.0872","8/10/2026 6:44:16 PM","C:\nerfstudio_work\panteon-chacarita\templete-central\dataset-clean\frame_000569.jpg"
"frame_000570.jpg",".jpg","1119963","1.0681","8/10/2026 6:44:17 PM","C:\nerfstudio_work\panteon-chacarita\templete-central\dataset-clean\frame_000570.jpg"
"frame_000571.jpg",".jpg","1097630","1.0468","8/10/2026 6:44:18 PM","C:\nerfstudio_work\panteon-chacarita\templete-central\dataset-clean\frame_000571.jpg"
"frame_000572.jpg",".jpg","1099856","1.0489","8/10/2026 6:44:19 PM","C:\nerfstudio_work\panteon-chacarita\templete-central\dataset-clean\frame_000572.jpg"
"frame_000573.jpg",".jpg","1097909","1.047","8/10/2026 6:44:20 PM","C:\nerfstudio_work\panteon-chacarita\templete-central\dataset-clean\frame_000573.jpg"
"frame_000574.jpg",".jpg","1131886","1.0795","8/10/2026 6:44:21 PM","C:\nerfstudio_work\panteon-chacarita\templete-central\dataset-clean\frame_000574.jpg"
"frame_000575.jpg",".jpg","1169613","1.1154","8/10/2026 6:44:22 PM","C:\nerfstudio_work\panteon-chacarita\templete-central\dataset-clean\frame_000575.jpg"
"frame_000576.jpg",".jpg","1205488","1.1496","8/10/2026 6:44:23 PM","C:\nerfstudio_work\panteon-chacarita\templete-central\dataset-clean\frame_000576.jpg"
"frame_000577.jpg",".jpg","1234735","1.1775","8/10/2026 6:44:23 PM","C:\nerfstudio_work\panteon-chacarita\templete-central\dataset-clean\frame_000577.jpg"
"frame_000578.jpg",".jpg","1237037","1.1797","8/10/2026 6:44:24 PM","C:\nerfstudio_work\panteon-chacarita\templete-central\dataset-clean\frame_000578.jpg"
"frame_000579.jpg",".jpg","1236532","1.1792","8/10/2026 6:44:25 PM","C:\nerfstudio_work\panteon-chacarita\templete-central\dataset-clean\frame_000579.jpg"
"frame_000580.jpg",".jpg","1214444","1.1582","8/10/2026 6:44:26 PM","C:\nerfstudio_work\panteon-chacarita\templete-central\dataset-clean\frame_000580.jpg"
"frame_000581.jpg",".jpg","1231188","1.1742","8/10/2026 6:44:27 PM","C:\nerfstudio_work\panteon-chacarita\templete-central\dataset-clean\frame_000581.jpg"
"frame_000582.jpg",".jpg","1272756","1.2138","8/10/2026 6:44:28 PM","C:\nerfstudio_work\panteon-chacarita\templete-central\dataset-clean\frame_000582.jpg"
"frame_000583.jpg",".jpg","1291835","1.232","8/10/2026 6:44:29 PM","C:\nerfstudio_work\panteon-chacarita\templete-central\dataset-clean\frame_000583.jpg"
"frame_000584.jpg",".jpg","1371689","1.3081","8/10/2026 6:44:29 PM","C:\nerfstudio_work\panteon-chacarita\templete-central\dataset-clean\frame_000584.jpg"
"frame_000585.jpg",".jpg","1405522","1.3404","8/10/2026 6:44:30 PM","C:\nerfstudio_work\panteon-chacarita\templete-central\dataset-clean\frame_000585.jpg"
"frame_000586.jpg",".jpg","1440558","1.3738","8/10/2026 6:44:31 PM","C:\nerfstudio_work\panteon-chacarita\templete-central\dataset-clean\frame_000586.jpg"
"frame_000587.jpg",".jpg","1438121","1.3715","8/10/2026 6:44:32 PM","C:\nerfstudio_work\panteon-chacarita\templete-central\dataset-clean\frame_000587.jpg"
"frame_000588.jpg",".jpg","1438781","1.3721","8/10/2026 6:44:33 PM","C:\nerfstudio_work\panteon-chacarita\templete-central\dataset-clean\frame_000588.jpg"
"frame_000589.jpg",".jpg","1414831","1.3493","8/10/2026 6:44:34 PM","C:\nerfstudio_work\panteon-chacarita\templete-central\dataset-clean\frame_000589.jpg"
"frame_000590.jpg",".jpg","1421629","1.3558","8/10/2026 6:44:35 PM","C:\nerfstudio_work\panteon-chacarita\templete-central\dataset-clean\frame_000590.jpg"
"frame_000591.jpg",".jpg","1358702","1.2958","8/10/2026 6:44:36 PM","C:\nerfstudio_work\panteon-chacarita\templete-central\dataset-clean\frame_000591.jpg"
"frame_000592.jpg",".jpg","1352374","1.2897","8/10/2026 6:44:37 PM","C:\nerfstudio_work\panteon-chacarita\templete-central\dataset-clean\frame_000592.jpg"
"frame_000593.jpg",".jpg","1476500","1.4081","8/10/2026 6:44:38 PM","C:\nerfstudio_work\panteon-chacarita\templete-central\dataset-clean\frame_000593.jpg"
"frame_000594.jpg",".jpg","1484800","1.416","8/10/2026 6:44:39 PM","C:\nerfstudio_work\panteon-chacarita\templete-central\dataset-clean\frame_000594.jpg"
"frame_000595.jpg",".jpg","1490455","1.4214","8/10/2026 6:44:39 PM","C:\nerfstudio_work\panteon-chacarita\templete-central\dataset-clean\frame_000595.jpg"
"frame_000596.jpg",".jpg","1451242","1.384","8/10/2026 6:44:40 PM","C:\nerfstudio_work\panteon-chacarita\templete-central\dataset-clean\frame_000596.jpg"
"frame_000597.jpg",".jpg","1389507","1.3251","8/10/2026 6:44:41 PM","C:\nerfstudio_work\panteon-chacarita\templete-central\dataset-clean\frame_000597.jpg"
"frame_000598.jpg",".jpg","1347732","1.2853","8/10/2026 6:44:42 PM","C:\nerfstudio_work\panteon-chacarita\templete-central\dataset-clean\frame_000598.jpg"
"frame_000599.jpg",".jpg","1368979","1.3056","8/10/2026 6:44:43 PM","C:\nerfstudio_work\panteon-chacarita\templete-central\dataset-clean\frame_000599.jpg"
"frame_000600.jpg",".jpg","1393494","1.3289","8/10/2026 6:44:43 PM","C:\nerfstudio_work\panteon-chacarita\templete-central\dataset-clean\frame_000600.jpg"
"frame_000601.jpg",".jpg","1417390","1.3517","8/10/2026 6:44:44 PM","C:\nerfstudio_work\panteon-chacarita\templete-central\dataset-clean\frame_000601.jpg"
"frame_000602.jpg",".jpg","1424811","1.3588","8/10/2026 6:44:45 PM","C:\nerfstudio_work\panteon-chacarita\templete-central\dataset-clean\frame_000602.jpg"
"frame_000603.jpg",".jpg","1335364","1.2735","8/10/2026 6:44:46 PM","C:\nerfstudio_work\panteon-chacarita\templete-central\dataset-clean\frame_000603.jpg"
"frame_000604.jpg",".jpg","1289719","1.23","8/10/2026 6:44:47 PM","C:\nerfstudio_work\panteon-chacarita\templete-central\dataset-clean\frame_000604.jpg"
"frame_000605.jpg",".jpg","1267843","1.2091","8/10/2026 6:44:47 PM","C:\nerfstudio_work\panteon-chacarita\templete-central\dataset-clean\frame_000605.jpg"
"frame_000606.jpg",".jpg","1227753","1.1709","8/10/2026 6:44:48 PM","C:\nerfstudio_work\panteon-chacarita\templete-central\dataset-clean\frame_000606.jpg"
"frame_000607.jpg",".jpg","1234420","1.1772","8/10/2026 6:44:49 PM","C:\nerfstudio_work\panteon-chacarita\templete-central\dataset-clean\frame_000607.jpg"
"frame_000608.jpg",".jpg","1197892","1.1424","8/10/2026 6:44:50 PM","C:\nerfstudio_work\panteon-chacarita\templete-central\dataset-clean\frame_000608.jpg"
"frame_000609.jpg",".jpg","1231739","1.1747","8/10/2026 6:44:50 PM","C:\nerfstudio_work\panteon-chacarita\templete-central\dataset-clean\frame_000609.jpg"
"frame_000610.jpg",".jpg","1278825","1.2196","8/10/2026 6:44:51 PM","C:\nerfstudio_work\panteon-chacarita\templete-central\dataset-clean\frame_000610.jpg"
"frame_000611.jpg",".jpg","1280485","1.2212","8/10/2026 6:44:52 PM","C:\nerfstudio_work\panteon-chacarita\templete-central\dataset-clean\frame_000611.jpg"
"frame_000612.jpg",".jpg","1273696","1.2147","8/10/2026 6:44:53 PM","C:\nerfstudio_work\panteon-chacarita\templete-central\dataset-clean\frame_000612.jpg"
"frame_000613.jpg",".jpg","1251527","1.1935","8/10/2026 6:44:54 PM","C:\nerfstudio_work\panteon-chacarita\templete-central\dataset-clean\frame_000613.jpg"
"frame_000614.jpg",".jpg","1254125","1.196","8/10/2026 6:44:55 PM","C:\nerfstudio_work\panteon-chacarita\templete-central\dataset-clean\frame_000614.jpg"
"frame_000615.jpg",".jpg","1242509","1.1849","8/10/2026 6:44:55 PM","C:\nerfstudio_work\panteon-chacarita\templete-central\dataset-clean\frame_000615.jpg"
"frame_000616.jpg",".jpg","1223451","1.1668","8/10/2026 6:44:56 PM","C:\nerfstudio_work\panteon-chacarita\templete-central\dataset-clean\frame_000616.jpg"
"frame_000617.jpg",".jpg","1225107","1.1684","8/10/2026 6:44:57 PM","C:\nerfstudio_work\panteon-chacarita\templete-central\dataset-clean\frame_000617.jpg"
"frame_000618.jpg",".jpg","1229014","1.1721","8/10/2026 6:44:58 PM","C:\nerfstudio_work\panteon-chacarita\templete-central\dataset-clean\frame_000618.jpg"
"frame_000619.jpg",".jpg","1251763","1.1938","8/10/2026 6:44:58 PM","C:\nerfstudio_work\panteon-chacarita\templete-central\dataset-clean\frame_000619.jpg"
"frame_000620.jpg",".jpg","1254772","1.1966","8/10/2026 6:44:59 PM","C:\nerfstudio_work\panteon-chacarita\templete-central\dataset-clean\frame_000620.jpg"
"frame_000621.jpg",".jpg","1252627","1.1946","8/10/2026 6:45:00 PM","C:\nerfstudio_work\panteon-chacarita\templete-central\dataset-clean\frame_000621.jpg"
"frame_000622.jpg",".jpg","1268637","1.2099","8/10/2026 6:45:01 PM","C:\nerfstudio_work\panteon-chacarita\templete-central\dataset-clean\frame_000622.jpg"
"frame_000623.jpg",".jpg","1254541","1.1964","8/10/2026 6:45:01 PM","C:\nerfstudio_work\panteon-chacarita\templete-central\dataset-clean\frame_000623.jpg"
"frame_000624.jpg",".jpg","1251908","1.1939","8/10/2026 6:45:02 PM","C:\nerfstudio_work\panteon-chacarita\templete-central\dataset-clean\frame_000624.jpg"
"frame_000625.jpg",".jpg","1244553","1.1869","8/10/2026 6:45:03 PM","C:\nerfstudio_work\panteon-chacarita\templete-central\dataset-clean\frame_000625.jpg"
"frame_000626.jpg",".jpg","1244688","1.187","8/10/2026 6:45:04 PM","C:\nerfstudio_work\panteon-chacarita\templete-central\dataset-clean\frame_000626.jpg"
"frame_000627.jpg",".jpg","1240350","1.1829","8/10/2026 6:45:04 PM","C:\nerfstudio_work\panteon-chacarita\templete-central\dataset-clean\frame_000627.jpg"
"frame_000628.jpg",".jpg","1234612","1.1774","8/10/2026 6:45:05 PM","C:\nerfstudio_work\panteon-chacarita\templete-central\dataset-clean\frame_000628.jpg"
"frame_000629.jpg",".jpg","1226910","1.1701","8/10/2026 6:45:06 PM","C:\nerfstudio_work\panteon-chacarita\templete-central\dataset-clean\frame_000629.jpg"
"frame_000630.jpg",".jpg","1200247","1.1446","8/10/2026 6:45:07 PM","C:\nerfstudio_work\panteon-chacarita\templete-central\dataset-clean\frame_000630.jpg"
"frame_000631.jpg",".jpg","1207749","1.1518","8/10/2026 6:45:08 PM","C:\nerfstudio_work\panteon-chacarita\templete-central\dataset-clean\frame_000631.jpg"
"frame_000632.jpg",".jpg","1180620","1.1259","8/10/2026 6:45:09 PM","C:\nerfstudio_work\panteon-chacarita\templete-central\dataset-clean\frame_000632.jpg"
"frame_000633.jpg",".jpg","1160669","1.1069","8/10/2026 6:45:09 PM","C:\nerfstudio_work\panteon-chacarita\templete-central\dataset-clean\frame_000633.jpg"
"frame_000634.jpg",".jpg","1130240","1.0779","8/10/2026 6:45:10 PM","C:\nerfstudio_work\panteon-chacarita\templete-central\dataset-clean\frame_000634.jpg"
"frame_000635.jpg",".jpg","1113432","1.0619","8/10/2026 6:45:11 PM","C:\nerfstudio_work\panteon-chacarita\templete-central\dataset-clean\frame_000635.jpg"
"frame_000636.jpg",".jpg","1108195","1.0569","8/10/2026 6:45:12 PM","C:\nerfstudio_work\panteon-chacarita\templete-central\dataset-clean\frame_000636.jpg"
"frame_000637.jpg",".jpg","1103517","1.0524","8/10/2026 6:45:12 PM","C:\nerfstudio_work\panteon-chacarita\templete-central\dataset-clean\frame_000637.jpg"
"frame_000638.jpg",".jpg","1105936","1.0547","8/10/2026 6:45:13 PM","C:\nerfstudio_work\panteon-chacarita\templete-central\dataset-clean\frame_000638.jpg"
"frame_000639.jpg",".jpg","1083999","1.0338","8/10/2026 6:45:14 PM","C:\nerfstudio_work\panteon-chacarita\templete-central\dataset-clean\frame_000639.jpg"
"frame_000640.jpg",".jpg","1089511","1.039","8/10/2026 6:45:15 PM","C:\nerfstudio_work\panteon-chacarita\templete-central\dataset-clean\frame_000640.jpg"
"frame_000641.jpg",".jpg","1070638","1.021","8/10/2026 6:45:16 PM","C:\nerfstudio_work\panteon-chacarita\templete-central\dataset-clean\frame_000641.jpg"
"frame_000642.jpg",".jpg","1060448","1.0113","8/10/2026 6:45:16 PM","C:\nerfstudio_work\panteon-chacarita\templete-central\dataset-clean\frame_000642.jpg"
"frame_000643.jpg",".jpg","1054748","1.0059","8/10/2026 6:45:17 PM","C:\nerfstudio_work\panteon-chacarita\templete-central\dataset-clean\frame_000643.jpg"
"frame_000644.jpg",".jpg","1043819","0.9955","8/10/2026 6:45:18 PM","C:\nerfstudio_work\panteon-chacarita\templete-central\dataset-clean\frame_000644.jpg"
"frame_000645.jpg",".jpg","1040051","0.9919","8/10/2026 6:45:19 PM","C:\nerfstudio_work\panteon-chacarita\templete-central\dataset-clean\frame_000645.jpg"
"frame_000646.jpg",".jpg","1040417","0.9922","8/10/2026 6:45:20 PM","C:\nerfstudio_work\panteon-chacarita\templete-central\dataset-clean\frame_000646.jpg"
"frame_000647.jpg",".jpg","1035670","0.9877","8/10/2026 6:45:20 PM","C:\nerfstudio_work\panteon-chacarita\templete-central\dataset-clean\frame_000647.jpg"
"frame_000648.jpg",".jpg","1000788","0.9544","8/10/2026 6:45:21 PM","C:\nerfstudio_work\panteon-chacarita\templete-central\dataset-clean\frame_000648.jpg"
"frame_000649.jpg",".jpg","1001514","0.9551","8/10/2026 6:45:22 PM","C:\nerfstudio_work\panteon-chacarita\templete-central\dataset-clean\frame_000649.jpg"
"frame_000650.jpg",".jpg","990010","0.9441","8/10/2026 6:45:23 PM","C:\nerfstudio_work\panteon-chacarita\templete-central\dataset-clean\frame_000650.jpg"
"frame_000651.jpg",".jpg","998128","0.9519","8/10/2026 6:45:23 PM","C:\nerfstudio_work\panteon-chacarita\templete-central\dataset-clean\frame_000651.jpg"
"frame_000652.jpg",".jpg","1004157","0.9576","8/10/2026 6:45:24 PM","C:\nerfstudio_work\panteon-chacarita\templete-central\dataset-clean\frame_000652.jpg"
"frame_000653.jpg",".jpg","1034050","0.9861","8/10/2026 6:45:25 PM","C:\nerfstudio_work\panteon-chacarita\templete-central\dataset-clean\frame_000653.jpg"
"frame_000654.jpg",".jpg","1112027","1.0605","8/10/2026 6:45:26 PM","C:\nerfstudio_work\panteon-chacarita\templete-central\dataset-clean\frame_000654.jpg"
"frame_000655.jpg",".jpg","1160347","1.1066","8/10/2026 6:45:26 PM","C:\nerfstudio_work\panteon-chacarita\templete-central\dataset-clean\frame_000655.jpg"
"frame_000656.jpg",".jpg","1208391","1.1524","8/10/2026 6:45:27 PM","C:\nerfstudio_work\panteon-chacarita\templete-central\dataset-clean\frame_000656.jpg"
"frame_000657.jpg",".jpg","1263993","1.2054","8/10/2026 6:45:28 PM","C:\nerfstudio_work\panteon-chacarita\templete-central\dataset-clean\frame_000657.jpg"
"frame_000658.jpg",".jpg","1297310","1.2372","8/10/2026 6:45:29 PM","C:\nerfstudio_work\panteon-chacarita\templete-central\dataset-clean\frame_000658.jpg"
"frame_000659.jpg",".jpg","1325936","1.2645","8/10/2026 6:45:29 PM","C:\nerfstudio_work\panteon-chacarita\templete-central\dataset-clean\frame_000659.jpg"
"frame_000660.jpg",".jpg","1368352","1.305","8/10/2026 6:45:30 PM","C:\nerfstudio_work\panteon-chacarita\templete-central\dataset-clean\frame_000660.jpg"
"frame_000661.jpg",".jpg","1400369","1.3355","8/10/2026 6:45:31 PM","C:\nerfstudio_work\panteon-chacarita\templete-central\dataset-clean\frame_000661.jpg"
"frame_000662.jpg",".jpg","1424866","1.3589","8/10/2026 6:45:32 PM","C:\nerfstudio_work\panteon-chacarita\templete-central\dataset-clean\frame_000662.jpg"
"frame_000663.jpg",".jpg","1475701","1.4073","8/10/2026 6:45:32 PM","C:\nerfstudio_work\panteon-chacarita\templete-central\dataset-clean\frame_000663.jpg"
"frame_000664.jpg",".jpg","1454302","1.3869","8/10/2026 6:45:33 PM","C:\nerfstudio_work\panteon-chacarita\templete-central\dataset-clean\frame_000664.jpg"
"frame_000665.jpg",".jpg","1475391","1.407","8/10/2026 6:45:34 PM","C:\nerfstudio_work\panteon-chacarita\templete-central\dataset-clean\frame_000665.jpg"
"frame_000666.jpg",".jpg","1495545","1.4263","8/10/2026 6:45:35 PM","C:\nerfstudio_work\panteon-chacarita\templete-central\dataset-clean\frame_000666.jpg"
"frame_000667.jpg",".jpg","1529169","1.4583","8/10/2026 6:45:35 PM","C:\nerfstudio_work\panteon-chacarita\templete-central\dataset-clean\frame_000667.jpg"
"frame_000668.jpg",".jpg","1527831","1.4571","8/10/2026 6:45:36 PM","C:\nerfstudio_work\panteon-chacarita\templete-central\dataset-clean\frame_000668.jpg"
"frame_000669.jpg",".jpg","1536334","1.4652","8/10/2026 6:45:37 PM","C:\nerfstudio_work\panteon-chacarita\templete-central\dataset-clean\frame_000669.jpg"
"frame_000670.jpg",".jpg","1565905","1.4934","8/10/2026 6:45:38 PM","C:\nerfstudio_work\panteon-chacarita\templete-central\dataset-clean\frame_000670.jpg"
"frame_000671.jpg",".jpg","1524992","1.4543","8/10/2026 6:45:38 PM","C:\nerfstudio_work\panteon-chacarita\templete-central\dataset-clean\frame_000671.jpg"
"frame_000672.jpg",".jpg","1319113","1.258","8/10/2026 6:45:39 PM","C:\nerfstudio_work\panteon-chacarita\templete-central\dataset-clean\frame_000672.jpg"
"frame_000673.jpg",".jpg","1481631","1.413","8/10/2026 6:45:41 PM","C:\nerfstudio_work\panteon-chacarita\templete-central\dataset-clean\frame_000673.jpg"
"frame_000674.jpg",".jpg","1490186","1.4212","8/10/2026 6:45:42 PM","C:\nerfstudio_work\panteon-chacarita\templete-central\dataset-clean\frame_000674.jpg"
"frame_000675.jpg",".jpg","1488737","1.4198","8/10/2026 6:45:43 PM","C:\nerfstudio_work\panteon-chacarita\templete-central\dataset-clean\frame_000675.jpg"
"frame_000676.jpg",".jpg","1479519","1.411","8/10/2026 6:45:43 PM","C:\nerfstudio_work\panteon-chacarita\templete-central\dataset-clean\frame_000676.jpg"
"frame_000677.jpg",".jpg","1463101","1.3953","8/10/2026 6:45:44 PM","C:\nerfstudio_work\panteon-chacarita\templete-central\dataset-clean\frame_000677.jpg"
"frame_000678.jpg",".jpg","1489899","1.4209","8/10/2026 6:45:45 PM","C:\nerfstudio_work\panteon-chacarita\templete-central\dataset-clean\frame_000678.jpg"
"frame_000679.jpg",".jpg","1416623","1.351","8/10/2026 6:45:46 PM","C:\nerfstudio_work\panteon-chacarita\templete-central\dataset-clean\frame_000679.jpg"
"frame_000680.jpg",".jpg","1348071","1.2856","8/10/2026 6:45:46 PM","C:\nerfstudio_work\panteon-chacarita\templete-central\dataset-clean\frame_000680.jpg"
"frame_000681.jpg",".jpg","1293514","1.2336","8/10/2026 6:45:47 PM","C:\nerfstudio_work\panteon-chacarita\templete-central\dataset-clean\frame_000681.jpg"
"frame_000682.jpg",".jpg","1262449","1.204","8/10/2026 6:45:48 PM","C:\nerfstudio_work\panteon-chacarita\templete-central\dataset-clean\frame_000682.jpg"
"frame_000683.jpg",".jpg","1238647","1.1813","8/10/2026 6:45:49 PM","C:\nerfstudio_work\panteon-chacarita\templete-central\dataset-clean\frame_000683.jpg"
"frame_000684.jpg",".jpg","1178414","1.1238","8/10/2026 6:45:50 PM","C:\nerfstudio_work\panteon-chacarita\templete-central\dataset-clean\frame_000684.jpg"
"frame_000685.jpg",".jpg","1122938","1.0709","8/10/2026 6:45:51 PM","C:\nerfstudio_work\panteon-chacarita\templete-central\dataset-clean\frame_000685.jpg"
"frame_000686.jpg",".jpg","1102894","1.0518","8/10/2026 6:45:51 PM","C:\nerfstudio_work\panteon-chacarita\templete-central\dataset-clean\frame_000686.jpg"
"frame_000687.jpg",".jpg","1038282","0.9902","8/10/2026 6:45:52 PM","C:\nerfstudio_work\panteon-chacarita\templete-central\dataset-clean\frame_000687.jpg"
"frame_000688.jpg",".jpg","1000139","0.9538","8/10/2026 6:45:53 PM","C:\nerfstudio_work\panteon-chacarita\templete-central\dataset-clean\frame_000688.jpg"
"frame_000689.jpg",".jpg","972798","0.9277","8/10/2026 6:45:54 PM","C:\nerfstudio_work\panteon-chacarita\templete-central\dataset-clean\frame_000689.jpg"
"frame_000690.jpg",".jpg","966699","0.9219","8/10/2026 6:45:55 PM","C:\nerfstudio_work\panteon-chacarita\templete-central\dataset-clean\frame_000690.jpg"
"frame_000691.jpg",".jpg","942833","0.8992","8/10/2026 6:45:55 PM","C:\nerfstudio_work\panteon-chacarita\templete-central\dataset-clean\frame_000691.jpg"
"frame_000692.jpg",".jpg","905088","0.8632","8/10/2026 6:45:56 PM","C:\nerfstudio_work\panteon-chacarita\templete-central\dataset-clean\frame_000692.jpg"
"frame_000693.jpg",".jpg","879837","0.8391","8/10/2026 6:45:57 PM","C:\nerfstudio_work\panteon-chacarita\templete-central\dataset-clean\frame_000693.jpg"
"frame_000694.jpg",".jpg","848878","0.8096","8/10/2026 6:45:58 PM","C:\nerfstudio_work\panteon-chacarita\templete-central\dataset-clean\frame_000694.jpg"
"frame_000695.jpg",".jpg","787814","0.7513","8/10/2026 6:45:59 PM","C:\nerfstudio_work\panteon-chacarita\templete-central\dataset-clean\frame_000695.jpg"
"frame_000696.jpg",".jpg","789707","0.7531","8/10/2026 6:45:59 PM","C:\nerfstudio_work\panteon-chacarita\templete-central\dataset-clean\frame_000696.jpg"
"frame_000697.jpg",".jpg","768885","0.7333","8/10/2026 6:46:00 PM","C:\nerfstudio_work\panteon-chacarita\templete-central\dataset-clean\frame_000697.jpg"
"frame_000698.jpg",".jpg","770306","0.7346","8/10/2026 6:46:01 PM","C:\nerfstudio_work\panteon-chacarita\templete-central\dataset-clean\frame_000698.jpg"
"frame_000699.jpg",".jpg","771719","0.736","8/10/2026 6:46:02 PM","C:\nerfstudio_work\panteon-chacarita\templete-central\dataset-clean\frame_000699.jpg"
"frame_000700.jpg",".jpg","777980","0.7419","8/10/2026 6:46:03 PM","C:\nerfstudio_work\panteon-chacarita\templete-central\dataset-clean\frame_000700.jpg"
"frame_000701.jpg",".jpg","766068","0.7306","8/10/2026 6:46:04 PM","C:\nerfstudio_work\panteon-chacarita\templete-central\dataset-clean\frame_000701.jpg"
"frame_000702.jpg",".jpg","887289","0.8462","8/10/2026 6:46:05 PM","C:\nerfstudio_work\panteon-chacarita\templete-central\dataset-clean\frame_000702.jpg"
"frame_000703.jpg",".jpg","911653","0.8694","8/10/2026 6:46:06 PM","C:\nerfstudio_work\panteon-chacarita\templete-central\dataset-clean\frame_000703.jpg"
"frame_000704.jpg",".jpg","969345","0.9244","8/10/2026 6:46:06 PM","C:\nerfstudio_work\panteon-chacarita\templete-central\dataset-clean\frame_000704.jpg"
"frame_000705.jpg",".jpg","975592","0.9304","8/10/2026 6:46:07 PM","C:\nerfstudio_work\panteon-chacarita\templete-central\dataset-clean\frame_000705.jpg"
"frame_000706.jpg",".jpg","987967","0.9422","8/10/2026 6:46:08 PM","C:\nerfstudio_work\panteon-chacarita\templete-central\dataset-clean\frame_000706.jpg"
"frame_000707.jpg",".jpg","1054077","1.0052","8/10/2026 6:46:09 PM","C:\nerfstudio_work\panteon-chacarita\templete-central\dataset-clean\frame_000707.jpg"
"frame_000708.jpg",".jpg","1072594","1.0229","8/10/2026 6:46:10 PM","C:\nerfstudio_work\panteon-chacarita\templete-central\dataset-clean\frame_000708.jpg"
"frame_000709.jpg",".jpg","1104793","1.0536","8/10/2026 6:46:11 PM","C:\nerfstudio_work\panteon-chacarita\templete-central\dataset-clean\frame_000709.jpg"
"frame_000710.jpg",".jpg","1120856","1.0689","8/10/2026 6:46:12 PM","C:\nerfstudio_work\panteon-chacarita\templete-central\dataset-clean\frame_000710.jpg"
"frame_000711.jpg",".jpg","1138102","1.0854","8/10/2026 6:46:13 PM","C:\nerfstudio_work\panteon-chacarita\templete-central\dataset-clean\frame_000711.jpg"
"frame_000712.jpg",".jpg","1181197","1.1265","8/10/2026 6:46:14 PM","C:\nerfstudio_work\panteon-chacarita\templete-central\dataset-clean\frame_000712.jpg"
"frame_000713.jpg",".jpg","1177512","1.123","8/10/2026 6:46:15 PM","C:\nerfstudio_work\panteon-chacarita\templete-central\dataset-clean\frame_000713.jpg"
"frame_000714.jpg",".jpg","1174399","1.12","8/10/2026 6:46:16 PM","C:\nerfstudio_work\panteon-chacarita\templete-central\dataset-clean\frame_000714.jpg"
"frame_000715.jpg",".jpg","1147362","1.0942","8/10/2026 6:46:17 PM","C:\nerfstudio_work\panteon-chacarita\templete-central\dataset-clean\frame_000715.jpg"
"frame_000716.jpg",".jpg","1074290","1.0245","8/10/2026 6:46:17 PM","C:\nerfstudio_work\panteon-chacarita\templete-central\dataset-clean\frame_000716.jpg"
"frame_000717.jpg",".jpg","1030755","0.983","8/10/2026 6:46:18 PM","C:\nerfstudio_work\panteon-chacarita\templete-central\dataset-clean\frame_000717.jpg"
"frame_000718.jpg",".jpg","1049465","1.0008","8/10/2026 6:46:19 PM","C:\nerfstudio_work\panteon-chacarita\templete-central\dataset-clean\frame_000718.jpg"
"frame_000719.jpg",".jpg","1086496","1.0362","8/10/2026 6:46:20 PM","C:\nerfstudio_work\panteon-chacarita\templete-central\dataset-clean\frame_000719.jpg"
"frame_000720.jpg",".jpg","1070344","1.0208","8/10/2026 6:46:21 PM","C:\nerfstudio_work\panteon-chacarita\templete-central\dataset-clean\frame_000720.jpg"
"frame_000721.jpg",".jpg","1034170","0.9863","8/10/2026 6:46:22 PM","C:\nerfstudio_work\panteon-chacarita\templete-central\dataset-clean\frame_000721.jpg"
"frame_000722.jpg",".jpg","1021007","0.9737","8/10/2026 6:46:23 PM","C:\nerfstudio_work\panteon-chacarita\templete-central\dataset-clean\frame_000722.jpg"
"frame_000723.jpg",".jpg","997263","0.9511","8/10/2026 6:46:24 PM","C:\nerfstudio_work\panteon-chacarita\templete-central\dataset-clean\frame_000723.jpg"
"frame_000724.jpg",".jpg","1000652","0.9543","8/10/2026 6:46:24 PM","C:\nerfstudio_work\panteon-chacarita\templete-central\dataset-clean\frame_000724.jpg"
"frame_000725.jpg",".jpg","975050","0.9299","8/10/2026 6:46:25 PM","C:\nerfstudio_work\panteon-chacarita\templete-central\dataset-clean\frame_000725.jpg"
"frame_000726.jpg",".jpg","984806","0.9392","8/10/2026 6:46:26 PM","C:\nerfstudio_work\panteon-chacarita\templete-central\dataset-clean\frame_000726.jpg"
"frame_000727.jpg",".jpg","996559","0.9504","8/10/2026 6:46:27 PM","C:\nerfstudio_work\panteon-chacarita\templete-central\dataset-clean\frame_000727.jpg"
"frame_000728.jpg",".jpg","955617","0.9113","8/10/2026 6:46:28 PM","C:\nerfstudio_work\panteon-chacarita\templete-central\dataset-clean\frame_000728.jpg"
"frame_000729.jpg",".jpg","944441","0.9007","8/10/2026 6:46:29 PM","C:\nerfstudio_work\panteon-chacarita\templete-central\dataset-clean\frame_000729.jpg"
"frame_000730.jpg",".jpg","915135","0.8727","8/10/2026 6:46:30 PM","C:\nerfstudio_work\panteon-chacarita\templete-central\dataset-clean\frame_000730.jpg"
"frame_000731.jpg",".jpg","903958","0.8621","8/10/2026 6:46:31 PM","C:\nerfstudio_work\panteon-chacarita\templete-central\dataset-clean\frame_000731.jpg"
"frame_000732.jpg",".jpg","868376","0.8281","8/10/2026 6:46:31 PM","C:\nerfstudio_work\panteon-chacarita\templete-central\dataset-clean\frame_000732.jpg"
"frame_000733.jpg",".jpg","839448","0.8006","8/10/2026 6:46:32 PM","C:\nerfstudio_work\panteon-chacarita\templete-central\dataset-clean\frame_000733.jpg"
"frame_000734.jpg",".jpg","802508","0.7653","8/10/2026 6:46:33 PM","C:\nerfstudio_work\panteon-chacarita\templete-central\dataset-clean\frame_000734.jpg"
"frame_000735.jpg",".jpg","759388","0.7242","8/10/2026 6:46:34 PM","C:\nerfstudio_work\panteon-chacarita\templete-central\dataset-clean\frame_000735.jpg"
"frame_000736.jpg",".jpg","752285","0.7174","8/10/2026 6:46:35 PM","C:\nerfstudio_work\panteon-chacarita\templete-central\dataset-clean\frame_000736.jpg"
"frame_000737.jpg",".jpg","746453","0.7119","8/10/2026 6:46:36 PM","C:\nerfstudio_work\panteon-chacarita\templete-central\dataset-clean\frame_000737.jpg"
"frame_000738.jpg",".jpg","739569","0.7053","8/10/2026 6:46:37 PM","C:\nerfstudio_work\panteon-chacarita\templete-central\dataset-clean\frame_000738.jpg"
"frame_000739.jpg",".jpg","720496","0.6871","8/10/2026 6:46:38 PM","C:\nerfstudio_work\panteon-chacarita\templete-central\dataset-clean\frame_000739.jpg"
"frame_000740.jpg",".jpg","695923","0.6637","8/10/2026 6:46:38 PM","C:\nerfstudio_work\panteon-chacarita\templete-central\dataset-clean\frame_000740.jpg"
"frame_000741.jpg",".jpg","698470","0.6661","8/10/2026 6:46:39 PM","C:\nerfstudio_work\panteon-chacarita\templete-central\dataset-clean\frame_000741.jpg"
"frame_000742.jpg",".jpg","673966","0.6427","8/10/2026 6:46:40 PM","C:\nerfstudio_work\panteon-chacarita\templete-central\dataset-clean\frame_000742.jpg"
"frame_000743.jpg",".jpg","697390","0.6651","8/10/2026 6:46:41 PM","C:\nerfstudio_work\panteon-chacarita\templete-central\dataset-clean\frame_000743.jpg"
"frame_000744.jpg",".jpg","707591","0.6748","8/10/2026 6:46:42 PM","C:\nerfstudio_work\panteon-chacarita\templete-central\dataset-clean\frame_000744.jpg"
"frame_000745.jpg",".jpg","685699","0.6539","8/10/2026 6:46:43 PM","C:\nerfstudio_work\panteon-chacarita\templete-central\dataset-clean\frame_000745.jpg"
"frame_000746.jpg",".jpg","667963","0.637","8/10/2026 6:46:44 PM","C:\nerfstudio_work\panteon-chacarita\templete-central\dataset-clean\frame_000746.jpg"
"frame_000747.jpg",".jpg","671145","0.6401","8/10/2026 6:46:45 PM","C:\nerfstudio_work\panteon-chacarita\templete-central\dataset-clean\frame_000747.jpg"
"frame_000748.jpg",".jpg","661266","0.6306","8/10/2026 6:46:45 PM","C:\nerfstudio_work\panteon-chacarita\templete-central\dataset-clean\frame_000748.jpg"
"frame_000749.jpg",".jpg","690556","0.6586","8/10/2026 6:46:46 PM","C:\nerfstudio_work\panteon-chacarita\templete-central\dataset-clean\frame_000749.jpg"
"frame_000750.jpg",".jpg","687802","0.6559","8/10/2026 6:46:47 PM","C:\nerfstudio_work\panteon-chacarita\templete-central\dataset-clean\frame_000750.jpg"
"frame_000751.jpg",".jpg","731168","0.6973","8/10/2026 6:46:48 PM","C:\nerfstudio_work\panteon-chacarita\templete-central\dataset-clean\frame_000751.jpg"
"frame_000752.jpg",".jpg","732023","0.6981","8/10/2026 6:46:49 PM","C:\nerfstudio_work\panteon-chacarita\templete-central\dataset-clean\frame_000752.jpg"
"frame_000753.jpg",".jpg","735792","0.7017","8/10/2026 6:46:50 PM","C:\nerfstudio_work\panteon-chacarita\templete-central\dataset-clean\frame_000753.jpg"
"frame_000754.jpg",".jpg","755794","0.7208","8/10/2026 6:46:51 PM","C:\nerfstudio_work\panteon-chacarita\templete-central\dataset-clean\frame_000754.jpg"
"frame_000755.jpg",".jpg","771520","0.7358","8/10/2026 6:46:52 PM","C:\nerfstudio_work\panteon-chacarita\templete-central\dataset-clean\frame_000755.jpg"
"frame_000756.jpg",".jpg","774138","0.7383","8/10/2026 6:46:52 PM","C:\nerfstudio_work\panteon-chacarita\templete-central\dataset-clean\frame_000756.jpg"
"frame_000757.jpg",".jpg","766298","0.7308","8/10/2026 6:46:54 PM","C:\nerfstudio_work\panteon-chacarita\templete-central\dataset-clean\frame_000757.jpg"
"frame_000758.jpg",".jpg","763851","0.7285","8/10/2026 6:46:55 PM","C:\nerfstudio_work\panteon-chacarita\templete-central\dataset-clean\frame_000758.jpg"
"frame_000759.jpg",".jpg","789641","0.7531","8/10/2026 6:46:56 PM","C:\nerfstudio_work\panteon-chacarita\templete-central\dataset-clean\frame_000759.jpg"
"frame_000760.jpg",".jpg","790009","0.7534","8/10/2026 6:46:56 PM","C:\nerfstudio_work\panteon-chacarita\templete-central\dataset-clean\frame_000760.jpg"
"frame_000761.jpg",".jpg","776236","0.7403","8/10/2026 6:46:57 PM","C:\nerfstudio_work\panteon-chacarita\templete-central\dataset-clean\frame_000761.jpg"
"frame_000762.jpg",".jpg","773463","0.7376","8/10/2026 6:46:58 PM","C:\nerfstudio_work\panteon-chacarita\templete-central\dataset-clean\frame_000762.jpg"
"frame_000763.jpg",".jpg","772148","0.7364","8/10/2026 6:46:59 PM","C:\nerfstudio_work\panteon-chacarita\templete-central\dataset-clean\frame_000763.jpg"
"frame_000764.jpg",".jpg","767428","0.7319","8/10/2026 6:47:00 PM","C:\nerfstudio_work\panteon-chacarita\templete-central\dataset-clean\frame_000764.jpg"
"frame_000765.jpg",".jpg","748959","0.7143","8/10/2026 6:47:01 PM","C:\nerfstudio_work\panteon-chacarita\templete-central\dataset-clean\frame_000765.jpg"
"frame_000766.jpg",".jpg","749795","0.7151","8/10/2026 6:47:02 PM","C:\nerfstudio_work\panteon-chacarita\templete-central\dataset-clean\frame_000766.jpg"
"frame_000767.jpg",".jpg","756223","0.7212","8/10/2026 6:47:03 PM","C:\nerfstudio_work\panteon-chacarita\templete-central\dataset-clean\frame_000767.jpg"
"frame_000768.jpg",".jpg","762280","0.727","8/10/2026 6:47:04 PM","C:\nerfstudio_work\panteon-chacarita\templete-central\dataset-clean\frame_000768.jpg"
"frame_000769.jpg",".jpg","767779","0.7322","8/10/2026 6:47:04 PM","C:\nerfstudio_work\panteon-chacarita\templete-central\dataset-clean\frame_000769.jpg"
"frame_000770.jpg",".jpg","768441","0.7328","8/10/2026 6:47:05 PM","C:\nerfstudio_work\panteon-chacarita\templete-central\dataset-clean\frame_000770.jpg"
"frame_000771.jpg",".jpg","774623","0.7387","8/10/2026 6:47:06 PM","C:\nerfstudio_work\panteon-chacarita\templete-central\dataset-clean\frame_000771.jpg"
"frame_000772.jpg",".jpg","784123","0.7478","8/10/2026 6:47:07 PM","C:\nerfstudio_work\panteon-chacarita\templete-central\dataset-clean\frame_000772.jpg"
"frame_000773.jpg",".jpg","793762","0.757","8/10/2026 6:47:08 PM","C:\nerfstudio_work\panteon-chacarita\templete-central\dataset-clean\frame_000773.jpg"
"frame_000774.jpg",".jpg","800531","0.7634","8/10/2026 6:47:09 PM","C:\nerfstudio_work\panteon-chacarita\templete-central\dataset-clean\frame_000774.jpg"
"frame_000775.jpg",".jpg","798723","0.7617","8/10/2026 6:47:10 PM","C:\nerfstudio_work\panteon-chacarita\templete-central\dataset-clean\frame_000775.jpg"
"frame_000776.jpg",".jpg","804897","0.7676","8/10/2026 6:47:10 PM","C:\nerfstudio_work\panteon-chacarita\templete-central\dataset-clean\frame_000776.jpg"
"frame_000777.jpg",".jpg","778503","0.7424","8/10/2026 6:47:11 PM","C:\nerfstudio_work\panteon-chacarita\templete-central\dataset-clean\frame_000777.jpg"
"frame_000778.jpg",".jpg","788233","0.7517","8/10/2026 6:47:12 PM","C:\nerfstudio_work\panteon-chacarita\templete-central\dataset-clean\frame_000778.jpg"
"frame_000779.jpg",".jpg","799965","0.7629","8/10/2026 6:47:13 PM","C:\nerfstudio_work\panteon-chacarita\templete-central\dataset-clean\frame_000779.jpg"
"frame_000780.jpg",".jpg","805566","0.7682","8/10/2026 6:47:13 PM","C:\nerfstudio_work\panteon-chacarita\templete-central\dataset-clean\frame_000780.jpg"
"frame_000781.jpg",".jpg","782211","0.746","8/10/2026 6:47:14 PM","C:\nerfstudio_work\panteon-chacarita\templete-central\dataset-clean\frame_000781.jpg"
"frame_000782.jpg",".jpg","776272","0.7403","8/10/2026 6:47:15 PM","C:\nerfstudio_work\panteon-chacarita\templete-central\dataset-clean\frame_000782.jpg"
"frame_000783.jpg",".jpg","778417","0.7424","8/10/2026 6:47:16 PM","C:\nerfstudio_work\panteon-chacarita\templete-central\dataset-clean\frame_000783.jpg"
"frame_000784.jpg",".jpg","776001","0.7401","8/10/2026 6:47:17 PM","C:\nerfstudio_work\panteon-chacarita\templete-central\dataset-clean\frame_000784.jpg"
"frame_000785.jpg",".jpg","800528","0.7634","8/10/2026 6:47:18 PM","C:\nerfstudio_work\panteon-chacarita\templete-central\dataset-clean\frame_000785.jpg"
"frame_000786.jpg",".jpg","814560","0.7768","8/10/2026 6:47:19 PM","C:\nerfstudio_work\panteon-chacarita\templete-central\dataset-clean\frame_000786.jpg"
"frame_000787.jpg",".jpg","841147","0.8022","8/10/2026 6:47:20 PM","C:\nerfstudio_work\panteon-chacarita\templete-central\dataset-clean\frame_000787.jpg"
"frame_000788.jpg",".jpg","834834","0.7962","8/10/2026 6:47:20 PM","C:\nerfstudio_work\panteon-chacarita\templete-central\dataset-clean\frame_000788.jpg"
"frame_000789.jpg",".jpg","807133","0.7697","8/10/2026 6:47:21 PM","C:\nerfstudio_work\panteon-chacarita\templete-central\dataset-clean\frame_000789.jpg"
"frame_000790.jpg",".jpg","781827","0.7456","8/10/2026 6:47:22 PM","C:\nerfstudio_work\panteon-chacarita\templete-central\dataset-clean\frame_000790.jpg"
"frame_000791.jpg",".jpg","765189","0.7297","8/10/2026 6:47:23 PM","C:\nerfstudio_work\panteon-chacarita\templete-central\dataset-clean\frame_000791.jpg"
"frame_000792.jpg",".jpg","753743","0.7188","8/10/2026 6:47:24 PM","C:\nerfstudio_work\panteon-chacarita\templete-central\dataset-clean\frame_000792.jpg"
"frame_000793.jpg",".jpg","765321","0.7299","8/10/2026 6:47:25 PM","C:\nerfstudio_work\panteon-chacarita\templete-central\dataset-clean\frame_000793.jpg"
"frame_000794.jpg",".jpg","763388","0.728","8/10/2026 6:47:25 PM","C:\nerfstudio_work\panteon-chacarita\templete-central\dataset-clean\frame_000794.jpg"
