metric_group,log_name,metric,value,unit,value_numeric
dataset_registration,01_ns_process_data_sequential.log,total_images_mentioned,707,images,707.0
dataset_registration,01_ns_process_data_sequential.log,colmap_poses_found,,images,
dataset_registration,01_ns_process_data_sequential.log,colmap_images_matched,707,images,707.0
render,03_render_dataset_trajectory.log,frames_rendered,637,frames,637.0
render,03_render_dataset_trajectory.log,frames_target,637,frames,637.0
render,03_render_dataset_trajectory.log,fps,5.74,fps,5.74
gaussian_export,05_export_gaussian_splat_ply.log,gaussians_exported,221331,gaussians,221331.0
gaussian_export,05_export_gaussian_splat_ply.log,gaussians_total,225531,gaussians,225531.0
gaussian_export,05_export_gaussian_splat_ply.log,gaussians_low_opacity,4200,gaussians,4200.0
gaussian_export,05_export_gaussian_splat_ply.log,gaussians_nan_inf,0,gaussians,0.0
render,08_render_nerfacto_dataset_traj.log,frames_rendered,637,frames,637.0
render,08_render_nerfacto_dataset_traj.log,frames_target,637,frames,637.0
render,08_render_nerfacto_dataset_traj.log,fps,0.37,fps,0.37
pointcloud,10_colmap_image_undistorter_clean.log,points_mentioned_1,161708,points,161708.0
pointcloud,12_colmap_stereo_fusion_clean_v2.log,points_mentioned_1,77114,points,77114.0
pointcloud,12_colmap_stereo_fusion_clean_v2.log,points_mentioned_2,98027,points,98027.0
pointcloud,12_colmap_stereo_fusion_clean_v2.log,points_mentioned_3,113295,points,113295.0
pointcloud,12_colmap_stereo_fusion_clean_v2.log,points_mentioned_4,129616,points,129616.0
pointcloud,12_colmap_stereo_fusion_clean_v2.log,points_mentioned_5,141258,points,141258.0
pointcloud,12_colmap_stereo_fusion_clean_v2.log,points_mentioned_6,147254,points,147254.0
pointcloud,12_colmap_stereo_fusion_clean_v2.log,points_mentioned_7,156512,points,156512.0
pointcloud,12_colmap_stereo_fusion_clean_v2.log,points_mentioned_8,164483,points,164483.0
pointcloud,12_colmap_stereo_fusion_clean_v2.log,points_mentioned_9,173606,points,173606.0
pointcloud,12_colmap_stereo_fusion_clean_v2.log,points_mentioned_10,183684,points,183684.0
pointcloud,12_colmap_stereo_fusion_clean_v2.log,points_mentioned_11,199343,points,199343.0
pointcloud,12_colmap_stereo_fusion_clean_v2.log,points_mentioned_12,207215,points,207215.0
pointcloud,12_colmap_stereo_fusion_clean_v2.log,points_mentioned_13,211942,points,211942.0
pointcloud,12_colmap_stereo_fusion_clean_v2.log,points_mentioned_14,216812,points,216812.0
pointcloud,12_colmap_stereo_fusion_clean_v2.log,points_mentioned_15,225533,points,225533.0
pointcloud,12_colmap_stereo_fusion_clean_v2.log,points_mentioned_16,228989,points,228989.0
pointcloud,12_colmap_stereo_fusion_clean_v2.log,points_mentioned_17,230653,points,230653.0
pointcloud,12_colmap_stereo_fusion_clean_v2.log,points_mentioned_18,231968,points,231968.0
pointcloud,12_colmap_stereo_fusion_clean_v2.log,points_mentioned_19,233018,points,233018.0
pointcloud,12_colmap_stereo_fusion_clean_v2.log,points_mentioned_20,233792,points,233792.0
pointcloud,12_colmap_stereo_fusion_clean_v2.log,points_mentioned_21,234359,points,234359.0
pointcloud,12_colmap_stereo_fusion_clean_v2.log,points_mentioned_22,235352,points,235352.0
pointcloud,12_colmap_stereo_fusion_clean_v2.log,points_mentioned_23,235775,points,235775.0
pointcloud,12_colmap_stereo_fusion_clean_v2.log,points_mentioned_24,238865,points,238865.0
pointcloud,12_colmap_stereo_fusion_clean_v2.log,points_mentioned_25,246376,points,246376.0
pointcloud,12_colmap_stereo_fusion_clean_v2.log,points_mentioned_26,249322,points,249322.0
pointcloud,12_colmap_stereo_fusion_clean_v2.log,points_mentioned_27,253360,points,253360.0
pointcloud,12_colmap_stereo_fusion_clean_v2.log,points_mentioned_28,257436,points,257436.0
pointcloud,12_colmap_stereo_fusion_clean_v2.log,points_mentioned_29,265756,points,265756.0
pointcloud,12_colmap_stereo_fusion_clean_v2.log,points_mentioned_30,269074,points,269074.0
pointcloud,12_colmap_stereo_fusion_clean_v2.log,points_mentioned_31,269659,points,269659.0
pointcloud,12_colmap_stereo_fusion_clean_v2.log,points_mentioned_32,269741,points,269741.0
pointcloud,12_colmap_stereo_fusion_clean_v2.log,points_mentioned_33,270477,points,270477.0
pointcloud,12_colmap_stereo_fusion_clean_v2.log,points_mentioned_34,272039,points,272039.0
pointcloud,12_colmap_stereo_fusion_clean_v2.log,points_mentioned_35,291254,points,291254.0
pointcloud,12_colmap_stereo_fusion_clean_v2.log,points_mentioned_36,311880,points,311880.0
pointcloud,12_colmap_stereo_fusion_clean_v2.log,points_mentioned_37,322048,points,322048.0
pointcloud,12_colmap_stereo_fusion_clean_v2.log,points_mentioned_38,338282,points,338282.0
pointcloud,12_colmap_stereo_fusion_clean_v2.log,points_mentioned_39,345032,points,345032.0
pointcloud,12_colmap_stereo_fusion_clean_v2.log,points_mentioned_40,348685,points,348685.0
pointcloud,12_colmap_stereo_fusion_clean_v2.log,points_mentioned_41,351364,points,351364.0
pointcloud,12_colmap_stereo_fusion_clean_v2.log,points_mentioned_42,354742,points,354742.0
pointcloud,12_colmap_stereo_fusion_clean_v2.log,points_mentioned_43,357918,points,357918.0
pointcloud,12_colmap_stereo_fusion_clean_v2.log,points_mentioned_44,364578,points,364578.0
pointcloud,12_colmap_stereo_fusion_clean_v2.log,points_mentioned_45,369409,points,369409.0
pointcloud,12_colmap_stereo_fusion_clean_v2.log,points_mentioned_46,375239,points,375239.0
pointcloud,12_colmap_stereo_fusion_clean_v2.log,points_mentioned_47,381151,points,381151.0
pointcloud,12_colmap_stereo_fusion_clean_v2.log,points_mentioned_48,404911,points,404911.0
pointcloud,12_colmap_stereo_fusion_clean_v2.log,points_mentioned_49,418954,points,418954.0
pointcloud,12_colmap_stereo_fusion_clean_v2.log,points_mentioned_50,427039,points,427039.0
pointcloud,12_colmap_stereo_fusion_clean_v2.log,points_mentioned_51,431539,points,431539.0
pointcloud,12_colmap_stereo_fusion_clean_v2.log,points_mentioned_52,436013,points,436013.0
pointcloud,12_colmap_stereo_fusion_clean_v2.log,points_mentioned_53,439728,points,439728.0
pointcloud,12_colmap_stereo_fusion_clean_v2.log,points_mentioned_54,448205,points,448205.0
pointcloud,12_colmap_stereo_fusion_clean_v2.log,points_mentioned_55,466912,points,466912.0
pointcloud,12_colmap_stereo_fusion_clean_v2.log,points_mentioned_56,479358,points,479358.0
pointcloud,12_colmap_stereo_fusion_clean_v2.log,points_mentioned_57,486937,points,486937.0
pointcloud,12_colmap_stereo_fusion_clean_v2.log,points_mentioned_58,492390,points,492390.0
pointcloud,12_colmap_stereo_fusion_clean_v2.log,points_mentioned_59,496036,points,496036.0
pointcloud,12_colmap_stereo_fusion_clean_v2.log,points_mentioned_60,498736,points,498736.0
pointcloud,12_colmap_stereo_fusion_clean_v2.log,points_mentioned_61,500891,points,500891.0
pointcloud,12_colmap_stereo_fusion_clean_v2.log,points_mentioned_62,502558,points,502558.0
pointcloud,12_colmap_stereo_fusion_clean_v2.log,points_mentioned_63,503616,points,503616.0
pointcloud,12_colmap_stereo_fusion_clean_v2.log,points_mentioned_64,504428,points,504428.0
pointcloud,12_colmap_stereo_fusion_clean_v2.log,points_mentioned_65,505558,points,505558.0
pointcloud,12_colmap_stereo_fusion_clean_v2.log,points_mentioned_66,506140,points,506140.0
pointcloud,12_colmap_stereo_fusion_clean_v2.log,points_mentioned_67,506677,points,506677.0
pointcloud,12_colmap_stereo_fusion_clean_v2.log,points_mentioned_68,514206,points,514206.0
pointcloud,12_colmap_stereo_fusion_clean_v2.log,points_mentioned_69,515858,points,515858.0
pointcloud,12_colmap_stereo_fusion_clean_v2.log,points_mentioned_70,517559,points,517559.0
pointcloud,12_colmap_stereo_fusion_clean_v2.log,points_mentioned_71,517800,points,517800.0
pointcloud,12_colmap_stereo_fusion_clean_v2.log,points_mentioned_72,519982,points,519982.0
pointcloud,12_colmap_stereo_fusion_clean_v2.log,points_mentioned_73,525953,points,525953.0
pointcloud,12_colmap_stereo_fusion_clean_v2.log,points_mentioned_74,530390,points,530390.0
pointcloud,12_colmap_stereo_fusion_clean_v2.log,points_mentioned_75,536584,points,536584.0
pointcloud,12_colmap_stereo_fusion_clean_v2.log,points_mentioned_76,543017,points,543017.0
pointcloud,12_colmap_stereo_fusion_clean_v2.log,points_mentioned_77,546847,points,546847.0
pointcloud,12_colmap_stereo_fusion_clean_v2.log,points_mentioned_78,548760,points,548760.0
pointcloud,12_colmap_stereo_fusion_clean_v2.log,points_mentioned_79,549812,points,549812.0
pointcloud,12_colmap_stereo_fusion_clean_v2.log,points_mentioned_80,550511,points,550511.0
pointcloud,12_colmap_stereo_fusion_clean_v2.log,points_mentioned_81,550894,points,550894.0
pointcloud,12_colmap_stereo_fusion_clean_v2.log,points_mentioned_82,551282,points,551282.0
pointcloud,12_colmap_stereo_fusion_clean_v2.log,points_mentioned_83,551449,points,551449.0
pointcloud,12_colmap_stereo_fusion_clean_v2.log,points_mentioned_84,551569,points,551569.0
pointcloud,12_colmap_stereo_fusion_clean_v2.log,points_mentioned_85,551627,points,551627.0
pointcloud,12_colmap_stereo_fusion_clean_v2.log,points_mentioned_86,551667,points,551667.0
pointcloud,12_colmap_stereo_fusion_clean_v2.log,points_mentioned_87,551668,points,551668.0
pointcloud,12_colmap_stereo_fusion_clean_v2.log,points_mentioned_88,551675,points,551675.0
pointcloud,12_colmap_stereo_fusion_clean_v2.log,points_mentioned_89,551703,points,551703.0
pointcloud,12_colmap_stereo_fusion_clean_v2.log,points_mentioned_90,551703,points,551703.0
pointcloud,12_colmap_stereo_fusion_clean_v2.log,points_mentioned_91,555396,points,555396.0
pointcloud,12_colmap_stereo_fusion_clean_v2.log,points_mentioned_92,556805,points,556805.0
pointcloud,12_colmap_stereo_fusion_clean_v2.log,points_mentioned_93,558649,points,558649.0
pointcloud,12_colmap_stereo_fusion_clean_v2.log,points_mentioned_94,560053,points,560053.0
pointcloud,12_colmap_stereo_fusion_clean_v2.log,points_mentioned_95,564839,points,564839.0
pointcloud,12_colmap_stereo_fusion_clean_v2.log,points_mentioned_96,572572,points,572572.0
pointcloud,12_colmap_stereo_fusion_clean_v2.log,points_mentioned_97,574121,points,574121.0
pointcloud,12_colmap_stereo_fusion_clean_v2.log,points_mentioned_98,574214,points,574214.0
pointcloud,12_colmap_stereo_fusion_clean_v2.log,points_mentioned_99,574214,points,574214.0
pointcloud,12_colmap_stereo_fusion_clean_v2.log,points_mentioned_100,574214,points,574214.0
pointcloud,12_colmap_stereo_fusion_clean_v2.log,points_mentioned_101,574240,points,574240.0
pointcloud,12_colmap_stereo_fusion_clean_v2.log,points_mentioned_102,574892,points,574892.0
pointcloud,12_colmap_stereo_fusion_clean_v2.log,points_mentioned_103,575480,points,575480.0
pointcloud,12_colmap_stereo_fusion_clean_v2.log,points_mentioned_104,575714,points,575714.0
pointcloud,12_colmap_stereo_fusion_clean_v2.log,points_mentioned_105,576386,points,576386.0
pointcloud,12_colmap_stereo_fusion_clean_v2.log,points_mentioned_106,577906,points,577906.0
pointcloud,12_colmap_stereo_fusion_clean_v2.log,points_mentioned_107,578631,points,578631.0
pointcloud,12_colmap_stereo_fusion_clean_v2.log,points_mentioned_108,584882,points,584882.0
pointcloud,12_colmap_stereo_fusion_clean_v2.log,points_mentioned_109,587109,points,587109.0
pointcloud,12_colmap_stereo_fusion_clean_v2.log,points_mentioned_110,590578,points,590578.0
pointcloud,12_colmap_stereo_fusion_clean_v2.log,points_mentioned_111,593030,points,593030.0
pointcloud,12_colmap_stereo_fusion_clean_v2.log,points_mentioned_112,594382,points,594382.0
pointcloud,12_colmap_stereo_fusion_clean_v2.log,points_mentioned_113,594964,points,594964.0
pointcloud,12_colmap_stereo_fusion_clean_v2.log,points_mentioned_114,595168,points,595168.0
pointcloud,12_colmap_stereo_fusion_clean_v2.log,points_mentioned_115,595294,points,595294.0
pointcloud,12_colmap_stereo_fusion_clean_v2.log,points_mentioned_116,595338,points,595338.0
pointcloud,12_colmap_stereo_fusion_clean_v2.log,points_mentioned_117,595367,points,595367.0
pointcloud,12_colmap_stereo_fusion_clean_v2.log,points_mentioned_118,595369,points,595369.0
pointcloud,12_colmap_stereo_fusion_clean_v2.log,points_mentioned_119,595370,points,595370.0
pointcloud,12_colmap_stereo_fusion_clean_v2.log,points_mentioned_120,595370,points,595370.0
pointcloud,12_colmap_stereo_fusion_clean_v2.log,points_mentioned_121,595370,points,595370.0
pointcloud,12_colmap_stereo_fusion_clean_v2.log,points_mentioned_122,595370,points,595370.0
pointcloud,12_colmap_stereo_fusion_clean_v2.log,points_mentioned_123,595370,points,595370.0
pointcloud,12_colmap_stereo_fusion_clean_v2.log,points_mentioned_124,595370,points,595370.0
pointcloud,12_colmap_stereo_fusion_clean_v2.log,points_mentioned_125,595371,points,595371.0
pointcloud,12_colmap_stereo_fusion_clean_v2.log,points_mentioned_126,595371,points,595371.0
pointcloud,12_colmap_stereo_fusion_clean_v2.log,points_mentioned_127,595371,points,595371.0
pointcloud,12_colmap_stereo_fusion_clean_v2.log,points_mentioned_128,623597,points,623597.0
pointcloud,12_colmap_stereo_fusion_clean_v2.log,points_mentioned_129,626620,points,626620.0
pointcloud,12_colmap_stereo_fusion_clean_v2.log,points_mentioned_130,626621,points,626621.0
pointcloud,12_colmap_stereo_fusion_clean_v2.log,points_mentioned_131,626621,points,626621.0
pointcloud,12_colmap_stereo_fusion_clean_v2.log,points_mentioned_132,672793,points,672793.0
pointcloud,12_colmap_stereo_fusion_clean_v2.log,points_mentioned_133,692281,points,692281.0
pointcloud,12_colmap_stereo_fusion_clean_v2.log,points_mentioned_134,704503,points,704503.0
pointcloud,12_colmap_stereo_fusion_clean_v2.log,points_mentioned_135,709273,points,709273.0
pointcloud,12_colmap_stereo_fusion_clean_v2.log,points_mentioned_136,712292,points,712292.0
pointcloud,12_colmap_stereo_fusion_clean_v2.log,points_mentioned_137,718986,points,718986.0
pointcloud,12_colmap_stereo_fusion_clean_v2.log,points_mentioned_138,728490,points,728490.0
pointcloud,12_colmap_stereo_fusion_clean_v2.log,points_mentioned_139,734522,points,734522.0
pointcloud,12_colmap_stereo_fusion_clean_v2.log,points_mentioned_140,739183,points,739183.0
pointcloud,12_colmap_stereo_fusion_clean_v2.log,points_mentioned_141,741759,points,741759.0
pointcloud,12_colmap_stereo_fusion_clean_v2.log,points_mentioned_142,743222,points,743222.0
pointcloud,12_colmap_stereo_fusion_clean_v2.log,points_mentioned_143,744088,points,744088.0
pointcloud,12_colmap_stereo_fusion_clean_v2.log,points_mentioned_144,744853,points,744853.0
pointcloud,12_colmap_stereo_fusion_clean_v2.log,points_mentioned_145,745354,points,745354.0
pointcloud,12_colmap_stereo_fusion_clean_v2.log,points_mentioned_146,746281,points,746281.0
pointcloud,12_colmap_stereo_fusion_clean_v2.log,points_mentioned_147,747310,points,747310.0
pointcloud,12_colmap_stereo_fusion_clean_v2.log,points_mentioned_148,748993,points,748993.0
pointcloud,12_colmap_stereo_fusion_clean_v2.log,points_mentioned_149,750316,points,750316.0
pointcloud,12_colmap_stereo_fusion_clean_v2.log,points_mentioned_150,753339,points,753339.0
pointcloud,12_colmap_stereo_fusion_clean_v2.log,points_mentioned_151,756318,points,756318.0
pointcloud,12_colmap_stereo_fusion_clean_v2.log,points_mentioned_152,761815,points,761815.0
pointcloud,12_colmap_stereo_fusion_clean_v2.log,points_mentioned_153,769423,points,769423.0
pointcloud,12_colmap_stereo_fusion_clean_v2.log,points_mentioned_154,775525,points,775525.0
pointcloud,12_colmap_stereo_fusion_clean_v2.log,points_mentioned_155,779750,points,779750.0
pointcloud,12_colmap_stereo_fusion_clean_v2.log,points_mentioned_156,783338,points,783338.0
pointcloud,12_colmap_stereo_fusion_clean_v2.log,points_mentioned_157,787328,points,787328.0
pointcloud,12_colmap_stereo_fusion_clean_v2.log,points_mentioned_158,789387,points,789387.0
pointcloud,12_colmap_stereo_fusion_clean_v2.log,points_mentioned_159,793531,points,793531.0
pointcloud,12_colmap_stereo_fusion_clean_v2.log,points_mentioned_160,802614,points,802614.0
pointcloud,12_colmap_stereo_fusion_clean_v2.log,points_mentioned_161,806893,points,806893.0
pointcloud,12_colmap_stereo_fusion_clean_v2.log,points_mentioned_162,809220,points,809220.0
pointcloud,12_colmap_stereo_fusion_clean_v2.log,points_mentioned_163,810866,points,810866.0
pointcloud,12_colmap_stereo_fusion_clean_v2.log,points_mentioned_164,811476,points,811476.0
pointcloud,12_colmap_stereo_fusion_clean_v2.log,points_mentioned_165,811795,points,811795.0
pointcloud,12_colmap_stereo_fusion_clean_v2.log,points_mentioned_166,811978,points,811978.0
pointcloud,12_colmap_stereo_fusion_clean_v2.log,points_mentioned_167,812159,points,812159.0
pointcloud,12_colmap_stereo_fusion_clean_v2.log,points_mentioned_168,812243,points,812243.0
pointcloud,12_colmap_stereo_fusion_clean_v2.log,points_mentioned_169,812269,points,812269.0
pointcloud,12_colmap_stereo_fusion_clean_v2.log,points_mentioned_170,812269,points,812269.0
pointcloud,12_colmap_stereo_fusion_clean_v2.log,points_mentioned_171,812269,points,812269.0
pointcloud,12_colmap_stereo_fusion_clean_v2.log,points_mentioned_172,856029,points,856029.0
pointcloud,12_colmap_stereo_fusion_clean_v2.log,points_mentioned_173,872899,points,872899.0
pointcloud,12_colmap_stereo_fusion_clean_v2.log,points_mentioned_174,883536,points,883536.0
pointcloud,12_colmap_stereo_fusion_clean_v2.log,points_mentioned_175,889916,points,889916.0
pointcloud,12_colmap_stereo_fusion_clean_v2.log,points_mentioned_176,893678,points,893678.0
pointcloud,12_colmap_stereo_fusion_clean_v2.log,points_mentioned_177,898058,points,898058.0
pointcloud,12_colmap_stereo_fusion_clean_v2.log,points_mentioned_178,900141,points,900141.0
pointcloud,12_colmap_stereo_fusion_clean_v2.log,points_mentioned_179,904816,points,904816.0
pointcloud,12_colmap_stereo_fusion_clean_v2.log,points_mentioned_180,907348,points,907348.0
pointcloud,12_colmap_stereo_fusion_clean_v2.log,points_mentioned_181,908935,points,908935.0
pointcloud,12_colmap_stereo_fusion_clean_v2.log,points_mentioned_182,910173,points,910173.0
pointcloud,12_colmap_stereo_fusion_clean_v2.log,points_mentioned_183,911500,points,911500.0
pointcloud,12_colmap_stereo_fusion_clean_v2.log,points_mentioned_184,939160,points,939160.0
pointcloud,12_colmap_stereo_fusion_clean_v2.log,points_mentioned_185,951396,points,951396.0
pointcloud,12_colmap_stereo_fusion_clean_v2.log,points_mentioned_186,975765,points,975765.0
pointcloud,12_colmap_stereo_fusion_clean_v2.log,points_mentioned_187,987380,points,987380.0
pointcloud,12_colmap_stereo_fusion_clean_v2.log,points_mentioned_188,994310,points,994310.0
pointcloud,12_colmap_stereo_fusion_clean_v2.log,points_mentioned_189,999473,points,999473.0
pointcloud,12_colmap_stereo_fusion_clean_v2.log,points_mentioned_190,1002666,points,1002666.0
pointcloud,12_colmap_stereo_fusion_clean_v2.log,points_mentioned_191,1005626,points,1005626.0
pointcloud,12_colmap_stereo_fusion_clean_v2.log,points_mentioned_192,1007659,points,1007659.0
pointcloud,12_colmap_stereo_fusion_clean_v2.log,points_mentioned_193,1008878,points,1008878.0
pointcloud,12_colmap_stereo_fusion_clean_v2.log,points_mentioned_194,1009812,points,1009812.0
pointcloud,12_colmap_stereo_fusion_clean_v2.log,points_mentioned_195,1010434,points,1010434.0
pointcloud,12_colmap_stereo_fusion_clean_v2.log,points_mentioned_196,1010874,points,1010874.0
pointcloud,12_colmap_stereo_fusion_clean_v2.log,points_mentioned_197,1011161,points,1011161.0
pointcloud,12_colmap_stereo_fusion_clean_v2.log,points_mentioned_198,1011293,points,1011293.0
pointcloud,12_colmap_stereo_fusion_clean_v2.log,points_mentioned_199,1011373,points,1011373.0
pointcloud,12_colmap_stereo_fusion_clean_v2.log,points_mentioned_200,1011446,points,1011446.0
pointcloud,12_colmap_stereo_fusion_clean_v2.log,points_mentioned_201,1011693,points,1011693.0
pointcloud,12_colmap_stereo_fusion_clean_v2.log,points_mentioned_202,1011739,points,1011739.0
pointcloud,12_colmap_stereo_fusion_clean_v2.log,points_mentioned_203,1011993,points,1011993.0
pointcloud,12_colmap_stereo_fusion_clean_v2.log,points_mentioned_204,1013675,points,1013675.0
pointcloud,12_colmap_stereo_fusion_clean_v2.log,points_mentioned_205,1019630,points,1019630.0
pointcloud,12_colmap_stereo_fusion_clean_v2.log,points_mentioned_206,1033708,points,1033708.0
pointcloud,12_colmap_stereo_fusion_clean_v2.log,points_mentioned_207,1054233,points,1054233.0
pointcloud,12_colmap_stereo_fusion_clean_v2.log,points_mentioned_208,1070289,points,1070289.0
pointcloud,12_colmap_stereo_fusion_clean_v2.log,points_mentioned_209,1077849,points,1077849.0
pointcloud,12_colmap_stereo_fusion_clean_v2.log,points_mentioned_210,1083563,points,1083563.0
pointcloud,12_colmap_stereo_fusion_clean_v2.log,points_mentioned_211,1089307,points,1089307.0
pointcloud,12_colmap_stereo_fusion_clean_v2.log,points_mentioned_212,1092717,points,1092717.0
pointcloud,12_colmap_stereo_fusion_clean_v2.log,points_mentioned_213,1095434,points,1095434.0
pointcloud,12_colmap_stereo_fusion_clean_v2.log,points_mentioned_214,1101306,points,1101306.0
pointcloud,12_colmap_stereo_fusion_clean_v2.log,points_mentioned_215,1111194,points,1111194.0
pointcloud,12_colmap_stereo_fusion_clean_v2.log,points_mentioned_216,1116220,points,1116220.0
pointcloud,12_colmap_stereo_fusion_clean_v2.log,points_mentioned_217,1118776,points,1118776.0
pointcloud,12_colmap_stereo_fusion_clean_v2.log,points_mentioned_218,1120371,points,1120371.0
pointcloud,12_colmap_stereo_fusion_clean_v2.log,points_mentioned_219,1121391,points,1121391.0
pointcloud,12_colmap_stereo_fusion_clean_v2.log,points_mentioned_220,1122526,points,1122526.0
pointcloud,12_colmap_stereo_fusion_clean_v2.log,points_mentioned_221,1123361,points,1123361.0
pointcloud,12_colmap_stereo_fusion_clean_v2.log,points_mentioned_222,1125248,points,1125248.0
pointcloud,12_colmap_stereo_fusion_clean_v2.log,points_mentioned_223,1136107,points,1136107.0
pointcloud,12_colmap_stereo_fusion_clean_v2.log,points_mentioned_224,1145110,points,1145110.0
pointcloud,12_colmap_stereo_fusion_clean_v2.log,points_mentioned_225,1149132,points,1149132.0
pointcloud,12_colmap_stereo_fusion_clean_v2.log,points_mentioned_226,1151438,points,1151438.0
pointcloud,12_colmap_stereo_fusion_clean_v2.log,points_mentioned_227,1155830,points,1155830.0
pointcloud,12_colmap_stereo_fusion_clean_v2.log,points_mentioned_228,1157403,points,1157403.0
pointcloud,12_colmap_stereo_fusion_clean_v2.log,points_mentioned_229,1158234,points,1158234.0
pointcloud,12_colmap_stereo_fusion_clean_v2.log,points_mentioned_230,1159410,points,1159410.0
pointcloud,12_colmap_stereo_fusion_clean_v2.log,points_mentioned_231,1162878,points,1162878.0
pointcloud,12_colmap_stereo_fusion_clean_v2.log,points_mentioned_232,1163282,points,1163282.0
pointcloud,12_colmap_stereo_fusion_clean_v2.log,points_mentioned_233,1163410,points,1163410.0
pointcloud,12_colmap_stereo_fusion_clean_v2.log,points_mentioned_234,1163410,points,1163410.0
pointcloud,12_colmap_stereo_fusion_clean_v2.log,points_mentioned_235,1164186,points,1164186.0
pointcloud,12_colmap_stereo_fusion_clean_v2.log,points_mentioned_236,1164186,points,1164186.0
pointcloud,12_colmap_stereo_fusion_clean_v2.log,points_mentioned_237,1164186,points,1164186.0
pointcloud,12_colmap_stereo_fusion_clean_v2.log,points_mentioned_238,1164186,points,1164186.0
pointcloud,12_colmap_stereo_fusion_clean_v2.log,points_mentioned_239,1164186,points,1164186.0
pointcloud,12_colmap_stereo_fusion_clean_v2.log,points_mentioned_240,1164186,points,1164186.0
pointcloud,12_colmap_stereo_fusion_clean_v2.log,points_mentioned_241,1164186,points,1164186.0
pointcloud,12_colmap_stereo_fusion_clean_v2.log,points_mentioned_242,1208652,points,1208652.0
pointcloud,12_colmap_stereo_fusion_clean_v2.log,points_mentioned_243,1229696,points,1229696.0
pointcloud,12_colmap_stereo_fusion_clean_v2.log,points_mentioned_244,1270941,points,1270941.0
pointcloud,12_colmap_stereo_fusion_clean_v2.log,points_mentioned_245,1276935,points,1276935.0
pointcloud,12_colmap_stereo_fusion_clean_v2.log,points_mentioned_246,1287129,points,1287129.0
pointcloud,12_colmap_stereo_fusion_clean_v2.log,points_mentioned_247,1290331,points,1290331.0
pointcloud,12_colmap_stereo_fusion_clean_v2.log,points_mentioned_248,1316408,points,1316408.0
pointcloud,12_colmap_stereo_fusion_clean_v2.log,points_mentioned_249,1329048,points,1329048.0
pointcloud,12_colmap_stereo_fusion_clean_v2.log,points_mentioned_250,1341097,points,1341097.0
pointcloud,12_colmap_stereo_fusion_clean_v2.log,points_mentioned_251,1345908,points,1345908.0
pointcloud,12_colmap_stereo_fusion_clean_v2.log,points_mentioned_252,1348801,points,1348801.0
pointcloud,12_colmap_stereo_fusion_clean_v2.log,points_mentioned_253,1354609,points,1354609.0
pointcloud,12_colmap_stereo_fusion_clean_v2.log,points_mentioned_254,1360251,points,1360251.0
pointcloud,12_colmap_stereo_fusion_clean_v2.log,points_mentioned_255,1369858,points,1369858.0
pointcloud,12_colmap_stereo_fusion_clean_v2.log,points_mentioned_256,1374575,points,1374575.0
pointcloud,12_colmap_stereo_fusion_clean_v2.log,points_mentioned_257,1377058,points,1377058.0
pointcloud,12_colmap_stereo_fusion_clean_v2.log,points_mentioned_258,1378649,points,1378649.0
pointcloud,12_colmap_stereo_fusion_clean_v2.log,points_mentioned_259,1379997,points,1379997.0
pointcloud,12_colmap_stereo_fusion_clean_v2.log,points_mentioned_260,1380703,points,1380703.0
pointcloud,12_colmap_stereo_fusion_clean_v2.log,points_mentioned_261,1381908,points,1381908.0
pointcloud,12_colmap_stereo_fusion_clean_v2.log,points_mentioned_262,1382227,points,1382227.0
pointcloud,12_colmap_stereo_fusion_clean_v2.log,points_mentioned_263,1382448,points,1382448.0
pointcloud,12_colmap_stereo_fusion_clean_v2.log,points_mentioned_264,1382608,points,1382608.0
pointcloud,12_colmap_stereo_fusion_clean_v2.log,points_mentioned_265,1383845,points,1383845.0
pointcloud,12_colmap_stereo_fusion_clean_v2.log,points_mentioned_266,1384646,points,1384646.0
pointcloud,12_colmap_stereo_fusion_clean_v2.log,points_mentioned_267,1385513,points,1385513.0
pointcloud,12_colmap_stereo_fusion_clean_v2.log,points_mentioned_268,1387243,points,1387243.0
pointcloud,12_colmap_stereo_fusion_clean_v2.log,points_mentioned_269,1394775,points,1394775.0
pointcloud,12_colmap_stereo_fusion_clean_v2.log,points_mentioned_270,1403960,points,1403960.0
pointcloud,12_colmap_stereo_fusion_clean_v2.log,points_mentioned_271,1406305,points,1406305.0
pointcloud,12_colmap_stereo_fusion_clean_v2.log,points_mentioned_272,1407272,points,1407272.0
pointcloud,12_colmap_stereo_fusion_clean_v2.log,points_mentioned_273,1409149,points,1409149.0
pointcloud,12_colmap_stereo_fusion_clean_v2.log,points_mentioned_274,1410475,points,1410475.0
pointcloud,12_colmap_stereo_fusion_clean_v2.log,points_mentioned_275,1412209,points,1412209.0
pointcloud,12_colmap_stereo_fusion_clean_v2.log,points_mentioned_276,1412779,points,1412779.0
pointcloud,12_colmap_stereo_fusion_clean_v2.log,points_mentioned_277,1413607,points,1413607.0
pointcloud,12_colmap_stereo_fusion_clean_v2.log,points_mentioned_278,1414169,points,1414169.0
pointcloud,12_colmap_stereo_fusion_clean_v2.log,points_mentioned_279,1417352,points,1417352.0
pointcloud,12_colmap_stereo_fusion_clean_v2.log,points_mentioned_280,1437898,points,1437898.0
pointcloud,12_colmap_stereo_fusion_clean_v2.log,points_mentioned_281,1454442,points,1454442.0
pointcloud,12_colmap_stereo_fusion_clean_v2.log,points_mentioned_282,1467096,points,1467096.0
pointcloud,12_colmap_stereo_fusion_clean_v2.log,points_mentioned_283,1482736,points,1482736.0
pointcloud,12_colmap_stereo_fusion_clean_v2.log,points_mentioned_284,1499969,points,1499969.0
pointcloud,12_colmap_stereo_fusion_clean_v2.log,points_mentioned_285,1515796,points,1515796.0
pointcloud,12_colmap_stereo_fusion_clean_v2.log,points_mentioned_286,1522151,points,1522151.0
pointcloud,12_colmap_stereo_fusion_clean_v2.log,points_mentioned_287,1526060,points,1526060.0
pointcloud,12_colmap_stereo_fusion_clean_v2.log,points_mentioned_288,1530695,points,1530695.0
pointcloud,12_colmap_stereo_fusion_clean_v2.log,points_mentioned_289,1533657,points,1533657.0
pointcloud,12_colmap_stereo_fusion_clean_v2.log,points_mentioned_290,1536745,points,1536745.0
pointcloud,12_colmap_stereo_fusion_clean_v2.log,points_mentioned_291,1543019,points,1543019.0
pointcloud,12_colmap_stereo_fusion_clean_v2.log,points_mentioned_292,1547290,points,1547290.0
pointcloud,12_colmap_stereo_fusion_clean_v2.log,points_mentioned_293,1550419,points,1550419.0
pointcloud,12_colmap_stereo_fusion_clean_v2.log,points_mentioned_294,1552337,points,1552337.0
pointcloud,12_colmap_stereo_fusion_clean_v2.log,points_mentioned_295,1553538,points,1553538.0
pointcloud,12_colmap_stereo_fusion_clean_v2.log,points_mentioned_296,1555591,points,1555591.0
pointcloud,12_colmap_stereo_fusion_clean_v2.log,points_mentioned_297,1556426,points,1556426.0
pointcloud,12_colmap_stereo_fusion_clean_v2.log,points_mentioned_298,1556889,points,1556889.0
pointcloud,12_colmap_stereo_fusion_clean_v2.log,points_mentioned_299,1557133,points,1557133.0
pointcloud,12_colmap_stereo_fusion_clean_v2.log,points_mentioned_300,1557293,points,1557293.0
pointcloud,12_colmap_stereo_fusion_clean_v2.log,points_mentioned_301,1557344,points,1557344.0
pointcloud,12_colmap_stereo_fusion_clean_v2.log,points_mentioned_302,1557767,points,1557767.0
pointcloud,12_colmap_stereo_fusion_clean_v2.log,points_mentioned_303,1557963,points,1557963.0
pointcloud,12_colmap_stereo_fusion_clean_v2.log,points_mentioned_304,1558780,points,1558780.0
pointcloud,12_colmap_stereo_fusion_clean_v2.log,points_mentioned_305,1560731,points,1560731.0
pointcloud,12_colmap_stereo_fusion_clean_v2.log,points_mentioned_306,1580517,points,1580517.0
pointcloud,12_colmap_stereo_fusion_clean_v2.log,points_mentioned_307,1588637,points,1588637.0
pointcloud,12_colmap_stereo_fusion_clean_v2.log,points_mentioned_308,1613367,points,1613367.0
pointcloud,12_colmap_stereo_fusion_clean_v2.log,points_mentioned_309,1623438,points,1623438.0
pointcloud,12_colmap_stereo_fusion_clean_v2.log,points_mentioned_310,1629503,points,1629503.0
pointcloud,12_colmap_stereo_fusion_clean_v2.log,points_mentioned_311,1635415,points,1635415.0
pointcloud,12_colmap_stereo_fusion_clean_v2.log,points_mentioned_312,1638495,points,1638495.0
pointcloud,12_colmap_stereo_fusion_clean_v2.log,points_mentioned_313,1640691,points,1640691.0
pointcloud,12_colmap_stereo_fusion_clean_v2.log,points_mentioned_314,1642253,points,1642253.0
pointcloud,12_colmap_stereo_fusion_clean_v2.log,points_mentioned_315,1643266,points,1643266.0
pointcloud,12_colmap_stereo_fusion_clean_v2.log,points_mentioned_316,1645944,points,1645944.0
pointcloud,12_colmap_stereo_fusion_clean_v2.log,points_mentioned_317,1648813,points,1648813.0
pointcloud,12_colmap_stereo_fusion_clean_v2.log,points_mentioned_318,1649874,points,1649874.0
pointcloud,12_colmap_stereo_fusion_clean_v2.log,points_mentioned_319,1650395,points,1650395.0
pointcloud,12_colmap_stereo_fusion_clean_v2.log,points_mentioned_320,1653639,points,1653639.0
pointcloud,12_colmap_stereo_fusion_clean_v2.log,points_mentioned_321,1655728,points,1655728.0
pointcloud,12_colmap_stereo_fusion_clean_v2.log,points_mentioned_322,1660728,points,1660728.0
pointcloud,12_colmap_stereo_fusion_clean_v2.log,points_mentioned_323,1670619,points,1670619.0
pointcloud,12_colmap_stereo_fusion_clean_v2.log,points_mentioned_324,1683683,points,1683683.0
pointcloud,12_colmap_stereo_fusion_clean_v2.log,points_mentioned_325,1698818,points,1698818.0
pointcloud,12_colmap_stereo_fusion_clean_v2.log,points_mentioned_326,1709021,points,1709021.0
pointcloud,12_colmap_stereo_fusion_clean_v2.log,points_mentioned_327,1713621,points,1713621.0
pointcloud,12_colmap_stereo_fusion_clean_v2.log,points_mentioned_328,1716770,points,1716770.0
pointcloud,12_colmap_stereo_fusion_clean_v2.log,points_mentioned_329,1721080,points,1721080.0
pointcloud,12_colmap_stereo_fusion_clean_v2.log,points_mentioned_330,1727167,points,1727167.0
pointcloud,12_colmap_stereo_fusion_clean_v2.log,points_mentioned_331,1731270,points,1731270.0
pointcloud,12_colmap_stereo_fusion_clean_v2.log,points_mentioned_332,1734682,points,1734682.0
pointcloud,12_colmap_stereo_fusion_clean_v2.log,points_mentioned_333,1739134,points,1739134.0
pointcloud,12_colmap_stereo_fusion_clean_v2.log,points_mentioned_334,1743716,points,1743716.0
pointcloud,12_colmap_stereo_fusion_clean_v2.log,points_mentioned_335,1747079,points,1747079.0
pointcloud,12_colmap_stereo_fusion_clean_v2.log,points_mentioned_336,1749253,points,1749253.0
pointcloud,12_colmap_stereo_fusion_clean_v2.log,points_mentioned_337,1750295,points,1750295.0
pointcloud,12_colmap_stereo_fusion_clean_v2.log,points_mentioned_338,1753709,points,1753709.0
pointcloud,12_colmap_stereo_fusion_clean_v2.log,points_mentioned_339,1764216,points,1764216.0
pointcloud,12_colmap_stereo_fusion_clean_v2.log,points_mentioned_340,1769441,points,1769441.0
pointcloud,12_colmap_stereo_fusion_clean_v2.log,points_mentioned_341,1774898,points,1774898.0
pointcloud,12_colmap_stereo_fusion_clean_v2.log,points_mentioned_342,1777400,points,1777400.0
pointcloud,12_colmap_stereo_fusion_clean_v2.log,points_mentioned_343,1784808,points,1784808.0
pointcloud,12_colmap_stereo_fusion_clean_v2.log,points_mentioned_344,1793276,points,1793276.0
pointcloud,12_colmap_stereo_fusion_clean_v2.log,points_mentioned_345,1799229,points,1799229.0
pointcloud,12_colmap_stereo_fusion_clean_v2.log,points_mentioned_346,1803583,points,1803583.0
pointcloud,12_colmap_stereo_fusion_clean_v2.log,points_mentioned_347,1805812,points,1805812.0
pointcloud,12_colmap_stereo_fusion_clean_v2.log,points_mentioned_348,1808023,points,1808023.0
pointcloud,12_colmap_stereo_fusion_clean_v2.log,points_mentioned_349,1809097,points,1809097.0
pointcloud,12_colmap_stereo_fusion_clean_v2.log,points_mentioned_350,1809889,points,1809889.0
pointcloud,12_colmap_stereo_fusion_clean_v2.log,points_mentioned_351,1810398,points,1810398.0
pointcloud,12_colmap_stereo_fusion_clean_v2.log,points_mentioned_352,1811354,points,1811354.0
pointcloud,12_colmap_stereo_fusion_clean_v2.log,points_mentioned_353,1816540,points,1816540.0
pointcloud,12_colmap_stereo_fusion_clean_v2.log,points_mentioned_354,1819490,points,1819490.0
pointcloud,12_colmap_stereo_fusion_clean_v2.log,points_mentioned_355,1822099,points,1822099.0
pointcloud,12_colmap_stereo_fusion_clean_v2.log,points_mentioned_356,1825757,points,1825757.0
pointcloud,12_colmap_stereo_fusion_clean_v2.log,points_mentioned_357,1831994,points,1831994.0
pointcloud,12_colmap_stereo_fusion_clean_v2.log,points_mentioned_358,1836653,points,1836653.0
pointcloud,12_colmap_stereo_fusion_clean_v2.log,points_mentioned_359,1842970,points,1842970.0
pointcloud,12_colmap_stereo_fusion_clean_v2.log,points_mentioned_360,1855093,points,1855093.0
pointcloud,12_colmap_stereo_fusion_clean_v2.log,points_mentioned_361,1859035,points,1859035.0
pointcloud,12_colmap_stereo_fusion_clean_v2.log,points_mentioned_362,1859409,points,1859409.0
pointcloud,12_colmap_stereo_fusion_clean_v2.log,points_mentioned_363,1859587,points,1859587.0
pointcloud,12_colmap_stereo_fusion_clean_v2.log,points_mentioned_364,1859744,points,1859744.0
pointcloud,12_colmap_stereo_fusion_clean_v2.log,points_mentioned_365,1859752,points,1859752.0
pointcloud,12_colmap_stereo_fusion_clean_v2.log,points_mentioned_366,1859753,points,1859753.0
pointcloud,12_colmap_stereo_fusion_clean_v2.log,points_mentioned_367,1859773,points,1859773.0
pointcloud,12_colmap_stereo_fusion_clean_v2.log,points_mentioned_368,1859861,points,1859861.0
pointcloud,12_colmap_stereo_fusion_clean_v2.log,points_mentioned_369,1859901,points,1859901.0
pointcloud,12_colmap_stereo_fusion_clean_v2.log,points_mentioned_370,1859904,points,1859904.0
pointcloud,12_colmap_stereo_fusion_clean_v2.log,points_mentioned_371,1859904,points,1859904.0
pointcloud,12_colmap_stereo_fusion_clean_v2.log,points_mentioned_372,1859904,points,1859904.0
pointcloud,12_colmap_stereo_fusion_clean_v2.log,points_mentioned_373,1865175,points,1865175.0
pointcloud,12_colmap_stereo_fusion_clean_v2.log,points_mentioned_374,1869452,points,1869452.0
pointcloud,12_colmap_stereo_fusion_clean_v2.log,points_mentioned_375,1876928,points,1876928.0
pointcloud,12_colmap_stereo_fusion_clean_v2.log,points_mentioned_376,1887986,points,1887986.0
pointcloud,12_colmap_stereo_fusion_clean_v2.log,points_mentioned_377,1897370,points,1897370.0
pointcloud,12_colmap_stereo_fusion_clean_v2.log,points_mentioned_378,1905066,points,1905066.0
pointcloud,12_colmap_stereo_fusion_clean_v2.log,points_mentioned_379,1911096,points,1911096.0
pointcloud,12_colmap_stereo_fusion_clean_v2.log,points_mentioned_380,1916641,points,1916641.0
pointcloud,12_colmap_stereo_fusion_clean_v2.log,points_mentioned_381,1926071,points,1926071.0
pointcloud,12_colmap_stereo_fusion_clean_v2.log,points_mentioned_382,1952709,points,1952709.0
pointcloud,12_colmap_stereo_fusion_clean_v2.log,points_mentioned_383,1970542,points,1970542.0
pointcloud,12_colmap_stereo_fusion_clean_v2.log,points_mentioned_384,1987423,points,1987423.0
pointcloud,12_colmap_stereo_fusion_clean_v2.log,points_mentioned_385,1994630,points,1994630.0
pointcloud,12_colmap_stereo_fusion_clean_v2.log,points_mentioned_386,1999357,points,1999357.0
pointcloud,12_colmap_stereo_fusion_clean_v2.log,points_mentioned_387,2002494,points,2002494.0
pointcloud,12_colmap_stereo_fusion_clean_v2.log,points_mentioned_388,2004890,points,2004890.0
pointcloud,12_colmap_stereo_fusion_clean_v2.log,points_mentioned_389,2006563,points,2006563.0
pointcloud,12_colmap_stereo_fusion_clean_v2.log,points_mentioned_390,2008743,points,2008743.0
pointcloud,12_colmap_stereo_fusion_clean_v2.log,points_mentioned_391,2020177,points,2020177.0
pointcloud,12_colmap_stereo_fusion_clean_v2.log,points_mentioned_392,2031171,points,2031171.0
pointcloud,12_colmap_stereo_fusion_clean_v2.log,points_mentioned_393,2040256,points,2040256.0
pointcloud,12_colmap_stereo_fusion_clean_v2.log,points_mentioned_394,2044636,points,2044636.0
pointcloud,12_colmap_stereo_fusion_clean_v2.log,points_mentioned_395,2050211,points,2050211.0
pointcloud,12_colmap_stereo_fusion_clean_v2.log,points_mentioned_396,2055061,points,2055061.0
pointcloud,12_colmap_stereo_fusion_clean_v2.log,points_mentioned_397,2062543,points,2062543.0
pointcloud,12_colmap_stereo_fusion_clean_v2.log,points_mentioned_398,2069546,points,2069546.0
pointcloud,12_colmap_stereo_fusion_clean_v2.log,points_mentioned_399,2073906,points,2073906.0
pointcloud,12_colmap_stereo_fusion_clean_v2.log,points_mentioned_400,2075862,points,2075862.0
pointcloud,12_colmap_stereo_fusion_clean_v2.log,points_mentioned_401,2077015,points,2077015.0
pointcloud,12_colmap_stereo_fusion_clean_v2.log,points_mentioned_402,2078953,points,2078953.0
pointcloud,12_colmap_stereo_fusion_clean_v2.log,points_mentioned_403,2079330,points,2079330.0
pointcloud,12_colmap_stereo_fusion_clean_v2.log,points_mentioned_404,2079374,points,2079374.0
pointcloud,12_colmap_stereo_fusion_clean_v2.log,points_mentioned_405,2079379,points,2079379.0
pointcloud,12_colmap_stereo_fusion_clean_v2.log,points_mentioned_406,2079387,points,2079387.0
pointcloud,12_colmap_stereo_fusion_clean_v2.log,points_mentioned_407,2079434,points,2079434.0
pointcloud,12_colmap_stereo_fusion_clean_v2.log,points_mentioned_408,2079436,points,2079436.0
pointcloud,12_colmap_stereo_fusion_clean_v2.log,points_mentioned_409,2079436,points,2079436.0
pointcloud,12_colmap_stereo_fusion_clean_v2.log,points_mentioned_410,2079634,points,2079634.0
pointcloud,12_colmap_stereo_fusion_clean_v2.log,points_mentioned_411,2079635,points,2079635.0
pointcloud,12_colmap_stereo_fusion_clean_v2.log,points_mentioned_412,2079635,points,2079635.0
pointcloud,12_colmap_stereo_fusion_clean_v2.log,points_mentioned_413,2079635,points,2079635.0
pointcloud,12_colmap_stereo_fusion_clean_v2.log,points_mentioned_414,2079638,points,2079638.0
pointcloud,12_colmap_stereo_fusion_clean_v2.log,points_mentioned_415,2079639,points,2079639.0
pointcloud,12_colmap_stereo_fusion_clean_v2.log,points_mentioned_416,2079639,points,2079639.0
pointcloud,12_colmap_stereo_fusion_clean_v2.log,points_mentioned_417,2079639,points,2079639.0
pointcloud,12_colmap_stereo_fusion_clean_v2.log,points_mentioned_418,2079639,points,2079639.0
pointcloud,12_colmap_stereo_fusion_clean_v2.log,points_mentioned_419,2136707,points,2136707.0
pointcloud,12_colmap_stereo_fusion_clean_v2.log,points_mentioned_420,2151786,points,2151786.0
pointcloud,12_colmap_stereo_fusion_clean_v2.log,points_mentioned_421,2159586,points,2159586.0
pointcloud,12_colmap_stereo_fusion_clean_v2.log,points_mentioned_422,2169837,points,2169837.0
pointcloud,12_colmap_stereo_fusion_clean_v2.log,points_mentioned_423,2178897,points,2178897.0
pointcloud,12_colmap_stereo_fusion_clean_v2.log,points_mentioned_424,2185012,points,2185012.0
pointcloud,12_colmap_stereo_fusion_clean_v2.log,points_mentioned_425,2187270,points,2187270.0
pointcloud,12_colmap_stereo_fusion_clean_v2.log,points_mentioned_426,2195011,points,2195011.0
pointcloud,12_colmap_stereo_fusion_clean_v2.log,points_mentioned_427,2197193,points,2197193.0
pointcloud,12_colmap_stereo_fusion_clean_v2.log,points_mentioned_428,2203610,points,2203610.0
pointcloud,12_colmap_stereo_fusion_clean_v2.log,points_mentioned_429,2210351,points,2210351.0
pointcloud,12_colmap_stereo_fusion_clean_v2.log,points_mentioned_430,2216599,points,2216599.0
pointcloud,12_colmap_stereo_fusion_clean_v2.log,points_mentioned_431,2245132,points,2245132.0
pointcloud,12_colmap_stereo_fusion_clean_v2.log,points_mentioned_432,2256786,points,2256786.0
pointcloud,12_colmap_stereo_fusion_clean_v2.log,points_mentioned_433,2274857,points,2274857.0
pointcloud,12_colmap_stereo_fusion_clean_v2.log,points_mentioned_434,2293350,points,2293350.0
pointcloud,12_colmap_stereo_fusion_clean_v2.log,points_mentioned_435,2301997,points,2301997.0
pointcloud,12_colmap_stereo_fusion_clean_v2.log,points_mentioned_436,2315904,points,2315904.0
pointcloud,12_colmap_stereo_fusion_clean_v2.log,points_mentioned_437,2324871,points,2324871.0
pointcloud,12_colmap_stereo_fusion_clean_v2.log,points_mentioned_438,2333172,points,2333172.0
pointcloud,12_colmap_stereo_fusion_clean_v2.log,points_mentioned_439,2341400,points,2341400.0
pointcloud,12_colmap_stereo_fusion_clean_v2.log,points_mentioned_440,2349586,points,2349586.0
pointcloud,12_colmap_stereo_fusion_clean_v2.log,points_mentioned_441,2354324,points,2354324.0
pointcloud,12_colmap_stereo_fusion_clean_v2.log,points_mentioned_442,2359015,points,2359015.0
pointcloud,12_colmap_stereo_fusion_clean_v2.log,points_mentioned_443,2362881,points,2362881.0
pointcloud,12_colmap_stereo_fusion_clean_v2.log,points_mentioned_444,2367703,points,2367703.0
pointcloud,12_colmap_stereo_fusion_clean_v2.log,points_mentioned_445,2372337,points,2372337.0
pointcloud,12_colmap_stereo_fusion_clean_v2.log,points_mentioned_446,2381140,points,2381140.0
pointcloud,12_colmap_stereo_fusion_clean_v2.log,points_mentioned_447,2388020,points,2388020.0
pointcloud,12_colmap_stereo_fusion_clean_v2.log,points_mentioned_448,2394068,points,2394068.0
pointcloud,12_colmap_stereo_fusion_clean_v2.log,points_mentioned_449,2406041,points,2406041.0
pointcloud,12_colmap_stereo_fusion_clean_v2.log,points_mentioned_450,2410343,points,2410343.0
pointcloud,12_colmap_stereo_fusion_clean_v2.log,points_mentioned_451,2412696,points,2412696.0
pointcloud,12_colmap_stereo_fusion_clean_v2.log,points_mentioned_452,2413782,points,2413782.0
pointcloud,12_colmap_stereo_fusion_clean_v2.log,points_mentioned_453,2414509,points,2414509.0
pointcloud,12_colmap_stereo_fusion_clean_v2.log,points_mentioned_454,2419152,points,2419152.0
pointcloud,12_colmap_stereo_fusion_clean_v2.log,points_mentioned_455,2425857,points,2425857.0
pointcloud,12_colmap_stereo_fusion_clean_v2.log,points_mentioned_456,2438409,points,2438409.0
pointcloud,12_colmap_stereo_fusion_clean_v2.log,points_mentioned_457,2445039,points,2445039.0
pointcloud,12_colmap_stereo_fusion_clean_v2.log,points_mentioned_458,2455802,points,2455802.0
pointcloud,12_colmap_stereo_fusion_clean_v2.log,points_mentioned_459,2467514,points,2467514.0
pointcloud,12_colmap_stereo_fusion_clean_v2.log,points_mentioned_460,2477054,points,2477054.0
pointcloud,12_colmap_stereo_fusion_clean_v2.log,points_mentioned_461,2484942,points,2484942.0
pointcloud,12_colmap_stereo_fusion_clean_v2.log,points_mentioned_462,2493430,points,2493430.0
pointcloud,12_colmap_stereo_fusion_clean_v2.log,points_mentioned_463,2505848,points,2505848.0
pointcloud,12_colmap_stereo_fusion_clean_v2.log,points_mentioned_464,2508921,points,2508921.0
pointcloud,12_colmap_stereo_fusion_clean_v2.log,points_mentioned_465,2509846,points,2509846.0
pointcloud,12_colmap_stereo_fusion_clean_v2.log,points_mentioned_466,2511425,points,2511425.0
pointcloud,12_colmap_stereo_fusion_clean_v2.log,points_mentioned_467,2512776,points,2512776.0
pointcloud,12_colmap_stereo_fusion_clean_v2.log,points_mentioned_468,2512948,points,2512948.0
pointcloud,12_colmap_stereo_fusion_clean_v2.log,points_mentioned_469,2513032,points,2513032.0
pointcloud,12_colmap_stereo_fusion_clean_v2.log,points_mentioned_470,2513059,points,2513059.0
pointcloud,12_colmap_stereo_fusion_clean_v2.log,points_mentioned_471,2513063,points,2513063.0
pointcloud,12_colmap_stereo_fusion_clean_v2.log,points_mentioned_472,2513230,points,2513230.0
pointcloud,12_colmap_stereo_fusion_clean_v2.log,points_mentioned_473,2513230,points,2513230.0
pointcloud,12_colmap_stereo_fusion_clean_v2.log,points_mentioned_474,2513230,points,2513230.0
pointcloud,12_colmap_stereo_fusion_clean_v2.log,points_mentioned_475,2516942,points,2516942.0
pointcloud,12_colmap_stereo_fusion_clean_v2.log,points_mentioned_476,2531694,points,2531694.0
pointcloud,12_colmap_stereo_fusion_clean_v2.log,points_mentioned_477,2539266,points,2539266.0
pointcloud,12_colmap_stereo_fusion_clean_v2.log,points_mentioned_478,2554527,points,2554527.0
pointcloud,12_colmap_stereo_fusion_clean_v2.log,points_mentioned_479,2561547,points,2561547.0
pointcloud,12_colmap_stereo_fusion_clean_v2.log,points_mentioned_480,2566319,points,2566319.0
pointcloud,12_colmap_stereo_fusion_clean_v2.log,points_mentioned_481,2573889,points,2573889.0
pointcloud,12_colmap_stereo_fusion_clean_v2.log,points_mentioned_482,2588410,points,2588410.0
pointcloud,12_colmap_stereo_fusion_clean_v2.log,points_mentioned_483,2597665,points,2597665.0
pointcloud,12_colmap_stereo_fusion_clean_v2.log,points_mentioned_484,2604266,points,2604266.0
pointcloud,12_colmap_stereo_fusion_clean_v2.log,points_mentioned_485,2611205,points,2611205.0
pointcloud,12_colmap_stereo_fusion_clean_v2.log,points_mentioned_486,2622068,points,2622068.0
pointcloud,12_colmap_stereo_fusion_clean_v2.log,points_mentioned_487,2636767,points,2636767.0
pointcloud,12_colmap_stereo_fusion_clean_v2.log,points_mentioned_488,2643632,points,2643632.0
pointcloud,12_colmap_stereo_fusion_clean_v2.log,points_mentioned_489,2647656,points,2647656.0
pointcloud,12_colmap_stereo_fusion_clean_v2.log,points_mentioned_490,2650392,points,2650392.0
pointcloud,12_colmap_stereo_fusion_clean_v2.log,points_mentioned_491,2652347,points,2652347.0
pointcloud,12_colmap_stereo_fusion_clean_v2.log,points_mentioned_492,2653811,points,2653811.0
pointcloud,12_colmap_stereo_fusion_clean_v2.log,points_mentioned_493,2654604,points,2654604.0
pointcloud,12_colmap_stereo_fusion_clean_v2.log,points_mentioned_494,2655172,points,2655172.0
pointcloud,12_colmap_stereo_fusion_clean_v2.log,points_mentioned_495,2656585,points,2656585.0
pointcloud,12_colmap_stereo_fusion_clean_v2.log,points_mentioned_496,2657605,points,2657605.0
pointcloud,12_colmap_stereo_fusion_clean_v2.log,points_mentioned_497,2657831,points,2657831.0
pointcloud,12_colmap_stereo_fusion_clean_v2.log,points_mentioned_498,2658716,points,2658716.0
pointcloud,12_colmap_stereo_fusion_clean_v2.log,points_mentioned_499,2658979,points,2658979.0
pointcloud,12_colmap_stereo_fusion_clean_v2.log,points_mentioned_500,2659399,points,2659399.0
pointcloud,12_colmap_stereo_fusion_clean_v2.log,points_mentioned_501,2659549,points,2659549.0
pointcloud,12_colmap_stereo_fusion_clean_v2.log,points_mentioned_502,2659754,points,2659754.0
pointcloud,12_colmap_stereo_fusion_clean_v2.log,points_mentioned_503,2659933,points,2659933.0
pointcloud,12_colmap_stereo_fusion_clean_v2.log,points_mentioned_504,2660006,points,2660006.0
pointcloud,12_colmap_stereo_fusion_clean_v2.log,points_mentioned_505,2660027,points,2660027.0
pointcloud,12_colmap_stereo_fusion_clean_v2.log,points_mentioned_506,2660069,points,2660069.0
pointcloud,12_colmap_stereo_fusion_clean_v2.log,points_mentioned_507,2660177,points,2660177.0
pointcloud,12_colmap_stereo_fusion_clean_v2.log,points_mentioned_508,2662034,points,2662034.0
pointcloud,12_colmap_stereo_fusion_clean_v2.log,points_mentioned_509,2664658,points,2664658.0
pointcloud,12_colmap_stereo_fusion_clean_v2.log,points_mentioned_510,2665641,points,2665641.0
pointcloud,12_colmap_stereo_fusion_clean_v2.log,points_mentioned_511,2666090,points,2666090.0
pointcloud,12_colmap_stereo_fusion_clean_v2.log,points_mentioned_512,2666140,points,2666140.0
pointcloud,12_colmap_stereo_fusion_clean_v2.log,points_mentioned_513,2666242,points,2666242.0
pointcloud,12_colmap_stereo_fusion_clean_v2.log,points_mentioned_514,2666320,points,2666320.0
pointcloud,12_colmap_stereo_fusion_clean_v2.log,points_mentioned_515,2666320,points,2666320.0
pointcloud,12_colmap_stereo_fusion_clean_v2.log,points_mentioned_516,2666320,points,2666320.0
pointcloud,12_colmap_stereo_fusion_clean_v2.log,points_mentioned_517,2666320,points,2666320.0
pointcloud,12_colmap_stereo_fusion_clean_v2.log,points_mentioned_518,2666320,points,2666320.0
pointcloud,12_colmap_stereo_fusion_clean_v2.log,points_mentioned_519,2666320,points,2666320.0
pointcloud,12_colmap_stereo_fusion_clean_v2.log,points_mentioned_520,2693780,points,2693780.0
pointcloud,12_colmap_stereo_fusion_clean_v2.log,points_mentioned_521,2703686,points,2703686.0
pointcloud,12_colmap_stereo_fusion_clean_v2.log,points_mentioned_522,2710547,points,2710547.0
pointcloud,12_colmap_stereo_fusion_clean_v2.log,points_mentioned_523,2717145,points,2717145.0
pointcloud,12_colmap_stereo_fusion_clean_v2.log,points_mentioned_524,2722627,points,2722627.0
pointcloud,12_colmap_stereo_fusion_clean_v2.log,points_mentioned_525,2726226,points,2726226.0
pointcloud,12_colmap_stereo_fusion_clean_v2.log,points_mentioned_526,2728655,points,2728655.0
pointcloud,12_colmap_stereo_fusion_clean_v2.log,points_mentioned_527,2736789,points,2736789.0
pointcloud,12_colmap_stereo_fusion_clean_v2.log,points_mentioned_528,2741215,points,2741215.0
pointcloud,12_colmap_stereo_fusion_clean_v2.log,points_mentioned_529,2745961,points,2745961.0
pointcloud,12_colmap_stereo_fusion_clean_v2.log,points_mentioned_530,2748438,points,2748438.0
pointcloud,12_colmap_stereo_fusion_clean_v2.log,points_mentioned_531,2749944,points,2749944.0
pointcloud,12_colmap_stereo_fusion_clean_v2.log,points_mentioned_532,2752482,points,2752482.0
pointcloud,12_colmap_stereo_fusion_clean_v2.log,points_mentioned_533,2753625,points,2753625.0
pointcloud,12_colmap_stereo_fusion_clean_v2.log,points_mentioned_534,2754217,points,2754217.0
pointcloud,12_colmap_stereo_fusion_clean_v2.log,points_mentioned_535,2754551,points,2754551.0
pointcloud,12_colmap_stereo_fusion_clean_v2.log,points_mentioned_536,2754690,points,2754690.0
pointcloud,12_colmap_stereo_fusion_clean_v2.log,points_mentioned_537,2754782,points,2754782.0
pointcloud,12_colmap_stereo_fusion_clean_v2.log,points_mentioned_538,2754961,points,2754961.0
pointcloud,12_colmap_stereo_fusion_clean_v2.log,points_mentioned_539,2762538,points,2762538.0
pointcloud,12_colmap_stereo_fusion_clean_v2.log,points_mentioned_540,2764452,points,2764452.0
pointcloud,12_colmap_stereo_fusion_clean_v2.log,points_mentioned_541,2765179,points,2765179.0
pointcloud,12_colmap_stereo_fusion_clean_v2.log,points_mentioned_542,2766061,points,2766061.0
pointcloud,12_colmap_stereo_fusion_clean_v2.log,points_mentioned_543,2766932,points,2766932.0
pointcloud,12_colmap_stereo_fusion_clean_v2.log,points_mentioned_544,2767108,points,2767108.0
pointcloud,12_colmap_stereo_fusion_clean_v2.log,points_mentioned_545,2767178,points,2767178.0
pointcloud,12_colmap_stereo_fusion_clean_v2.log,points_mentioned_546,2767214,points,2767214.0
pointcloud,12_colmap_stereo_fusion_clean_v2.log,points_mentioned_547,2767215,points,2767215.0
pointcloud,12_colmap_stereo_fusion_clean_v2.log,points_mentioned_548,2767215,points,2767215.0
pointcloud,12_colmap_stereo_fusion_clean_v2.log,points_mentioned_549,2767963,points,2767963.0
pointcloud,12_colmap_stereo_fusion_clean_v2.log,points_mentioned_550,2772686,points,2772686.0
pointcloud,12_colmap_stereo_fusion_clean_v2.log,points_mentioned_551,2774022,points,2774022.0
pointcloud,12_colmap_stereo_fusion_clean_v2.log,points_mentioned_552,2774555,points,2774555.0
pointcloud,12_colmap_stereo_fusion_clean_v2.log,points_mentioned_553,2774723,points,2774723.0
pointcloud,12_colmap_stereo_fusion_clean_v2.log,points_mentioned_554,2774861,points,2774861.0
pointcloud,12_colmap_stereo_fusion_clean_v2.log,points_mentioned_555,2774877,points,2774877.0
pointcloud,12_colmap_stereo_fusion_clean_v2.log,points_mentioned_556,2774881,points,2774881.0
pointcloud,12_colmap_stereo_fusion_clean_v2.log,points_mentioned_557,2774881,points,2774881.0
pointcloud,12_colmap_stereo_fusion_clean_v2.log,points_mentioned_558,2774881,points,2774881.0
pointcloud,12_colmap_stereo_fusion_clean_v2.log,points_mentioned_559,2774881,points,2774881.0
pointcloud,12_colmap_stereo_fusion_clean_v2.log,points_mentioned_560,2799769,points,2799769.0
pointcloud,12_colmap_stereo_fusion_clean_v2.log,points_mentioned_561,2814464,points,2814464.0
pointcloud,12_colmap_stereo_fusion_clean_v2.log,points_mentioned_562,2815992,points,2815992.0
pointcloud,12_colmap_stereo_fusion_clean_v2.log,points_mentioned_563,2816144,points,2816144.0
pointcloud,12_colmap_stereo_fusion_clean_v2.log,points_mentioned_564,2816145,points,2816145.0
pointcloud,12_colmap_stereo_fusion_clean_v2.log,points_mentioned_565,2816145,points,2816145.0
pointcloud,12_colmap_stereo_fusion_clean_v2.log,points_mentioned_566,2816145,points,2816145.0
pointcloud,12_colmap_stereo_fusion_clean_v2.log,points_mentioned_567,2816241,points,2816241.0
pointcloud,12_colmap_stereo_fusion_clean_v2.log,points_mentioned_568,2816584,points,2816584.0
pointcloud,12_colmap_stereo_fusion_clean_v2.log,points_mentioned_569,2816645,points,2816645.0
pointcloud,12_colmap_stereo_fusion_clean_v2.log,points_mentioned_570,2816656,points,2816656.0
pointcloud,12_colmap_stereo_fusion_clean_v2.log,points_mentioned_571,2816656,points,2816656.0
pointcloud,12_colmap_stereo_fusion_clean_v2.log,points_mentioned_572,2816656,points,2816656.0
pointcloud,12_colmap_stereo_fusion_clean_v2.log,points_mentioned_573,2816816,points,2816816.0
pointcloud,12_colmap_stereo_fusion_clean_v2.log,points_mentioned_574,2816994,points,2816994.0
pointcloud,12_colmap_stereo_fusion_clean_v2.log,points_mentioned_575,2817016,points,2817016.0
pointcloud,12_colmap_stereo_fusion_clean_v2.log,points_mentioned_576,2817060,points,2817060.0
pointcloud,12_colmap_stereo_fusion_clean_v2.log,points_mentioned_577,2817065,points,2817065.0
pointcloud,12_colmap_stereo_fusion_clean_v2.log,points_mentioned_578,2817065,points,2817065.0
pointcloud,12_colmap_stereo_fusion_clean_v2.log,points_mentioned_579,2817087,points,2817087.0
pointcloud,12_colmap_stereo_fusion_clean_v2.log,points_mentioned_580,2817087,points,2817087.0
pointcloud,12_colmap_stereo_fusion_clean_v2.log,points_mentioned_581,2817087,points,2817087.0
pointcloud,12_colmap_stereo_fusion_clean_v2.log,points_mentioned_582,2817087,points,2817087.0
pointcloud,12_colmap_stereo_fusion_clean_v2.log,points_mentioned_583,2817089,points,2817089.0
pointcloud,12_colmap_stereo_fusion_clean_v2.log,points_mentioned_584,2817089,points,2817089.0
pointcloud,12_colmap_stereo_fusion_clean_v2.log,points_mentioned_585,2817089,points,2817089.0
pointcloud,12_colmap_stereo_fusion_clean_v2.log,points_mentioned_586,2817092,points,2817092.0
pointcloud,12_colmap_stereo_fusion_clean_v2.log,points_mentioned_587,2817093,points,2817093.0
pointcloud,12_colmap_stereo_fusion_clean_v2.log,points_mentioned_588,2817100,points,2817100.0
pointcloud,12_colmap_stereo_fusion_clean_v2.log,points_mentioned_589,2817100,points,2817100.0
pointcloud,12_colmap_stereo_fusion_clean_v2.log,points_mentioned_590,2817100,points,2817100.0
pointcloud,12_colmap_stereo_fusion_clean_v2.log,points_mentioned_591,2817100,points,2817100.0
pointcloud,12_colmap_stereo_fusion_clean_v2.log,points_mentioned_592,2817100,points,2817100.0
pointcloud,12_colmap_stereo_fusion_clean_v2.log,points_mentioned_593,2825136,points,2825136.0
pointcloud,12_colmap_stereo_fusion_clean_v2.log,points_mentioned_594,2854747,points,2854747.0
pointcloud,12_colmap_stereo_fusion_clean_v2.log,points_mentioned_595,2868866,points,2868866.0
pointcloud,12_colmap_stereo_fusion_clean_v2.log,points_mentioned_596,2876192,points,2876192.0
pointcloud,12_colmap_stereo_fusion_clean_v2.log,points_mentioned_597,2885918,points,2885918.0
pointcloud,12_colmap_stereo_fusion_clean_v2.log,points_mentioned_598,2889631,points,2889631.0
pointcloud,12_colmap_stereo_fusion_clean_v2.log,points_mentioned_599,2905619,points,2905619.0
pointcloud,12_colmap_stereo_fusion_clean_v2.log,points_mentioned_600,2926861,points,2926861.0
pointcloud,12_colmap_stereo_fusion_clean_v2.log,points_mentioned_601,2936258,points,2936258.0
pointcloud,12_colmap_stereo_fusion_clean_v2.log,points_mentioned_602,2941037,points,2941037.0
pointcloud,12_colmap_stereo_fusion_clean_v2.log,points_mentioned_603,2944941,points,2944941.0
pointcloud,12_colmap_stereo_fusion_clean_v2.log,points_mentioned_604,2947242,points,2947242.0
pointcloud,12_colmap_stereo_fusion_clean_v2.log,points_mentioned_605,2949723,points,2949723.0
pointcloud,12_colmap_stereo_fusion_clean_v2.log,points_mentioned_606,2951399,points,2951399.0
pointcloud,12_colmap_stereo_fusion_clean_v2.log,points_mentioned_607,2952888,points,2952888.0
pointcloud,12_colmap_stereo_fusion_clean_v2.log,points_mentioned_608,2955515,points,2955515.0
pointcloud,12_colmap_stereo_fusion_clean_v2.log,points_mentioned_609,2956446,points,2956446.0
pointcloud,12_colmap_stereo_fusion_clean_v2.log,points_mentioned_610,2965240,points,2965240.0
pointcloud,12_colmap_stereo_fusion_clean_v2.log,points_mentioned_611,2981770,points,2981770.0
pointcloud,12_colmap_stereo_fusion_clean_v2.log,points_mentioned_612,2991082,points,2991082.0
pointcloud,12_colmap_stereo_fusion_clean_v2.log,points_mentioned_613,2998783,points,2998783.0
pointcloud,12_colmap_stereo_fusion_clean_v2.log,points_mentioned_614,3005008,points,3005008.0
pointcloud,12_colmap_stereo_fusion_clean_v2.log,points_mentioned_615,3010134,points,3010134.0
pointcloud,12_colmap_stereo_fusion_clean_v2.log,points_mentioned_616,3013644,points,3013644.0
pointcloud,12_colmap_stereo_fusion_clean_v2.log,points_mentioned_617,3016132,points,3016132.0
pointcloud,12_colmap_stereo_fusion_clean_v2.log,points_mentioned_618,3018709,points,3018709.0
pointcloud,12_colmap_stereo_fusion_clean_v2.log,points_mentioned_619,3019870,points,3019870.0
pointcloud,12_colmap_stereo_fusion_clean_v2.log,points_mentioned_620,3021012,points,3021012.0
pointcloud,12_colmap_stereo_fusion_clean_v2.log,points_mentioned_621,3021880,points,3021880.0
pointcloud,12_colmap_stereo_fusion_clean_v2.log,points_mentioned_622,3022331,points,3022331.0
pointcloud,12_colmap_stereo_fusion_clean_v2.log,points_mentioned_623,3022741,points,3022741.0
pointcloud,12_colmap_stereo_fusion_clean_v2.log,points_mentioned_624,3025359,points,3025359.0
pointcloud,12_colmap_stereo_fusion_clean_v2.log,points_mentioned_625,3026718,points,3026718.0
pointcloud,12_colmap_stereo_fusion_clean_v2.log,points_mentioned_626,3026879,points,3026879.0
pointcloud,12_colmap_stereo_fusion_clean_v2.log,points_mentioned_627,3028354,points,3028354.0
pointcloud,12_colmap_stereo_fusion_clean_v2.log,points_mentioned_628,3041336,points,3041336.0
pointcloud,12_colmap_stereo_fusion_clean_v2.log,points_mentioned_629,3053578,points,3053578.0
pointcloud,12_colmap_stereo_fusion_clean_v2.log,points_mentioned_630,3065617,points,3065617.0
pointcloud,12_colmap_stereo_fusion_clean_v2.log,points_mentioned_631,3076728,points,3076728.0
pointcloud,12_colmap_stereo_fusion_clean_v2.log,points_mentioned_632,3093138,points,3093138.0
pointcloud,12_colmap_stereo_fusion_clean_v2.log,points_mentioned_633,3112318,points,3112318.0
pointcloud,12_colmap_stereo_fusion_clean_v2.log,points_mentioned_634,3123048,points,3123048.0
pointcloud,12_colmap_stereo_fusion_clean_v2.log,points_mentioned_635,3129047,points,3129047.0
pointcloud,12_colmap_stereo_fusion_clean_v2.log,points_mentioned_636,3132760,points,3132760.0
pointcloud,12_colmap_stereo_fusion_clean_v2.log,points_mentioned_637,3135468,points,3135468.0
pointcloud,12_colmap_stereo_fusion_clean_v2.log,points_mentioned_638,3156063,points,3156063.0
pointcloud,12_colmap_stereo_fusion_clean_v2.log,points_mentioned_639,3165134,points,3165134.0
pointcloud,12_colmap_stereo_fusion_clean_v2.log,points_mentioned_640,3173084,points,3173084.0
pointcloud,12_colmap_stereo_fusion_clean_v2.log,points_mentioned_641,3180026,points,3180026.0
pointcloud,12_colmap_stereo_fusion_clean_v2.log,points_mentioned_642,3184236,points,3184236.0
pointcloud,12_colmap_stereo_fusion_clean_v2.log,points_mentioned_643,3197427,points,3197427.0
pointcloud,12_colmap_stereo_fusion_clean_v2.log,points_mentioned_644,3206294,points,3206294.0
pointcloud,12_colmap_stereo_fusion_clean_v2.log,points_mentioned_645,3211145,points,3211145.0
pointcloud,12_colmap_stereo_fusion_clean_v2.log,points_mentioned_646,3214005,points,3214005.0
pointcloud,12_colmap_stereo_fusion_clean_v2.log,points_mentioned_647,3215885,points,3215885.0
pointcloud,12_colmap_stereo_fusion_clean_v2.log,points_mentioned_648,3216830,points,3216830.0
pointcloud,12_colmap_stereo_fusion_clean_v2.log,points_mentioned_649,3217408,points,3217408.0
pointcloud,12_colmap_stereo_fusion_clean_v2.log,points_mentioned_650,3217746,points,3217746.0
pointcloud,12_colmap_stereo_fusion_clean_v2.log,points_mentioned_651,3217977,points,3217977.0
pointcloud,12_colmap_stereo_fusion_clean_v2.log,points_mentioned_652,3218139,points,3218139.0
pointcloud,12_colmap_stereo_fusion_clean_v2.log,points_mentioned_653,3218333,points,3218333.0
pointcloud,12_colmap_stereo_fusion_clean_v2.log,points_mentioned_654,3218821,points,3218821.0
pointcloud,12_colmap_stereo_fusion_clean_v2.log,points_mentioned_655,3220580,points,3220580.0
pointcloud,12_colmap_stereo_fusion_clean_v2.log,points_mentioned_656,3221566,points,3221566.0
pointcloud,12_colmap_stereo_fusion_clean_v2.log,points_mentioned_657,3222059,points,3222059.0
pointcloud,12_colmap_stereo_fusion_clean_v2.log,points_mentioned_658,3229641,points,3229641.0
pointcloud,12_colmap_stereo_fusion_clean_v2.log,points_mentioned_659,3232461,points,3232461.0
pointcloud,12_colmap_stereo_fusion_clean_v2.log,points_mentioned_660,3241414,points,3241414.0
pointcloud,12_colmap_stereo_fusion_clean_v2.log,points_mentioned_661,3252888,points,3252888.0
pointcloud,12_colmap_stereo_fusion_clean_v2.log,points_mentioned_662,3268474,points,3268474.0
pointcloud,12_colmap_stereo_fusion_clean_v2.log,points_mentioned_663,3274196,points,3274196.0
pointcloud,12_colmap_stereo_fusion_clean_v2.log,points_mentioned_664,3277672,points,3277672.0
pointcloud,12_colmap_stereo_fusion_clean_v2.log,points_mentioned_665,3280880,points,3280880.0
pointcloud,12_colmap_stereo_fusion_clean_v2.log,points_mentioned_666,3284981,points,3284981.0
pointcloud,12_colmap_stereo_fusion_clean_v2.log,points_mentioned_667,3288228,points,3288228.0
pointcloud,12_colmap_stereo_fusion_clean_v2.log,points_mentioned_668,3288471,points,3288471.0
pointcloud,12_colmap_stereo_fusion_clean_v2.log,points_mentioned_669,3288471,points,3288471.0
pointcloud,12_colmap_stereo_fusion_clean_v2.log,points_mentioned_670,3288471,points,3288471.0
pointcloud,12_colmap_stereo_fusion_clean_v2.log,points_mentioned_671,3288475,points,3288475.0
pointcloud,12_colmap_stereo_fusion_clean_v2.log,points_mentioned_672,3288475,points,3288475.0
pointcloud,12_colmap_stereo_fusion_clean_v2.log,points_mentioned_673,3288475,points,3288475.0
pointcloud,12_colmap_stereo_fusion_clean_v2.log,points_mentioned_674,3288787,points,3288787.0
pointcloud,12_colmap_stereo_fusion_clean_v2.log,points_mentioned_675,3288832,points,3288832.0
pointcloud,12_colmap_stereo_fusion_clean_v2.log,points_mentioned_676,3288832,points,3288832.0
pointcloud,12_colmap_stereo_fusion_clean_v2.log,points_mentioned_677,3288832,points,3288832.0
pointcloud,12_colmap_stereo_fusion_clean_v2.log,points_mentioned_678,3288832,points,3288832.0
pointcloud,12_colmap_stereo_fusion_clean_v2.log,points_mentioned_679,3288832,points,3288832.0
pointcloud,12_colmap_stereo_fusion_clean_v2.log,points_mentioned_680,3288832,points,3288832.0
pointcloud,12_colmap_stereo_fusion_clean_v2.log,points_mentioned_681,3289545,points,3289545.0
pointcloud,12_colmap_stereo_fusion_clean_v2.log,points_mentioned_682,3289592,points,3289592.0
pointcloud,12_colmap_stereo_fusion_clean_v2.log,points_mentioned_683,3289592,points,3289592.0
pointcloud,12_colmap_stereo_fusion_clean_v2.log,points_mentioned_684,3289592,points,3289592.0
pointcloud,12_colmap_stereo_fusion_clean_v2.log,points_mentioned_685,3299363,points,3299363.0
pointcloud,12_colmap_stereo_fusion_clean_v2.log,points_mentioned_686,3308343,points,3308343.0
pointcloud,12_colmap_stereo_fusion_clean_v2.log,points_mentioned_687,3316670,points,3316670.0
pointcloud,12_colmap_stereo_fusion_clean_v2.log,points_mentioned_688,3322437,points,3322437.0
pointcloud,12_colmap_stereo_fusion_clean_v2.log,points_mentioned_689,3331282,points,3331282.0
pointcloud,12_colmap_stereo_fusion_clean_v2.log,points_mentioned_690,3335296,points,3335296.0
pointcloud,12_colmap_stereo_fusion_clean_v2.log,points_mentioned_691,3337951,points,3337951.0
pointcloud,12_colmap_stereo_fusion_clean_v2.log,points_mentioned_692,3340051,points,3340051.0
pointcloud,12_colmap_stereo_fusion_clean_v2.log,points_mentioned_693,3340767,points,3340767.0
pointcloud,12_colmap_stereo_fusion_clean_v2.log,points_mentioned_694,3341139,points,3341139.0
pointcloud,12_colmap_stereo_fusion_clean_v2.log,points_mentioned_695,3341666,points,3341666.0
pointcloud,12_colmap_stereo_fusion_clean_v2.log,points_mentioned_696,3342009,points,3342009.0
pointcloud,12_colmap_stereo_fusion_clean_v2.log,points_mentioned_697,3342441,points,3342441.0
pointcloud,12_colmap_stereo_fusion_clean_v2.log,points_mentioned_698,3342485,points,3342485.0
pointcloud,12_colmap_stereo_fusion_clean_v2.log,points_mentioned_699,3342501,points,3342501.0
pointcloud,12_colmap_stereo_fusion_clean_v2.log,points_mentioned_700,3342512,points,3342512.0
pointcloud,12_colmap_stereo_fusion_clean_v2.log,points_mentioned_701,3343110,points,3343110.0
pointcloud,12_colmap_stereo_fusion_clean_v2.log,points_mentioned_702,3343369,points,3343369.0
pointcloud,12_colmap_stereo_fusion_clean_v2.log,points_mentioned_703,3343564,points,3343564.0
pointcloud,12_colmap_stereo_fusion_clean_v2.log,points_mentioned_704,3343915,points,3343915.0
pointcloud,12_colmap_stereo_fusion_clean_v2.log,points_mentioned_705,3343925,points,3343925.0
pointcloud,12_colmap_stereo_fusion_clean_v2.log,points_mentioned_706,3343925,points,3343925.0
pointcloud,12_colmap_stereo_fusion_clean_v2.log,points_mentioned_707,3343925,points,3343925.0
pointcloud,12_colmap_stereo_fusion_high_safe_nohup.log,points_mentioned_1,69641,points,69641.0
pointcloud,12_colmap_stereo_fusion_high_safe_nohup.log,points_mentioned_2,83231,points,83231.0
pointcloud,12_colmap_stereo_fusion_high_safe_nohup.log,points_mentioned_3,93113,points,93113.0
pointcloud,12_colmap_stereo_fusion_high_safe_nohup.log,points_mentioned_4,104898,points,104898.0
pointcloud,12_colmap_stereo_fusion_high_safe_nohup.log,points_mentioned_5,113655,points,113655.0
pointcloud,12_colmap_stereo_fusion_high_safe_nohup.log,points_mentioned_6,117942,points,117942.0
pointcloud,12_colmap_stereo_fusion_high_safe_nohup.log,points_mentioned_7,127008,points,127008.0
pointcloud,12_colmap_stereo_fusion_high_safe_nohup.log,points_mentioned_8,136411,points,136411.0
pointcloud,12_colmap_stereo_fusion_high_safe_nohup.log,points_mentioned_9,145421,points,145421.0
pointcloud,12_colmap_stereo_fusion_high_safe_nohup.log,points_mentioned_10,153902,points,153902.0
pointcloud,12_colmap_stereo_fusion_high_safe_nohup.log,points_mentioned_11,169020,points,169020.0
pointcloud,12_colmap_stereo_fusion_high_safe_nohup.log,points_mentioned_12,173683,points,173683.0
pointcloud,12_colmap_stereo_fusion_high_safe_nohup.log,points_mentioned_13,175943,points,175943.0
pointcloud,12_colmap_stereo_fusion_high_safe_nohup.log,points_mentioned_14,179477,points,179477.0
pointcloud,12_colmap_stereo_fusion_high_safe_nohup.log,points_mentioned_15,186513,points,186513.0
pointcloud,12_colmap_stereo_fusion_high_safe_nohup.log,points_mentioned_16,187815,points,187815.0
pointcloud,12_colmap_stereo_fusion_high_safe_nohup.log,points_mentioned_17,188142,points,188142.0
pointcloud,12_colmap_stereo_fusion_high_safe_nohup.log,points_mentioned_18,188311,points,188311.0
pointcloud,12_colmap_stereo_fusion_high_safe_nohup.log,points_mentioned_19,189140,points,189140.0
pointcloud,12_colmap_stereo_fusion_high_safe_nohup.log,points_mentioned_20,189146,points,189146.0
pointcloud,12_colmap_stereo_fusion_high_safe_nohup.log,points_mentioned_21,189148,points,189148.0
pointcloud,12_colmap_stereo_fusion_high_safe_nohup.log,points_mentioned_22,189148,points,189148.0
pointcloud,12_colmap_stereo_fusion_high_safe_nohup.log,points_mentioned_23,189148,points,189148.0
pointcloud,12_colmap_stereo_fusion_high_safe_nohup.log,points_mentioned_24,190796,points,190796.0
pointcloud,12_colmap_stereo_fusion_high_safe_nohup.log,points_mentioned_25,191290,points,191290.0
pointcloud,12_colmap_stereo_fusion_high_safe_nohup.log,points_mentioned_26,191922,points,191922.0
pointcloud,12_colmap_stereo_fusion_high_safe_nohup.log,points_mentioned_27,192373,points,192373.0
pointcloud,12_colmap_stereo_fusion_high_safe_nohup.log,points_mentioned_28,194932,points,194932.0
pointcloud,12_colmap_stereo_fusion_high_safe_nohup.log,points_mentioned_29,198581,points,198581.0
pointcloud,12_colmap_stereo_fusion_high_safe_nohup.log,points_mentioned_30,198982,points,198982.0
pointcloud,12_colmap_stereo_fusion_high_safe_nohup.log,points_mentioned_31,198982,points,198982.0
pointcloud,12_colmap_stereo_fusion_high_safe_nohup.log,points_mentioned_32,198982,points,198982.0
pointcloud,12_colmap_stereo_fusion_high_safe_nohup.log,points_mentioned_33,198982,points,198982.0
pointcloud,12_colmap_stereo_fusion_high_safe_nohup.log,points_mentioned_34,211749,points,211749.0
pointcloud,12_colmap_stereo_fusion_high_safe_nohup.log,points_mentioned_35,226430,points,226430.0
pointcloud,12_colmap_stereo_fusion_high_safe_nohup.log,points_mentioned_36,231232,points,231232.0
pointcloud,12_colmap_stereo_fusion_high_safe_nohup.log,points_mentioned_37,238109,points,238109.0
pointcloud,12_colmap_stereo_fusion_high_safe_nohup.log,points_mentioned_38,241676,points,241676.0
pointcloud,12_colmap_stereo_fusion_high_safe_nohup.log,points_mentioned_39,248246,points,248246.0
pointcloud,12_colmap_stereo_fusion_high_safe_nohup.log,points_mentioned_40,250933,points,250933.0
pointcloud,12_colmap_stereo_fusion_high_safe_nohup.log,points_mentioned_41,251021,points,251021.0
pointcloud,12_colmap_stereo_fusion_high_safe_nohup.log,points_mentioned_42,251021,points,251021.0
pointcloud,12_colmap_stereo_fusion_high_safe_nohup.log,points_mentioned_43,251036,points,251036.0
pointcloud,12_colmap_stereo_fusion_high_safe_nohup.log,points_mentioned_44,251171,points,251171.0
pointcloud,12_colmap_stereo_fusion_high_safe_nohup.log,points_mentioned_45,252102,points,252102.0
pointcloud,12_colmap_stereo_fusion_high_safe_nohup.log,points_mentioned_46,267970,points,267970.0
pointcloud,12_colmap_stereo_fusion_high_safe_nohup.log,points_mentioned_47,283576,points,283576.0
pointcloud,12_colmap_stereo_fusion_high_safe_nohup.log,points_mentioned_48,289783,points,289783.0
pointcloud,12_colmap_stereo_fusion_high_safe_nohup.log,points_mentioned_49,301990,points,301990.0
pointcloud,12_colmap_stereo_fusion_high_safe_nohup.log,points_mentioned_50,306204,points,306204.0
pointcloud,12_colmap_stereo_fusion_high_safe_nohup.log,points_mentioned_51,308349,points,308349.0
pointcloud,12_colmap_stereo_fusion_high_safe_nohup.log,points_mentioned_52,309922,points,309922.0
pointcloud,12_colmap_stereo_fusion_high_safe_nohup.log,points_mentioned_53,311772,points,311772.0
pointcloud,12_colmap_stereo_fusion_high_safe_nohup.log,points_mentioned_54,313212,points,313212.0
pointcloud,12_colmap_stereo_fusion_high_safe_nohup.log,points_mentioned_55,318998,points,318998.0
pointcloud,12_colmap_stereo_fusion_high_safe_nohup.log,points_mentioned_56,321637,points,321637.0
pointcloud,12_colmap_stereo_fusion_high_safe_nohup.log,points_mentioned_57,326495,points,326495.0
pointcloud,12_colmap_stereo_fusion_high_safe_nohup.log,points_mentioned_58,330927,points,330927.0
pointcloud,12_colmap_stereo_fusion_high_safe_nohup.log,points_mentioned_59,351552,points,351552.0
pointcloud,12_colmap_stereo_fusion_high_safe_nohup.log,points_mentioned_60,362008,points,362008.0
pointcloud,12_colmap_stereo_fusion_high_safe_nohup.log,points_mentioned_61,367363,points,367363.0
pointcloud,12_colmap_stereo_fusion_high_safe_nohup.log,points_mentioned_62,370973,points,370973.0
pointcloud,12_colmap_stereo_fusion_high_safe_nohup.log,points_mentioned_63,373420,points,373420.0
pointcloud,12_colmap_stereo_fusion_high_safe_nohup.log,points_mentioned_64,375616,points,375616.0
pointcloud,12_colmap_stereo_fusion_high_safe_nohup.log,points_mentioned_65,389061,points,389061.0
pointcloud,12_colmap_stereo_fusion_high_safe_nohup.log,points_mentioned_66,403284,points,403284.0
pointcloud,12_colmap_stereo_fusion_high_safe_nohup.log,points_mentioned_67,411034,points,411034.0
pointcloud,12_colmap_stereo_fusion_high_safe_nohup.log,points_mentioned_68,414608,points,414608.0
pointcloud,12_colmap_stereo_fusion_high_safe_nohup.log,points_mentioned_69,416607,points,416607.0
pointcloud,12_colmap_stereo_fusion_high_safe_nohup.log,points_mentioned_70,417518,points,417518.0
pointcloud,12_colmap_stereo_fusion_high_safe_nohup.log,points_mentioned_71,417880,points,417880.0
pointcloud,12_colmap_stereo_fusion_high_safe_nohup.log,points_mentioned_72,418054,points,418054.0
pointcloud,12_colmap_stereo_fusion_high_safe_nohup.log,points_mentioned_73,418113,points,418113.0
pointcloud,12_colmap_stereo_fusion_high_safe_nohup.log,points_mentioned_74,418140,points,418140.0
pointcloud,12_colmap_stereo_fusion_high_safe_nohup.log,points_mentioned_75,418148,points,418148.0
pointcloud,12_colmap_stereo_fusion_high_safe_nohup.log,points_mentioned_76,418162,points,418162.0
pointcloud,12_colmap_stereo_fusion_high_safe_nohup.log,points_mentioned_77,418162,points,418162.0
pointcloud,12_colmap_stereo_fusion_high_safe_nohup.log,points_mentioned_78,418162,points,418162.0
pointcloud,12_colmap_stereo_fusion_high_safe_nohup.log,points_mentioned_79,418486,points,418486.0
pointcloud,12_colmap_stereo_fusion_high_safe_nohup.log,points_mentioned_80,418629,points,418629.0
pointcloud,12_colmap_stereo_fusion_high_safe_nohup.log,points_mentioned_81,418661,points,418661.0
pointcloud,12_colmap_stereo_fusion_high_safe_nohup.log,points_mentioned_82,418706,points,418706.0
pointcloud,12_colmap_stereo_fusion_high_safe_nohup.log,points_mentioned_83,418706,points,418706.0
pointcloud,12_colmap_stereo_fusion_high_safe_nohup.log,points_mentioned_84,418706,points,418706.0
pointcloud,12_colmap_stereo_fusion_high_safe_nohup.log,points_mentioned_85,418706,points,418706.0
pointcloud,12_colmap_stereo_fusion_high_safe_nohup.log,points_mentioned_86,418706,points,418706.0
pointcloud,12_colmap_stereo_fusion_high_safe_nohup.log,points_mentioned_87,418995,points,418995.0
pointcloud,12_colmap_stereo_fusion_high_safe_nohup.log,points_mentioned_88,418995,points,418995.0
pointcloud,12_colmap_stereo_fusion_high_safe_nohup.log,points_mentioned_89,418995,points,418995.0
pointcloud,12_colmap_stereo_fusion_high_safe_nohup.log,points_mentioned_90,429993,points,429993.0
pointcloud,12_colmap_stereo_fusion_high_safe_nohup.log,points_mentioned_91,429993,points,429993.0
pointcloud,12_colmap_stereo_fusion_high_safe_nohup.log,points_mentioned_92,429993,points,429993.0
pointcloud,12_colmap_stereo_fusion_high_safe_nohup.log,points_mentioned_93,435560,points,435560.0
pointcloud,12_colmap_stereo_fusion_high_safe_nohup.log,points_mentioned_94,444204,points,444204.0
pointcloud,12_colmap_stereo_fusion_high_safe_nohup.log,points_mentioned_95,462129,points,462129.0
pointcloud,12_colmap_stereo_fusion_high_safe_nohup.log,points_mentioned_96,468971,points,468971.0
pointcloud,12_colmap_stereo_fusion_high_safe_nohup.log,points_mentioned_97,471949,points,471949.0
pointcloud,12_colmap_stereo_fusion_high_safe_nohup.log,points_mentioned_98,478744,points,478744.0
pointcloud,12_colmap_stereo_fusion_high_safe_nohup.log,points_mentioned_99,483509,points,483509.0
pointcloud,12_colmap_stereo_fusion_high_safe_nohup.log,points_mentioned_100,485847,points,485847.0
pointcloud,12_colmap_stereo_fusion_high_safe_nohup.log,points_mentioned_101,486766,points,486766.0
pointcloud,12_colmap_stereo_fusion_high_safe_nohup.log,points_mentioned_102,487152,points,487152.0
pointcloud,12_colmap_stereo_fusion_high_safe_nohup.log,points_mentioned_103,487344,points,487344.0
pointcloud,12_colmap_stereo_fusion_high_safe_nohup.log,points_mentioned_104,487436,points,487436.0
pointcloud,12_colmap_stereo_fusion_high_safe_nohup.log,points_mentioned_105,487483,points,487483.0
pointcloud,12_colmap_stereo_fusion_high_safe_nohup.log,points_mentioned_106,487491,points,487491.0
pointcloud,12_colmap_stereo_fusion_high_safe_nohup.log,points_mentioned_107,487499,points,487499.0
pointcloud,12_colmap_stereo_fusion_high_safe_nohup.log,points_mentioned_108,487502,points,487502.0
pointcloud,12_colmap_stereo_fusion_high_safe_nohup.log,points_mentioned_109,487506,points,487506.0
pointcloud,12_colmap_stereo_fusion_high_safe_nohup.log,points_mentioned_110,487506,points,487506.0
pointcloud,12_colmap_stereo_fusion_high_safe_nohup.log,points_mentioned_111,487506,points,487506.0
pointcloud,12_colmap_stereo_fusion_high_safe_nohup.log,points_mentioned_112,487506,points,487506.0
pointcloud,12_colmap_stereo_fusion_high_safe_nohup.log,points_mentioned_113,496801,points,496801.0
pointcloud,12_colmap_stereo_fusion_high_safe_nohup.log,points_mentioned_114,507664,points,507664.0
pointcloud,12_colmap_stereo_fusion_high_safe_nohup.log,points_mentioned_115,512046,points,512046.0
pointcloud,12_colmap_stereo_fusion_high_safe_nohup.log,points_mentioned_116,514311,points,514311.0
pointcloud,12_colmap_stereo_fusion_high_safe_nohup.log,points_mentioned_117,515377,points,515377.0
pointcloud,12_colmap_stereo_fusion_high_safe_nohup.log,points_mentioned_118,515815,points,515815.0
pointcloud,12_colmap_stereo_fusion_high_safe_nohup.log,points_mentioned_119,515992,points,515992.0
pointcloud,12_colmap_stereo_fusion_high_safe_nohup.log,points_mentioned_120,516077,points,516077.0
pointcloud,12_colmap_stereo_fusion_high_safe_nohup.log,points_mentioned_121,516139,points,516139.0
pointcloud,12_colmap_stereo_fusion_high_safe_nohup.log,points_mentioned_122,516156,points,516156.0
pointcloud,12_colmap_stereo_fusion_high_safe_nohup.log,points_mentioned_123,516166,points,516166.0
pointcloud,12_colmap_stereo_fusion_high_safe_nohup.log,points_mentioned_124,516168,points,516168.0
pointcloud,12_colmap_stereo_fusion_high_safe_nohup.log,points_mentioned_125,516168,points,516168.0
pointcloud,12_colmap_stereo_fusion_high_safe_nohup.log,points_mentioned_126,516168,points,516168.0
pointcloud,12_colmap_stereo_fusion_high_safe_nohup.log,points_mentioned_127,516168,points,516168.0
pointcloud,12_colmap_stereo_fusion_high_safe_nohup.log,points_mentioned_128,533082,points,533082.0
pointcloud,12_colmap_stereo_fusion_high_safe_nohup.log,points_mentioned_129,535785,points,535785.0
pointcloud,12_colmap_stereo_fusion_high_safe_nohup.log,points_mentioned_130,535785,points,535785.0
pointcloud,12_colmap_stereo_fusion_high_safe_nohup.log,points_mentioned_131,535785,points,535785.0
pointcloud,12_colmap_stereo_fusion_high_safe_nohup.log,points_mentioned_132,595919,points,595919.0
pointcloud,12_colmap_stereo_fusion_high_safe_nohup.log,points_mentioned_133,613015,points,613015.0
pointcloud,12_colmap_stereo_fusion_high_safe_nohup.log,points_mentioned_134,621264,points,621264.0
pointcloud,12_colmap_stereo_fusion_high_safe_nohup.log,points_mentioned_135,623834,points,623834.0
pointcloud,12_colmap_stereo_fusion_high_safe_nohup.log,points_mentioned_136,625371,points,625371.0
pointcloud,12_colmap_stereo_fusion_high_safe_nohup.log,points_mentioned_137,629621,points,629621.0
pointcloud,12_colmap_stereo_fusion_high_safe_nohup.log,points_mentioned_138,635144,points,635144.0
pointcloud,12_colmap_stereo_fusion_high_safe_nohup.log,points_mentioned_139,637911,points,637911.0
pointcloud,12_colmap_stereo_fusion_high_safe_nohup.log,points_mentioned_140,639430,points,639430.0
pointcloud,12_colmap_stereo_fusion_high_safe_nohup.log,points_mentioned_141,639834,points,639834.0
pointcloud,12_colmap_stereo_fusion_high_safe_nohup.log,points_mentioned_142,639929,points,639929.0
pointcloud,12_colmap_stereo_fusion_high_safe_nohup.log,points_mentioned_143,639967,points,639967.0
pointcloud,12_colmap_stereo_fusion_high_safe_nohup.log,points_mentioned_144,639978,points,639978.0
pointcloud,12_colmap_stereo_fusion_high_safe_nohup.log,points_mentioned_145,639982,points,639982.0
pointcloud,12_colmap_stereo_fusion_high_safe_nohup.log,points_mentioned_146,639982,points,639982.0
pointcloud,12_colmap_stereo_fusion_high_safe_nohup.log,points_mentioned_147,639982,points,639982.0
pointcloud,12_colmap_stereo_fusion_high_safe_nohup.log,points_mentioned_148,639982,points,639982.0
pointcloud,12_colmap_stereo_fusion_high_safe_nohup.log,points_mentioned_149,665060,points,665060.0
pointcloud,12_colmap_stereo_fusion_high_safe_nohup.log,points_mentioned_150,669915,points,669915.0
pointcloud,12_colmap_stereo_fusion_high_safe_nohup.log,points_mentioned_151,678378,points,678378.0
pointcloud,12_colmap_stereo_fusion_high_safe_nohup.log,points_mentioned_152,682912,points,682912.0
pointcloud,12_colmap_stereo_fusion_high_safe_nohup.log,points_mentioned_153,689129,points,689129.0
pointcloud,12_colmap_stereo_fusion_high_safe_nohup.log,points_mentioned_154,695240,points,695240.0
pointcloud,12_colmap_stereo_fusion_high_safe_nohup.log,points_mentioned_155,699360,points,699360.0
pointcloud,12_colmap_stereo_fusion_high_safe_nohup.log,points_mentioned_156,702477,points,702477.0
pointcloud,12_colmap_stereo_fusion_high_safe_nohup.log,points_mentioned_157,704749,points,704749.0
pointcloud,12_colmap_stereo_fusion_high_safe_nohup.log,points_mentioned_158,707627,points,707627.0
pointcloud,12_colmap_stereo_fusion_high_safe_nohup.log,points_mentioned_159,708905,points,708905.0
pointcloud,12_colmap_stereo_fusion_high_safe_nohup.log,points_mentioned_160,711911,points,711911.0
pointcloud,12_colmap_stereo_fusion_high_safe_nohup.log,points_mentioned_161,719334,points,719334.0
pointcloud,12_colmap_stereo_fusion_high_safe_nohup.log,points_mentioned_162,721839,points,721839.0
pointcloud,12_colmap_stereo_fusion_high_safe_nohup.log,points_mentioned_163,722796,points,722796.0
pointcloud,12_colmap_stereo_fusion_high_safe_nohup.log,points_mentioned_164,723108,points,723108.0
pointcloud,12_colmap_stereo_fusion_high_safe_nohup.log,points_mentioned_165,723267,points,723267.0
pointcloud,12_colmap_stereo_fusion_high_safe_nohup.log,points_mentioned_166,723298,points,723298.0
pointcloud,12_colmap_stereo_fusion_high_safe_nohup.log,points_mentioned_167,723301,points,723301.0
pointcloud,12_colmap_stereo_fusion_high_safe_nohup.log,points_mentioned_168,723302,points,723302.0
pointcloud,12_colmap_stereo_fusion_high_safe_nohup.log,points_mentioned_169,723302,points,723302.0
pointcloud,12_colmap_stereo_fusion_high_safe_nohup.log,points_mentioned_170,723302,points,723302.0
pointcloud,12_colmap_stereo_fusion_high_safe_nohup.log,points_mentioned_171,723302,points,723302.0
pointcloud,12_colmap_stereo_fusion_high_safe_nohup.log,points_mentioned_172,759268,points,759268.0
pointcloud,12_colmap_stereo_fusion_high_safe_nohup.log,points_mentioned_173,769642,points,769642.0
pointcloud,12_colmap_stereo_fusion_high_safe_nohup.log,points_mentioned_174,775591,points,775591.0
pointcloud,12_colmap_stereo_fusion_high_safe_nohup.log,points_mentioned_175,778832,points,778832.0
pointcloud,12_colmap_stereo_fusion_high_safe_nohup.log,points_mentioned_176,780688,points,780688.0
pointcloud,12_colmap_stereo_fusion_high_safe_nohup.log,points_mentioned_177,782776,points,782776.0
pointcloud,12_colmap_stereo_fusion_high_safe_nohup.log,points_mentioned_178,783478,points,783478.0
pointcloud,12_colmap_stereo_fusion_high_safe_nohup.log,points_mentioned_179,785363,points,785363.0
pointcloud,12_colmap_stereo_fusion_high_safe_nohup.log,points_mentioned_180,786305,points,786305.0
pointcloud,12_colmap_stereo_fusion_high_safe_nohup.log,points_mentioned_181,786495,points,786495.0
pointcloud,12_colmap_stereo_fusion_high_safe_nohup.log,points_mentioned_182,787295,points,787295.0
pointcloud,12_colmap_stereo_fusion_high_safe_nohup.log,points_mentioned_183,788447,points,788447.0
pointcloud,12_colmap_stereo_fusion_high_safe_nohup.log,points_mentioned_184,820060,points,820060.0
pointcloud,12_colmap_stereo_fusion_high_safe_nohup.log,points_mentioned_185,830920,points,830920.0
pointcloud,12_colmap_stereo_fusion_high_safe_nohup.log,points_mentioned_186,849813,points,849813.0
pointcloud,12_colmap_stereo_fusion_high_safe_nohup.log,points_mentioned_187,856440,points,856440.0
pointcloud,12_colmap_stereo_fusion_high_safe_nohup.log,points_mentioned_188,859857,points,859857.0
pointcloud,12_colmap_stereo_fusion_high_safe_nohup.log,points_mentioned_189,861979,points,861979.0
pointcloud,12_colmap_stereo_fusion_high_safe_nohup.log,points_mentioned_190,863191,points,863191.0
pointcloud,12_colmap_stereo_fusion_high_safe_nohup.log,points_mentioned_191,864204,points,864204.0
pointcloud,12_colmap_stereo_fusion_high_safe_nohup.log,points_mentioned_192,864750,points,864750.0
pointcloud,12_colmap_stereo_fusion_high_safe_nohup.log,points_mentioned_193,864950,points,864950.0
pointcloud,12_colmap_stereo_fusion_high_safe_nohup.log,points_mentioned_194,865041,points,865041.0
pointcloud,12_colmap_stereo_fusion_high_safe_nohup.log,points_mentioned_195,865074,points,865074.0
pointcloud,12_colmap_stereo_fusion_high_safe_nohup.log,points_mentioned_196,865090,points,865090.0
pointcloud,12_colmap_stereo_fusion_high_safe_nohup.log,points_mentioned_197,865092,points,865092.0
pointcloud,12_colmap_stereo_fusion_high_safe_nohup.log,points_mentioned_198,865098,points,865098.0
pointcloud,12_colmap_stereo_fusion_high_safe_nohup.log,points_mentioned_199,865098,points,865098.0
pointcloud,12_colmap_stereo_fusion_high_safe_nohup.log,points_mentioned_200,865098,points,865098.0
pointcloud,12_colmap_stereo_fusion_high_safe_nohup.log,points_mentioned_201,866548,points,866548.0
pointcloud,12_colmap_stereo_fusion_high_safe_nohup.log,points_mentioned_202,866548,points,866548.0
pointcloud,12_colmap_stereo_fusion_high_safe_nohup.log,points_mentioned_203,866548,points,866548.0
pointcloud,12_colmap_stereo_fusion_high_safe_nohup.log,points_mentioned_204,866548,points,866548.0
pointcloud,12_colmap_stereo_fusion_high_safe_nohup.log,points_mentioned_205,866548,points,866548.0
pointcloud,12_colmap_stereo_fusion_high_safe_nohup.log,points_mentioned_206,866548,points,866548.0
pointcloud,12_colmap_stereo_fusion_high_safe_nohup.log,points_mentioned_207,866548,points,866548.0
pointcloud,12_colmap_stereo_fusion_high_safe_nohup.log,points_mentioned_208,866548,points,866548.0
pointcloud,12_colmap_stereo_fusion_high_safe_nohup.log,points_mentioned_209,896993,points,896993.0
pointcloud,12_colmap_stereo_fusion_high_safe_nohup.log,points_mentioned_210,905247,points,905247.0
pointcloud,12_colmap_stereo_fusion_high_safe_nohup.log,points_mentioned_211,913937,points,913937.0
pointcloud,12_colmap_stereo_fusion_high_safe_nohup.log,points_mentioned_212,928267,points,928267.0
pointcloud,12_colmap_stereo_fusion_high_safe_nohup.log,points_mentioned_213,938619,points,938619.0
pointcloud,12_colmap_stereo_fusion_high_safe_nohup.log,points_mentioned_214,942676,points,942676.0
pointcloud,12_colmap_stereo_fusion_high_safe_nohup.log,points_mentioned_215,945546,points,945546.0
pointcloud,12_colmap_stereo_fusion_high_safe_nohup.log,points_mentioned_216,949301,points,949301.0
pointcloud,12_colmap_stereo_fusion_high_safe_nohup.log,points_mentioned_217,951187,points,951187.0
pointcloud,12_colmap_stereo_fusion_high_safe_nohup.log,points_mentioned_218,953016,points,953016.0
pointcloud,12_colmap_stereo_fusion_high_safe_nohup.log,points_mentioned_219,956794,points,956794.0
pointcloud,12_colmap_stereo_fusion_high_safe_nohup.log,points_mentioned_220,966405,points,966405.0
pointcloud,12_colmap_stereo_fusion_high_safe_nohup.log,points_mentioned_221,970600,points,970600.0
pointcloud,12_colmap_stereo_fusion_high_safe_nohup.log,points_mentioned_222,972553,points,972553.0
pointcloud,12_colmap_stereo_fusion_high_safe_nohup.log,points_mentioned_223,973624,points,973624.0
pointcloud,12_colmap_stereo_fusion_high_safe_nohup.log,points_mentioned_224,974286,points,974286.0
pointcloud,12_colmap_stereo_fusion_high_safe_nohup.log,points_mentioned_225,975171,points,975171.0
pointcloud,12_colmap_stereo_fusion_high_safe_nohup.log,points_mentioned_226,975925,points,975925.0
pointcloud,12_colmap_stereo_fusion_high_safe_nohup.log,points_mentioned_227,977459,points,977459.0
pointcloud,12_colmap_stereo_fusion_high_safe_nohup.log,points_mentioned_228,988810,points,988810.0
pointcloud,12_colmap_stereo_fusion_high_safe_nohup.log,points_mentioned_229,996885,points,996885.0
pointcloud,12_colmap_stereo_fusion_high_safe_nohup.log,points_mentioned_230,999766,points,999766.0
pointcloud,12_colmap_stereo_fusion_high_safe_nohup.log,points_mentioned_231,1001410,points,1001410.0
pointcloud,12_colmap_stereo_fusion_high_safe_nohup.log,points_mentioned_232,1004555,points,1004555.0
pointcloud,12_colmap_stereo_fusion_high_safe_nohup.log,points_mentioned_233,1005220,points,1005220.0
pointcloud,12_colmap_stereo_fusion_high_safe_nohup.log,points_mentioned_234,1005556,points,1005556.0
pointcloud,12_colmap_stereo_fusion_high_safe_nohup.log,points_mentioned_235,1006253,points,1006253.0
pointcloud,12_colmap_stereo_fusion_high_safe_nohup.log,points_mentioned_236,1007110,points,1007110.0
pointcloud,12_colmap_stereo_fusion_high_safe_nohup.log,points_mentioned_237,1007413,points,1007413.0
pointcloud,12_colmap_stereo_fusion_high_safe_nohup.log,points_mentioned_238,1007413,points,1007413.0
pointcloud,12_colmap_stereo_fusion_high_safe_nohup.log,points_mentioned_239,1007413,points,1007413.0
pointcloud,12_colmap_stereo_fusion_high_safe_nohup.log,points_mentioned_240,1007413,points,1007413.0
pointcloud,12_colmap_stereo_fusion_high_safe_nohup.log,points_mentioned_241,1007413,points,1007413.0
pointcloud,12_colmap_stereo_fusion_high_safe_nohup.log,points_mentioned_242,1047938,points,1047938.0
pointcloud,12_colmap_stereo_fusion_high_safe_nohup.log,points_mentioned_243,1064756,points,1064756.0
pointcloud,12_colmap_stereo_fusion_high_safe_nohup.log,points_mentioned_244,1100316,points,1100316.0
pointcloud,12_colmap_stereo_fusion_high_safe_nohup.log,points_mentioned_245,1104243,points,1104243.0
pointcloud,12_colmap_stereo_fusion_high_safe_nohup.log,points_mentioned_246,1111776,points,1111776.0
pointcloud,12_colmap_stereo_fusion_high_safe_nohup.log,points_mentioned_247,1113397,points,1113397.0
pointcloud,12_colmap_stereo_fusion_high_safe_nohup.log,points_mentioned_248,1138534,points,1138534.0
pointcloud,12_colmap_stereo_fusion_high_safe_nohup.log,points_mentioned_249,1150503,points,1150503.0
pointcloud,12_colmap_stereo_fusion_high_safe_nohup.log,points_mentioned_250,1161206,points,1161206.0
pointcloud,12_colmap_stereo_fusion_high_safe_nohup.log,points_mentioned_251,1164529,points,1164529.0
pointcloud,12_colmap_stereo_fusion_high_safe_nohup.log,points_mentioned_252,1166320,points,1166320.0
pointcloud,12_colmap_stereo_fusion_high_safe_nohup.log,points_mentioned_253,1171056,points,1171056.0
pointcloud,12_colmap_stereo_fusion_high_safe_nohup.log,points_mentioned_254,1175218,points,1175218.0
pointcloud,12_colmap_stereo_fusion_high_safe_nohup.log,points_mentioned_255,1182717,points,1182717.0
pointcloud,12_colmap_stereo_fusion_high_safe_nohup.log,points_mentioned_256,1185802,points,1185802.0
pointcloud,12_colmap_stereo_fusion_high_safe_nohup.log,points_mentioned_257,1187118,points,1187118.0
pointcloud,12_colmap_stereo_fusion_high_safe_nohup.log,points_mentioned_258,1187934,points,1187934.0
pointcloud,12_colmap_stereo_fusion_high_safe_nohup.log,points_mentioned_259,1188336,points,1188336.0
pointcloud,12_colmap_stereo_fusion_high_safe_nohup.log,points_mentioned_260,1188470,points,1188470.0
pointcloud,12_colmap_stereo_fusion_high_safe_nohup.log,points_mentioned_261,1189007,points,1189007.0
pointcloud,12_colmap_stereo_fusion_high_safe_nohup.log,points_mentioned_262,1189105,points,1189105.0
pointcloud,12_colmap_stereo_fusion_high_safe_nohup.log,points_mentioned_263,1189135,points,1189135.0
pointcloud,12_colmap_stereo_fusion_high_safe_nohup.log,points_mentioned_264,1189159,points,1189159.0
pointcloud,12_colmap_stereo_fusion_high_safe_nohup.log,points_mentioned_265,1190255,points,1190255.0
pointcloud,12_colmap_stereo_fusion_high_safe_nohup.log,points_mentioned_266,1190765,points,1190765.0
pointcloud,12_colmap_stereo_fusion_high_safe_nohup.log,points_mentioned_267,1192480,points,1192480.0
pointcloud,12_colmap_stereo_fusion_high_safe_nohup.log,points_mentioned_268,1194049,points,1194049.0
pointcloud,12_colmap_stereo_fusion_high_safe_nohup.log,points_mentioned_269,1208397,points,1208397.0
pointcloud,12_colmap_stereo_fusion_high_safe_nohup.log,points_mentioned_270,1220377,points,1220377.0
pointcloud,12_colmap_stereo_fusion_high_safe_nohup.log,points_mentioned_271,1223805,points,1223805.0
pointcloud,12_colmap_stereo_fusion_high_safe_nohup.log,points_mentioned_272,1225063,points,1225063.0
pointcloud,12_colmap_stereo_fusion_high_safe_nohup.log,points_mentioned_273,1226943,points,1226943.0
pointcloud,12_colmap_stereo_fusion_high_safe_nohup.log,points_mentioned_274,1228515,points,1228515.0
pointcloud,12_colmap_stereo_fusion_high_safe_nohup.log,points_mentioned_275,1230084,points,1230084.0
pointcloud,12_colmap_stereo_fusion_high_safe_nohup.log,points_mentioned_276,1230885,points,1230885.0
pointcloud,12_colmap_stereo_fusion_high_safe_nohup.log,points_mentioned_277,1232921,points,1232921.0
pointcloud,12_colmap_stereo_fusion_high_safe_nohup.log,points_mentioned_278,1233613,points,1233613.0
pointcloud,12_colmap_stereo_fusion_high_safe_nohup.log,points_mentioned_279,1237929,points,1237929.0
pointcloud,12_colmap_stereo_fusion_high_safe_nohup.log,points_mentioned_280,1256257,points,1256257.0
pointcloud,12_colmap_stereo_fusion_high_safe_nohup.log,points_mentioned_281,1269057,points,1269057.0
pointcloud,12_colmap_stereo_fusion_high_safe_nohup.log,points_mentioned_282,1279091,points,1279091.0
pointcloud,12_colmap_stereo_fusion_high_safe_nohup.log,points_mentioned_283,1291733,points,1291733.0
pointcloud,12_colmap_stereo_fusion_high_safe_nohup.log,points_mentioned_284,1306634,points,1306634.0
pointcloud,12_colmap_stereo_fusion_high_safe_nohup.log,points_mentioned_285,1319094,points,1319094.0
pointcloud,12_colmap_stereo_fusion_high_safe_nohup.log,points_mentioned_286,1323258,points,1323258.0
pointcloud,12_colmap_stereo_fusion_high_safe_nohup.log,points_mentioned_287,1325983,points,1325983.0
pointcloud,12_colmap_stereo_fusion_high_safe_nohup.log,points_mentioned_288,1329260,points,1329260.0
pointcloud,12_colmap_stereo_fusion_high_safe_nohup.log,points_mentioned_289,1331297,points,1331297.0
pointcloud,12_colmap_stereo_fusion_high_safe_nohup.log,points_mentioned_290,1333332,points,1333332.0
pointcloud,12_colmap_stereo_fusion_high_safe_nohup.log,points_mentioned_291,1338360,points,1338360.0
pointcloud,12_colmap_stereo_fusion_high_safe_nohup.log,points_mentioned_292,1340654,points,1340654.0
pointcloud,12_colmap_stereo_fusion_high_safe_nohup.log,points_mentioned_293,1342065,points,1342065.0
pointcloud,12_colmap_stereo_fusion_high_safe_nohup.log,points_mentioned_294,1342767,points,1342767.0
pointcloud,12_colmap_stereo_fusion_high_safe_nohup.log,points_mentioned_295,1343147,points,1343147.0
pointcloud,12_colmap_stereo_fusion_high_safe_nohup.log,points_mentioned_296,1344096,points,1344096.0
pointcloud,12_colmap_stereo_fusion_high_safe_nohup.log,points_mentioned_297,1344202,points,1344202.0
pointcloud,12_colmap_stereo_fusion_high_safe_nohup.log,points_mentioned_298,1344250,points,1344250.0
pointcloud,12_colmap_stereo_fusion_high_safe_nohup.log,points_mentioned_299,1344255,points,1344255.0
pointcloud,12_colmap_stereo_fusion_high_safe_nohup.log,points_mentioned_300,1344256,points,1344256.0
pointcloud,12_colmap_stereo_fusion_high_safe_nohup.log,points_mentioned_301,1344256,points,1344256.0
pointcloud,12_colmap_stereo_fusion_high_safe_nohup.log,points_mentioned_302,1344256,points,1344256.0
pointcloud,12_colmap_stereo_fusion_high_safe_nohup.log,points_mentioned_303,1344256,points,1344256.0
pointcloud,12_colmap_stereo_fusion_high_safe_nohup.log,points_mentioned_304,1347997,points,1347997.0
pointcloud,12_colmap_stereo_fusion_high_safe_nohup.log,points_mentioned_305,1350852,points,1350852.0
pointcloud,12_colmap_stereo_fusion_high_safe_nohup.log,points_mentioned_306,1359990,points,1359990.0
pointcloud,12_colmap_stereo_fusion_high_safe_nohup.log,points_mentioned_307,1379884,points,1379884.0
pointcloud,12_colmap_stereo_fusion_high_safe_nohup.log,points_mentioned_308,1390015,points,1390015.0
pointcloud,12_colmap_stereo_fusion_high_safe_nohup.log,points_mentioned_309,1397075,points,1397075.0
pointcloud,12_colmap_stereo_fusion_high_safe_nohup.log,points_mentioned_310,1401321,points,1401321.0
pointcloud,12_colmap_stereo_fusion_high_safe_nohup.log,points_mentioned_311,1405854,points,1405854.0
pointcloud,12_colmap_stereo_fusion_high_safe_nohup.log,points_mentioned_312,1414113,points,1414113.0
pointcloud,12_colmap_stereo_fusion_high_safe_nohup.log,points_mentioned_313,1435811,points,1435811.0
pointcloud,12_colmap_stereo_fusion_high_safe_nohup.log,points_mentioned_314,1449701,points,1449701.0
pointcloud,12_colmap_stereo_fusion_high_safe_nohup.log,points_mentioned_315,1462459,points,1462459.0
pointcloud,12_colmap_stereo_fusion_high_safe_nohup.log,points_mentioned_316,1466927,points,1466927.0
pointcloud,12_colmap_stereo_fusion_high_safe_nohup.log,points_mentioned_317,1469542,points,1469542.0
pointcloud,12_colmap_stereo_fusion_high_safe_nohup.log,points_mentioned_318,1471239,points,1471239.0
pointcloud,12_colmap_stereo_fusion_high_safe_nohup.log,points_mentioned_319,1472537,points,1472537.0
pointcloud,12_colmap_stereo_fusion_high_safe_nohup.log,points_mentioned_320,1473129,points,1473129.0
pointcloud,12_colmap_stereo_fusion_high_safe_nohup.log,points_mentioned_321,1474379,points,1474379.0
pointcloud,12_colmap_stereo_fusion_high_safe_nohup.log,points_mentioned_322,1484884,points,1484884.0
pointcloud,12_colmap_stereo_fusion_high_safe_nohup.log,points_mentioned_323,1496035,points,1496035.0
pointcloud,12_colmap_stereo_fusion_high_safe_nohup.log,points_mentioned_324,1503061,points,1503061.0
pointcloud,12_colmap_stereo_fusion_high_safe_nohup.log,points_mentioned_325,1505595,points,1505595.0
pointcloud,12_colmap_stereo_fusion_high_safe_nohup.log,points_mentioned_326,1510588,points,1510588.0
pointcloud,12_colmap_stereo_fusion_high_safe_nohup.log,points_mentioned_327,1514502,points,1514502.0
pointcloud,12_colmap_stereo_fusion_high_safe_nohup.log,points_mentioned_328,1520072,points,1520072.0
pointcloud,12_colmap_stereo_fusion_high_safe_nohup.log,points_mentioned_329,1525177,points,1525177.0
pointcloud,12_colmap_stereo_fusion_high_safe_nohup.log,points_mentioned_330,1527880,points,1527880.0
pointcloud,12_colmap_stereo_fusion_high_safe_nohup.log,points_mentioned_331,1529191,points,1529191.0
pointcloud,12_colmap_stereo_fusion_high_safe_nohup.log,points_mentioned_332,1529942,points,1529942.0
pointcloud,12_colmap_stereo_fusion_high_safe_nohup.log,points_mentioned_333,1532353,points,1532353.0
pointcloud,12_colmap_stereo_fusion_high_safe_nohup.log,points_mentioned_334,1533295,points,1533295.0
pointcloud,12_colmap_stereo_fusion_high_safe_nohup.log,points_mentioned_335,1533298,points,1533298.0
pointcloud,12_colmap_stereo_fusion_high_safe_nohup.log,points_mentioned_336,1533298,points,1533298.0
pointcloud,12_colmap_stereo_fusion_high_safe_nohup.log,points_mentioned_337,1533298,points,1533298.0
pointcloud,12_colmap_stereo_fusion_high_safe_nohup.log,points_mentioned_338,1533386,points,1533386.0
pointcloud,12_colmap_stereo_fusion_high_safe_nohup.log,points_mentioned_339,1533386,points,1533386.0
pointcloud,12_colmap_stereo_fusion_high_safe_nohup.log,points_mentioned_340,1533386,points,1533386.0
pointcloud,12_colmap_stereo_fusion_high_safe_nohup.log,points_mentioned_341,1533386,points,1533386.0
pointcloud,12_colmap_stereo_fusion_high_safe_nohup.log,points_mentioned_342,1533386,points,1533386.0
pointcloud,12_colmap_stereo_fusion_high_safe_nohup.log,points_mentioned_343,1533386,points,1533386.0
pointcloud,12_colmap_stereo_fusion_high_safe_nohup.log,points_mentioned_344,1533386,points,1533386.0
pointcloud,12_colmap_stereo_fusion_high_safe_nohup.log,points_mentioned_345,1533389,points,1533389.0
pointcloud,12_colmap_stereo_fusion_high_safe_nohup.log,points_mentioned_346,1533402,points,1533402.0
pointcloud,12_colmap_stereo_fusion_high_safe_nohup.log,points_mentioned_347,1533402,points,1533402.0
pointcloud,12_colmap_stereo_fusion_high_safe_nohup.log,points_mentioned_348,1533402,points,1533402.0
pointcloud,12_colmap_stereo_fusion_high_safe_nohup.log,points_mentioned_349,1533402,points,1533402.0
pointcloud,12_colmap_stereo_fusion_high_safe_nohup.log,points_mentioned_350,1584810,points,1584810.0
pointcloud,12_colmap_stereo_fusion_high_safe_nohup.log,points_mentioned_351,1593012,points,1593012.0
pointcloud,12_colmap_stereo_fusion_high_safe_nohup.log,points_mentioned_352,1596633,points,1596633.0
pointcloud,12_colmap_stereo_fusion_high_safe_nohup.log,points_mentioned_353,1601909,points,1601909.0
pointcloud,12_colmap_stereo_fusion_high_safe_nohup.log,points_mentioned_354,1606193,points,1606193.0
pointcloud,12_colmap_stereo_fusion_high_safe_nohup.log,points_mentioned_355,1608228,points,1608228.0
pointcloud,12_colmap_stereo_fusion_high_safe_nohup.log,points_mentioned_356,1608806,points,1608806.0
pointcloud,12_colmap_stereo_fusion_high_safe_nohup.log,points_mentioned_357,1613530,points,1613530.0
pointcloud,12_colmap_stereo_fusion_high_safe_nohup.log,points_mentioned_358,1614165,points,1614165.0
pointcloud,12_colmap_stereo_fusion_high_safe_nohup.log,points_mentioned_359,1618357,points,1618357.0
pointcloud,12_colmap_stereo_fusion_high_safe_nohup.log,points_mentioned_360,1628209,points,1628209.0
pointcloud,12_colmap_stereo_fusion_high_safe_nohup.log,points_mentioned_361,1635653,points,1635653.0
pointcloud,12_colmap_stereo_fusion_high_safe_nohup.log,points_mentioned_362,1661136,points,1661136.0
pointcloud,12_colmap_stereo_fusion_high_safe_nohup.log,points_mentioned_363,1669562,points,1669562.0
pointcloud,12_colmap_stereo_fusion_high_safe_nohup.log,points_mentioned_364,1684185,points,1684185.0
pointcloud,12_colmap_stereo_fusion_high_safe_nohup.log,points_mentioned_365,1699096,points,1699096.0
pointcloud,12_colmap_stereo_fusion_high_safe_nohup.log,points_mentioned_366,1705179,points,1705179.0
pointcloud,12_colmap_stereo_fusion_high_safe_nohup.log,points_mentioned_367,1716278,points,1716278.0
pointcloud,12_colmap_stereo_fusion_high_safe_nohup.log,points_mentioned_368,1722555,points,1722555.0
pointcloud,12_colmap_stereo_fusion_high_safe_nohup.log,points_mentioned_369,1728763,points,1728763.0
pointcloud,12_colmap_stereo_fusion_high_safe_nohup.log,points_mentioned_370,1734930,points,1734930.0
pointcloud,12_colmap_stereo_fusion_high_safe_nohup.log,points_mentioned_371,1741149,points,1741149.0
pointcloud,12_colmap_stereo_fusion_high_safe_nohup.log,points_mentioned_372,1743702,points,1743702.0
pointcloud,12_colmap_stereo_fusion_high_safe_nohup.log,points_mentioned_373,1746989,points,1746989.0
pointcloud,12_colmap_stereo_fusion_high_safe_nohup.log,points_mentioned_374,1749754,points,1749754.0
pointcloud,12_colmap_stereo_fusion_high_safe_nohup.log,points_mentioned_375,1753560,points,1753560.0
pointcloud,12_colmap_stereo_fusion_high_safe_nohup.log,points_mentioned_376,1757927,points,1757927.0
pointcloud,12_colmap_stereo_fusion_high_safe_nohup.log,points_mentioned_377,1765858,points,1765858.0
pointcloud,12_colmap_stereo_fusion_high_safe_nohup.log,points_mentioned_378,1772512,points,1772512.0
pointcloud,12_colmap_stereo_fusion_high_safe_nohup.log,points_mentioned_379,1778674,points,1778674.0
pointcloud,12_colmap_stereo_fusion_high_safe_nohup.log,points_mentioned_380,1790397,points,1790397.0
pointcloud,12_colmap_stereo_fusion_high_safe_nohup.log,points_mentioned_381,1793735,points,1793735.0
pointcloud,12_colmap_stereo_fusion_high_safe_nohup.log,points_mentioned_382,1795319,points,1795319.0
pointcloud,12_colmap_stereo_fusion_high_safe_nohup.log,points_mentioned_383,1795984,points,1795984.0
pointcloud,12_colmap_stereo_fusion_high_safe_nohup.log,points_mentioned_384,1796351,points,1796351.0
pointcloud,12_colmap_stereo_fusion_high_safe_nohup.log,points_mentioned_385,1799786,points,1799786.0
pointcloud,12_colmap_stereo_fusion_high_safe_nohup.log,points_mentioned_386,1805211,points,1805211.0
pointcloud,12_colmap_stereo_fusion_high_safe_nohup.log,points_mentioned_387,1814511,points,1814511.0
pointcloud,12_colmap_stereo_fusion_high_safe_nohup.log,points_mentioned_388,1818708,points,1818708.0
pointcloud,12_colmap_stereo_fusion_high_safe_nohup.log,points_mentioned_389,1827826,points,1827826.0
pointcloud,12_colmap_stereo_fusion_high_safe_nohup.log,points_mentioned_390,1840305,points,1840305.0
pointcloud,12_colmap_stereo_fusion_high_safe_nohup.log,points_mentioned_391,1849044,points,1849044.0
pointcloud,12_colmap_stereo_fusion_high_safe_nohup.log,points_mentioned_392,1855643,points,1855643.0
pointcloud,12_colmap_stereo_fusion_high_safe_nohup.log,points_mentioned_393,1864155,points,1864155.0
pointcloud,12_colmap_stereo_fusion_high_safe_nohup.log,points_mentioned_394,1875731,points,1875731.0
pointcloud,12_colmap_stereo_fusion_high_safe_nohup.log,points_mentioned_395,1877671,points,1877671.0
pointcloud,12_colmap_stereo_fusion_high_safe_nohup.log,points_mentioned_396,1878181,points,1878181.0
pointcloud,12_colmap_stereo_fusion_high_safe_nohup.log,points_mentioned_397,1879141,points,1879141.0
pointcloud,12_colmap_stereo_fusion_high_safe_nohup.log,points_mentioned_398,1881029,points,1881029.0
pointcloud,12_colmap_stereo_fusion_high_safe_nohup.log,points_mentioned_399,1881106,points,1881106.0
pointcloud,12_colmap_stereo_fusion_high_safe_nohup.log,points_mentioned_400,1881125,points,1881125.0
pointcloud,12_colmap_stereo_fusion_high_safe_nohup.log,points_mentioned_401,1881127,points,1881127.0
pointcloud,12_colmap_stereo_fusion_high_safe_nohup.log,points_mentioned_402,1881127,points,1881127.0
pointcloud,12_colmap_stereo_fusion_high_safe_nohup.log,points_mentioned_403,1881127,points,1881127.0
pointcloud,12_colmap_stereo_fusion_high_safe_nohup.log,points_mentioned_404,1932471,points,1932471.0
pointcloud,12_colmap_stereo_fusion_high_safe_nohup.log,points_mentioned_405,1944504,points,1944504.0
pointcloud,12_colmap_stereo_fusion_high_safe_nohup.log,points_mentioned_406,1952027,points,1952027.0
pointcloud,12_colmap_stereo_fusion_high_safe_nohup.log,points_mentioned_407,1958911,points,1958911.0
pointcloud,12_colmap_stereo_fusion_high_safe_nohup.log,points_mentioned_408,1964518,points,1964518.0
pointcloud,12_colmap_stereo_fusion_high_safe_nohup.log,points_mentioned_409,1967916,points,1967916.0
pointcloud,12_colmap_stereo_fusion_high_safe_nohup.log,points_mentioned_410,1970122,points,1970122.0
pointcloud,12_colmap_stereo_fusion_high_safe_nohup.log,points_mentioned_411,1971257,points,1971257.0
pointcloud,12_colmap_stereo_fusion_high_safe_nohup.log,points_mentioned_412,1973791,points,1973791.0
pointcloud,12_colmap_stereo_fusion_high_safe_nohup.log,points_mentioned_413,1981802,points,1981802.0
pointcloud,12_colmap_stereo_fusion_high_safe_nohup.log,points_mentioned_414,1984833,points,1984833.0
pointcloud,12_colmap_stereo_fusion_high_safe_nohup.log,points_mentioned_415,1988838,points,1988838.0
pointcloud,12_colmap_stereo_fusion_high_safe_nohup.log,points_mentioned_416,1990345,points,1990345.0
pointcloud,12_colmap_stereo_fusion_high_safe_nohup.log,points_mentioned_417,1995984,points,1995984.0
pointcloud,12_colmap_stereo_fusion_high_safe_nohup.log,points_mentioned_418,2002051,points,2002051.0
pointcloud,12_colmap_stereo_fusion_high_safe_nohup.log,points_mentioned_419,2005576,points,2005576.0
pointcloud,12_colmap_stereo_fusion_high_safe_nohup.log,points_mentioned_420,2008072,points,2008072.0
pointcloud,12_colmap_stereo_fusion_high_safe_nohup.log,points_mentioned_421,2009080,points,2009080.0
pointcloud,12_colmap_stereo_fusion_high_safe_nohup.log,points_mentioned_422,2010298,points,2010298.0
pointcloud,12_colmap_stereo_fusion_high_safe_nohup.log,points_mentioned_423,2010562,points,2010562.0
pointcloud,12_colmap_stereo_fusion_high_safe_nohup.log,points_mentioned_424,2010628,points,2010628.0
pointcloud,12_colmap_stereo_fusion_high_safe_nohup.log,points_mentioned_425,2010674,points,2010674.0
pointcloud,12_colmap_stereo_fusion_high_safe_nohup.log,points_mentioned_426,2011775,points,2011775.0
pointcloud,12_colmap_stereo_fusion_high_safe_nohup.log,points_mentioned_427,2018655,points,2018655.0
pointcloud,12_colmap_stereo_fusion_high_safe_nohup.log,points_mentioned_428,2021426,points,2021426.0
pointcloud,12_colmap_stereo_fusion_high_safe_nohup.log,points_mentioned_429,2023822,points,2023822.0
pointcloud,12_colmap_stereo_fusion_high_safe_nohup.log,points_mentioned_430,2029995,points,2029995.0
pointcloud,12_colmap_stereo_fusion_high_safe_nohup.log,points_mentioned_431,2035187,points,2035187.0
pointcloud,12_colmap_stereo_fusion_high_safe_nohup.log,points_mentioned_432,2039088,points,2039088.0
pointcloud,12_colmap_stereo_fusion_high_safe_nohup.log,points_mentioned_433,2044145,points,2044145.0
pointcloud,12_colmap_stereo_fusion_high_safe_nohup.log,points_mentioned_434,2052997,points,2052997.0
pointcloud,12_colmap_stereo_fusion_high_safe_nohup.log,points_mentioned_435,2055128,points,2055128.0
pointcloud,12_colmap_stereo_fusion_high_safe_nohup.log,points_mentioned_436,2055424,points,2055424.0
pointcloud,12_colmap_stereo_fusion_high_safe_nohup.log,points_mentioned_437,2055556,points,2055556.0
pointcloud,12_colmap_stereo_fusion_high_safe_nohup.log,points_mentioned_438,2055659,points,2055659.0
pointcloud,12_colmap_stereo_fusion_high_safe_nohup.log,points_mentioned_439,2055659,points,2055659.0
pointcloud,12_colmap_stereo_fusion_high_safe_nohup.log,points_mentioned_440,2055659,points,2055659.0
pointcloud,12_colmap_stereo_fusion_high_safe_nohup.log,points_mentioned_441,2057042,points,2057042.0
pointcloud,12_colmap_stereo_fusion_high_safe_nohup.log,points_mentioned_442,2067684,points,2067684.0
pointcloud,12_colmap_stereo_fusion_high_safe_nohup.log,points_mentioned_443,2072954,points,2072954.0
pointcloud,12_colmap_stereo_fusion_high_safe_nohup.log,points_mentioned_444,2086267,points,2086267.0
pointcloud,12_colmap_stereo_fusion_high_safe_nohup.log,points_mentioned_445,2091179,points,2091179.0
pointcloud,12_colmap_stereo_fusion_high_safe_nohup.log,points_mentioned_446,2094038,points,2094038.0
pointcloud,12_colmap_stereo_fusion_high_safe_nohup.log,points_mentioned_447,2100036,points,2100036.0
pointcloud,12_colmap_stereo_fusion_high_safe_nohup.log,points_mentioned_448,2113280,points,2113280.0
pointcloud,12_colmap_stereo_fusion_high_safe_nohup.log,points_mentioned_449,2120704,points,2120704.0
pointcloud,12_colmap_stereo_fusion_high_safe_nohup.log,points_mentioned_450,2124495,points,2124495.0
pointcloud,12_colmap_stereo_fusion_high_safe_nohup.log,points_mentioned_451,2128065,points,2128065.0
pointcloud,12_colmap_stereo_fusion_high_safe_nohup.log,points_mentioned_452,2130441,points,2130441.0
pointcloud,12_colmap_stereo_fusion_high_safe_nohup.log,points_mentioned_453,2137468,points,2137468.0
pointcloud,12_colmap_stereo_fusion_high_safe_nohup.log,points_mentioned_454,2149679,points,2149679.0
pointcloud,12_colmap_stereo_fusion_high_safe_nohup.log,points_mentioned_455,2153419,points,2153419.0
pointcloud,12_colmap_stereo_fusion_high_safe_nohup.log,points_mentioned_456,2155103,points,2155103.0
pointcloud,12_colmap_stereo_fusion_high_safe_nohup.log,points_mentioned_457,2156108,points,2156108.0
pointcloud,12_colmap_stereo_fusion_high_safe_nohup.log,points_mentioned_458,2156686,points,2156686.0
pointcloud,12_colmap_stereo_fusion_high_safe_nohup.log,points_mentioned_459,2156981,points,2156981.0
pointcloud,12_colmap_stereo_fusion_high_safe_nohup.log,points_mentioned_460,2157134,points,2157134.0
pointcloud,12_colmap_stereo_fusion_high_safe_nohup.log,points_mentioned_461,2157238,points,2157238.0
pointcloud,12_colmap_stereo_fusion_high_safe_nohup.log,points_mentioned_462,2158089,points,2158089.0
pointcloud,12_colmap_stereo_fusion_high_safe_nohup.log,points_mentioned_463,2158089,points,2158089.0
pointcloud,12_colmap_stereo_fusion_high_safe_nohup.log,points_mentioned_464,2158089,points,2158089.0
pointcloud,12_colmap_stereo_fusion_high_safe_nohup.log,points_mentioned_465,2158089,points,2158089.0
pointcloud,12_colmap_stereo_fusion_high_safe_nohup.log,points_mentioned_466,2158089,points,2158089.0
pointcloud,12_colmap_stereo_fusion_high_safe_nohup.log,points_mentioned_467,2158089,points,2158089.0
pointcloud,12_colmap_stereo_fusion_high_safe_nohup.log,points_mentioned_468,2158149,points,2158149.0
pointcloud,12_colmap_stereo_fusion_high_safe_nohup.log,points_mentioned_469,2158189,points,2158189.0
pointcloud,12_colmap_stereo_fusion_high_safe_nohup.log,points_mentioned_470,2158193,points,2158193.0
pointcloud,12_colmap_stereo_fusion_high_safe_nohup.log,points_mentioned_471,2158193,points,2158193.0
pointcloud,12_colmap_stereo_fusion_high_safe_nohup.log,points_mentioned_472,2158193,points,2158193.0
pointcloud,12_colmap_stereo_fusion_high_safe_nohup.log,points_mentioned_473,2158517,points,2158517.0
pointcloud,12_colmap_stereo_fusion_high_safe_nohup.log,points_mentioned_474,2158630,points,2158630.0
pointcloud,12_colmap_stereo_fusion_high_safe_nohup.log,points_mentioned_475,2158630,points,2158630.0
pointcloud,12_colmap_stereo_fusion_high_safe_nohup.log,points_mentioned_476,2158630,points,2158630.0
pointcloud,12_colmap_stereo_fusion_high_safe_nohup.log,points_mentioned_477,2158659,points,2158659.0
pointcloud,12_colmap_stereo_fusion_high_safe_nohup.log,points_mentioned_478,2158659,points,2158659.0
pointcloud,12_colmap_stereo_fusion_high_safe_nohup.log,points_mentioned_479,2158660,points,2158660.0
pointcloud,12_colmap_stereo_fusion_high_safe_nohup.log,points_mentioned_480,2158660,points,2158660.0
pointcloud,12_colmap_stereo_fusion_high_safe_nohup.log,points_mentioned_481,2158660,points,2158660.0
pointcloud,12_colmap_stereo_fusion_high_safe_nohup.log,points_mentioned_482,2158660,points,2158660.0
pointcloud,12_colmap_stereo_fusion_high_safe_nohup.log,points_mentioned_483,2185234,points,2185234.0
pointcloud,12_colmap_stereo_fusion_high_safe_nohup.log,points_mentioned_484,2192408,points,2192408.0
pointcloud,12_colmap_stereo_fusion_high_safe_nohup.log,points_mentioned_485,2196707,points,2196707.0
pointcloud,12_colmap_stereo_fusion_high_safe_nohup.log,points_mentioned_486,2201121,points,2201121.0
pointcloud,12_colmap_stereo_fusion_high_safe_nohup.log,points_mentioned_487,2204685,points,2204685.0
pointcloud,12_colmap_stereo_fusion_high_safe_nohup.log,points_mentioned_488,2207136,points,2207136.0
pointcloud,12_colmap_stereo_fusion_high_safe_nohup.log,points_mentioned_489,2208796,points,2208796.0
pointcloud,12_colmap_stereo_fusion_high_safe_nohup.log,points_mentioned_490,2216078,points,2216078.0
pointcloud,12_colmap_stereo_fusion_high_safe_nohup.log,points_mentioned_491,2219620,points,2219620.0
pointcloud,12_colmap_stereo_fusion_high_safe_nohup.log,points_mentioned_492,2223438,points,2223438.0
pointcloud,12_colmap_stereo_fusion_high_safe_nohup.log,points_mentioned_493,2225119,points,2225119.0
pointcloud,12_colmap_stereo_fusion_high_safe_nohup.log,points_mentioned_494,2226067,points,2226067.0
pointcloud,12_colmap_stereo_fusion_high_safe_nohup.log,points_mentioned_495,2227724,points,2227724.0
pointcloud,12_colmap_stereo_fusion_high_safe_nohup.log,points_mentioned_496,2228308,points,2228308.0
pointcloud,12_colmap_stereo_fusion_high_safe_nohup.log,points_mentioned_497,2228626,points,2228626.0
pointcloud,12_colmap_stereo_fusion_high_safe_nohup.log,points_mentioned_498,2228777,points,2228777.0
pointcloud,12_colmap_stereo_fusion_high_safe_nohup.log,points_mentioned_499,2228847,points,2228847.0
pointcloud,12_colmap_stereo_fusion_high_safe_nohup.log,points_mentioned_500,2228894,points,2228894.0
pointcloud,12_colmap_stereo_fusion_high_safe_nohup.log,points_mentioned_501,2228984,points,2228984.0
pointcloud,12_colmap_stereo_fusion_high_safe_nohup.log,points_mentioned_502,2236363,points,2236363.0
pointcloud,12_colmap_stereo_fusion_high_safe_nohup.log,points_mentioned_503,2238279,points,2238279.0
pointcloud,12_colmap_stereo_fusion_high_safe_nohup.log,points_mentioned_504,2238778,points,2238778.0
pointcloud,12_colmap_stereo_fusion_high_safe_nohup.log,points_mentioned_505,2239364,points,2239364.0
pointcloud,12_colmap_stereo_fusion_high_safe_nohup.log,points_mentioned_506,2239717,points,2239717.0
pointcloud,12_colmap_stereo_fusion_high_safe_nohup.log,points_mentioned_507,2239760,points,2239760.0
pointcloud,12_colmap_stereo_fusion_high_safe_nohup.log,points_mentioned_508,2239761,points,2239761.0
pointcloud,12_colmap_stereo_fusion_high_safe_nohup.log,points_mentioned_509,2239761,points,2239761.0
pointcloud,12_colmap_stereo_fusion_high_safe_nohup.log,points_mentioned_510,2239761,points,2239761.0
pointcloud,12_colmap_stereo_fusion_high_safe_nohup.log,points_mentioned_511,2240589,points,2240589.0
pointcloud,12_colmap_stereo_fusion_high_safe_nohup.log,points_mentioned_512,2246728,points,2246728.0
pointcloud,12_colmap_stereo_fusion_high_safe_nohup.log,points_mentioned_513,2247918,points,2247918.0
pointcloud,12_colmap_stereo_fusion_high_safe_nohup.log,points_mentioned_514,2248342,points,2248342.0
pointcloud,12_colmap_stereo_fusion_high_safe_nohup.log,points_mentioned_515,2248456,points,2248456.0
pointcloud,12_colmap_stereo_fusion_high_safe_nohup.log,points_mentioned_516,2248523,points,2248523.0
pointcloud,12_colmap_stereo_fusion_high_safe_nohup.log,points_mentioned_517,2248523,points,2248523.0
pointcloud,12_colmap_stereo_fusion_high_safe_nohup.log,points_mentioned_518,2248523,points,2248523.0
pointcloud,12_colmap_stereo_fusion_high_safe_nohup.log,points_mentioned_519,2248523,points,2248523.0
pointcloud,12_colmap_stereo_fusion_high_safe_nohup.log,points_mentioned_520,2248523,points,2248523.0
pointcloud,12_colmap_stereo_fusion_high_safe_nohup.log,points_mentioned_521,2248523,points,2248523.0
pointcloud,12_colmap_stereo_fusion_high_safe_nohup.log,points_mentioned_522,2284584,points,2284584.0
pointcloud,12_colmap_stereo_fusion_high_safe_nohup.log,points_mentioned_523,2286828,points,2286828.0
pointcloud,12_colmap_stereo_fusion_high_safe_nohup.log,points_mentioned_524,2287020,points,2287020.0
pointcloud,12_colmap_stereo_fusion_high_safe_nohup.log,points_mentioned_525,2287020,points,2287020.0
pointcloud,12_colmap_stereo_fusion_high_safe_nohup.log,points_mentioned_526,2287020,points,2287020.0
pointcloud,12_colmap_stereo_fusion_high_safe_nohup.log,points_mentioned_527,2287020,points,2287020.0
pointcloud,12_colmap_stereo_fusion_high_safe_nohup.log,points_mentioned_528,2287020,points,2287020.0
pointcloud,12_colmap_stereo_fusion_high_safe_nohup.log,points_mentioned_529,2287020,points,2287020.0
pointcloud,12_colmap_stereo_fusion_high_safe_nohup.log,points_mentioned_530,2287020,points,2287020.0
pointcloud,12_colmap_stereo_fusion_high_safe_nohup.log,points_mentioned_531,2287020,points,2287020.0
pointcloud,12_colmap_stereo_fusion_high_safe_nohup.log,points_mentioned_532,2288990,points,2288990.0
pointcloud,12_colmap_stereo_fusion_high_safe_nohup.log,points_mentioned_533,2293685,points,2293685.0
pointcloud,12_colmap_stereo_fusion_high_safe_nohup.log,points_mentioned_534,2296980,points,2296980.0
pointcloud,12_colmap_stereo_fusion_high_safe_nohup.log,points_mentioned_535,2297227,points,2297227.0
pointcloud,12_colmap_stereo_fusion_high_safe_nohup.log,points_mentioned_536,2297227,points,2297227.0
pointcloud,12_colmap_stereo_fusion_high_safe_nohup.log,points_mentioned_537,2297227,points,2297227.0
pointcloud,12_colmap_stereo_fusion_high_safe_nohup.log,points_mentioned_538,2297227,points,2297227.0
pointcloud,12_colmap_stereo_fusion_high_safe_nohup.log,points_mentioned_539,2299368,points,2299368.0
pointcloud,12_colmap_stereo_fusion_high_safe_nohup.log,points_mentioned_540,2301517,points,2301517.0
pointcloud,12_colmap_stereo_fusion_high_safe_nohup.log,points_mentioned_541,2307597,points,2307597.0
pointcloud,12_colmap_stereo_fusion_high_safe_nohup.log,points_mentioned_542,2315481,points,2315481.0
pointcloud,12_colmap_stereo_fusion_high_safe_nohup.log,points_mentioned_543,2328481,points,2328481.0
pointcloud,12_colmap_stereo_fusion_high_safe_nohup.log,points_mentioned_544,2343090,points,2343090.0
pointcloud,12_colmap_stereo_fusion_high_safe_nohup.log,points_mentioned_545,2347425,points,2347425.0
pointcloud,12_colmap_stereo_fusion_high_safe_nohup.log,points_mentioned_546,2355246,points,2355246.0
pointcloud,12_colmap_stereo_fusion_high_safe_nohup.log,points_mentioned_547,2358527,points,2358527.0
pointcloud,12_colmap_stereo_fusion_high_safe_nohup.log,points_mentioned_548,2363349,points,2363349.0
pointcloud,12_colmap_stereo_fusion_high_safe_nohup.log,points_mentioned_549,2367133,points,2367133.0
pointcloud,12_colmap_stereo_fusion_high_safe_nohup.log,points_mentioned_550,2371132,points,2371132.0
pointcloud,12_colmap_stereo_fusion_high_safe_nohup.log,points_mentioned_551,2372544,points,2372544.0
pointcloud,12_colmap_stereo_fusion_high_safe_nohup.log,points_mentioned_552,2374152,points,2374152.0
pointcloud,12_colmap_stereo_fusion_high_safe_nohup.log,points_mentioned_553,2374664,points,2374664.0
pointcloud,12_colmap_stereo_fusion_high_safe_nohup.log,points_mentioned_554,2374876,points,2374876.0
pointcloud,12_colmap_stereo_fusion_high_safe_nohup.log,points_mentioned_555,2374993,points,2374993.0
pointcloud,12_colmap_stereo_fusion_high_safe_nohup.log,points_mentioned_556,2375030,points,2375030.0
pointcloud,12_colmap_stereo_fusion_high_safe_nohup.log,points_mentioned_557,2375039,points,2375039.0
pointcloud,12_colmap_stereo_fusion_high_safe_nohup.log,points_mentioned_558,2375039,points,2375039.0
pointcloud,12_colmap_stereo_fusion_high_safe_nohup.log,points_mentioned_559,2375042,points,2375042.0
pointcloud,12_colmap_stereo_fusion_high_safe_nohup.log,points_mentioned_560,2375074,points,2375074.0
pointcloud,12_colmap_stereo_fusion_high_safe_nohup.log,points_mentioned_561,2375124,points,2375124.0
pointcloud,12_colmap_stereo_fusion_high_safe_nohup.log,points_mentioned_562,2375124,points,2375124.0
pointcloud,12_colmap_stereo_fusion_high_safe_nohup.log,points_mentioned_563,2375124,points,2375124.0
pointcloud,12_colmap_stereo_fusion_high_safe_nohup.log,points_mentioned_564,2375157,points,2375157.0
pointcloud,12_colmap_stereo_fusion_high_safe_nohup.log,points_mentioned_565,2375157,points,2375157.0
pointcloud,12_colmap_stereo_fusion_high_safe_nohup.log,points_mentioned_566,2375157,points,2375157.0
pointcloud,12_colmap_stereo_fusion_high_safe_nohup.log,points_mentioned_567,2375241,points,2375241.0
pointcloud,12_colmap_stereo_fusion_high_safe_nohup.log,points_mentioned_568,2375416,points,2375416.0
pointcloud,12_colmap_stereo_fusion_high_safe_nohup.log,points_mentioned_569,2375439,points,2375439.0
pointcloud,12_colmap_stereo_fusion_high_safe_nohup.log,points_mentioned_570,2375440,points,2375440.0
pointcloud,12_colmap_stereo_fusion_high_safe_nohup.log,points_mentioned_571,2375440,points,2375440.0
pointcloud,12_colmap_stereo_fusion_high_safe_nohup.log,points_mentioned_572,2375440,points,2375440.0
pointcloud,12_colmap_stereo_fusion_high_safe_nohup.log,points_mentioned_573,2375440,points,2375440.0
pointcloud,12_colmap_stereo_fusion_high_safe_nohup.log,points_mentioned_574,2375440,points,2375440.0
pointcloud,12_colmap_stereo_fusion_high_safe_nohup.log,points_mentioned_575,2375440,points,2375440.0
pointcloud,12_colmap_stereo_fusion_high_safe_nohup.log,points_mentioned_576,2375440,points,2375440.0
pointcloud,12_colmap_stereo_fusion_high_safe_nohup.log,points_mentioned_577,2375440,points,2375440.0
pointcloud,12_colmap_stereo_fusion_high_safe_nohup.log,points_mentioned_578,2375440,points,2375440.0
pointcloud,12_colmap_stereo_fusion_high_safe_nohup.log,points_mentioned_579,2385908,points,2385908.0
pointcloud,12_colmap_stereo_fusion_high_safe_nohup.log,points_mentioned_580,2385908,points,2385908.0
pointcloud,12_colmap_stereo_fusion_high_safe_nohup.log,points_mentioned_581,2385908,points,2385908.0
pointcloud,12_colmap_stereo_fusion_high_safe_nohup.log,points_mentioned_582,2385908,points,2385908.0
pointcloud,12_colmap_stereo_fusion_high_safe_nohup.log,points_mentioned_583,2385908,points,2385908.0
pointcloud,12_colmap_stereo_fusion_high_safe_nohup.log,points_mentioned_584,2385908,points,2385908.0
pointcloud,12_colmap_stereo_fusion_high_safe_nohup.log,points_mentioned_585,2385908,points,2385908.0
pointcloud,12_colmap_stereo_fusion_high_safe_nohup.log,points_mentioned_586,2385908,points,2385908.0
pointcloud,12_colmap_stereo_fusion_high_safe_nohup.log,points_mentioned_587,2385908,points,2385908.0
pointcloud,12_colmap_stereo_fusion_high_safe_nohup.log,points_mentioned_588,2385908,points,2385908.0
pointcloud,12_colmap_stereo_fusion_high_safe_nohup.log,points_mentioned_589,2385908,points,2385908.0
pointcloud,12_colmap_stereo_fusion_high_safe_nohup.log,points_mentioned_590,2385908,points,2385908.0
pointcloud,12_colmap_stereo_fusion_high_safe_nohup.log,points_mentioned_591,2385908,points,2385908.0
pointcloud,12_colmap_stereo_fusion_high_safe_nohup.log,points_mentioned_592,2385908,points,2385908.0
pointcloud,12_colmap_stereo_fusion_high_safe_nohup.log,points_mentioned_593,2391217,points,2391217.0
pointcloud,12_colmap_stereo_fusion_high_safe_nohup.log,points_mentioned_594,2422749,points,2422749.0
pointcloud,12_colmap_stereo_fusion_high_safe_nohup.log,points_mentioned_595,2436823,points,2436823.0
pointcloud,12_colmap_stereo_fusion_high_safe_nohup.log,points_mentioned_596,2442439,points,2442439.0
pointcloud,12_colmap_stereo_fusion_high_safe_nohup.log,points_mentioned_597,2448476,points,2448476.0
pointcloud,12_colmap_stereo_fusion_high_safe_nohup.log,points_mentioned_598,2450682,points,2450682.0
pointcloud,12_colmap_stereo_fusion_high_safe_nohup.log,points_mentioned_599,2461555,points,2461555.0
pointcloud,12_colmap_stereo_fusion_high_safe_nohup.log,points_mentioned_600,2476233,points,2476233.0
pointcloud,12_colmap_stereo_fusion_high_safe_nohup.log,points_mentioned_601,2480901,points,2480901.0
pointcloud,12_colmap_stereo_fusion_high_safe_nohup.log,points_mentioned_602,2483184,points,2483184.0
pointcloud,12_colmap_stereo_fusion_high_safe_nohup.log,points_mentioned_603,2484710,points,2484710.0
pointcloud,12_colmap_stereo_fusion_high_safe_nohup.log,points_mentioned_604,2485650,points,2485650.0
pointcloud,12_colmap_stereo_fusion_high_safe_nohup.log,points_mentioned_605,2487010,points,2487010.0
pointcloud,12_colmap_stereo_fusion_high_safe_nohup.log,points_mentioned_606,2487883,points,2487883.0
pointcloud,12_colmap_stereo_fusion_high_safe_nohup.log,points_mentioned_607,2488689,points,2488689.0
pointcloud,12_colmap_stereo_fusion_high_safe_nohup.log,points_mentioned_608,2491277,points,2491277.0
pointcloud,12_colmap_stereo_fusion_high_safe_nohup.log,points_mentioned_609,2491502,points,2491502.0
pointcloud,12_colmap_stereo_fusion_high_safe_nohup.log,points_mentioned_610,2499525,points,2499525.0
pointcloud,12_colmap_stereo_fusion_high_safe_nohup.log,points_mentioned_611,2517002,points,2517002.0
pointcloud,12_colmap_stereo_fusion_high_safe_nohup.log,points_mentioned_612,2526642,points,2526642.0
pointcloud,12_colmap_stereo_fusion_high_safe_nohup.log,points_mentioned_613,2533011,points,2533011.0
pointcloud,12_colmap_stereo_fusion_high_safe_nohup.log,points_mentioned_614,2536717,points,2536717.0
pointcloud,12_colmap_stereo_fusion_high_safe_nohup.log,points_mentioned_615,2538962,points,2538962.0
pointcloud,12_colmap_stereo_fusion_high_safe_nohup.log,points_mentioned_616,2539993,points,2539993.0
pointcloud,12_colmap_stereo_fusion_high_safe_nohup.log,points_mentioned_617,2540752,points,2540752.0
pointcloud,12_colmap_stereo_fusion_high_safe_nohup.log,points_mentioned_618,2541610,points,2541610.0
pointcloud,12_colmap_stereo_fusion_high_safe_nohup.log,points_mentioned_619,2541801,points,2541801.0
pointcloud,12_colmap_stereo_fusion_high_safe_nohup.log,points_mentioned_620,2542025,points,2542025.0
pointcloud,12_colmap_stereo_fusion_high_safe_nohup.log,points_mentioned_621,2542099,points,2542099.0
pointcloud,12_colmap_stereo_fusion_high_safe_nohup.log,points_mentioned_622,2542106,points,2542106.0
pointcloud,12_colmap_stereo_fusion_high_safe_nohup.log,points_mentioned_623,2542107,points,2542107.0
pointcloud,12_colmap_stereo_fusion_high_safe_nohup.log,points_mentioned_624,2542107,points,2542107.0
pointcloud,12_colmap_stereo_fusion_high_safe_nohup.log,points_mentioned_625,2542107,points,2542107.0
pointcloud,12_colmap_stereo_fusion_high_safe_nohup.log,points_mentioned_626,2568291,points,2568291.0
pointcloud,12_colmap_stereo_fusion_high_safe_nohup.log,points_mentioned_627,2572835,points,2572835.0
pointcloud,12_colmap_stereo_fusion_high_safe_nohup.log,points_mentioned_628,2581667,points,2581667.0
pointcloud,12_colmap_stereo_fusion_high_safe_nohup.log,points_mentioned_629,2588545,points,2588545.0
pointcloud,12_colmap_stereo_fusion_high_safe_nohup.log,points_mentioned_630,2598270,points,2598270.0
pointcloud,12_colmap_stereo_fusion_high_safe_nohup.log,points_mentioned_631,2609807,points,2609807.0
pointcloud,12_colmap_stereo_fusion_high_safe_nohup.log,points_mentioned_632,2615615,points,2615615.0
pointcloud,12_colmap_stereo_fusion_high_safe_nohup.log,points_mentioned_633,2617712,points,2617712.0
pointcloud,12_colmap_stereo_fusion_high_safe_nohup.log,points_mentioned_634,2618922,points,2618922.0
pointcloud,12_colmap_stereo_fusion_high_safe_nohup.log,points_mentioned_635,2619850,points,2619850.0
pointcloud,12_colmap_stereo_fusion_high_safe_nohup.log,points_mentioned_636,2639475,points,2639475.0
pointcloud,12_colmap_stereo_fusion_high_safe_nohup.log,points_mentioned_637,2645786,points,2645786.0
pointcloud,12_colmap_stereo_fusion_high_safe_nohup.log,points_mentioned_638,2651086,points,2651086.0
pointcloud,12_colmap_stereo_fusion_high_safe_nohup.log,points_mentioned_639,2656867,points,2656867.0
pointcloud,12_colmap_stereo_fusion_high_safe_nohup.log,points_mentioned_640,2660489,points,2660489.0
pointcloud,12_colmap_stereo_fusion_high_safe_nohup.log,points_mentioned_641,2672130,points,2672130.0
pointcloud,12_colmap_stereo_fusion_high_safe_nohup.log,points_mentioned_642,2678459,points,2678459.0
pointcloud,12_colmap_stereo_fusion_high_safe_nohup.log,points_mentioned_643,2681371,points,2681371.0
pointcloud,12_colmap_stereo_fusion_high_safe_nohup.log,points_mentioned_644,2682661,points,2682661.0
pointcloud,12_colmap_stereo_fusion_high_safe_nohup.log,points_mentioned_645,2683416,points,2683416.0
pointcloud,12_colmap_stereo_fusion_high_safe_nohup.log,points_mentioned_646,2683679,points,2683679.0
pointcloud,12_colmap_stereo_fusion_high_safe_nohup.log,points_mentioned_647,2683733,points,2683733.0
pointcloud,12_colmap_stereo_fusion_high_safe_nohup.log,points_mentioned_648,2683754,points,2683754.0
pointcloud,12_colmap_stereo_fusion_high_safe_nohup.log,points_mentioned_649,2683759,points,2683759.0
pointcloud,12_colmap_stereo_fusion_high_safe_nohup.log,points_mentioned_650,2683760,points,2683760.0
pointcloud,12_colmap_stereo_fusion_high_safe_nohup.log,points_mentioned_651,2683760,points,2683760.0
pointcloud,12_colmap_stereo_fusion_high_safe_nohup.log,points_mentioned_652,2683760,points,2683760.0
pointcloud,12_colmap_stereo_fusion_high_safe_nohup.log,points_mentioned_653,2683760,points,2683760.0
pointcloud,12_colmap_stereo_fusion_high_safe_nohup.log,points_mentioned_654,2683760,points,2683760.0
pointcloud,12_colmap_stereo_fusion_high_safe_nohup.log,points_mentioned_655,2683764,points,2683764.0
pointcloud,12_colmap_stereo_fusion_high_safe_nohup.log,points_mentioned_656,2683764,points,2683764.0
pointcloud,12_colmap_stereo_fusion_high_safe_nohup.log,points_mentioned_657,2683764,points,2683764.0
pointcloud,12_colmap_stereo_fusion_high_safe_nohup.log,points_mentioned_658,2689115,points,2689115.0
pointcloud,12_colmap_stereo_fusion_high_safe_nohup.log,points_mentioned_659,2689402,points,2689402.0
pointcloud,12_colmap_stereo_fusion_high_safe_nohup.log,points_mentioned_660,2689402,points,2689402.0
pointcloud,12_colmap_stereo_fusion_high_safe_nohup.log,points_mentioned_661,2689402,points,2689402.0
pointcloud,12_colmap_stereo_fusion_high_safe_nohup.log,points_mentioned_662,2689402,points,2689402.0
pointcloud,12_colmap_stereo_fusion_high_safe_nohup.log,points_mentioned_663,2689402,points,2689402.0
pointcloud,12_colmap_stereo_fusion_high_safe_nohup.log,points_mentioned_664,2711125,points,2711125.0
pointcloud,12_colmap_stereo_fusion_high_safe_nohup.log,points_mentioned_665,2714907,points,2714907.0
pointcloud,12_colmap_stereo_fusion_high_safe_nohup.log,points_mentioned_666,2715784,points,2715784.0
pointcloud,12_colmap_stereo_fusion_high_safe_nohup.log,points_mentioned_667,2722332,points,2722332.0
pointcloud,12_colmap_stereo_fusion_high_safe_nohup.log,points_mentioned_668,2725379,points,2725379.0
pointcloud,12_colmap_stereo_fusion_high_safe_nohup.log,points_mentioned_669,2733369,points,2733369.0
pointcloud,12_colmap_stereo_fusion_high_safe_nohup.log,points_mentioned_670,2742329,points,2742329.0
pointcloud,12_colmap_stereo_fusion_high_safe_nohup.log,points_mentioned_671,2753631,points,2753631.0
pointcloud,12_colmap_stereo_fusion_high_safe_nohup.log,points_mentioned_672,2757509,points,2757509.0
pointcloud,12_colmap_stereo_fusion_high_safe_nohup.log,points_mentioned_673,2759974,points,2759974.0
pointcloud,12_colmap_stereo_fusion_high_safe_nohup.log,points_mentioned_674,2762156,points,2762156.0
pointcloud,12_colmap_stereo_fusion_high_safe_nohup.log,points_mentioned_675,2764790,points,2764790.0
pointcloud,12_colmap_stereo_fusion_high_safe_nohup.log,points_mentioned_676,2766806,points,2766806.0
pointcloud,12_colmap_stereo_fusion_high_safe_nohup.log,points_mentioned_677,2766904,points,2766904.0
pointcloud,12_colmap_stereo_fusion_high_safe_nohup.log,points_mentioned_678,2766904,points,2766904.0
pointcloud,12_colmap_stereo_fusion_high_safe_nohup.log,points_mentioned_679,2766904,points,2766904.0
pointcloud,12_colmap_stereo_fusion_high_safe_nohup.log,points_mentioned_680,2766904,points,2766904.0
pointcloud,12_colmap_stereo_fusion_high_safe_nohup.log,points_mentioned_681,2767064,points,2767064.0
pointcloud,12_colmap_stereo_fusion_high_safe_nohup.log,points_mentioned_682,2767101,points,2767101.0
pointcloud,12_colmap_stereo_fusion_high_safe_nohup.log,points_mentioned_683,2767101,points,2767101.0
pointcloud,12_colmap_stereo_fusion_high_safe_nohup.log,points_mentioned_684,2767101,points,2767101.0
pointcloud,12_colmap_stereo_fusion_high_safe_nohup.log,points_mentioned_685,2778848,points,2778848.0
pointcloud,12_colmap_stereo_fusion_high_safe_nohup.log,points_mentioned_686,2788177,points,2788177.0
pointcloud,12_colmap_stereo_fusion_high_safe_nohup.log,points_mentioned_687,2794716,points,2794716.0
pointcloud,12_colmap_stereo_fusion_high_safe_nohup.log,points_mentioned_688,2798938,points,2798938.0
pointcloud,12_colmap_stereo_fusion_high_safe_nohup.log,points_mentioned_689,2807055,points,2807055.0
pointcloud,12_colmap_stereo_fusion_high_safe_nohup.log,points_mentioned_690,2810669,points,2810669.0
pointcloud,12_colmap_stereo_fusion_high_safe_nohup.log,points_mentioned_691,2813776,points,2813776.0
pointcloud,12_colmap_stereo_fusion_high_safe_nohup.log,points_mentioned_692,2817167,points,2817167.0
pointcloud,12_colmap_stereo_fusion_high_safe_nohup.log,points_mentioned_693,2817710,points,2817710.0
pointcloud,12_colmap_stereo_fusion_high_safe_nohup.log,points_mentioned_694,2817913,points,2817913.0
pointcloud,12_colmap_stereo_fusion_high_safe_nohup.log,points_mentioned_695,2818122,points,2818122.0
pointcloud,12_colmap_stereo_fusion_high_safe_nohup.log,points_mentioned_696,2818281,points,2818281.0
pointcloud,12_colmap_stereo_fusion_high_safe_nohup.log,points_mentioned_697,2818543,points,2818543.0
pointcloud,12_colmap_stereo_fusion_high_safe_nohup.log,points_mentioned_698,2818549,points,2818549.0
pointcloud,12_colmap_stereo_fusion_high_safe_nohup.log,points_mentioned_699,2818549,points,2818549.0
pointcloud,12_colmap_stereo_fusion_high_safe_nohup.log,points_mentioned_700,2818549,points,2818549.0
pointcloud,12_colmap_stereo_fusion_high_safe_nohup.log,points_mentioned_701,2819953,points,2819953.0
pointcloud,12_colmap_stereo_fusion_high_safe_nohup.log,points_mentioned_702,2820565,points,2820565.0
pointcloud,12_colmap_stereo_fusion_high_safe_nohup.log,points_mentioned_703,2821248,points,2821248.0
pointcloud,12_colmap_stereo_fusion_high_safe_nohup.log,points_mentioned_704,2821930,points,2821930.0
pointcloud,12_colmap_stereo_fusion_high_safe_nohup.log,points_mentioned_705,2821930,points,2821930.0
pointcloud,12_colmap_stereo_fusion_high_safe_nohup.log,points_mentioned_706,2821930,points,2821930.0
pointcloud,12_colmap_stereo_fusion_high_safe_nohup.log,points_mentioned_707,2821930,points,2821930.0
process_status,12_colmap_stereo_fusion_high_safe_nohup.log,status,137,exit_code,137.0
pointcloud,12_colmap_stereo_fusion_medium_high_nohup.log,points_mentioned_1,53566,points,53566.0
pointcloud,12_colmap_stereo_fusion_medium_high_nohup.log,points_mentioned_2,62116,points,62116.0
pointcloud,12_colmap_stereo_fusion_medium_high_nohup.log,points_mentioned_3,68437,points,68437.0
pointcloud,12_colmap_stereo_fusion_medium_high_nohup.log,points_mentioned_4,76611,points,76611.0
pointcloud,12_colmap_stereo_fusion_medium_high_nohup.log,points_mentioned_5,84152,points,84152.0
pointcloud,12_colmap_stereo_fusion_medium_high_nohup.log,points_mentioned_6,87336,points,87336.0
pointcloud,12_colmap_stereo_fusion_medium_high_nohup.log,points_mentioned_7,98047,points,98047.0
pointcloud,12_colmap_stereo_fusion_medium_high_nohup.log,points_mentioned_8,107485,points,107485.0
pointcloud,12_colmap_stereo_fusion_medium_high_nohup.log,points_mentioned_9,115455,points,115455.0
pointcloud,12_colmap_stereo_fusion_medium_high_nohup.log,points_mentioned_10,122534,points,122534.0
pointcloud,12_colmap_stereo_fusion_medium_high_nohup.log,points_mentioned_11,132708,points,132708.0
pointcloud,12_colmap_stereo_fusion_medium_high_nohup.log,points_mentioned_12,134771,points,134771.0
pointcloud,12_colmap_stereo_fusion_medium_high_nohup.log,points_mentioned_13,135670,points,135670.0
pointcloud,12_colmap_stereo_fusion_medium_high_nohup.log,points_mentioned_14,137888,points,137888.0
pointcloud,12_colmap_stereo_fusion_medium_high_nohup.log,points_mentioned_15,143026,points,143026.0
pointcloud,12_colmap_stereo_fusion_medium_high_nohup.log,points_mentioned_16,143552,points,143552.0
pointcloud,12_colmap_stereo_fusion_medium_high_nohup.log,points_mentioned_17,143621,points,143621.0
pointcloud,12_colmap_stereo_fusion_medium_high_nohup.log,points_mentioned_18,143629,points,143629.0
pointcloud,12_colmap_stereo_fusion_medium_high_nohup.log,points_mentioned_19,143630,points,143630.0
pointcloud,12_colmap_stereo_fusion_medium_high_nohup.log,points_mentioned_20,143630,points,143630.0
pointcloud,12_colmap_stereo_fusion_medium_high_nohup.log,points_mentioned_21,143630,points,143630.0
pointcloud,12_colmap_stereo_fusion_medium_high_nohup.log,points_mentioned_22,144481,points,144481.0
pointcloud,12_colmap_stereo_fusion_medium_high_nohup.log,points_mentioned_23,144665,points,144665.0
pointcloud,12_colmap_stereo_fusion_medium_high_nohup.log,points_mentioned_24,144948,points,144948.0
pointcloud,12_colmap_stereo_fusion_medium_high_nohup.log,points_mentioned_25,145119,points,145119.0
pointcloud,12_colmap_stereo_fusion_medium_high_nohup.log,points_mentioned_26,146391,points,146391.0
pointcloud,12_colmap_stereo_fusion_medium_high_nohup.log,points_mentioned_27,148617,points,148617.0
pointcloud,12_colmap_stereo_fusion_medium_high_nohup.log,points_mentioned_28,148617,points,148617.0
pointcloud,12_colmap_stereo_fusion_medium_high_nohup.log,points_mentioned_29,148617,points,148617.0
pointcloud,12_colmap_stereo_fusion_medium_high_nohup.log,points_mentioned_30,148617,points,148617.0
pointcloud,12_colmap_stereo_fusion_medium_high_nohup.log,points_mentioned_31,148617,points,148617.0
pointcloud,12_colmap_stereo_fusion_medium_high_nohup.log,points_mentioned_32,148617,points,148617.0
pointcloud,12_colmap_stereo_fusion_medium_high_nohup.log,points_mentioned_33,148617,points,148617.0
pointcloud,12_colmap_stereo_fusion_medium_high_nohup.log,points_mentioned_34,191637,points,191637.0
pointcloud,12_colmap_stereo_fusion_medium_high_nohup.log,points_mentioned_35,206188,points,206188.0
pointcloud,12_colmap_stereo_fusion_medium_high_nohup.log,points_mentioned_36,210209,points,210209.0
pointcloud,12_colmap_stereo_fusion_medium_high_nohup.log,points_mentioned_37,214563,points,214563.0
pointcloud,12_colmap_stereo_fusion_medium_high_nohup.log,points_mentioned_38,216735,points,216735.0
pointcloud,12_colmap_stereo_fusion_medium_high_nohup.log,points_mentioned_39,221003,points,221003.0
pointcloud,12_colmap_stereo_fusion_medium_high_nohup.log,points_mentioned_40,222314,points,222314.0
pointcloud,12_colmap_stereo_fusion_medium_high_nohup.log,points_mentioned_41,222338,points,222338.0
pointcloud,12_colmap_stereo_fusion_medium_high_nohup.log,points_mentioned_42,222338,points,222338.0
pointcloud,12_colmap_stereo_fusion_medium_high_nohup.log,points_mentioned_43,222350,points,222350.0
pointcloud,12_colmap_stereo_fusion_medium_high_nohup.log,points_mentioned_44,222453,points,222453.0
pointcloud,12_colmap_stereo_fusion_medium_high_nohup.log,points_mentioned_45,223137,points,223137.0
pointcloud,12_colmap_stereo_fusion_medium_high_nohup.log,points_mentioned_46,234840,points,234840.0
pointcloud,12_colmap_stereo_fusion_medium_high_nohup.log,points_mentioned_47,245918,points,245918.0
pointcloud,12_colmap_stereo_fusion_medium_high_nohup.log,points_mentioned_48,249186,points,249186.0
pointcloud,12_colmap_stereo_fusion_medium_high_nohup.log,points_mentioned_49,256509,points,256509.0
pointcloud,12_colmap_stereo_fusion_medium_high_nohup.log,points_mentioned_50,257976,points,257976.0
pointcloud,12_colmap_stereo_fusion_medium_high_nohup.log,points_mentioned_51,258498,points,258498.0
pointcloud,12_colmap_stereo_fusion_medium_high_nohup.log,points_mentioned_52,258801,points,258801.0
pointcloud,12_colmap_stereo_fusion_medium_high_nohup.log,points_mentioned_53,259632,points,259632.0
pointcloud,12_colmap_stereo_fusion_medium_high_nohup.log,points_mentioned_54,260356,points,260356.0
pointcloud,12_colmap_stereo_fusion_medium_high_nohup.log,points_mentioned_55,263337,points,263337.0
pointcloud,12_colmap_stereo_fusion_medium_high_nohup.log,points_mentioned_56,265017,points,265017.0
pointcloud,12_colmap_stereo_fusion_medium_high_nohup.log,points_mentioned_57,267041,points,267041.0
pointcloud,12_colmap_stereo_fusion_medium_high_nohup.log,points_mentioned_58,270477,points,270477.0
pointcloud,12_colmap_stereo_fusion_medium_high_nohup.log,points_mentioned_59,285889,points,285889.0
pointcloud,12_colmap_stereo_fusion_medium_high_nohup.log,points_mentioned_60,293656,points,293656.0
pointcloud,12_colmap_stereo_fusion_medium_high_nohup.log,points_mentioned_61,296725,points,296725.0
pointcloud,12_colmap_stereo_fusion_medium_high_nohup.log,points_mentioned_62,298958,points,298958.0
pointcloud,12_colmap_stereo_fusion_medium_high_nohup.log,points_mentioned_63,300201,points,300201.0
pointcloud,12_colmap_stereo_fusion_medium_high_nohup.log,points_mentioned_64,301516,points,301516.0
pointcloud,12_colmap_stereo_fusion_medium_high_nohup.log,points_mentioned_65,312175,points,312175.0
pointcloud,12_colmap_stereo_fusion_medium_high_nohup.log,points_mentioned_66,322827,points,322827.0
pointcloud,12_colmap_stereo_fusion_medium_high_nohup.log,points_mentioned_67,327690,points,327690.0
pointcloud,12_colmap_stereo_fusion_medium_high_nohup.log,points_mentioned_68,329349,points,329349.0
pointcloud,12_colmap_stereo_fusion_medium_high_nohup.log,points_mentioned_69,330065,points,330065.0
pointcloud,12_colmap_stereo_fusion_medium_high_nohup.log,points_mentioned_70,330300,points,330300.0
pointcloud,12_colmap_stereo_fusion_medium_high_nohup.log,points_mentioned_71,330386,points,330386.0
pointcloud,12_colmap_stereo_fusion_medium_high_nohup.log,points_mentioned_72,330405,points,330405.0
pointcloud,12_colmap_stereo_fusion_medium_high_nohup.log,points_mentioned_73,330419,points,330419.0
pointcloud,12_colmap_stereo_fusion_medium_high_nohup.log,points_mentioned_74,330432,points,330432.0
pointcloud,12_colmap_stereo_fusion_medium_high_nohup.log,points_mentioned_75,330432,points,330432.0
pointcloud,12_colmap_stereo_fusion_medium_high_nohup.log,points_mentioned_76,330452,points,330452.0
pointcloud,12_colmap_stereo_fusion_medium_high_nohup.log,points_mentioned_77,330452,points,330452.0
pointcloud,12_colmap_stereo_fusion_medium_high_nohup.log,points_mentioned_78,330452,points,330452.0
pointcloud,12_colmap_stereo_fusion_medium_high_nohup.log,points_mentioned_79,330537,points,330537.0
pointcloud,12_colmap_stereo_fusion_medium_high_nohup.log,points_mentioned_80,330561,points,330561.0
pointcloud,12_colmap_stereo_fusion_medium_high_nohup.log,points_mentioned_81,330572,points,330572.0
pointcloud,12_colmap_stereo_fusion_medium_high_nohup.log,points_mentioned_82,330582,points,330582.0
pointcloud,12_colmap_stereo_fusion_medium_high_nohup.log,points_mentioned_83,330582,points,330582.0
pointcloud,12_colmap_stereo_fusion_medium_high_nohup.log,points_mentioned_84,330582,points,330582.0
pointcloud,12_colmap_stereo_fusion_medium_high_nohup.log,points_mentioned_85,330582,points,330582.0
pointcloud,12_colmap_stereo_fusion_medium_high_nohup.log,points_mentioned_86,330582,points,330582.0
pointcloud,12_colmap_stereo_fusion_medium_high_nohup.log,points_mentioned_87,330582,points,330582.0
pointcloud,12_colmap_stereo_fusion_medium_high_nohup.log,points_mentioned_88,330582,points,330582.0
pointcloud,12_colmap_stereo_fusion_medium_high_nohup.log,points_mentioned_89,330582,points,330582.0
pointcloud,12_colmap_stereo_fusion_medium_high_nohup.log,points_mentioned_90,335855,points,335855.0
pointcloud,12_colmap_stereo_fusion_medium_high_nohup.log,points_mentioned_91,335855,points,335855.0
pointcloud,12_colmap_stereo_fusion_medium_high_nohup.log,points_mentioned_92,335855,points,335855.0
pointcloud,12_colmap_stereo_fusion_medium_high_nohup.log,points_mentioned_93,340262,points,340262.0
pointcloud,12_colmap_stereo_fusion_medium_high_nohup.log,points_mentioned_94,346342,points,346342.0
pointcloud,12_colmap_stereo_fusion_medium_high_nohup.log,points_mentioned_95,358253,points,358253.0
pointcloud,12_colmap_stereo_fusion_medium_high_nohup.log,points_mentioned_96,362288,points,362288.0
pointcloud,12_colmap_stereo_fusion_medium_high_nohup.log,points_mentioned_97,363312,points,363312.0
pointcloud,12_colmap_stereo_fusion_medium_high_nohup.log,points_mentioned_98,367972,points,367972.0
pointcloud,12_colmap_stereo_fusion_medium_high_nohup.log,points_mentioned_99,370809,points,370809.0
pointcloud,12_colmap_stereo_fusion_medium_high_nohup.log,points_mentioned_100,371860,points,371860.0
pointcloud,12_colmap_stereo_fusion_medium_high_nohup.log,points_mentioned_101,372210,points,372210.0
pointcloud,12_colmap_stereo_fusion_medium_high_nohup.log,points_mentioned_102,372352,points,372352.0
pointcloud,12_colmap_stereo_fusion_medium_high_nohup.log,points_mentioned_103,372389,points,372389.0
pointcloud,12_colmap_stereo_fusion_medium_high_nohup.log,points_mentioned_104,372402,points,372402.0
pointcloud,12_colmap_stereo_fusion_medium_high_nohup.log,points_mentioned_105,372405,points,372405.0
pointcloud,12_colmap_stereo_fusion_medium_high_nohup.log,points_mentioned_106,372407,points,372407.0
pointcloud,12_colmap_stereo_fusion_medium_high_nohup.log,points_mentioned_107,372407,points,372407.0
pointcloud,12_colmap_stereo_fusion_medium_high_nohup.log,points_mentioned_108,372411,points,372411.0
pointcloud,12_colmap_stereo_fusion_medium_high_nohup.log,points_mentioned_109,372411,points,372411.0
pointcloud,12_colmap_stereo_fusion_medium_high_nohup.log,points_mentioned_110,372411,points,372411.0
pointcloud,12_colmap_stereo_fusion_medium_high_nohup.log,points_mentioned_111,372411,points,372411.0
pointcloud,12_colmap_stereo_fusion_medium_high_nohup.log,points_mentioned_112,372411,points,372411.0
pointcloud,12_colmap_stereo_fusion_medium_high_nohup.log,points_mentioned_113,424455,points,424455.0
pointcloud,12_colmap_stereo_fusion_medium_high_nohup.log,points_mentioned_114,441685,points,441685.0
pointcloud,12_colmap_stereo_fusion_medium_high_nohup.log,points_mentioned_115,447310,points,447310.0
pointcloud,12_colmap_stereo_fusion_medium_high_nohup.log,points_mentioned_116,448811,points,448811.0
pointcloud,12_colmap_stereo_fusion_medium_high_nohup.log,points_mentioned_117,449169,points,449169.0
pointcloud,12_colmap_stereo_fusion_medium_high_nohup.log,points_mentioned_118,449315,points,449315.0
pointcloud,12_colmap_stereo_fusion_medium_high_nohup.log,points_mentioned_119,449367,points,449367.0
pointcloud,12_colmap_stereo_fusion_medium_high_nohup.log,points_mentioned_120,449385,points,449385.0
pointcloud,12_colmap_stereo_fusion_medium_high_nohup.log,points_mentioned_121,449395,points,449395.0
pointcloud,12_colmap_stereo_fusion_medium_high_nohup.log,points_mentioned_122,449408,points,449408.0
pointcloud,12_colmap_stereo_fusion_medium_high_nohup.log,points_mentioned_123,449409,points,449409.0
pointcloud,12_colmap_stereo_fusion_medium_high_nohup.log,points_mentioned_124,449409,points,449409.0
pointcloud,12_colmap_stereo_fusion_medium_high_nohup.log,points_mentioned_125,449409,points,449409.0
pointcloud,12_colmap_stereo_fusion_medium_high_nohup.log,points_mentioned_126,449409,points,449409.0
pointcloud,12_colmap_stereo_fusion_medium_high_nohup.log,points_mentioned_127,449409,points,449409.0
pointcloud,12_colmap_stereo_fusion_medium_high_nohup.log,points_mentioned_128,462732,points,462732.0
pointcloud,12_colmap_stereo_fusion_medium_high_nohup.log,points_mentioned_129,463929,points,463929.0
pointcloud,12_colmap_stereo_fusion_medium_high_nohup.log,points_mentioned_130,463929,points,463929.0
pointcloud,12_colmap_stereo_fusion_medium_high_nohup.log,points_mentioned_131,463929,points,463929.0
pointcloud,12_colmap_stereo_fusion_medium_high_nohup.log,points_mentioned_132,512372,points,512372.0
pointcloud,12_colmap_stereo_fusion_medium_high_nohup.log,points_mentioned_133,524806,points,524806.0
pointcloud,12_colmap_stereo_fusion_medium_high_nohup.log,points_mentioned_134,530331,points,530331.0
pointcloud,12_colmap_stereo_fusion_medium_high_nohup.log,points_mentioned_135,531820,points,531820.0
pointcloud,12_colmap_stereo_fusion_medium_high_nohup.log,points_mentioned_136,532657,points,532657.0
pointcloud,12_colmap_stereo_fusion_medium_high_nohup.log,points_mentioned_137,535374,points,535374.0
pointcloud,12_colmap_stereo_fusion_medium_high_nohup.log,points_mentioned_138,539221,points,539221.0
pointcloud,12_colmap_stereo_fusion_medium_high_nohup.log,points_mentioned_139,540729,points,540729.0
pointcloud,12_colmap_stereo_fusion_medium_high_nohup.log,points_mentioned_140,541525,points,541525.0
pointcloud,12_colmap_stereo_fusion_medium_high_nohup.log,points_mentioned_141,541681,points,541681.0
pointcloud,12_colmap_stereo_fusion_medium_high_nohup.log,points_mentioned_142,541714,points,541714.0
pointcloud,12_colmap_stereo_fusion_medium_high_nohup.log,points_mentioned_143,541722,points,541722.0
pointcloud,12_colmap_stereo_fusion_medium_high_nohup.log,points_mentioned_144,541722,points,541722.0
pointcloud,12_colmap_stereo_fusion_medium_high_nohup.log,points_mentioned_145,541722,points,541722.0
pointcloud,12_colmap_stereo_fusion_medium_high_nohup.log,points_mentioned_146,541722,points,541722.0
pointcloud,12_colmap_stereo_fusion_medium_high_nohup.log,points_mentioned_147,541722,points,541722.0
pointcloud,12_colmap_stereo_fusion_medium_high_nohup.log,points_mentioned_148,541722,points,541722.0
pointcloud,12_colmap_stereo_fusion_medium_high_nohup.log,points_mentioned_149,541722,points,541722.0
pointcloud,12_colmap_stereo_fusion_medium_high_nohup.log,points_mentioned_150,563006,points,563006.0
pointcloud,12_colmap_stereo_fusion_medium_high_nohup.log,points_mentioned_151,569551,points,569551.0
pointcloud,12_colmap_stereo_fusion_medium_high_nohup.log,points_mentioned_152,573561,points,573561.0
pointcloud,12_colmap_stereo_fusion_medium_high_nohup.log,points_mentioned_153,577860,points,577860.0
pointcloud,12_colmap_stereo_fusion_medium_high_nohup.log,points_mentioned_154,581894,points,581894.0
pointcloud,12_colmap_stereo_fusion_medium_high_nohup.log,points_mentioned_155,584722,points,584722.0
pointcloud,12_colmap_stereo_fusion_medium_high_nohup.log,points_mentioned_156,586662,points,586662.0
pointcloud,12_colmap_stereo_fusion_medium_high_nohup.log,points_mentioned_157,587968,points,587968.0
pointcloud,12_colmap_stereo_fusion_medium_high_nohup.log,points_mentioned_158,589709,points,589709.0
pointcloud,12_colmap_stereo_fusion_medium_high_nohup.log,points_mentioned_159,590516,points,590516.0
pointcloud,12_colmap_stereo_fusion_medium_high_nohup.log,points_mentioned_160,592646,points,592646.0
pointcloud,12_colmap_stereo_fusion_medium_high_nohup.log,points_mentioned_161,598108,points,598108.0
pointcloud,12_colmap_stereo_fusion_medium_high_nohup.log,points_mentioned_162,599376,points,599376.0
pointcloud,12_colmap_stereo_fusion_medium_high_nohup.log,points_mentioned_163,599718,points,599718.0
pointcloud,12_colmap_stereo_fusion_medium_high_nohup.log,points_mentioned_164,599831,points,599831.0
pointcloud,12_colmap_stereo_fusion_medium_high_nohup.log,points_mentioned_165,599849,points,599849.0
pointcloud,12_colmap_stereo_fusion_medium_high_nohup.log,points_mentioned_166,599852,points,599852.0
pointcloud,12_colmap_stereo_fusion_medium_high_nohup.log,points_mentioned_167,599852,points,599852.0
pointcloud,12_colmap_stereo_fusion_medium_high_nohup.log,points_mentioned_168,599852,points,599852.0
pointcloud,12_colmap_stereo_fusion_medium_high_nohup.log,points_mentioned_169,599852,points,599852.0
pointcloud,12_colmap_stereo_fusion_medium_high_nohup.log,points_mentioned_170,599852,points,599852.0
pointcloud,12_colmap_stereo_fusion_medium_high_nohup.log,points_mentioned_171,599852,points,599852.0
pointcloud,12_colmap_stereo_fusion_medium_high_nohup.log,points_mentioned_172,626563,points,626563.0
pointcloud,12_colmap_stereo_fusion_medium_high_nohup.log,points_mentioned_173,632527,points,632527.0
pointcloud,12_colmap_stereo_fusion_medium_high_nohup.log,points_mentioned_174,635601,points,635601.0
pointcloud,12_colmap_stereo_fusion_medium_high_nohup.log,points_mentioned_175,636967,points,636967.0
pointcloud,12_colmap_stereo_fusion_medium_high_nohup.log,points_mentioned_176,637740,points,637740.0
pointcloud,12_colmap_stereo_fusion_medium_high_nohup.log,points_mentioned_177,638964,points,638964.0
pointcloud,12_colmap_stereo_fusion_medium_high_nohup.log,points_mentioned_178,639330,points,639330.0
pointcloud,12_colmap_stereo_fusion_medium_high_nohup.log,points_mentioned_179,640015,points,640015.0
pointcloud,12_colmap_stereo_fusion_medium_high_nohup.log,points_mentioned_180,640680,points,640680.0
pointcloud,12_colmap_stereo_fusion_medium_high_nohup.log,points_mentioned_181,640738,points,640738.0
pointcloud,12_colmap_stereo_fusion_medium_high_nohup.log,points_mentioned_182,641646,points,641646.0
pointcloud,12_colmap_stereo_fusion_medium_high_nohup.log,points_mentioned_183,642971,points,642971.0
pointcloud,12_colmap_stereo_fusion_medium_high_nohup.log,points_mentioned_184,667247,points,667247.0
pointcloud,12_colmap_stereo_fusion_medium_high_nohup.log,points_mentioned_185,673894,points,673894.0
pointcloud,12_colmap_stereo_fusion_medium_high_nohup.log,points_mentioned_186,687733,points,687733.0
pointcloud,12_colmap_stereo_fusion_medium_high_nohup.log,points_mentioned_187,691553,points,691553.0
pointcloud,12_colmap_stereo_fusion_medium_high_nohup.log,points_mentioned_188,693193,points,693193.0
pointcloud,12_colmap_stereo_fusion_medium_high_nohup.log,points_mentioned_189,694106,points,694106.0
pointcloud,12_colmap_stereo_fusion_medium_high_nohup.log,points_mentioned_190,694631,points,694631.0
pointcloud,12_colmap_stereo_fusion_medium_high_nohup.log,points_mentioned_191,695243,points,695243.0
pointcloud,12_colmap_stereo_fusion_medium_high_nohup.log,points_mentioned_192,695493,points,695493.0
pointcloud,12_colmap_stereo_fusion_medium_high_nohup.log,points_mentioned_193,695568,points,695568.0
pointcloud,12_colmap_stereo_fusion_medium_high_nohup.log,points_mentioned_194,695583,points,695583.0
pointcloud,12_colmap_stereo_fusion_medium_high_nohup.log,points_mentioned_195,695588,points,695588.0
pointcloud,12_colmap_stereo_fusion_medium_high_nohup.log,points_mentioned_196,695590,points,695590.0
pointcloud,12_colmap_stereo_fusion_medium_high_nohup.log,points_mentioned_197,695590,points,695590.0
pointcloud,12_colmap_stereo_fusion_medium_high_nohup.log,points_mentioned_198,695590,points,695590.0
pointcloud,12_colmap_stereo_fusion_medium_high_nohup.log,points_mentioned_199,695590,points,695590.0
pointcloud,12_colmap_stereo_fusion_medium_high_nohup.log,points_mentioned_200,695590,points,695590.0
pointcloud,12_colmap_stereo_fusion_medium_high_nohup.log,points_mentioned_201,695590,points,695590.0
pointcloud,12_colmap_stereo_fusion_medium_high_nohup.log,points_mentioned_202,695590,points,695590.0
pointcloud,12_colmap_stereo_fusion_medium_high_nohup.log,points_mentioned_203,695590,points,695590.0
pointcloud,12_colmap_stereo_fusion_medium_high_nohup.log,points_mentioned_204,695590,points,695590.0
pointcloud,12_colmap_stereo_fusion_medium_high_nohup.log,points_mentioned_205,695590,points,695590.0
pointcloud,12_colmap_stereo_fusion_medium_high_nohup.log,points_mentioned_206,695590,points,695590.0
pointcloud,12_colmap_stereo_fusion_medium_high_nohup.log,points_mentioned_207,695590,points,695590.0
pointcloud,12_colmap_stereo_fusion_medium_high_nohup.log,points_mentioned_208,695590,points,695590.0
pointcloud,12_colmap_stereo_fusion_medium_high_nohup.log,points_mentioned_209,718166,points,718166.0
pointcloud,12_colmap_stereo_fusion_medium_high_nohup.log,points_mentioned_210,723047,points,723047.0
pointcloud,12_colmap_stereo_fusion_medium_high_nohup.log,points_mentioned_211,728497,points,728497.0
pointcloud,12_colmap_stereo_fusion_medium_high_nohup.log,points_mentioned_212,737718,points,737718.0
pointcloud,12_colmap_stereo_fusion_medium_high_nohup.log,points_mentioned_213,743989,points,743989.0
pointcloud,12_colmap_stereo_fusion_medium_high_nohup.log,points_mentioned_214,746005,points,746005.0
pointcloud,12_colmap_stereo_fusion_medium_high_nohup.log,points_mentioned_215,747651,points,747651.0
pointcloud,12_colmap_stereo_fusion_medium_high_nohup.log,points_mentioned_216,750086,points,750086.0
pointcloud,12_colmap_stereo_fusion_medium_high_nohup.log,points_mentioned_217,751035,points,751035.0
pointcloud,12_colmap_stereo_fusion_medium_high_nohup.log,points_mentioned_218,752149,points,752149.0
pointcloud,12_colmap_stereo_fusion_medium_high_nohup.log,points_mentioned_219,754500,points,754500.0
pointcloud,12_colmap_stereo_fusion_medium_high_nohup.log,points_mentioned_220,762018,points,762018.0
pointcloud,12_colmap_stereo_fusion_medium_high_nohup.log,points_mentioned_221,764877,points,764877.0
pointcloud,12_colmap_stereo_fusion_medium_high_nohup.log,points_mentioned_222,765951,points,765951.0
pointcloud,12_colmap_stereo_fusion_medium_high_nohup.log,points_mentioned_223,766417,points,766417.0
pointcloud,12_colmap_stereo_fusion_medium_high_nohup.log,points_mentioned_224,766725,points,766725.0
pointcloud,12_colmap_stereo_fusion_medium_high_nohup.log,points_mentioned_225,767352,points,767352.0
pointcloud,12_colmap_stereo_fusion_medium_high_nohup.log,points_mentioned_226,767884,points,767884.0
pointcloud,12_colmap_stereo_fusion_medium_high_nohup.log,points_mentioned_227,769631,points,769631.0
pointcloud,12_colmap_stereo_fusion_medium_high_nohup.log,points_mentioned_228,779437,points,779437.0
pointcloud,12_colmap_stereo_fusion_medium_high_nohup.log,points_mentioned_229,785153,points,785153.0
pointcloud,12_colmap_stereo_fusion_medium_high_nohup.log,points_mentioned_230,786732,points,786732.0
pointcloud,12_colmap_stereo_fusion_medium_high_nohup.log,points_mentioned_231,787591,points,787591.0
pointcloud,12_colmap_stereo_fusion_medium_high_nohup.log,points_mentioned_232,789246,points,789246.0
pointcloud,12_colmap_stereo_fusion_medium_high_nohup.log,points_mentioned_233,789443,points,789443.0
pointcloud,12_colmap_stereo_fusion_medium_high_nohup.log,points_mentioned_234,789539,points,789539.0
pointcloud,12_colmap_stereo_fusion_medium_high_nohup.log,points_mentioned_235,789627,points,789627.0
pointcloud,12_colmap_stereo_fusion_medium_high_nohup.log,points_mentioned_236,789806,points,789806.0
pointcloud,12_colmap_stereo_fusion_medium_high_nohup.log,points_mentioned_237,789806,points,789806.0
pointcloud,12_colmap_stereo_fusion_medium_high_nohup.log,points_mentioned_238,789806,points,789806.0
pointcloud,12_colmap_stereo_fusion_medium_high_nohup.log,points_mentioned_239,789806,points,789806.0
pointcloud,12_colmap_stereo_fusion_medium_high_nohup.log,points_mentioned_240,789806,points,789806.0
pointcloud,12_colmap_stereo_fusion_medium_high_nohup.log,points_mentioned_241,789806,points,789806.0
pointcloud,12_colmap_stereo_fusion_medium_high_nohup.log,points_mentioned_242,820506,points,820506.0
pointcloud,12_colmap_stereo_fusion_medium_high_nohup.log,points_mentioned_243,831924,points,831924.0
pointcloud,12_colmap_stereo_fusion_medium_high_nohup.log,points_mentioned_244,858057,points,858057.0
pointcloud,12_colmap_stereo_fusion_medium_high_nohup.log,points_mentioned_245,860365,points,860365.0
pointcloud,12_colmap_stereo_fusion_medium_high_nohup.log,points_mentioned_246,865866,points,865866.0
pointcloud,12_colmap_stereo_fusion_medium_high_nohup.log,points_mentioned_247,866766,points,866766.0
pointcloud,12_colmap_stereo_fusion_medium_high_nohup.log,points_mentioned_248,887213,points,887213.0
pointcloud,12_colmap_stereo_fusion_medium_high_nohup.log,points_mentioned_249,896197,points,896197.0
pointcloud,12_colmap_stereo_fusion_medium_high_nohup.log,points_mentioned_250,904173,points,904173.0
pointcloud,12_colmap_stereo_fusion_medium_high_nohup.log,points_mentioned_251,906331,points,906331.0
pointcloud,12_colmap_stereo_fusion_medium_high_nohup.log,points_mentioned_252,907165,points,907165.0
pointcloud,12_colmap_stereo_fusion_medium_high_nohup.log,points_mentioned_253,910130,points,910130.0
pointcloud,12_colmap_stereo_fusion_medium_high_nohup.log,points_mentioned_254,912872,points,912872.0
pointcloud,12_colmap_stereo_fusion_medium_high_nohup.log,points_mentioned_255,917868,points,917868.0
pointcloud,12_colmap_stereo_fusion_medium_high_nohup.log,points_mentioned_256,919420,points,919420.0
pointcloud,12_colmap_stereo_fusion_medium_high_nohup.log,points_mentioned_257,919944,points,919944.0
pointcloud,12_colmap_stereo_fusion_medium_high_nohup.log,points_mentioned_258,920193,points,920193.0
pointcloud,12_colmap_stereo_fusion_medium_high_nohup.log,points_mentioned_259,920303,points,920303.0
pointcloud,12_colmap_stereo_fusion_medium_high_nohup.log,points_mentioned_260,920327,points,920327.0
pointcloud,12_colmap_stereo_fusion_medium_high_nohup.log,points_mentioned_261,920605,points,920605.0
pointcloud,12_colmap_stereo_fusion_medium_high_nohup.log,points_mentioned_262,920615,points,920615.0
pointcloud,12_colmap_stereo_fusion_medium_high_nohup.log,points_mentioned_263,920621,points,920621.0
pointcloud,12_colmap_stereo_fusion_medium_high_nohup.log,points_mentioned_264,920652,points,920652.0
pointcloud,12_colmap_stereo_fusion_medium_high_nohup.log,points_mentioned_265,921946,points,921946.0
pointcloud,12_colmap_stereo_fusion_medium_high_nohup.log,points_mentioned_266,923190,points,923190.0
pointcloud,12_colmap_stereo_fusion_medium_high_nohup.log,points_mentioned_267,925282,points,925282.0
pointcloud,12_colmap_stereo_fusion_medium_high_nohup.log,points_mentioned_268,927162,points,927162.0
pointcloud,12_colmap_stereo_fusion_medium_high_nohup.log,points_mentioned_269,937388,points,937388.0
pointcloud,12_colmap_stereo_fusion_medium_high_nohup.log,points_mentioned_270,946570,points,946570.0
pointcloud,12_colmap_stereo_fusion_medium_high_nohup.log,points_mentioned_271,949306,points,949306.0
pointcloud,12_colmap_stereo_fusion_medium_high_nohup.log,points_mentioned_272,950154,points,950154.0
pointcloud,12_colmap_stereo_fusion_medium_high_nohup.log,points_mentioned_273,951794,points,951794.0
pointcloud,12_colmap_stereo_fusion_medium_high_nohup.log,points_mentioned_274,952837,points,952837.0
pointcloud,12_colmap_stereo_fusion_medium_high_nohup.log,points_mentioned_275,953758,points,953758.0
pointcloud,12_colmap_stereo_fusion_medium_high_nohup.log,points_mentioned_276,954211,points,954211.0
pointcloud,12_colmap_stereo_fusion_medium_high_nohup.log,points_mentioned_277,955794,points,955794.0
pointcloud,12_colmap_stereo_fusion_medium_high_nohup.log,points_mentioned_278,956215,points,956215.0
pointcloud,12_colmap_stereo_fusion_medium_high_nohup.log,points_mentioned_279,959408,points,959408.0
pointcloud,12_colmap_stereo_fusion_medium_high_nohup.log,points_mentioned_280,972292,points,972292.0
pointcloud,12_colmap_stereo_fusion_medium_high_nohup.log,points_mentioned_281,982605,points,982605.0
pointcloud,12_colmap_stereo_fusion_medium_high_nohup.log,points_mentioned_282,990625,points,990625.0
pointcloud,12_colmap_stereo_fusion_medium_high_nohup.log,points_mentioned_283,999992,points,999992.0
pointcloud,12_colmap_stereo_fusion_medium_high_nohup.log,points_mentioned_284,1011595,points,1011595.0
pointcloud,12_colmap_stereo_fusion_medium_high_nohup.log,points_mentioned_285,1020973,points,1020973.0
pointcloud,12_colmap_stereo_fusion_medium_high_nohup.log,points_mentioned_286,1023404,points,1023404.0
pointcloud,12_colmap_stereo_fusion_medium_high_nohup.log,points_mentioned_287,1025117,points,1025117.0
pointcloud,12_colmap_stereo_fusion_medium_high_nohup.log,points_mentioned_288,1027503,points,1027503.0
pointcloud,12_colmap_stereo_fusion_medium_high_nohup.log,points_mentioned_289,1028796,points,1028796.0
pointcloud,12_colmap_stereo_fusion_medium_high_nohup.log,points_mentioned_290,1030395,points,1030395.0
pointcloud,12_colmap_stereo_fusion_medium_high_nohup.log,points_mentioned_291,1034135,points,1034135.0
pointcloud,12_colmap_stereo_fusion_medium_high_nohup.log,points_mentioned_292,1035530,points,1035530.0
pointcloud,12_colmap_stereo_fusion_medium_high_nohup.log,points_mentioned_293,1036508,points,1036508.0
pointcloud,12_colmap_stereo_fusion_medium_high_nohup.log,points_mentioned_294,1036874,points,1036874.0
pointcloud,12_colmap_stereo_fusion_medium_high_nohup.log,points_mentioned_295,1037056,points,1037056.0
pointcloud,12_colmap_stereo_fusion_medium_high_nohup.log,points_mentioned_296,1037754,points,1037754.0
pointcloud,12_colmap_stereo_fusion_medium_high_nohup.log,points_mentioned_297,1037829,points,1037829.0
pointcloud,12_colmap_stereo_fusion_medium_high_nohup.log,points_mentioned_298,1037836,points,1037836.0
pointcloud,12_colmap_stereo_fusion_medium_high_nohup.log,points_mentioned_299,1037837,points,1037837.0
pointcloud,12_colmap_stereo_fusion_medium_high_nohup.log,points_mentioned_300,1037837,points,1037837.0
pointcloud,12_colmap_stereo_fusion_medium_high_nohup.log,points_mentioned_301,1037837,points,1037837.0
pointcloud,12_colmap_stereo_fusion_medium_high_nohup.log,points_mentioned_302,1037837,points,1037837.0
pointcloud,12_colmap_stereo_fusion_medium_high_nohup.log,points_mentioned_303,1041532,points,1041532.0
pointcloud,12_colmap_stereo_fusion_medium_high_nohup.log,points_mentioned_304,1044832,points,1044832.0
pointcloud,12_colmap_stereo_fusion_medium_high_nohup.log,points_mentioned_305,1052386,points,1052386.0
pointcloud,12_colmap_stereo_fusion_medium_high_nohup.log,points_mentioned_306,1067674,points,1067674.0
pointcloud,12_colmap_stereo_fusion_medium_high_nohup.log,points_mentioned_307,1075816,points,1075816.0
pointcloud,12_colmap_stereo_fusion_medium_high_nohup.log,points_mentioned_308,1079551,points,1079551.0
pointcloud,12_colmap_stereo_fusion_medium_high_nohup.log,points_mentioned_309,1081755,points,1081755.0
pointcloud,12_colmap_stereo_fusion_medium_high_nohup.log,points_mentioned_310,1084488,points,1084488.0
pointcloud,12_colmap_stereo_fusion_medium_high_nohup.log,points_mentioned_311,1090423,points,1090423.0
pointcloud,12_colmap_stereo_fusion_medium_high_nohup.log,points_mentioned_312,1107180,points,1107180.0
pointcloud,12_colmap_stereo_fusion_medium_high_nohup.log,points_mentioned_313,1116480,points,1116480.0
pointcloud,12_colmap_stereo_fusion_medium_high_nohup.log,points_mentioned_314,1124556,points,1124556.0
pointcloud,12_colmap_stereo_fusion_medium_high_nohup.log,points_mentioned_315,1126739,points,1126739.0
pointcloud,12_colmap_stereo_fusion_medium_high_nohup.log,points_mentioned_316,1127848,points,1127848.0
pointcloud,12_colmap_stereo_fusion_medium_high_nohup.log,points_mentioned_317,1128589,points,1128589.0
pointcloud,12_colmap_stereo_fusion_medium_high_nohup.log,points_mentioned_318,1129166,points,1129166.0
pointcloud,12_colmap_stereo_fusion_medium_high_nohup.log,points_mentioned_319,1129450,points,1129450.0
pointcloud,12_colmap_stereo_fusion_medium_high_nohup.log,points_mentioned_320,1130465,points,1130465.0
pointcloud,12_colmap_stereo_fusion_medium_high_nohup.log,points_mentioned_321,1142013,points,1142013.0
pointcloud,12_colmap_stereo_fusion_medium_high_nohup.log,points_mentioned_322,1151895,points,1151895.0
pointcloud,12_colmap_stereo_fusion_medium_high_nohup.log,points_mentioned_323,1157109,points,1157109.0
pointcloud,12_colmap_stereo_fusion_medium_high_nohup.log,points_mentioned_324,1159485,points,1159485.0
pointcloud,12_colmap_stereo_fusion_medium_high_nohup.log,points_mentioned_325,1162963,points,1162963.0
pointcloud,12_colmap_stereo_fusion_medium_high_nohup.log,points_mentioned_326,1165263,points,1165263.0
pointcloud,12_colmap_stereo_fusion_medium_high_nohup.log,points_mentioned_327,1168863,points,1168863.0
pointcloud,12_colmap_stereo_fusion_medium_high_nohup.log,points_mentioned_328,1172185,points,1172185.0
pointcloud,12_colmap_stereo_fusion_medium_high_nohup.log,points_mentioned_329,1173750,points,1173750.0
pointcloud,12_colmap_stereo_fusion_medium_high_nohup.log,points_mentioned_330,1174349,points,1174349.0
pointcloud,12_colmap_stereo_fusion_medium_high_nohup.log,points_mentioned_331,1174786,points,1174786.0
pointcloud,12_colmap_stereo_fusion_medium_high_nohup.log,points_mentioned_332,1176193,points,1176193.0
pointcloud,12_colmap_stereo_fusion_medium_high_nohup.log,points_mentioned_333,1176193,points,1176193.0
pointcloud,12_colmap_stereo_fusion_medium_high_nohup.log,points_mentioned_334,1176193,points,1176193.0
pointcloud,12_colmap_stereo_fusion_medium_high_nohup.log,points_mentioned_335,1176193,points,1176193.0
pointcloud,12_colmap_stereo_fusion_medium_high_nohup.log,points_mentioned_336,1176224,points,1176224.0
pointcloud,12_colmap_stereo_fusion_medium_high_nohup.log,points_mentioned_337,1176224,points,1176224.0
pointcloud,12_colmap_stereo_fusion_medium_high_nohup.log,points_mentioned_338,1176224,points,1176224.0
pointcloud,12_colmap_stereo_fusion_medium_high_nohup.log,points_mentioned_339,1176224,points,1176224.0
pointcloud,12_colmap_stereo_fusion_medium_high_nohup.log,points_mentioned_340,1176224,points,1176224.0
pointcloud,12_colmap_stereo_fusion_medium_high_nohup.log,points_mentioned_341,1176224,points,1176224.0
pointcloud,12_colmap_stereo_fusion_medium_high_nohup.log,points_mentioned_342,1176224,points,1176224.0
pointcloud,12_colmap_stereo_fusion_medium_high_nohup.log,points_mentioned_343,1176224,points,1176224.0
pointcloud,12_colmap_stereo_fusion_medium_high_nohup.log,points_mentioned_344,1176225,points,1176225.0
pointcloud,12_colmap_stereo_fusion_medium_high_nohup.log,points_mentioned_345,1176225,points,1176225.0
pointcloud,12_colmap_stereo_fusion_medium_high_nohup.log,points_mentioned_346,1176225,points,1176225.0
pointcloud,12_colmap_stereo_fusion_medium_high_nohup.log,points_mentioned_347,1176225,points,1176225.0
pointcloud,12_colmap_stereo_fusion_medium_high_nohup.log,points_mentioned_348,1176225,points,1176225.0
pointcloud,12_colmap_stereo_fusion_medium_high_nohup.log,points_mentioned_349,1216989,points,1216989.0
pointcloud,12_colmap_stereo_fusion_medium_high_nohup.log,points_mentioned_350,1221378,points,1221378.0
pointcloud,12_colmap_stereo_fusion_medium_high_nohup.log,points_mentioned_351,1222902,points,1222902.0
pointcloud,12_colmap_stereo_fusion_medium_high_nohup.log,points_mentioned_352,1225720,points,1225720.0
pointcloud,12_colmap_stereo_fusion_medium_high_nohup.log,points_mentioned_353,1227774,points,1227774.0
pointcloud,12_colmap_stereo_fusion_medium_high_nohup.log,points_mentioned_354,1228804,points,1228804.0
pointcloud,12_colmap_stereo_fusion_medium_high_nohup.log,points_mentioned_355,1228929,points,1228929.0
pointcloud,12_colmap_stereo_fusion_medium_high_nohup.log,points_mentioned_356,1232124,points,1232124.0
pointcloud,12_colmap_stereo_fusion_medium_high_nohup.log,points_mentioned_357,1232367,points,1232367.0
pointcloud,12_colmap_stereo_fusion_medium_high_nohup.log,points_mentioned_358,1234913,points,1234913.0
pointcloud,12_colmap_stereo_fusion_medium_high_nohup.log,points_mentioned_359,1243010,points,1243010.0
pointcloud,12_colmap_stereo_fusion_medium_high_nohup.log,points_mentioned_360,1249991,points,1249991.0
pointcloud,12_colmap_stereo_fusion_medium_high_nohup.log,points_mentioned_361,1268429,points,1268429.0
pointcloud,12_colmap_stereo_fusion_medium_high_nohup.log,points_mentioned_362,1273157,points,1273157.0
pointcloud,12_colmap_stereo_fusion_medium_high_nohup.log,points_mentioned_363,1283805,points,1283805.0
pointcloud,12_colmap_stereo_fusion_medium_high_nohup.log,points_mentioned_364,1294676,points,1294676.0
pointcloud,12_colmap_stereo_fusion_medium_high_nohup.log,points_mentioned_365,1299371,points,1299371.0
pointcloud,12_colmap_stereo_fusion_medium_high_nohup.log,points_mentioned_366,1307291,points,1307291.0
pointcloud,12_colmap_stereo_fusion_medium_high_nohup.log,points_mentioned_367,1311655,points,1311655.0
pointcloud,12_colmap_stereo_fusion_medium_high_nohup.log,points_mentioned_368,1315346,points,1315346.0
pointcloud,12_colmap_stereo_fusion_medium_high_nohup.log,points_mentioned_369,1319393,points,1319393.0
pointcloud,12_colmap_stereo_fusion_medium_high_nohup.log,points_mentioned_370,1323522,points,1323522.0
pointcloud,12_colmap_stereo_fusion_medium_high_nohup.log,points_mentioned_371,1325119,points,1325119.0
pointcloud,12_colmap_stereo_fusion_medium_high_nohup.log,points_mentioned_372,1327001,points,1327001.0
pointcloud,12_colmap_stereo_fusion_medium_high_nohup.log,points_mentioned_373,1328525,points,1328525.0
pointcloud,12_colmap_stereo_fusion_medium_high_nohup.log,points_mentioned_374,1331048,points,1331048.0
pointcloud,12_colmap_stereo_fusion_medium_high_nohup.log,points_mentioned_375,1334969,points,1334969.0
pointcloud,12_colmap_stereo_fusion_medium_high_nohup.log,points_mentioned_376,1340759,points,1340759.0
pointcloud,12_colmap_stereo_fusion_medium_high_nohup.log,points_mentioned_377,1346502,points,1346502.0
pointcloud,12_colmap_stereo_fusion_medium_high_nohup.log,points_mentioned_378,1350935,points,1350935.0
pointcloud,12_colmap_stereo_fusion_medium_high_nohup.log,points_mentioned_379,1358127,points,1358127.0
pointcloud,12_colmap_stereo_fusion_medium_high_nohup.log,points_mentioned_380,1359397,points,1359397.0
pointcloud,12_colmap_stereo_fusion_medium_high_nohup.log,points_mentioned_381,1360065,points,1360065.0
pointcloud,12_colmap_stereo_fusion_medium_high_nohup.log,points_mentioned_382,1360245,points,1360245.0
pointcloud,12_colmap_stereo_fusion_medium_high_nohup.log,points_mentioned_383,1360329,points,1360329.0
pointcloud,12_colmap_stereo_fusion_medium_high_nohup.log,points_mentioned_384,1362524,points,1362524.0
pointcloud,12_colmap_stereo_fusion_medium_high_nohup.log,points_mentioned_385,1366691,points,1366691.0
pointcloud,12_colmap_stereo_fusion_medium_high_nohup.log,points_mentioned_386,1376001,points,1376001.0
pointcloud,12_colmap_stereo_fusion_medium_high_nohup.log,points_mentioned_387,1379716,points,1379716.0
pointcloud,12_colmap_stereo_fusion_medium_high_nohup.log,points_mentioned_388,1387563,points,1387563.0
pointcloud,12_colmap_stereo_fusion_medium_high_nohup.log,points_mentioned_389,1396397,points,1396397.0
pointcloud,12_colmap_stereo_fusion_medium_high_nohup.log,points_mentioned_390,1402663,points,1402663.0
pointcloud,12_colmap_stereo_fusion_medium_high_nohup.log,points_mentioned_391,1408052,points,1408052.0
pointcloud,12_colmap_stereo_fusion_medium_high_nohup.log,points_mentioned_392,1413726,points,1413726.0
pointcloud,12_colmap_stereo_fusion_medium_high_nohup.log,points_mentioned_393,1421317,points,1421317.0
pointcloud,12_colmap_stereo_fusion_medium_high_nohup.log,points_mentioned_394,1422185,points,1422185.0
pointcloud,12_colmap_stereo_fusion_medium_high_nohup.log,points_mentioned_395,1422364,points,1422364.0
pointcloud,12_colmap_stereo_fusion_medium_high_nohup.log,points_mentioned_396,1423022,points,1423022.0
pointcloud,12_colmap_stereo_fusion_medium_high_nohup.log,points_mentioned_397,1424469,points,1424469.0
pointcloud,12_colmap_stereo_fusion_medium_high_nohup.log,points_mentioned_398,1424493,points,1424493.0
pointcloud,12_colmap_stereo_fusion_medium_high_nohup.log,points_mentioned_399,1424499,points,1424499.0
pointcloud,12_colmap_stereo_fusion_medium_high_nohup.log,points_mentioned_400,1424499,points,1424499.0
pointcloud,12_colmap_stereo_fusion_medium_high_nohup.log,points_mentioned_401,1424499,points,1424499.0
pointcloud,12_colmap_stereo_fusion_medium_high_nohup.log,points_mentioned_402,1424499,points,1424499.0
pointcloud,12_colmap_stereo_fusion_medium_high_nohup.log,points_mentioned_403,1462071,points,1462071.0
pointcloud,12_colmap_stereo_fusion_medium_high_nohup.log,points_mentioned_404,1469961,points,1469961.0
pointcloud,12_colmap_stereo_fusion_medium_high_nohup.log,points_mentioned_405,1474718,points,1474718.0
pointcloud,12_colmap_stereo_fusion_medium_high_nohup.log,points_mentioned_406,1479982,points,1479982.0
pointcloud,12_colmap_stereo_fusion_medium_high_nohup.log,points_mentioned_407,1484013,points,1484013.0
pointcloud,12_colmap_stereo_fusion_medium_high_nohup.log,points_mentioned_408,1486291,points,1486291.0
pointcloud,12_colmap_stereo_fusion_medium_high_nohup.log,points_mentioned_409,1487352,points,1487352.0
pointcloud,12_colmap_stereo_fusion_medium_high_nohup.log,points_mentioned_410,1487861,points,1487861.0
pointcloud,12_colmap_stereo_fusion_medium_high_nohup.log,points_mentioned_411,1489553,points,1489553.0
pointcloud,12_colmap_stereo_fusion_medium_high_nohup.log,points_mentioned_412,1495382,points,1495382.0
pointcloud,12_colmap_stereo_fusion_medium_high_nohup.log,points_mentioned_413,1497181,points,1497181.0
pointcloud,12_colmap_stereo_fusion_medium_high_nohup.log,points_mentioned_414,1499835,points,1499835.0
pointcloud,12_colmap_stereo_fusion_medium_high_nohup.log,points_mentioned_415,1500573,points,1500573.0
pointcloud,12_colmap_stereo_fusion_medium_high_nohup.log,points_mentioned_416,1505532,points,1505532.0
pointcloud,12_colmap_stereo_fusion_medium_high_nohup.log,points_mentioned_417,1509716,points,1509716.0
pointcloud,12_colmap_stereo_fusion_medium_high_nohup.log,points_mentioned_418,1512032,points,1512032.0
pointcloud,12_colmap_stereo_fusion_medium_high_nohup.log,points_mentioned_419,1513755,points,1513755.0
pointcloud,12_colmap_stereo_fusion_medium_high_nohup.log,points_mentioned_420,1514301,points,1514301.0
pointcloud,12_colmap_stereo_fusion_medium_high_nohup.log,points_mentioned_421,1515055,points,1515055.0
pointcloud,12_colmap_stereo_fusion_medium_high_nohup.log,points_mentioned_422,1515155,points,1515155.0
pointcloud,12_colmap_stereo_fusion_medium_high_nohup.log,points_mentioned_423,1515207,points,1515207.0
pointcloud,12_colmap_stereo_fusion_medium_high_nohup.log,points_mentioned_424,1515231,points,1515231.0
pointcloud,12_colmap_stereo_fusion_medium_high_nohup.log,points_mentioned_425,1516037,points,1516037.0
pointcloud,12_colmap_stereo_fusion_medium_high_nohup.log,points_mentioned_426,1521902,points,1521902.0
pointcloud,12_colmap_stereo_fusion_medium_high_nohup.log,points_mentioned_427,1523341,points,1523341.0
pointcloud,12_colmap_stereo_fusion_medium_high_nohup.log,points_mentioned_428,1525015,points,1525015.0
pointcloud,12_colmap_stereo_fusion_medium_high_nohup.log,points_mentioned_429,1529777,points,1529777.0
pointcloud,12_colmap_stereo_fusion_medium_high_nohup.log,points_mentioned_430,1533427,points,1533427.0
pointcloud,12_colmap_stereo_fusion_medium_high_nohup.log,points_mentioned_431,1536352,points,1536352.0
pointcloud,12_colmap_stereo_fusion_medium_high_nohup.log,points_mentioned_432,1539895,points,1539895.0
pointcloud,12_colmap_stereo_fusion_medium_high_nohup.log,points_mentioned_433,1546128,points,1546128.0
pointcloud,12_colmap_stereo_fusion_medium_high_nohup.log,points_mentioned_434,1546719,points,1546719.0
pointcloud,12_colmap_stereo_fusion_medium_high_nohup.log,points_mentioned_435,1546732,points,1546732.0
pointcloud,12_colmap_stereo_fusion_medium_high_nohup.log,points_mentioned_436,1546732,points,1546732.0
pointcloud,12_colmap_stereo_fusion_medium_high_nohup.log,points_mentioned_437,1546732,points,1546732.0
pointcloud,12_colmap_stereo_fusion_medium_high_nohup.log,points_mentioned_438,1546732,points,1546732.0
pointcloud,12_colmap_stereo_fusion_medium_high_nohup.log,points_mentioned_439,1546732,points,1546732.0
pointcloud,12_colmap_stereo_fusion_medium_high_nohup.log,points_mentioned_440,1547879,points,1547879.0
pointcloud,12_colmap_stereo_fusion_medium_high_nohup.log,points_mentioned_441,1556764,points,1556764.0
pointcloud,12_colmap_stereo_fusion_medium_high_nohup.log,points_mentioned_442,1559985,points,1559985.0
pointcloud,12_colmap_stereo_fusion_medium_high_nohup.log,points_mentioned_443,1570564,points,1570564.0
pointcloud,12_colmap_stereo_fusion_medium_high_nohup.log,points_mentioned_444,1573418,points,1573418.0
pointcloud,12_colmap_stereo_fusion_medium_high_nohup.log,points_mentioned_445,1574950,points,1574950.0
pointcloud,12_colmap_stereo_fusion_medium_high_nohup.log,points_mentioned_446,1578606,points,1578606.0
pointcloud,12_colmap_stereo_fusion_medium_high_nohup.log,points_mentioned_447,1587730,points,1587730.0
pointcloud,12_colmap_stereo_fusion_medium_high_nohup.log,points_mentioned_448,1592112,points,1592112.0
pointcloud,12_colmap_stereo_fusion_medium_high_nohup.log,points_mentioned_449,1593903,points,1593903.0
pointcloud,12_colmap_stereo_fusion_medium_high_nohup.log,points_mentioned_450,1595963,points,1595963.0
pointcloud,12_colmap_stereo_fusion_medium_high_nohup.log,points_mentioned_451,1597533,points,1597533.0
pointcloud,12_colmap_stereo_fusion_medium_high_nohup.log,points_mentioned_452,1602902,points,1602902.0
pointcloud,12_colmap_stereo_fusion_medium_high_nohup.log,points_mentioned_453,1612526,points,1612526.0
pointcloud,12_colmap_stereo_fusion_medium_high_nohup.log,points_mentioned_454,1614505,points,1614505.0
pointcloud,12_colmap_stereo_fusion_medium_high_nohup.log,points_mentioned_455,1615185,points,1615185.0
pointcloud,12_colmap_stereo_fusion_medium_high_nohup.log,points_mentioned_456,1615421,points,1615421.0
pointcloud,12_colmap_stereo_fusion_medium_high_nohup.log,points_mentioned_457,1615606,points,1615606.0
pointcloud,12_colmap_stereo_fusion_medium_high_nohup.log,points_mentioned_458,1615664,points,1615664.0
pointcloud,12_colmap_stereo_fusion_medium_high_nohup.log,points_mentioned_459,1615679,points,1615679.0
pointcloud,12_colmap_stereo_fusion_medium_high_nohup.log,points_mentioned_460,1615681,points,1615681.0
pointcloud,12_colmap_stereo_fusion_medium_high_nohup.log,points_mentioned_461,1615681,points,1615681.0
pointcloud,12_colmap_stereo_fusion_medium_high_nohup.log,points_mentioned_462,1615681,points,1615681.0
pointcloud,12_colmap_stereo_fusion_medium_high_nohup.log,points_mentioned_463,1615681,points,1615681.0
pointcloud,12_colmap_stereo_fusion_medium_high_nohup.log,points_mentioned_464,1615681,points,1615681.0
pointcloud,12_colmap_stereo_fusion_medium_high_nohup.log,points_mentioned_465,1615705,points,1615705.0
pointcloud,12_colmap_stereo_fusion_medium_high_nohup.log,points_mentioned_466,1615715,points,1615715.0
pointcloud,12_colmap_stereo_fusion_medium_high_nohup.log,points_mentioned_467,1615717,points,1615717.0
pointcloud,12_colmap_stereo_fusion_medium_high_nohup.log,points_mentioned_468,1615717,points,1615717.0
pointcloud,12_colmap_stereo_fusion_medium_high_nohup.log,points_mentioned_469,1615717,points,1615717.0
pointcloud,12_colmap_stereo_fusion_medium_high_nohup.log,points_mentioned_470,1615791,points,1615791.0
pointcloud,12_colmap_stereo_fusion_medium_high_nohup.log,points_mentioned_471,1615831,points,1615831.0
pointcloud,12_colmap_stereo_fusion_medium_high_nohup.log,points_mentioned_472,1615831,points,1615831.0
pointcloud,12_colmap_stereo_fusion_medium_high_nohup.log,points_mentioned_473,1615831,points,1615831.0
pointcloud,12_colmap_stereo_fusion_medium_high_nohup.log,points_mentioned_474,1615831,points,1615831.0
pointcloud,12_colmap_stereo_fusion_medium_high_nohup.log,points_mentioned_475,1615831,points,1615831.0
pointcloud,12_colmap_stereo_fusion_medium_high_nohup.log,points_mentioned_476,1615831,points,1615831.0
pointcloud,12_colmap_stereo_fusion_medium_high_nohup.log,points_mentioned_477,1615831,points,1615831.0
pointcloud,12_colmap_stereo_fusion_medium_high_nohup.log,points_mentioned_478,1615831,points,1615831.0
pointcloud,12_colmap_stereo_fusion_medium_high_nohup.log,points_mentioned_479,1615831,points,1615831.0
pointcloud,12_colmap_stereo_fusion_medium_high_nohup.log,points_mentioned_480,1615831,points,1615831.0
pointcloud,12_colmap_stereo_fusion_medium_high_nohup.log,points_mentioned_481,1637477,points,1637477.0
pointcloud,12_colmap_stereo_fusion_medium_high_nohup.log,points_mentioned_482,1641476,points,1641476.0
pointcloud,12_colmap_stereo_fusion_medium_high_nohup.log,points_mentioned_483,1644042,points,1644042.0
pointcloud,12_colmap_stereo_fusion_medium_high_nohup.log,points_mentioned_484,1646821,points,1646821.0
pointcloud,12_colmap_stereo_fusion_medium_high_nohup.log,points_mentioned_485,1649207,points,1649207.0
pointcloud,12_colmap_stereo_fusion_medium_high_nohup.log,points_mentioned_486,1650615,points,1650615.0
pointcloud,12_colmap_stereo_fusion_medium_high_nohup.log,points_mentioned_487,1651536,points,1651536.0
pointcloud,12_colmap_stereo_fusion_medium_high_nohup.log,points_mentioned_488,1656922,points,1656922.0
pointcloud,12_colmap_stereo_fusion_medium_high_nohup.log,points_mentioned_489,1659205,points,1659205.0
pointcloud,12_colmap_stereo_fusion_medium_high_nohup.log,points_mentioned_490,1661406,points,1661406.0
pointcloud,12_colmap_stereo_fusion_medium_high_nohup.log,points_mentioned_491,1662172,points,1662172.0
pointcloud,12_colmap_stereo_fusion_medium_high_nohup.log,points_mentioned_492,1662504,points,1662504.0
pointcloud,12_colmap_stereo_fusion_medium_high_nohup.log,points_mentioned_493,1662999,points,1662999.0
pointcloud,12_colmap_stereo_fusion_medium_high_nohup.log,points_mentioned_494,1663093,points,1663093.0
pointcloud,12_colmap_stereo_fusion_medium_high_nohup.log,points_mentioned_495,1663141,points,1663141.0
pointcloud,12_colmap_stereo_fusion_medium_high_nohup.log,points_mentioned_496,1663317,points,1663317.0
pointcloud,12_colmap_stereo_fusion_medium_high_nohup.log,points_mentioned_497,1663317,points,1663317.0
pointcloud,12_colmap_stereo_fusion_medium_high_nohup.log,points_mentioned_498,1663317,points,1663317.0
pointcloud,12_colmap_stereo_fusion_medium_high_nohup.log,points_mentioned_499,1674980,points,1674980.0
pointcloud,12_colmap_stereo_fusion_medium_high_nohup.log,points_mentioned_500,1675891,points,1675891.0
pointcloud,12_colmap_stereo_fusion_medium_high_nohup.log,points_mentioned_501,1676654,points,1676654.0
pointcloud,12_colmap_stereo_fusion_medium_high_nohup.log,points_mentioned_502,1678603,points,1678603.0
pointcloud,12_colmap_stereo_fusion_medium_high_nohup.log,points_mentioned_503,1678616,points,1678616.0
pointcloud,12_colmap_stereo_fusion_medium_high_nohup.log,points_mentioned_504,1678616,points,1678616.0
pointcloud,12_colmap_stereo_fusion_medium_high_nohup.log,points_mentioned_505,1678616,points,1678616.0
pointcloud,12_colmap_stereo_fusion_medium_high_nohup.log,points_mentioned_506,1678616,points,1678616.0
pointcloud,12_colmap_stereo_fusion_medium_high_nohup.log,points_mentioned_507,1679085,points,1679085.0
pointcloud,12_colmap_stereo_fusion_medium_high_nohup.log,points_mentioned_508,1683708,points,1683708.0
pointcloud,12_colmap_stereo_fusion_medium_high_nohup.log,points_mentioned_509,1684279,points,1684279.0
pointcloud,12_colmap_stereo_fusion_medium_high_nohup.log,points_mentioned_510,1684473,points,1684473.0
pointcloud,12_colmap_stereo_fusion_medium_high_nohup.log,points_mentioned_511,1684540,points,1684540.0
pointcloud,12_colmap_stereo_fusion_medium_high_nohup.log,points_mentioned_512,1684574,points,1684574.0
pointcloud,12_colmap_stereo_fusion_medium_high_nohup.log,points_mentioned_513,1684574,points,1684574.0
pointcloud,12_colmap_stereo_fusion_medium_high_nohup.log,points_mentioned_514,1684574,points,1684574.0
pointcloud,12_colmap_stereo_fusion_medium_high_nohup.log,points_mentioned_515,1684574,points,1684574.0
pointcloud,12_colmap_stereo_fusion_medium_high_nohup.log,points_mentioned_516,1684574,points,1684574.0
pointcloud,12_colmap_stereo_fusion_medium_high_nohup.log,points_mentioned_517,1684574,points,1684574.0
pointcloud,12_colmap_stereo_fusion_medium_high_nohup.log,points_mentioned_518,1684574,points,1684574.0
pointcloud,12_colmap_stereo_fusion_medium_high_nohup.log,points_mentioned_519,1710545,points,1710545.0
pointcloud,12_colmap_stereo_fusion_medium_high_nohup.log,points_mentioned_520,1711708,points,1711708.0
pointcloud,12_colmap_stereo_fusion_medium_high_nohup.log,points_mentioned_521,1711781,points,1711781.0
pointcloud,12_colmap_stereo_fusion_medium_high_nohup.log,points_mentioned_522,1711781,points,1711781.0
pointcloud,12_colmap_stereo_fusion_medium_high_nohup.log,points_mentioned_523,1711781,points,1711781.0
pointcloud,12_colmap_stereo_fusion_medium_high_nohup.log,points_mentioned_524,1711781,points,1711781.0
pointcloud,12_colmap_stereo_fusion_medium_high_nohup.log,points_mentioned_525,1711781,points,1711781.0
pointcloud,12_colmap_stereo_fusion_medium_high_nohup.log,points_mentioned_526,1711781,points,1711781.0
pointcloud,12_colmap_stereo_fusion_medium_high_nohup.log,points_mentioned_527,1711781,points,1711781.0
pointcloud,12_colmap_stereo_fusion_medium_high_nohup.log,points_mentioned_528,1711781,points,1711781.0
pointcloud,12_colmap_stereo_fusion_medium_high_nohup.log,points_mentioned_529,1711781,points,1711781.0
pointcloud,12_colmap_stereo_fusion_medium_high_nohup.log,points_mentioned_530,1711781,points,1711781.0
pointcloud,12_colmap_stereo_fusion_medium_high_nohup.log,points_mentioned_531,1720133,points,1720133.0
pointcloud,12_colmap_stereo_fusion_medium_high_nohup.log,points_mentioned_532,1728544,points,1728544.0
pointcloud,12_colmap_stereo_fusion_medium_high_nohup.log,points_mentioned_533,1731435,points,1731435.0
pointcloud,12_colmap_stereo_fusion_medium_high_nohup.log,points_mentioned_534,1731613,points,1731613.0
pointcloud,12_colmap_stereo_fusion_medium_high_nohup.log,points_mentioned_535,1731613,points,1731613.0
pointcloud,12_colmap_stereo_fusion_medium_high_nohup.log,points_mentioned_536,1731613,points,1731613.0
pointcloud,12_colmap_stereo_fusion_medium_high_nohup.log,points_mentioned_537,1731613,points,1731613.0
pointcloud,12_colmap_stereo_fusion_medium_high_nohup.log,points_mentioned_538,1732997,points,1732997.0
pointcloud,12_colmap_stereo_fusion_medium_high_nohup.log,points_mentioned_539,1734380,points,1734380.0
pointcloud,12_colmap_stereo_fusion_medium_high_nohup.log,points_mentioned_540,1738961,points,1738961.0
pointcloud,12_colmap_stereo_fusion_medium_high_nohup.log,points_mentioned_541,1745178,points,1745178.0
pointcloud,12_colmap_stereo_fusion_medium_high_nohup.log,points_mentioned_542,1754970,points,1754970.0
pointcloud,12_colmap_stereo_fusion_medium_high_nohup.log,points_mentioned_543,1765910,points,1765910.0
pointcloud,12_colmap_stereo_fusion_medium_high_nohup.log,points_mentioned_544,1767924,points,1767924.0
pointcloud,12_colmap_stereo_fusion_medium_high_nohup.log,points_mentioned_545,1773732,points,1773732.0
pointcloud,12_colmap_stereo_fusion_medium_high_nohup.log,points_mentioned_546,1775224,points,1775224.0
pointcloud,12_colmap_stereo_fusion_medium_high_nohup.log,points_mentioned_547,1778418,points,1778418.0
pointcloud,12_colmap_stereo_fusion_medium_high_nohup.log,points_mentioned_548,1780890,points,1780890.0
pointcloud,12_colmap_stereo_fusion_medium_high_nohup.log,points_mentioned_549,1783945,points,1783945.0
pointcloud,12_colmap_stereo_fusion_medium_high_nohup.log,points_mentioned_550,1784645,points,1784645.0
pointcloud,12_colmap_stereo_fusion_medium_high_nohup.log,points_mentioned_551,1785716,points,1785716.0
pointcloud,12_colmap_stereo_fusion_medium_high_nohup.log,points_mentioned_552,1785912,points,1785912.0
pointcloud,12_colmap_stereo_fusion_medium_high_nohup.log,points_mentioned_553,1785956,points,1785956.0
pointcloud,12_colmap_stereo_fusion_medium_high_nohup.log,points_mentioned_554,1785991,points,1785991.0
pointcloud,12_colmap_stereo_fusion_medium_high_nohup.log,points_mentioned_555,1785992,points,1785992.0
pointcloud,12_colmap_stereo_fusion_medium_high_nohup.log,points_mentioned_556,1785992,points,1785992.0
pointcloud,12_colmap_stereo_fusion_medium_high_nohup.log,points_mentioned_557,1785992,points,1785992.0
pointcloud,12_colmap_stereo_fusion_medium_high_nohup.log,points_mentioned_558,1785995,points,1785995.0
pointcloud,12_colmap_stereo_fusion_medium_high_nohup.log,points_mentioned_559,1785998,points,1785998.0
pointcloud,12_colmap_stereo_fusion_medium_high_nohup.log,points_mentioned_560,1785998,points,1785998.0
pointcloud,12_colmap_stereo_fusion_medium_high_nohup.log,points_mentioned_561,1785998,points,1785998.0
pointcloud,12_colmap_stereo_fusion_medium_high_nohup.log,points_mentioned_562,1786014,points,1786014.0
pointcloud,12_colmap_stereo_fusion_medium_high_nohup.log,points_mentioned_563,1786014,points,1786014.0
pointcloud,12_colmap_stereo_fusion_medium_high_nohup.log,points_mentioned_564,1786014,points,1786014.0
pointcloud,12_colmap_stereo_fusion_medium_high_nohup.log,points_mentioned_565,1786031,points,1786031.0
pointcloud,12_colmap_stereo_fusion_medium_high_nohup.log,points_mentioned_566,1786076,points,1786076.0
pointcloud,12_colmap_stereo_fusion_medium_high_nohup.log,points_mentioned_567,1786080,points,1786080.0
pointcloud,12_colmap_stereo_fusion_medium_high_nohup.log,points_mentioned_568,1786080,points,1786080.0
pointcloud,12_colmap_stereo_fusion_medium_high_nohup.log,points_mentioned_569,1786080,points,1786080.0
pointcloud,12_colmap_stereo_fusion_medium_high_nohup.log,points_mentioned_570,1786080,points,1786080.0
pointcloud,12_colmap_stereo_fusion_medium_high_nohup.log,points_mentioned_571,1786080,points,1786080.0
pointcloud,12_colmap_stereo_fusion_medium_high_nohup.log,points_mentioned_572,1786080,points,1786080.0
pointcloud,12_colmap_stereo_fusion_medium_high_nohup.log,points_mentioned_573,1786080,points,1786080.0
pointcloud,12_colmap_stereo_fusion_medium_high_nohup.log,points_mentioned_574,1786080,points,1786080.0
pointcloud,12_colmap_stereo_fusion_medium_high_nohup.log,points_mentioned_575,1786080,points,1786080.0
pointcloud,12_colmap_stereo_fusion_medium_high_nohup.log,points_mentioned_576,1786080,points,1786080.0
pointcloud,12_colmap_stereo_fusion_medium_high_nohup.log,points_mentioned_577,1786080,points,1786080.0
pointcloud,12_colmap_stereo_fusion_medium_high_nohup.log,points_mentioned_578,1791253,points,1791253.0
pointcloud,12_colmap_stereo_fusion_medium_high_nohup.log,points_mentioned_579,1791253,points,1791253.0
pointcloud,12_colmap_stereo_fusion_medium_high_nohup.log,points_mentioned_580,1791253,points,1791253.0
pointcloud,12_colmap_stereo_fusion_medium_high_nohup.log,points_mentioned_581,1791253,points,1791253.0
pointcloud,12_colmap_stereo_fusion_medium_high_nohup.log,points_mentioned_582,1791253,points,1791253.0
pointcloud,12_colmap_stereo_fusion_medium_high_nohup.log,points_mentioned_583,1791253,points,1791253.0
pointcloud,12_colmap_stereo_fusion_medium_high_nohup.log,points_mentioned_584,1791253,points,1791253.0
pointcloud,12_colmap_stereo_fusion_medium_high_nohup.log,points_mentioned_585,1791253,points,1791253.0
pointcloud,12_colmap_stereo_fusion_medium_high_nohup.log,points_mentioned_586,1791253,points,1791253.0
pointcloud,12_colmap_stereo_fusion_medium_high_nohup.log,points_mentioned_587,1791253,points,1791253.0
pointcloud,12_colmap_stereo_fusion_medium_high_nohup.log,points_mentioned_588,1791253,points,1791253.0
pointcloud,12_colmap_stereo_fusion_medium_high_nohup.log,points_mentioned_589,1791253,points,1791253.0
pointcloud,12_colmap_stereo_fusion_medium_high_nohup.log,points_mentioned_590,1791253,points,1791253.0
pointcloud,12_colmap_stereo_fusion_medium_high_nohup.log,points_mentioned_591,1791253,points,1791253.0
pointcloud,12_colmap_stereo_fusion_medium_high_nohup.log,points_mentioned_592,1791253,points,1791253.0
pointcloud,12_colmap_stereo_fusion_medium_high_nohup.log,points_mentioned_593,1791253,points,1791253.0
pointcloud,12_colmap_stereo_fusion_medium_high_nohup.log,points_mentioned_594,1827902,points,1827902.0
pointcloud,12_colmap_stereo_fusion_medium_high_nohup.log,points_mentioned_595,1837073,points,1837073.0
pointcloud,12_colmap_stereo_fusion_medium_high_nohup.log,points_mentioned_596,1839919,points,1839919.0
pointcloud,12_colmap_stereo_fusion_medium_high_nohup.log,points_mentioned_597,1841983,points,1841983.0
pointcloud,12_colmap_stereo_fusion_medium_high_nohup.log,points_mentioned_598,1845499,points,1845499.0
pointcloud,12_colmap_stereo_fusion_medium_high_nohup.log,points_mentioned_599,1853594,points,1853594.0
pointcloud,12_colmap_stereo_fusion_medium_high_nohup.log,points_mentioned_600,1863571,points,1863571.0
pointcloud,12_colmap_stereo_fusion_medium_high_nohup.log,points_mentioned_601,1866190,points,1866190.0
pointcloud,12_colmap_stereo_fusion_medium_high_nohup.log,points_mentioned_602,1867074,points,1867074.0
pointcloud,12_colmap_stereo_fusion_medium_high_nohup.log,points_mentioned_603,1867827,points,1867827.0
pointcloud,12_colmap_stereo_fusion_medium_high_nohup.log,points_mentioned_604,1868194,points,1868194.0
pointcloud,12_colmap_stereo_fusion_medium_high_nohup.log,points_mentioned_605,1868675,points,1868675.0
pointcloud,12_colmap_stereo_fusion_medium_high_nohup.log,points_mentioned_606,1868949,points,1868949.0
pointcloud,12_colmap_stereo_fusion_medium_high_nohup.log,points_mentioned_607,1869250,points,1869250.0
pointcloud,12_colmap_stereo_fusion_medium_high_nohup.log,points_mentioned_608,1870118,points,1870118.0
pointcloud,12_colmap_stereo_fusion_medium_high_nohup.log,points_mentioned_609,1870118,points,1870118.0
pointcloud,12_colmap_stereo_fusion_medium_high_nohup.log,points_mentioned_610,1876875,points,1876875.0
pointcloud,12_colmap_stereo_fusion_medium_high_nohup.log,points_mentioned_611,1899062,points,1899062.0
pointcloud,12_colmap_stereo_fusion_medium_high_nohup.log,points_mentioned_612,1905354,points,1905354.0
pointcloud,12_colmap_stereo_fusion_medium_high_nohup.log,points_mentioned_613,1908868,points,1908868.0
pointcloud,12_colmap_stereo_fusion_medium_high_nohup.log,points_mentioned_614,1910924,points,1910924.0
pointcloud,12_colmap_stereo_fusion_medium_high_nohup.log,points_mentioned_615,1911964,points,1911964.0
pointcloud,12_colmap_stereo_fusion_medium_high_nohup.log,points_mentioned_616,1912381,points,1912381.0
pointcloud,12_colmap_stereo_fusion_medium_high_nohup.log,points_mentioned_617,1912773,points,1912773.0
pointcloud,12_colmap_stereo_fusion_medium_high_nohup.log,points_mentioned_618,1913323,points,1913323.0
pointcloud,12_colmap_stereo_fusion_medium_high_nohup.log,points_mentioned_619,1913395,points,1913395.0
pointcloud,12_colmap_stereo_fusion_medium_high_nohup.log,points_mentioned_620,1913522,points,1913522.0
pointcloud,12_colmap_stereo_fusion_medium_high_nohup.log,points_mentioned_621,1913577,points,1913577.0
pointcloud,12_colmap_stereo_fusion_medium_high_nohup.log,points_mentioned_622,1913578,points,1913578.0
pointcloud,12_colmap_stereo_fusion_medium_high_nohup.log,points_mentioned_623,1913578,points,1913578.0
pointcloud,12_colmap_stereo_fusion_medium_high_nohup.log,points_mentioned_624,1913578,points,1913578.0
pointcloud,12_colmap_stereo_fusion_medium_high_nohup.log,points_mentioned_625,1913578,points,1913578.0
pointcloud,12_colmap_stereo_fusion_medium_high_nohup.log,points_mentioned_626,1930770,points,1930770.0
pointcloud,12_colmap_stereo_fusion_medium_high_nohup.log,points_mentioned_627,1933230,points,1933230.0
pointcloud,12_colmap_stereo_fusion_medium_high_nohup.log,points_mentioned_628,1938421,points,1938421.0
pointcloud,12_colmap_stereo_fusion_medium_high_nohup.log,points_mentioned_629,1942509,points,1942509.0
pointcloud,12_colmap_stereo_fusion_medium_high_nohup.log,points_mentioned_630,1948141,points,1948141.0
pointcloud,12_colmap_stereo_fusion_medium_high_nohup.log,points_mentioned_631,1955321,points,1955321.0
pointcloud,12_colmap_stereo_fusion_medium_high_nohup.log,points_mentioned_632,1958176,points,1958176.0
pointcloud,12_colmap_stereo_fusion_medium_high_nohup.log,points_mentioned_633,1959135,points,1959135.0
pointcloud,12_colmap_stereo_fusion_medium_high_nohup.log,points_mentioned_634,1959645,points,1959645.0
pointcloud,12_colmap_stereo_fusion_medium_high_nohup.log,points_mentioned_635,1960173,points,1960173.0
pointcloud,12_colmap_stereo_fusion_medium_high_nohup.log,points_mentioned_636,1979830,points,1979830.0
pointcloud,12_colmap_stereo_fusion_medium_high_nohup.log,points_mentioned_637,1987313,points,1987313.0
pointcloud,12_colmap_stereo_fusion_medium_high_nohup.log,points_mentioned_638,1991767,points,1991767.0
pointcloud,12_colmap_stereo_fusion_medium_high_nohup.log,points_mentioned_639,1996286,points,1996286.0
pointcloud,12_colmap_stereo_fusion_medium_high_nohup.log,points_mentioned_640,1998344,points,1998344.0
pointcloud,12_colmap_stereo_fusion_medium_high_nohup.log,points_mentioned_641,2006509,points,2006509.0
pointcloud,12_colmap_stereo_fusion_medium_high_nohup.log,points_mentioned_642,2009934,points,2009934.0
pointcloud,12_colmap_stereo_fusion_medium_high_nohup.log,points_mentioned_643,2011377,points,2011377.0
pointcloud,12_colmap_stereo_fusion_medium_high_nohup.log,points_mentioned_644,2011870,points,2011870.0
pointcloud,12_colmap_stereo_fusion_medium_high_nohup.log,points_mentioned_645,2012173,points,2012173.0
pointcloud,12_colmap_stereo_fusion_medium_high_nohup.log,points_mentioned_646,2012213,points,2012213.0
pointcloud,12_colmap_stereo_fusion_medium_high_nohup.log,points_mentioned_647,2012223,points,2012223.0
pointcloud,12_colmap_stereo_fusion_medium_high_nohup.log,points_mentioned_648,2012225,points,2012225.0
pointcloud,12_colmap_stereo_fusion_medium_high_nohup.log,points_mentioned_649,2012225,points,2012225.0
pointcloud,12_colmap_stereo_fusion_medium_high_nohup.log,points_mentioned_650,2012225,points,2012225.0
pointcloud,12_colmap_stereo_fusion_medium_high_nohup.log,points_mentioned_651,2012225,points,2012225.0
pointcloud,12_colmap_stereo_fusion_medium_high_nohup.log,points_mentioned_652,2012225,points,2012225.0
pointcloud,12_colmap_stereo_fusion_medium_high_nohup.log,points_mentioned_653,2012225,points,2012225.0
pointcloud,12_colmap_stereo_fusion_medium_high_nohup.log,points_mentioned_654,2012225,points,2012225.0
pointcloud,12_colmap_stereo_fusion_medium_high_nohup.log,points_mentioned_655,2012225,points,2012225.0
pointcloud,12_colmap_stereo_fusion_medium_high_nohup.log,points_mentioned_656,2012225,points,2012225.0
pointcloud,12_colmap_stereo_fusion_medium_high_nohup.log,points_mentioned_657,2015341,points,2015341.0
pointcloud,12_colmap_stereo_fusion_medium_high_nohup.log,points_mentioned_658,2015475,points,2015475.0
pointcloud,12_colmap_stereo_fusion_medium_high_nohup.log,points_mentioned_659,2015475,points,2015475.0
pointcloud,12_colmap_stereo_fusion_medium_high_nohup.log,points_mentioned_660,2015475,points,2015475.0
pointcloud,12_colmap_stereo_fusion_medium_high_nohup.log,points_mentioned_661,2015475,points,2015475.0
pointcloud,12_colmap_stereo_fusion_medium_high_nohup.log,points_mentioned_662,2015475,points,2015475.0
pointcloud,12_colmap_stereo_fusion_medium_high_nohup.log,points_mentioned_663,2015475,points,2015475.0
pointcloud,12_colmap_stereo_fusion_medium_high_nohup.log,points_mentioned_664,2030685,points,2030685.0
pointcloud,12_colmap_stereo_fusion_medium_high_nohup.log,points_mentioned_665,2033047,points,2033047.0
pointcloud,12_colmap_stereo_fusion_medium_high_nohup.log,points_mentioned_666,2033047,points,2033047.0
pointcloud,12_colmap_stereo_fusion_medium_high_nohup.log,points_mentioned_667,2036315,points,2036315.0
pointcloud,12_colmap_stereo_fusion_medium_high_nohup.log,points_mentioned_668,2039909,points,2039909.0
pointcloud,12_colmap_stereo_fusion_medium_high_nohup.log,points_mentioned_669,2041257,points,2041257.0
pointcloud,12_colmap_stereo_fusion_medium_high_nohup.log,points_mentioned_670,2046593,points,2046593.0
pointcloud,12_colmap_stereo_fusion_medium_high_nohup.log,points_mentioned_671,2053120,points,2053120.0
pointcloud,12_colmap_stereo_fusion_medium_high_nohup.log,points_mentioned_672,2061242,points,2061242.0
pointcloud,12_colmap_stereo_fusion_medium_high_nohup.log,points_mentioned_673,2063273,points,2063273.0
pointcloud,12_colmap_stereo_fusion_medium_high_nohup.log,points_mentioned_674,2064544,points,2064544.0
pointcloud,12_colmap_stereo_fusion_medium_high_nohup.log,points_mentioned_675,2066049,points,2066049.0
pointcloud,12_colmap_stereo_fusion_medium_high_nohup.log,points_mentioned_676,2067706,points,2067706.0
pointcloud,12_colmap_stereo_fusion_medium_high_nohup.log,points_mentioned_677,2068783,points,2068783.0
pointcloud,12_colmap_stereo_fusion_medium_high_nohup.log,points_mentioned_678,2068813,points,2068813.0
pointcloud,12_colmap_stereo_fusion_medium_high_nohup.log,points_mentioned_679,2068813,points,2068813.0
pointcloud,12_colmap_stereo_fusion_medium_high_nohup.log,points_mentioned_680,2068813,points,2068813.0
pointcloud,12_colmap_stereo_fusion_medium_high_nohup.log,points_mentioned_681,2068831,points,2068831.0
pointcloud,12_colmap_stereo_fusion_medium_high_nohup.log,points_mentioned_682,2068837,points,2068837.0
pointcloud,12_colmap_stereo_fusion_medium_high_nohup.log,points_mentioned_683,2068837,points,2068837.0
pointcloud,12_colmap_stereo_fusion_medium_high_nohup.log,points_mentioned_684,2068837,points,2068837.0
pointcloud,12_colmap_stereo_fusion_medium_high_nohup.log,points_mentioned_685,2077968,points,2077968.0
pointcloud,12_colmap_stereo_fusion_medium_high_nohup.log,points_mentioned_686,2085015,points,2085015.0
pointcloud,12_colmap_stereo_fusion_medium_high_nohup.log,points_mentioned_687,2089313,points,2089313.0
pointcloud,12_colmap_stereo_fusion_medium_high_nohup.log,points_mentioned_688,2091819,points,2091819.0
pointcloud,12_colmap_stereo_fusion_medium_high_nohup.log,points_mentioned_689,2097664,points,2097664.0
pointcloud,12_colmap_stereo_fusion_medium_high_nohup.log,points_mentioned_690,2099882,points,2099882.0
pointcloud,12_colmap_stereo_fusion_medium_high_nohup.log,points_mentioned_691,2102018,points,2102018.0
pointcloud,12_colmap_stereo_fusion_medium_high_nohup.log,points_mentioned_692,2104383,points,2104383.0
pointcloud,12_colmap_stereo_fusion_medium_high_nohup.log,points_mentioned_693,2104721,points,2104721.0
pointcloud,12_colmap_stereo_fusion_medium_high_nohup.log,points_mentioned_694,2104798,points,2104798.0
pointcloud,12_colmap_stereo_fusion_medium_high_nohup.log,points_mentioned_695,2104899,points,2104899.0
pointcloud,12_colmap_stereo_fusion_medium_high_nohup.log,points_mentioned_696,2104963,points,2104963.0
pointcloud,12_colmap_stereo_fusion_medium_high_nohup.log,points_mentioned_697,2105086,points,2105086.0
pointcloud,12_colmap_stereo_fusion_medium_high_nohup.log,points_mentioned_698,2105090,points,2105090.0
pointcloud,12_colmap_stereo_fusion_medium_high_nohup.log,points_mentioned_699,2105090,points,2105090.0
pointcloud,12_colmap_stereo_fusion_medium_high_nohup.log,points_mentioned_700,2105090,points,2105090.0
pointcloud,12_colmap_stereo_fusion_medium_high_nohup.log,points_mentioned_701,2106060,points,2106060.0
pointcloud,12_colmap_stereo_fusion_medium_high_nohup.log,points_mentioned_702,2106502,points,2106502.0
pointcloud,12_colmap_stereo_fusion_medium_high_nohup.log,points_mentioned_703,2106892,points,2106892.0
pointcloud,12_colmap_stereo_fusion_medium_high_nohup.log,points_mentioned_704,2107280,points,2107280.0
pointcloud,12_colmap_stereo_fusion_medium_high_nohup.log,points_mentioned_705,2107280,points,2107280.0
pointcloud,12_colmap_stereo_fusion_medium_high_nohup.log,points_mentioned_706,2107280,points,2107280.0
pointcloud,12_colmap_stereo_fusion_medium_high_nohup.log,points_mentioned_707,2107280,points,2107280.0
process_status,12_colmap_stereo_fusion_medium_high_nohup.log,status,0,exit_code,0.0
pointcloud,12_colmap_stereo_fusion_medium_nohup.log,points_mentioned_1,39358,points,39358.0
pointcloud,12_colmap_stereo_fusion_medium_nohup.log,points_mentioned_2,44055,points,44055.0
pointcloud,12_colmap_stereo_fusion_medium_nohup.log,points_mentioned_3,48329,points,48329.0
pointcloud,12_colmap_stereo_fusion_medium_nohup.log,points_mentioned_4,54388,points,54388.0
pointcloud,12_colmap_stereo_fusion_medium_nohup.log,points_mentioned_5,60769,points,60769.0
pointcloud,12_colmap_stereo_fusion_medium_nohup.log,points_mentioned_6,62823,points,62823.0
pointcloud,12_colmap_stereo_fusion_medium_nohup.log,points_mentioned_7,69668,points,69668.0
pointcloud,12_colmap_stereo_fusion_medium_nohup.log,points_mentioned_8,76640,points,76640.0
pointcloud,12_colmap_stereo_fusion_medium_nohup.log,points_mentioned_9,82287,points,82287.0
pointcloud,12_colmap_stereo_fusion_medium_nohup.log,points_mentioned_10,87215,points,87215.0
pointcloud,12_colmap_stereo_fusion_medium_nohup.log,points_mentioned_11,94577,points,94577.0
pointcloud,12_colmap_stereo_fusion_medium_nohup.log,points_mentioned_12,95889,points,95889.0
pointcloud,12_colmap_stereo_fusion_medium_nohup.log,points_mentioned_13,96338,points,96338.0
pointcloud,12_colmap_stereo_fusion_medium_nohup.log,points_mentioned_14,97886,points,97886.0
pointcloud,12_colmap_stereo_fusion_medium_nohup.log,points_mentioned_15,101654,points,101654.0
pointcloud,12_colmap_stereo_fusion_medium_nohup.log,points_mentioned_16,101956,points,101956.0
pointcloud,12_colmap_stereo_fusion_medium_nohup.log,points_mentioned_17,101980,points,101980.0
pointcloud,12_colmap_stereo_fusion_medium_nohup.log,points_mentioned_18,101982,points,101982.0
pointcloud,12_colmap_stereo_fusion_medium_nohup.log,points_mentioned_19,101982,points,101982.0
pointcloud,12_colmap_stereo_fusion_medium_nohup.log,points_mentioned_20,101982,points,101982.0
pointcloud,12_colmap_stereo_fusion_medium_nohup.log,points_mentioned_21,101982,points,101982.0
pointcloud,12_colmap_stereo_fusion_medium_nohup.log,points_mentioned_22,102187,points,102187.0
pointcloud,12_colmap_stereo_fusion_medium_nohup.log,points_mentioned_23,102218,points,102218.0
pointcloud,12_colmap_stereo_fusion_medium_nohup.log,points_mentioned_24,102282,points,102282.0
pointcloud,12_colmap_stereo_fusion_medium_nohup.log,points_mentioned_25,102314,points,102314.0
pointcloud,12_colmap_stereo_fusion_medium_nohup.log,points_mentioned_26,102314,points,102314.0
pointcloud,12_colmap_stereo_fusion_medium_nohup.log,points_mentioned_27,102314,points,102314.0
pointcloud,12_colmap_stereo_fusion_medium_nohup.log,points_mentioned_28,102314,points,102314.0
pointcloud,12_colmap_stereo_fusion_medium_nohup.log,points_mentioned_29,102314,points,102314.0
pointcloud,12_colmap_stereo_fusion_medium_nohup.log,points_mentioned_30,102314,points,102314.0
pointcloud,12_colmap_stereo_fusion_medium_nohup.log,points_mentioned_31,102314,points,102314.0
pointcloud,12_colmap_stereo_fusion_medium_nohup.log,points_mentioned_32,102314,points,102314.0
pointcloud,12_colmap_stereo_fusion_medium_nohup.log,points_mentioned_33,102314,points,102314.0
pointcloud,12_colmap_stereo_fusion_medium_nohup.log,points_mentioned_34,102314,points,102314.0
pointcloud,12_colmap_stereo_fusion_medium_nohup.log,points_mentioned_35,137800,points,137800.0
pointcloud,12_colmap_stereo_fusion_medium_nohup.log,points_mentioned_36,143683,points,143683.0
pointcloud,12_colmap_stereo_fusion_medium_nohup.log,points_mentioned_37,145671,points,145671.0
pointcloud,12_colmap_stereo_fusion_medium_nohup.log,points_mentioned_38,147016,points,147016.0
pointcloud,12_colmap_stereo_fusion_medium_nohup.log,points_mentioned_39,147154,points,147154.0
pointcloud,12_colmap_stereo_fusion_medium_nohup.log,points_mentioned_40,147168,points,147168.0
pointcloud,12_colmap_stereo_fusion_medium_nohup.log,points_mentioned_41,147168,points,147168.0
pointcloud,12_colmap_stereo_fusion_medium_nohup.log,points_mentioned_42,147168,points,147168.0
pointcloud,12_colmap_stereo_fusion_medium_nohup.log,points_mentioned_43,147168,points,147168.0
pointcloud,12_colmap_stereo_fusion_medium_nohup.log,points_mentioned_44,147168,points,147168.0
pointcloud,12_colmap_stereo_fusion_medium_nohup.log,points_mentioned_45,147168,points,147168.0
pointcloud,12_colmap_stereo_fusion_medium_nohup.log,points_mentioned_46,179645,points,179645.0
pointcloud,12_colmap_stereo_fusion_medium_nohup.log,points_mentioned_47,185609,points,185609.0
pointcloud,12_colmap_stereo_fusion_medium_nohup.log,points_mentioned_48,188944,points,188944.0
pointcloud,12_colmap_stereo_fusion_medium_nohup.log,points_mentioned_49,191025,points,191025.0
pointcloud,12_colmap_stereo_fusion_medium_nohup.log,points_mentioned_50,197256,points,197256.0
pointcloud,12_colmap_stereo_fusion_medium_nohup.log,points_mentioned_51,198325,points,198325.0
pointcloud,12_colmap_stereo_fusion_medium_nohup.log,points_mentioned_52,201353,points,201353.0
pointcloud,12_colmap_stereo_fusion_medium_nohup.log,points_mentioned_53,201738,points,201738.0
pointcloud,12_colmap_stereo_fusion_medium_nohup.log,points_mentioned_54,201882,points,201882.0
pointcloud,12_colmap_stereo_fusion_medium_nohup.log,points_mentioned_55,201960,points,201960.0
pointcloud,12_colmap_stereo_fusion_medium_nohup.log,points_mentioned_56,202165,points,202165.0
pointcloud,12_colmap_stereo_fusion_medium_nohup.log,points_mentioned_57,203164,points,203164.0
pointcloud,12_colmap_stereo_fusion_medium_nohup.log,points_mentioned_58,209359,points,209359.0
pointcloud,12_colmap_stereo_fusion_medium_nohup.log,points_mentioned_59,210685,points,210685.0
pointcloud,12_colmap_stereo_fusion_medium_nohup.log,points_mentioned_60,212903,points,212903.0
pointcloud,12_colmap_stereo_fusion_medium_nohup.log,points_mentioned_61,215352,points,215352.0
pointcloud,12_colmap_stereo_fusion_medium_nohup.log,points_mentioned_62,225720,points,225720.0
pointcloud,12_colmap_stereo_fusion_medium_nohup.log,points_mentioned_63,229791,points,229791.0
pointcloud,12_colmap_stereo_fusion_medium_nohup.log,points_mentioned_64,231532,points,231532.0
pointcloud,12_colmap_stereo_fusion_medium_nohup.log,points_mentioned_65,232926,points,232926.0
pointcloud,12_colmap_stereo_fusion_medium_nohup.log,points_mentioned_66,233957,points,233957.0
pointcloud,12_colmap_stereo_fusion_medium_nohup.log,points_mentioned_67,234605,points,234605.0
pointcloud,12_colmap_stereo_fusion_medium_nohup.log,points_mentioned_68,243993,points,243993.0
pointcloud,12_colmap_stereo_fusion_medium_nohup.log,points_mentioned_69,251986,points,251986.0
pointcloud,12_colmap_stereo_fusion_medium_nohup.log,points_mentioned_70,254766,points,254766.0
pointcloud,12_colmap_stereo_fusion_medium_nohup.log,points_mentioned_71,255567,points,255567.0
pointcloud,12_colmap_stereo_fusion_medium_nohup.log,points_mentioned_72,255860,points,255860.0
pointcloud,12_colmap_stereo_fusion_medium_nohup.log,points_mentioned_73,255924,points,255924.0
pointcloud,12_colmap_stereo_fusion_medium_nohup.log,points_mentioned_74,255945,points,255945.0
pointcloud,12_colmap_stereo_fusion_medium_nohup.log,points_mentioned_75,255954,points,255954.0
pointcloud,12_colmap_stereo_fusion_medium_nohup.log,points_mentioned_76,255961,points,255961.0
pointcloud,12_colmap_stereo_fusion_medium_nohup.log,points_mentioned_77,255964,points,255964.0
pointcloud,12_colmap_stereo_fusion_medium_nohup.log,points_mentioned_78,255965,points,255965.0
pointcloud,12_colmap_stereo_fusion_medium_nohup.log,points_mentioned_79,255976,points,255976.0
pointcloud,12_colmap_stereo_fusion_medium_nohup.log,points_mentioned_80,255976,points,255976.0
pointcloud,12_colmap_stereo_fusion_medium_nohup.log,points_mentioned_81,255976,points,255976.0
pointcloud,12_colmap_stereo_fusion_medium_nohup.log,points_mentioned_82,255976,points,255976.0
pointcloud,12_colmap_stereo_fusion_medium_nohup.log,points_mentioned_83,255976,points,255976.0
pointcloud,12_colmap_stereo_fusion_medium_nohup.log,points_mentioned_84,255976,points,255976.0
pointcloud,12_colmap_stereo_fusion_medium_nohup.log,points_mentioned_85,255976,points,255976.0
pointcloud,12_colmap_stereo_fusion_medium_nohup.log,points_mentioned_86,255976,points,255976.0
pointcloud,12_colmap_stereo_fusion_medium_nohup.log,points_mentioned_87,255976,points,255976.0
pointcloud,12_colmap_stereo_fusion_medium_nohup.log,points_mentioned_88,255976,points,255976.0
pointcloud,12_colmap_stereo_fusion_medium_nohup.log,points_mentioned_89,255976,points,255976.0
pointcloud,12_colmap_stereo_fusion_medium_nohup.log,points_mentioned_90,255976,points,255976.0
pointcloud,12_colmap_stereo_fusion_medium_nohup.log,points_mentioned_91,255976,points,255976.0
pointcloud,12_colmap_stereo_fusion_medium_nohup.log,points_mentioned_92,255976,points,255976.0
pointcloud,12_colmap_stereo_fusion_medium_nohup.log,points_mentioned_93,260467,points,260467.0
pointcloud,12_colmap_stereo_fusion_medium_nohup.log,points_mentioned_94,267224,points,267224.0
pointcloud,12_colmap_stereo_fusion_medium_nohup.log,points_mentioned_95,277946,points,277946.0
pointcloud,12_colmap_stereo_fusion_medium_nohup.log,points_mentioned_96,280900,points,280900.0
pointcloud,12_colmap_stereo_fusion_medium_nohup.log,points_mentioned_97,281447,points,281447.0
pointcloud,12_colmap_stereo_fusion_medium_nohup.log,points_mentioned_98,283378,points,283378.0
pointcloud,12_colmap_stereo_fusion_medium_nohup.log,points_mentioned_99,284334,points,284334.0
pointcloud,12_colmap_stereo_fusion_medium_nohup.log,points_mentioned_100,284524,points,284524.0
pointcloud,12_colmap_stereo_fusion_medium_nohup.log,points_mentioned_101,284559,points,284559.0
pointcloud,12_colmap_stereo_fusion_medium_nohup.log,points_mentioned_102,284566,points,284566.0
pointcloud,12_colmap_stereo_fusion_medium_nohup.log,points_mentioned_103,284566,points,284566.0
pointcloud,12_colmap_stereo_fusion_medium_nohup.log,points_mentioned_104,284566,points,284566.0
pointcloud,12_colmap_stereo_fusion_medium_nohup.log,points_mentioned_105,284566,points,284566.0
pointcloud,12_colmap_stereo_fusion_medium_nohup.log,points_mentioned_106,284566,points,284566.0
pointcloud,12_colmap_stereo_fusion_medium_nohup.log,points_mentioned_107,284566,points,284566.0
pointcloud,12_colmap_stereo_fusion_medium_nohup.log,points_mentioned_108,284566,points,284566.0
pointcloud,12_colmap_stereo_fusion_medium_nohup.log,points_mentioned_109,284566,points,284566.0
pointcloud,12_colmap_stereo_fusion_medium_nohup.log,points_mentioned_110,284566,points,284566.0
pointcloud,12_colmap_stereo_fusion_medium_nohup.log,points_mentioned_111,284566,points,284566.0
pointcloud,12_colmap_stereo_fusion_medium_nohup.log,points_mentioned_112,284566,points,284566.0
pointcloud,12_colmap_stereo_fusion_medium_nohup.log,points_mentioned_113,342035,points,342035.0
pointcloud,12_colmap_stereo_fusion_medium_nohup.log,points_mentioned_114,352045,points,352045.0
pointcloud,12_colmap_stereo_fusion_medium_nohup.log,points_mentioned_115,354114,points,354114.0
pointcloud,12_colmap_stereo_fusion_medium_nohup.log,points_mentioned_116,354499,points,354499.0
pointcloud,12_colmap_stereo_fusion_medium_nohup.log,points_mentioned_117,354551,points,354551.0
pointcloud,12_colmap_stereo_fusion_medium_nohup.log,points_mentioned_118,354565,points,354565.0
pointcloud,12_colmap_stereo_fusion_medium_nohup.log,points_mentioned_119,354566,points,354566.0
pointcloud,12_colmap_stereo_fusion_medium_nohup.log,points_mentioned_120,354566,points,354566.0
pointcloud,12_colmap_stereo_fusion_medium_nohup.log,points_mentioned_121,354566,points,354566.0
pointcloud,12_colmap_stereo_fusion_medium_nohup.log,points_mentioned_122,354566,points,354566.0
pointcloud,12_colmap_stereo_fusion_medium_nohup.log,points_mentioned_123,354579,points,354579.0
pointcloud,12_colmap_stereo_fusion_medium_nohup.log,points_mentioned_124,354579,points,354579.0
pointcloud,12_colmap_stereo_fusion_medium_nohup.log,points_mentioned_125,354579,points,354579.0
pointcloud,12_colmap_stereo_fusion_medium_nohup.log,points_mentioned_126,354579,points,354579.0
pointcloud,12_colmap_stereo_fusion_medium_nohup.log,points_mentioned_127,354579,points,354579.0
pointcloud,12_colmap_stereo_fusion_medium_nohup.log,points_mentioned_128,354579,points,354579.0
pointcloud,12_colmap_stereo_fusion_medium_nohup.log,points_mentioned_129,359221,points,359221.0
pointcloud,12_colmap_stereo_fusion_medium_nohup.log,points_mentioned_130,359221,points,359221.0
pointcloud,12_colmap_stereo_fusion_medium_nohup.log,points_mentioned_131,359221,points,359221.0
pointcloud,12_colmap_stereo_fusion_medium_nohup.log,points_mentioned_132,395680,points,395680.0
pointcloud,12_colmap_stereo_fusion_medium_nohup.log,points_mentioned_133,404060,points,404060.0
pointcloud,12_colmap_stereo_fusion_medium_nohup.log,points_mentioned_134,407444,points,407444.0
pointcloud,12_colmap_stereo_fusion_medium_nohup.log,points_mentioned_135,408296,points,408296.0
pointcloud,12_colmap_stereo_fusion_medium_nohup.log,points_mentioned_136,408687,points,408687.0
pointcloud,12_colmap_stereo_fusion_medium_nohup.log,points_mentioned_137,410693,points,410693.0
pointcloud,12_colmap_stereo_fusion_medium_nohup.log,points_mentioned_138,412840,points,412840.0
pointcloud,12_colmap_stereo_fusion_medium_nohup.log,points_mentioned_139,413496,points,413496.0
pointcloud,12_colmap_stereo_fusion_medium_nohup.log,points_mentioned_140,413662,points,413662.0
pointcloud,12_colmap_stereo_fusion_medium_nohup.log,points_mentioned_141,413673,points,413673.0
pointcloud,12_colmap_stereo_fusion_medium_nohup.log,points_mentioned_142,413673,points,413673.0
pointcloud,12_colmap_stereo_fusion_medium_nohup.log,points_mentioned_143,413673,points,413673.0
pointcloud,12_colmap_stereo_fusion_medium_nohup.log,points_mentioned_144,413673,points,413673.0
pointcloud,12_colmap_stereo_fusion_medium_nohup.log,points_mentioned_145,413673,points,413673.0
pointcloud,12_colmap_stereo_fusion_medium_nohup.log,points_mentioned_146,413673,points,413673.0
pointcloud,12_colmap_stereo_fusion_medium_nohup.log,points_mentioned_147,413673,points,413673.0
pointcloud,12_colmap_stereo_fusion_medium_nohup.log,points_mentioned_148,413673,points,413673.0
pointcloud,12_colmap_stereo_fusion_medium_nohup.log,points_mentioned_149,413673,points,413673.0
pointcloud,12_colmap_stereo_fusion_medium_nohup.log,points_mentioned_150,413673,points,413673.0
pointcloud,12_colmap_stereo_fusion_medium_nohup.log,points_mentioned_151,437184,points,437184.0
pointcloud,12_colmap_stereo_fusion_medium_nohup.log,points_mentioned_152,439150,points,439150.0
pointcloud,12_colmap_stereo_fusion_medium_nohup.log,points_mentioned_153,441591,points,441591.0
pointcloud,12_colmap_stereo_fusion_medium_nohup.log,points_mentioned_154,443876,points,443876.0
pointcloud,12_colmap_stereo_fusion_medium_nohup.log,points_mentioned_155,445428,points,445428.0
pointcloud,12_colmap_stereo_fusion_medium_nohup.log,points_mentioned_156,446478,points,446478.0
pointcloud,12_colmap_stereo_fusion_medium_nohup.log,points_mentioned_157,447277,points,447277.0
pointcloud,12_colmap_stereo_fusion_medium_nohup.log,points_mentioned_158,448411,points,448411.0
pointcloud,12_colmap_stereo_fusion_medium_nohup.log,points_mentioned_159,449018,points,449018.0
pointcloud,12_colmap_stereo_fusion_medium_nohup.log,points_mentioned_160,450395,points,450395.0
pointcloud,12_colmap_stereo_fusion_medium_nohup.log,points_mentioned_161,453674,points,453674.0
pointcloud,12_colmap_stereo_fusion_medium_nohup.log,points_mentioned_162,454240,points,454240.0
pointcloud,12_colmap_stereo_fusion_medium_nohup.log,points_mentioned_163,454345,points,454345.0
pointcloud,12_colmap_stereo_fusion_medium_nohup.log,points_mentioned_164,454363,points,454363.0
pointcloud,12_colmap_stereo_fusion_medium_nohup.log,points_mentioned_165,454364,points,454364.0
pointcloud,12_colmap_stereo_fusion_medium_nohup.log,points_mentioned_166,454364,points,454364.0
pointcloud,12_colmap_stereo_fusion_medium_nohup.log,points_mentioned_167,454364,points,454364.0
pointcloud,12_colmap_stereo_fusion_medium_nohup.log,points_mentioned_168,454364,points,454364.0
pointcloud,12_colmap_stereo_fusion_medium_nohup.log,points_mentioned_169,454364,points,454364.0
pointcloud,12_colmap_stereo_fusion_medium_nohup.log,points_mentioned_170,454364,points,454364.0
pointcloud,12_colmap_stereo_fusion_medium_nohup.log,points_mentioned_171,454364,points,454364.0
pointcloud,12_colmap_stereo_fusion_medium_nohup.log,points_mentioned_172,473681,points,473681.0
pointcloud,12_colmap_stereo_fusion_medium_nohup.log,points_mentioned_173,476465,points,476465.0
pointcloud,12_colmap_stereo_fusion_medium_nohup.log,points_mentioned_174,477667,points,477667.0
pointcloud,12_colmap_stereo_fusion_medium_nohup.log,points_mentioned_175,478295,points,478295.0
pointcloud,12_colmap_stereo_fusion_medium_nohup.log,points_mentioned_176,478654,points,478654.0
pointcloud,12_colmap_stereo_fusion_medium_nohup.log,points_mentioned_177,478671,points,478671.0
pointcloud,12_colmap_stereo_fusion_medium_nohup.log,points_mentioned_178,478671,points,478671.0
pointcloud,12_colmap_stereo_fusion_medium_nohup.log,points_mentioned_179,478691,points,478691.0
pointcloud,12_colmap_stereo_fusion_medium_nohup.log,points_mentioned_180,478691,points,478691.0
pointcloud,12_colmap_stereo_fusion_medium_nohup.log,points_mentioned_181,478691,points,478691.0
pointcloud,12_colmap_stereo_fusion_medium_nohup.log,points_mentioned_182,491148,points,491148.0
pointcloud,12_colmap_stereo_fusion_medium_nohup.log,points_mentioned_183,496368,points,496368.0
pointcloud,12_colmap_stereo_fusion_medium_nohup.log,points_mentioned_184,509689,points,509689.0
pointcloud,12_colmap_stereo_fusion_medium_nohup.log,points_mentioned_185,513063,points,513063.0
pointcloud,12_colmap_stereo_fusion_medium_nohup.log,points_mentioned_186,514234,points,514234.0
pointcloud,12_colmap_stereo_fusion_medium_nohup.log,points_mentioned_187,514787,points,514787.0
pointcloud,12_colmap_stereo_fusion_medium_nohup.log,points_mentioned_188,515109,points,515109.0
pointcloud,12_colmap_stereo_fusion_medium_nohup.log,points_mentioned_189,515537,points,515537.0
pointcloud,12_colmap_stereo_fusion_medium_nohup.log,points_mentioned_190,515719,points,515719.0
pointcloud,12_colmap_stereo_fusion_medium_nohup.log,points_mentioned_191,515785,points,515785.0
pointcloud,12_colmap_stereo_fusion_medium_nohup.log,points_mentioned_192,515798,points,515798.0
pointcloud,12_colmap_stereo_fusion_medium_nohup.log,points_mentioned_193,515803,points,515803.0
pointcloud,12_colmap_stereo_fusion_medium_nohup.log,points_mentioned_194,515803,points,515803.0
pointcloud,12_colmap_stereo_fusion_medium_nohup.log,points_mentioned_195,515803,points,515803.0
pointcloud,12_colmap_stereo_fusion_medium_nohup.log,points_mentioned_196,515803,points,515803.0
pointcloud,12_colmap_stereo_fusion_medium_nohup.log,points_mentioned_197,515803,points,515803.0
pointcloud,12_colmap_stereo_fusion_medium_nohup.log,points_mentioned_198,515803,points,515803.0
pointcloud,12_colmap_stereo_fusion_medium_nohup.log,points_mentioned_199,515803,points,515803.0
pointcloud,12_colmap_stereo_fusion_medium_nohup.log,points_mentioned_200,515804,points,515804.0
pointcloud,12_colmap_stereo_fusion_medium_nohup.log,points_mentioned_201,515804,points,515804.0
pointcloud,12_colmap_stereo_fusion_medium_nohup.log,points_mentioned_202,515804,points,515804.0
pointcloud,12_colmap_stereo_fusion_medium_nohup.log,points_mentioned_203,515804,points,515804.0
pointcloud,12_colmap_stereo_fusion_medium_nohup.log,points_mentioned_204,515804,points,515804.0
pointcloud,12_colmap_stereo_fusion_medium_nohup.log,points_mentioned_205,515804,points,515804.0
pointcloud,12_colmap_stereo_fusion_medium_nohup.log,points_mentioned_206,515804,points,515804.0
pointcloud,12_colmap_stereo_fusion_medium_nohup.log,points_mentioned_207,515804,points,515804.0
pointcloud,12_colmap_stereo_fusion_medium_nohup.log,points_mentioned_208,515804,points,515804.0
pointcloud,12_colmap_stereo_fusion_medium_nohup.log,points_mentioned_209,532242,points,532242.0
pointcloud,12_colmap_stereo_fusion_medium_nohup.log,points_mentioned_210,535324,points,535324.0
pointcloud,12_colmap_stereo_fusion_medium_nohup.log,points_mentioned_211,538394,points,538394.0
pointcloud,12_colmap_stereo_fusion_medium_nohup.log,points_mentioned_212,544156,points,544156.0
pointcloud,12_colmap_stereo_fusion_medium_nohup.log,points_mentioned_213,547806,points,547806.0
pointcloud,12_colmap_stereo_fusion_medium_nohup.log,points_mentioned_214,548902,points,548902.0
pointcloud,12_colmap_stereo_fusion_medium_nohup.log,points_mentioned_215,549772,points,549772.0
pointcloud,12_colmap_stereo_fusion_medium_nohup.log,points_mentioned_216,551242,points,551242.0
pointcloud,12_colmap_stereo_fusion_medium_nohup.log,points_mentioned_217,551913,points,551913.0
pointcloud,12_colmap_stereo_fusion_medium_nohup.log,points_mentioned_218,552802,points,552802.0
pointcloud,12_colmap_stereo_fusion_medium_nohup.log,points_mentioned_219,554730,points,554730.0
pointcloud,12_colmap_stereo_fusion_medium_nohup.log,points_mentioned_220,559062,points,559062.0
pointcloud,12_colmap_stereo_fusion_medium_nohup.log,points_mentioned_221,560477,points,560477.0
pointcloud,12_colmap_stereo_fusion_medium_nohup.log,points_mentioned_222,560844,points,560844.0
pointcloud,12_colmap_stereo_fusion_medium_nohup.log,points_mentioned_223,561059,points,561059.0
pointcloud,12_colmap_stereo_fusion_medium_nohup.log,points_mentioned_224,561154,points,561154.0
pointcloud,12_colmap_stereo_fusion_medium_nohup.log,points_mentioned_225,561462,points,561462.0
pointcloud,12_colmap_stereo_fusion_medium_nohup.log,points_mentioned_226,561711,points,561711.0
pointcloud,12_colmap_stereo_fusion_medium_nohup.log,points_mentioned_227,563261,points,563261.0
pointcloud,12_colmap_stereo_fusion_medium_nohup.log,points_mentioned_228,570246,points,570246.0
pointcloud,12_colmap_stereo_fusion_medium_nohup.log,points_mentioned_229,573395,points,573395.0
pointcloud,12_colmap_stereo_fusion_medium_nohup.log,points_mentioned_230,574163,points,574163.0
pointcloud,12_colmap_stereo_fusion_medium_nohup.log,points_mentioned_231,574601,points,574601.0
pointcloud,12_colmap_stereo_fusion_medium_nohup.log,points_mentioned_232,575476,points,575476.0
pointcloud,12_colmap_stereo_fusion_medium_nohup.log,points_mentioned_233,575543,points,575543.0
pointcloud,12_colmap_stereo_fusion_medium_nohup.log,points_mentioned_234,575564,points,575564.0
pointcloud,12_colmap_stereo_fusion_medium_nohup.log,points_mentioned_235,575588,points,575588.0
pointcloud,12_colmap_stereo_fusion_medium_nohup.log,points_mentioned_236,575600,points,575600.0
pointcloud,12_colmap_stereo_fusion_medium_nohup.log,points_mentioned_237,575600,points,575600.0
pointcloud,12_colmap_stereo_fusion_medium_nohup.log,points_mentioned_238,575600,points,575600.0
pointcloud,12_colmap_stereo_fusion_medium_nohup.log,points_mentioned_239,575600,points,575600.0
pointcloud,12_colmap_stereo_fusion_medium_nohup.log,points_mentioned_240,575600,points,575600.0
pointcloud,12_colmap_stereo_fusion_medium_nohup.log,points_mentioned_241,575600,points,575600.0
pointcloud,12_colmap_stereo_fusion_medium_nohup.log,points_mentioned_242,598038,points,598038.0
pointcloud,12_colmap_stereo_fusion_medium_nohup.log,points_mentioned_243,604583,points,604583.0
pointcloud,12_colmap_stereo_fusion_medium_nohup.log,points_mentioned_244,622072,points,622072.0
pointcloud,12_colmap_stereo_fusion_medium_nohup.log,points_mentioned_245,623281,points,623281.0
pointcloud,12_colmap_stereo_fusion_medium_nohup.log,points_mentioned_246,627072,points,627072.0
pointcloud,12_colmap_stereo_fusion_medium_nohup.log,points_mentioned_247,627484,points,627484.0
pointcloud,12_colmap_stereo_fusion_medium_nohup.log,points_mentioned_248,644112,points,644112.0
pointcloud,12_colmap_stereo_fusion_medium_nohup.log,points_mentioned_249,651368,points,651368.0
pointcloud,12_colmap_stereo_fusion_medium_nohup.log,points_mentioned_250,658117,points,658117.0
pointcloud,12_colmap_stereo_fusion_medium_nohup.log,points_mentioned_251,659651,points,659651.0
pointcloud,12_colmap_stereo_fusion_medium_nohup.log,points_mentioned_252,660244,points,660244.0
pointcloud,12_colmap_stereo_fusion_medium_nohup.log,points_mentioned_253,663228,points,663228.0
pointcloud,12_colmap_stereo_fusion_medium_nohup.log,points_mentioned_254,665664,points,665664.0
pointcloud,12_colmap_stereo_fusion_medium_nohup.log,points_mentioned_255,668641,points,668641.0
pointcloud,12_colmap_stereo_fusion_medium_nohup.log,points_mentioned_256,669407,points,669407.0
pointcloud,12_colmap_stereo_fusion_medium_nohup.log,points_mentioned_257,669588,points,669588.0
pointcloud,12_colmap_stereo_fusion_medium_nohup.log,points_mentioned_258,669644,points,669644.0
pointcloud,12_colmap_stereo_fusion_medium_nohup.log,points_mentioned_259,669654,points,669654.0
pointcloud,12_colmap_stereo_fusion_medium_nohup.log,points_mentioned_260,669655,points,669655.0
pointcloud,12_colmap_stereo_fusion_medium_nohup.log,points_mentioned_261,669655,points,669655.0
pointcloud,12_colmap_stereo_fusion_medium_nohup.log,points_mentioned_262,669655,points,669655.0
pointcloud,12_colmap_stereo_fusion_medium_nohup.log,points_mentioned_263,669655,points,669655.0
pointcloud,12_colmap_stereo_fusion_medium_nohup.log,points_mentioned_264,669655,points,669655.0
pointcloud,12_colmap_stereo_fusion_medium_nohup.log,points_mentioned_265,686458,points,686458.0
pointcloud,12_colmap_stereo_fusion_medium_nohup.log,points_mentioned_266,688398,points,688398.0
pointcloud,12_colmap_stereo_fusion_medium_nohup.log,points_mentioned_267,693795,points,693795.0
pointcloud,12_colmap_stereo_fusion_medium_nohup.log,points_mentioned_268,703938,points,703938.0
pointcloud,12_colmap_stereo_fusion_medium_nohup.log,points_mentioned_269,709378,points,709378.0
pointcloud,12_colmap_stereo_fusion_medium_nohup.log,points_mentioned_270,711714,points,711714.0
pointcloud,12_colmap_stereo_fusion_medium_nohup.log,points_mentioned_271,713017,points,713017.0
pointcloud,12_colmap_stereo_fusion_medium_nohup.log,points_mentioned_272,714751,points,714751.0
pointcloud,12_colmap_stereo_fusion_medium_nohup.log,points_mentioned_273,719336,points,719336.0
pointcloud,12_colmap_stereo_fusion_medium_nohup.log,points_mentioned_274,730590,points,730590.0
pointcloud,12_colmap_stereo_fusion_medium_nohup.log,points_mentioned_275,737050,points,737050.0
pointcloud,12_colmap_stereo_fusion_medium_nohup.log,points_mentioned_276,741329,points,741329.0
pointcloud,12_colmap_stereo_fusion_medium_nohup.log,points_mentioned_277,741937,points,741937.0
pointcloud,12_colmap_stereo_fusion_medium_nohup.log,points_mentioned_278,742106,points,742106.0
pointcloud,12_colmap_stereo_fusion_medium_nohup.log,points_mentioned_279,742303,points,742303.0
pointcloud,12_colmap_stereo_fusion_medium_nohup.log,points_mentioned_280,742417,points,742417.0
pointcloud,12_colmap_stereo_fusion_medium_nohup.log,points_mentioned_281,742450,points,742450.0
pointcloud,12_colmap_stereo_fusion_medium_nohup.log,points_mentioned_282,743076,points,743076.0
pointcloud,12_colmap_stereo_fusion_medium_nohup.log,points_mentioned_283,756983,points,756983.0
pointcloud,12_colmap_stereo_fusion_medium_nohup.log,points_mentioned_284,766685,points,766685.0
pointcloud,12_colmap_stereo_fusion_medium_nohup.log,points_mentioned_285,770951,points,770951.0
pointcloud,12_colmap_stereo_fusion_medium_nohup.log,points_mentioned_286,772573,points,772573.0
pointcloud,12_colmap_stereo_fusion_medium_nohup.log,points_mentioned_287,774615,points,774615.0
pointcloud,12_colmap_stereo_fusion_medium_nohup.log,points_mentioned_288,775977,points,775977.0
pointcloud,12_colmap_stereo_fusion_medium_nohup.log,points_mentioned_289,777995,points,777995.0
pointcloud,12_colmap_stereo_fusion_medium_nohup.log,points_mentioned_290,779101,points,779101.0
pointcloud,12_colmap_stereo_fusion_medium_nohup.log,points_mentioned_291,779311,points,779311.0
pointcloud,12_colmap_stereo_fusion_medium_nohup.log,points_mentioned_292,779317,points,779317.0
pointcloud,12_colmap_stereo_fusion_medium_nohup.log,points_mentioned_293,779317,points,779317.0
pointcloud,12_colmap_stereo_fusion_medium_nohup.log,points_mentioned_294,779317,points,779317.0
pointcloud,12_colmap_stereo_fusion_medium_nohup.log,points_mentioned_295,779335,points,779335.0
pointcloud,12_colmap_stereo_fusion_medium_nohup.log,points_mentioned_296,779337,points,779337.0
pointcloud,12_colmap_stereo_fusion_medium_nohup.log,points_mentioned_297,779349,points,779349.0
pointcloud,12_colmap_stereo_fusion_medium_nohup.log,points_mentioned_298,780080,points,780080.0
pointcloud,12_colmap_stereo_fusion_medium_nohup.log,points_mentioned_299,789446,points,789446.0
pointcloud,12_colmap_stereo_fusion_medium_nohup.log,points_mentioned_300,790803,points,790803.0
pointcloud,12_colmap_stereo_fusion_medium_nohup.log,points_mentioned_301,790803,points,790803.0
pointcloud,12_colmap_stereo_fusion_medium_nohup.log,points_mentioned_302,790803,points,790803.0
pointcloud,12_colmap_stereo_fusion_medium_nohup.log,points_mentioned_303,790803,points,790803.0
pointcloud,12_colmap_stereo_fusion_medium_nohup.log,points_mentioned_304,790803,points,790803.0
pointcloud,12_colmap_stereo_fusion_medium_nohup.log,points_mentioned_305,790803,points,790803.0
pointcloud,12_colmap_stereo_fusion_medium_nohup.log,points_mentioned_306,790803,points,790803.0
pointcloud,12_colmap_stereo_fusion_medium_nohup.log,points_mentioned_307,790803,points,790803.0
pointcloud,12_colmap_stereo_fusion_medium_nohup.log,points_mentioned_308,790803,points,790803.0
pointcloud,12_colmap_stereo_fusion_medium_nohup.log,points_mentioned_309,790803,points,790803.0
pointcloud,12_colmap_stereo_fusion_medium_nohup.log,points_mentioned_310,798600,points,798600.0
pointcloud,12_colmap_stereo_fusion_medium_nohup.log,points_mentioned_311,805614,points,805614.0
pointcloud,12_colmap_stereo_fusion_medium_nohup.log,points_mentioned_312,807358,points,807358.0
pointcloud,12_colmap_stereo_fusion_medium_nohup.log,points_mentioned_313,807837,points,807837.0
pointcloud,12_colmap_stereo_fusion_medium_nohup.log,points_mentioned_314,809013,points,809013.0
pointcloud,12_colmap_stereo_fusion_medium_nohup.log,points_mentioned_315,809813,points,809813.0
pointcloud,12_colmap_stereo_fusion_medium_nohup.log,points_mentioned_316,810497,points,810497.0
pointcloud,12_colmap_stereo_fusion_medium_nohup.log,points_mentioned_317,810976,points,810976.0
pointcloud,12_colmap_stereo_fusion_medium_nohup.log,points_mentioned_318,812408,points,812408.0
pointcloud,12_colmap_stereo_fusion_medium_nohup.log,points_mentioned_319,812662,points,812662.0
pointcloud,12_colmap_stereo_fusion_medium_nohup.log,points_mentioned_320,815449,points,815449.0
pointcloud,12_colmap_stereo_fusion_medium_nohup.log,points_mentioned_321,825396,points,825396.0
pointcloud,12_colmap_stereo_fusion_medium_nohup.log,points_mentioned_322,834127,points,834127.0
pointcloud,12_colmap_stereo_fusion_medium_nohup.log,points_mentioned_323,840333,points,840333.0
pointcloud,12_colmap_stereo_fusion_medium_nohup.log,points_mentioned_324,847627,points,847627.0
pointcloud,12_colmap_stereo_fusion_medium_nohup.log,points_mentioned_325,856269,points,856269.0
pointcloud,12_colmap_stereo_fusion_medium_nohup.log,points_mentioned_326,862493,points,862493.0
pointcloud,12_colmap_stereo_fusion_medium_nohup.log,points_mentioned_327,863847,points,863847.0
pointcloud,12_colmap_stereo_fusion_medium_nohup.log,points_mentioned_328,864724,points,864724.0
pointcloud,12_colmap_stereo_fusion_medium_nohup.log,points_mentioned_329,865882,points,865882.0
pointcloud,12_colmap_stereo_fusion_medium_nohup.log,points_mentioned_330,866423,points,866423.0
pointcloud,12_colmap_stereo_fusion_medium_nohup.log,points_mentioned_331,867237,points,867237.0
pointcloud,12_colmap_stereo_fusion_medium_nohup.log,points_mentioned_332,869769,points,869769.0
pointcloud,12_colmap_stereo_fusion_medium_nohup.log,points_mentioned_333,870943,points,870943.0
pointcloud,12_colmap_stereo_fusion_medium_nohup.log,points_mentioned_334,871509,points,871509.0
pointcloud,12_colmap_stereo_fusion_medium_nohup.log,points_mentioned_335,871686,points,871686.0
pointcloud,12_colmap_stereo_fusion_medium_nohup.log,points_mentioned_336,871747,points,871747.0
pointcloud,12_colmap_stereo_fusion_medium_nohup.log,points_mentioned_337,872136,points,872136.0
pointcloud,12_colmap_stereo_fusion_medium_nohup.log,points_mentioned_338,872152,points,872152.0
pointcloud,12_colmap_stereo_fusion_medium_nohup.log,points_mentioned_339,872156,points,872156.0
pointcloud,12_colmap_stereo_fusion_medium_nohup.log,points_mentioned_340,872156,points,872156.0
pointcloud,12_colmap_stereo_fusion_medium_nohup.log,points_mentioned_341,872156,points,872156.0
pointcloud,12_colmap_stereo_fusion_medium_nohup.log,points_mentioned_342,872156,points,872156.0
pointcloud,12_colmap_stereo_fusion_medium_nohup.log,points_mentioned_343,872156,points,872156.0
pointcloud,12_colmap_stereo_fusion_medium_nohup.log,points_mentioned_344,872156,points,872156.0
pointcloud,12_colmap_stereo_fusion_medium_nohup.log,points_mentioned_345,872156,points,872156.0
pointcloud,12_colmap_stereo_fusion_medium_nohup.log,points_mentioned_346,872156,points,872156.0
pointcloud,12_colmap_stereo_fusion_medium_nohup.log,points_mentioned_347,901882,points,901882.0
pointcloud,12_colmap_stereo_fusion_medium_nohup.log,points_mentioned_348,903757,points,903757.0
pointcloud,12_colmap_stereo_fusion_medium_nohup.log,points_mentioned_349,904251,points,904251.0
pointcloud,12_colmap_stereo_fusion_medium_nohup.log,points_mentioned_350,905287,points,905287.0
pointcloud,12_colmap_stereo_fusion_medium_nohup.log,points_mentioned_351,905894,points,905894.0
pointcloud,12_colmap_stereo_fusion_medium_nohup.log,points_mentioned_352,906197,points,906197.0
pointcloud,12_colmap_stereo_fusion_medium_nohup.log,points_mentioned_353,906198,points,906198.0
pointcloud,12_colmap_stereo_fusion_medium_nohup.log,points_mentioned_354,906857,points,906857.0
pointcloud,12_colmap_stereo_fusion_medium_nohup.log,points_mentioned_355,906857,points,906857.0
pointcloud,12_colmap_stereo_fusion_medium_nohup.log,points_mentioned_356,906857,points,906857.0
pointcloud,12_colmap_stereo_fusion_medium_nohup.log,points_mentioned_357,935564,points,935564.0
pointcloud,12_colmap_stereo_fusion_medium_nohup.log,points_mentioned_358,940508,points,940508.0
pointcloud,12_colmap_stereo_fusion_medium_nohup.log,points_mentioned_359,943793,points,943793.0
pointcloud,12_colmap_stereo_fusion_medium_nohup.log,points_mentioned_360,947658,points,947658.0
pointcloud,12_colmap_stereo_fusion_medium_nohup.log,points_mentioned_361,950961,points,950961.0
pointcloud,12_colmap_stereo_fusion_medium_nohup.log,points_mentioned_362,952455,points,952455.0
pointcloud,12_colmap_stereo_fusion_medium_nohup.log,points_mentioned_363,953096,points,953096.0
pointcloud,12_colmap_stereo_fusion_medium_nohup.log,points_mentioned_364,953373,points,953373.0
pointcloud,12_colmap_stereo_fusion_medium_nohup.log,points_mentioned_365,954488,points,954488.0
pointcloud,12_colmap_stereo_fusion_medium_nohup.log,points_mentioned_366,958526,points,958526.0
pointcloud,12_colmap_stereo_fusion_medium_nohup.log,points_mentioned_367,959540,points,959540.0
pointcloud,12_colmap_stereo_fusion_medium_nohup.log,points_mentioned_368,961676,points,961676.0
pointcloud,12_colmap_stereo_fusion_medium_nohup.log,points_mentioned_369,961971,points,961971.0
pointcloud,12_colmap_stereo_fusion_medium_nohup.log,points_mentioned_370,966127,points,966127.0
pointcloud,12_colmap_stereo_fusion_medium_nohup.log,points_mentioned_371,969912,points,969912.0
pointcloud,12_colmap_stereo_fusion_medium_nohup.log,points_mentioned_372,971803,points,971803.0
pointcloud,12_colmap_stereo_fusion_medium_nohup.log,points_mentioned_373,972942,points,972942.0
pointcloud,12_colmap_stereo_fusion_medium_nohup.log,points_mentioned_374,973325,points,973325.0
pointcloud,12_colmap_stereo_fusion_medium_nohup.log,points_mentioned_375,973607,points,973607.0
pointcloud,12_colmap_stereo_fusion_medium_nohup.log,points_mentioned_376,973658,points,973658.0
pointcloud,12_colmap_stereo_fusion_medium_nohup.log,points_mentioned_377,973712,points,973712.0
pointcloud,12_colmap_stereo_fusion_medium_nohup.log,points_mentioned_378,973745,points,973745.0
pointcloud,12_colmap_stereo_fusion_medium_nohup.log,points_mentioned_379,974316,points,974316.0
pointcloud,12_colmap_stereo_fusion_medium_nohup.log,points_mentioned_380,978077,points,978077.0
pointcloud,12_colmap_stereo_fusion_medium_nohup.log,points_mentioned_381,979152,points,979152.0
pointcloud,12_colmap_stereo_fusion_medium_nohup.log,points_mentioned_382,980260,points,980260.0
pointcloud,12_colmap_stereo_fusion_medium_nohup.log,points_mentioned_383,983922,points,983922.0
pointcloud,12_colmap_stereo_fusion_medium_nohup.log,points_mentioned_384,986315,points,986315.0
pointcloud,12_colmap_stereo_fusion_medium_nohup.log,points_mentioned_385,987999,points,987999.0
pointcloud,12_colmap_stereo_fusion_medium_nohup.log,points_mentioned_386,989547,points,989547.0
pointcloud,12_colmap_stereo_fusion_medium_nohup.log,points_mentioned_387,989670,points,989670.0
pointcloud,12_colmap_stereo_fusion_medium_nohup.log,points_mentioned_388,989677,points,989677.0
pointcloud,12_colmap_stereo_fusion_medium_nohup.log,points_mentioned_389,989683,points,989683.0
pointcloud,12_colmap_stereo_fusion_medium_nohup.log,points_mentioned_390,989683,points,989683.0
pointcloud,12_colmap_stereo_fusion_medium_nohup.log,points_mentioned_391,989683,points,989683.0
pointcloud,12_colmap_stereo_fusion_medium_nohup.log,points_mentioned_392,991161,points,991161.0
pointcloud,12_colmap_stereo_fusion_medium_nohup.log,points_mentioned_393,998294,points,998294.0
pointcloud,12_colmap_stereo_fusion_medium_nohup.log,points_mentioned_394,1000536,points,1000536.0
pointcloud,12_colmap_stereo_fusion_medium_nohup.log,points_mentioned_395,1006887,points,1006887.0
pointcloud,12_colmap_stereo_fusion_medium_nohup.log,points_mentioned_396,1007924,points,1007924.0
pointcloud,12_colmap_stereo_fusion_medium_nohup.log,points_mentioned_397,1008460,points,1008460.0
pointcloud,12_colmap_stereo_fusion_medium_nohup.log,points_mentioned_398,1010491,points,1010491.0
pointcloud,12_colmap_stereo_fusion_medium_nohup.log,points_mentioned_399,1017298,points,1017298.0
pointcloud,12_colmap_stereo_fusion_medium_nohup.log,points_mentioned_400,1019336,points,1019336.0
pointcloud,12_colmap_stereo_fusion_medium_nohup.log,points_mentioned_401,1020099,points,1020099.0
pointcloud,12_colmap_stereo_fusion_medium_nohup.log,points_mentioned_402,1021060,points,1021060.0
pointcloud,12_colmap_stereo_fusion_medium_nohup.log,points_mentioned_403,1021781,points,1021781.0
pointcloud,12_colmap_stereo_fusion_medium_nohup.log,points_mentioned_404,1027262,points,1027262.0
pointcloud,12_colmap_stereo_fusion_medium_nohup.log,points_mentioned_405,1035201,points,1035201.0
pointcloud,12_colmap_stereo_fusion_medium_nohup.log,points_mentioned_406,1036300,points,1036300.0
pointcloud,12_colmap_stereo_fusion_medium_nohup.log,points_mentioned_407,1036539,points,1036539.0
pointcloud,12_colmap_stereo_fusion_medium_nohup.log,points_mentioned_408,1036625,points,1036625.0
pointcloud,12_colmap_stereo_fusion_medium_nohup.log,points_mentioned_409,1036684,points,1036684.0
pointcloud,12_colmap_stereo_fusion_medium_nohup.log,points_mentioned_410,1036706,points,1036706.0
pointcloud,12_colmap_stereo_fusion_medium_nohup.log,points_mentioned_411,1036706,points,1036706.0
pointcloud,12_colmap_stereo_fusion_medium_nohup.log,points_mentioned_412,1036706,points,1036706.0
pointcloud,12_colmap_stereo_fusion_medium_nohup.log,points_mentioned_413,1036706,points,1036706.0
pointcloud,12_colmap_stereo_fusion_medium_nohup.log,points_mentioned_414,1036706,points,1036706.0
pointcloud,12_colmap_stereo_fusion_medium_nohup.log,points_mentioned_415,1036716,points,1036716.0
pointcloud,12_colmap_stereo_fusion_medium_nohup.log,points_mentioned_416,1036722,points,1036722.0
pointcloud,12_colmap_stereo_fusion_medium_nohup.log,points_mentioned_417,1036722,points,1036722.0
pointcloud,12_colmap_stereo_fusion_medium_nohup.log,points_mentioned_418,1036722,points,1036722.0
pointcloud,12_colmap_stereo_fusion_medium_nohup.log,points_mentioned_419,1036722,points,1036722.0
pointcloud,12_colmap_stereo_fusion_medium_nohup.log,points_mentioned_420,1036732,points,1036732.0
pointcloud,12_colmap_stereo_fusion_medium_nohup.log,points_mentioned_421,1036736,points,1036736.0
pointcloud,12_colmap_stereo_fusion_medium_nohup.log,points_mentioned_422,1036736,points,1036736.0
pointcloud,12_colmap_stereo_fusion_medium_nohup.log,points_mentioned_423,1036736,points,1036736.0
pointcloud,12_colmap_stereo_fusion_medium_nohup.log,points_mentioned_424,1036736,points,1036736.0
pointcloud,12_colmap_stereo_fusion_medium_nohup.log,points_mentioned_425,1036736,points,1036736.0
pointcloud,12_colmap_stereo_fusion_medium_nohup.log,points_mentioned_426,1036736,points,1036736.0
pointcloud,12_colmap_stereo_fusion_medium_nohup.log,points_mentioned_427,1036736,points,1036736.0
pointcloud,12_colmap_stereo_fusion_medium_nohup.log,points_mentioned_428,1036736,points,1036736.0
pointcloud,12_colmap_stereo_fusion_medium_nohup.log,points_mentioned_429,1036736,points,1036736.0
pointcloud,12_colmap_stereo_fusion_medium_nohup.log,points_mentioned_430,1036736,points,1036736.0
pointcloud,12_colmap_stereo_fusion_medium_nohup.log,points_mentioned_431,1058412,points,1058412.0
pointcloud,12_colmap_stereo_fusion_medium_nohup.log,points_mentioned_432,1061259,points,1061259.0
pointcloud,12_colmap_stereo_fusion_medium_nohup.log,points_mentioned_433,1062755,points,1062755.0
pointcloud,12_colmap_stereo_fusion_medium_nohup.log,points_mentioned_434,1064453,points,1064453.0
pointcloud,12_colmap_stereo_fusion_medium_nohup.log,points_mentioned_435,1066071,points,1066071.0
pointcloud,12_colmap_stereo_fusion_medium_nohup.log,points_mentioned_436,1067074,points,1067074.0
pointcloud,12_colmap_stereo_fusion_medium_nohup.log,points_mentioned_437,1067806,points,1067806.0
pointcloud,12_colmap_stereo_fusion_medium_nohup.log,points_mentioned_438,1072647,points,1072647.0
pointcloud,12_colmap_stereo_fusion_medium_nohup.log,points_mentioned_439,1074341,points,1074341.0
pointcloud,12_colmap_stereo_fusion_medium_nohup.log,points_mentioned_440,1075794,points,1075794.0
pointcloud,12_colmap_stereo_fusion_medium_nohup.log,points_mentioned_441,1076158,points,1076158.0
pointcloud,12_colmap_stereo_fusion_medium_nohup.log,points_mentioned_442,1076320,points,1076320.0
pointcloud,12_colmap_stereo_fusion_medium_nohup.log,points_mentioned_443,1076563,points,1076563.0
pointcloud,12_colmap_stereo_fusion_medium_nohup.log,points_mentioned_444,1076581,points,1076581.0
pointcloud,12_colmap_stereo_fusion_medium_nohup.log,points_mentioned_445,1076581,points,1076581.0
pointcloud,12_colmap_stereo_fusion_medium_nohup.log,points_mentioned_446,1076581,points,1076581.0
pointcloud,12_colmap_stereo_fusion_medium_nohup.log,points_mentioned_447,1076581,points,1076581.0
pointcloud,12_colmap_stereo_fusion_medium_nohup.log,points_mentioned_448,1076581,points,1076581.0
pointcloud,12_colmap_stereo_fusion_medium_nohup.log,points_mentioned_449,1103946,points,1103946.0
pointcloud,12_colmap_stereo_fusion_medium_nohup.log,points_mentioned_450,1104783,points,1104783.0
pointcloud,12_colmap_stereo_fusion_medium_nohup.log,points_mentioned_451,1105174,points,1105174.0
pointcloud,12_colmap_stereo_fusion_medium_nohup.log,points_mentioned_452,1106350,points,1106350.0
pointcloud,12_colmap_stereo_fusion_medium_nohup.log,points_mentioned_453,1106350,points,1106350.0
pointcloud,12_colmap_stereo_fusion_medium_nohup.log,points_mentioned_454,1106350,points,1106350.0
pointcloud,12_colmap_stereo_fusion_medium_nohup.log,points_mentioned_455,1106350,points,1106350.0
pointcloud,12_colmap_stereo_fusion_medium_nohup.log,points_mentioned_456,1106350,points,1106350.0
pointcloud,12_colmap_stereo_fusion_medium_nohup.log,points_mentioned_457,1107032,points,1107032.0
pointcloud,12_colmap_stereo_fusion_medium_nohup.log,points_mentioned_458,1112017,points,1112017.0
pointcloud,12_colmap_stereo_fusion_medium_nohup.log,points_mentioned_459,1112336,points,1112336.0
pointcloud,12_colmap_stereo_fusion_medium_nohup.log,points_mentioned_460,1112430,points,1112430.0
pointcloud,12_colmap_stereo_fusion_medium_nohup.log,points_mentioned_461,1112451,points,1112451.0
pointcloud,12_colmap_stereo_fusion_medium_nohup.log,points_mentioned_462,1112455,points,1112455.0
pointcloud,12_colmap_stereo_fusion_medium_nohup.log,points_mentioned_463,1112455,points,1112455.0
pointcloud,12_colmap_stereo_fusion_medium_nohup.log,points_mentioned_464,1112455,points,1112455.0
pointcloud,12_colmap_stereo_fusion_medium_nohup.log,points_mentioned_465,1112455,points,1112455.0
pointcloud,12_colmap_stereo_fusion_medium_nohup.log,points_mentioned_466,1112455,points,1112455.0
pointcloud,12_colmap_stereo_fusion_medium_nohup.log,points_mentioned_467,1112455,points,1112455.0
pointcloud,12_colmap_stereo_fusion_medium_nohup.log,points_mentioned_468,1112455,points,1112455.0
pointcloud,12_colmap_stereo_fusion_medium_nohup.log,points_mentioned_469,1131411,points,1131411.0
pointcloud,12_colmap_stereo_fusion_medium_nohup.log,points_mentioned_470,1131920,points,1131920.0
pointcloud,12_colmap_stereo_fusion_medium_nohup.log,points_mentioned_471,1131935,points,1131935.0
pointcloud,12_colmap_stereo_fusion_medium_nohup.log,points_mentioned_472,1131935,points,1131935.0
pointcloud,12_colmap_stereo_fusion_medium_nohup.log,points_mentioned_473,1131935,points,1131935.0
pointcloud,12_colmap_stereo_fusion_medium_nohup.log,points_mentioned_474,1131935,points,1131935.0
pointcloud,12_colmap_stereo_fusion_medium_nohup.log,points_mentioned_475,1131935,points,1131935.0
pointcloud,12_colmap_stereo_fusion_medium_nohup.log,points_mentioned_476,1131935,points,1131935.0
pointcloud,12_colmap_stereo_fusion_medium_nohup.log,points_mentioned_477,1131935,points,1131935.0
pointcloud,12_colmap_stereo_fusion_medium_nohup.log,points_mentioned_478,1131935,points,1131935.0
pointcloud,12_colmap_stereo_fusion_medium_nohup.log,points_mentioned_479,1131935,points,1131935.0
pointcloud,12_colmap_stereo_fusion_medium_nohup.log,points_mentioned_480,1131935,points,1131935.0
pointcloud,12_colmap_stereo_fusion_medium_nohup.log,points_mentioned_481,1131935,points,1131935.0
pointcloud,12_colmap_stereo_fusion_medium_nohup.log,points_mentioned_482,1131935,points,1131935.0
pointcloud,12_colmap_stereo_fusion_medium_nohup.log,points_mentioned_483,1137828,points,1137828.0
pointcloud,12_colmap_stereo_fusion_medium_nohup.log,points_mentioned_484,1143033,points,1143033.0
pointcloud,12_colmap_stereo_fusion_medium_nohup.log,points_mentioned_485,1144384,points,1144384.0
pointcloud,12_colmap_stereo_fusion_medium_nohup.log,points_mentioned_486,1144425,points,1144425.0
pointcloud,12_colmap_stereo_fusion_medium_nohup.log,points_mentioned_487,1144425,points,1144425.0
pointcloud,12_colmap_stereo_fusion_medium_nohup.log,points_mentioned_488,1144425,points,1144425.0
pointcloud,12_colmap_stereo_fusion_medium_nohup.log,points_mentioned_489,1144425,points,1144425.0
pointcloud,12_colmap_stereo_fusion_medium_nohup.log,points_mentioned_490,1144425,points,1144425.0
pointcloud,12_colmap_stereo_fusion_medium_nohup.log,points_mentioned_491,1144425,points,1144425.0
pointcloud,12_colmap_stereo_fusion_medium_nohup.log,points_mentioned_492,1145688,points,1145688.0
pointcloud,12_colmap_stereo_fusion_medium_nohup.log,points_mentioned_493,1146666,points,1146666.0
pointcloud,12_colmap_stereo_fusion_medium_nohup.log,points_mentioned_494,1150212,points,1150212.0
pointcloud,12_colmap_stereo_fusion_medium_nohup.log,points_mentioned_495,1154602,points,1154602.0
pointcloud,12_colmap_stereo_fusion_medium_nohup.log,points_mentioned_496,1161702,points,1161702.0
pointcloud,12_colmap_stereo_fusion_medium_nohup.log,points_mentioned_497,1169629,points,1169629.0
pointcloud,12_colmap_stereo_fusion_medium_nohup.log,points_mentioned_498,1170700,points,1170700.0
pointcloud,12_colmap_stereo_fusion_medium_nohup.log,points_mentioned_499,1174967,points,1174967.0
pointcloud,12_colmap_stereo_fusion_medium_nohup.log,points_mentioned_500,1175815,points,1175815.0
pointcloud,12_colmap_stereo_fusion_medium_nohup.log,points_mentioned_501,1178348,points,1178348.0
pointcloud,12_colmap_stereo_fusion_medium_nohup.log,points_mentioned_502,1179901,points,1179901.0
pointcloud,12_colmap_stereo_fusion_medium_nohup.log,points_mentioned_503,1181651,points,1181651.0
pointcloud,12_colmap_stereo_fusion_medium_nohup.log,points_mentioned_504,1181974,points,1181974.0
pointcloud,12_colmap_stereo_fusion_medium_nohup.log,points_mentioned_505,1182372,points,1182372.0
pointcloud,12_colmap_stereo_fusion_medium_nohup.log,points_mentioned_506,1182520,points,1182520.0
pointcloud,12_colmap_stereo_fusion_medium_nohup.log,points_mentioned_507,1182537,points,1182537.0
pointcloud,12_colmap_stereo_fusion_medium_nohup.log,points_mentioned_508,1182537,points,1182537.0
pointcloud,12_colmap_stereo_fusion_medium_nohup.log,points_mentioned_509,1182537,points,1182537.0
pointcloud,12_colmap_stereo_fusion_medium_nohup.log,points_mentioned_510,1182537,points,1182537.0
pointcloud,12_colmap_stereo_fusion_medium_nohup.log,points_mentioned_511,1182545,points,1182545.0
pointcloud,12_colmap_stereo_fusion_medium_nohup.log,points_mentioned_512,1182545,points,1182545.0
pointcloud,12_colmap_stereo_fusion_medium_nohup.log,points_mentioned_513,1182545,points,1182545.0
pointcloud,12_colmap_stereo_fusion_medium_nohup.log,points_mentioned_514,1207893,points,1207893.0
pointcloud,12_colmap_stereo_fusion_medium_nohup.log,points_mentioned_515,1212675,points,1212675.0
pointcloud,12_colmap_stereo_fusion_medium_nohup.log,points_mentioned_516,1224609,points,1224609.0
pointcloud,12_colmap_stereo_fusion_medium_nohup.log,points_mentioned_517,1227285,points,1227285.0
pointcloud,12_colmap_stereo_fusion_medium_nohup.log,points_mentioned_518,1234160,points,1234160.0
pointcloud,12_colmap_stereo_fusion_medium_nohup.log,points_mentioned_519,1242031,points,1242031.0
pointcloud,12_colmap_stereo_fusion_medium_nohup.log,points_mentioned_520,1246058,points,1246058.0
pointcloud,12_colmap_stereo_fusion_medium_nohup.log,points_mentioned_521,1252216,points,1252216.0
pointcloud,12_colmap_stereo_fusion_medium_nohup.log,points_mentioned_522,1254930,points,1254930.0
pointcloud,12_colmap_stereo_fusion_medium_nohup.log,points_mentioned_523,1256992,points,1256992.0
pointcloud,12_colmap_stereo_fusion_medium_nohup.log,points_mentioned_524,1259341,points,1259341.0
pointcloud,12_colmap_stereo_fusion_medium_nohup.log,points_mentioned_525,1261580,points,1261580.0
pointcloud,12_colmap_stereo_fusion_medium_nohup.log,points_mentioned_526,1262153,points,1262153.0
pointcloud,12_colmap_stereo_fusion_medium_nohup.log,points_mentioned_527,1263251,points,1263251.0
pointcloud,12_colmap_stereo_fusion_medium_nohup.log,points_mentioned_528,1264227,points,1264227.0
pointcloud,12_colmap_stereo_fusion_medium_nohup.log,points_mentioned_529,1266110,points,1266110.0
pointcloud,12_colmap_stereo_fusion_medium_nohup.log,points_mentioned_530,1269355,points,1269355.0
pointcloud,12_colmap_stereo_fusion_medium_nohup.log,points_mentioned_531,1275484,points,1275484.0
pointcloud,12_colmap_stereo_fusion_medium_nohup.log,points_mentioned_532,1279569,points,1279569.0
pointcloud,12_colmap_stereo_fusion_medium_nohup.log,points_mentioned_533,1282353,points,1282353.0
pointcloud,12_colmap_stereo_fusion_medium_nohup.log,points_mentioned_534,1285937,points,1285937.0
pointcloud,12_colmap_stereo_fusion_medium_nohup.log,points_mentioned_535,1286394,points,1286394.0
pointcloud,12_colmap_stereo_fusion_medium_nohup.log,points_mentioned_536,1286630,points,1286630.0
pointcloud,12_colmap_stereo_fusion_medium_nohup.log,points_mentioned_537,1286685,points,1286685.0
pointcloud,12_colmap_stereo_fusion_medium_nohup.log,points_mentioned_538,1286727,points,1286727.0
pointcloud,12_colmap_stereo_fusion_medium_nohup.log,points_mentioned_539,1288397,points,1288397.0
pointcloud,12_colmap_stereo_fusion_medium_nohup.log,points_mentioned_540,1291596,points,1291596.0
pointcloud,12_colmap_stereo_fusion_medium_nohup.log,points_mentioned_541,1302045,points,1302045.0
pointcloud,12_colmap_stereo_fusion_medium_nohup.log,points_mentioned_542,1306772,points,1306772.0
pointcloud,12_colmap_stereo_fusion_medium_nohup.log,points_mentioned_543,1314987,points,1314987.0
pointcloud,12_colmap_stereo_fusion_medium_nohup.log,points_mentioned_544,1322627,points,1322627.0
pointcloud,12_colmap_stereo_fusion_medium_nohup.log,points_mentioned_545,1326876,points,1326876.0
pointcloud,12_colmap_stereo_fusion_medium_nohup.log,points_mentioned_546,1330533,points,1330533.0
pointcloud,12_colmap_stereo_fusion_medium_nohup.log,points_mentioned_547,1334335,points,1334335.0
pointcloud,12_colmap_stereo_fusion_medium_nohup.log,points_mentioned_548,1338996,points,1338996.0
pointcloud,12_colmap_stereo_fusion_medium_nohup.log,points_mentioned_549,1339418,points,1339418.0
pointcloud,12_colmap_stereo_fusion_medium_nohup.log,points_mentioned_550,1339483,points,1339483.0
pointcloud,12_colmap_stereo_fusion_medium_nohup.log,points_mentioned_551,1339903,points,1339903.0
pointcloud,12_colmap_stereo_fusion_medium_nohup.log,points_mentioned_552,1340393,points,1340393.0
pointcloud,12_colmap_stereo_fusion_medium_nohup.log,points_mentioned_553,1340399,points,1340399.0
pointcloud,12_colmap_stereo_fusion_medium_nohup.log,points_mentioned_554,1340399,points,1340399.0
pointcloud,12_colmap_stereo_fusion_medium_nohup.log,points_mentioned_555,1340399,points,1340399.0
pointcloud,12_colmap_stereo_fusion_medium_nohup.log,points_mentioned_556,1340399,points,1340399.0
pointcloud,12_colmap_stereo_fusion_medium_nohup.log,points_mentioned_557,1340405,points,1340405.0
pointcloud,12_colmap_stereo_fusion_medium_nohup.log,points_mentioned_558,1340411,points,1340411.0
pointcloud,12_colmap_stereo_fusion_medium_nohup.log,points_mentioned_559,1340414,points,1340414.0
pointcloud,12_colmap_stereo_fusion_medium_nohup.log,points_mentioned_560,1340414,points,1340414.0
pointcloud,12_colmap_stereo_fusion_medium_nohup.log,points_mentioned_561,1340414,points,1340414.0
pointcloud,12_colmap_stereo_fusion_medium_nohup.log,points_mentioned_562,1340414,points,1340414.0
pointcloud,12_colmap_stereo_fusion_medium_nohup.log,points_mentioned_563,1340436,points,1340436.0
pointcloud,12_colmap_stereo_fusion_medium_nohup.log,points_mentioned_564,1340438,points,1340438.0
pointcloud,12_colmap_stereo_fusion_medium_nohup.log,points_mentioned_565,1340439,points,1340439.0
pointcloud,12_colmap_stereo_fusion_medium_nohup.log,points_mentioned_566,1340440,points,1340440.0
pointcloud,12_colmap_stereo_fusion_medium_nohup.log,points_mentioned_567,1340440,points,1340440.0
pointcloud,12_colmap_stereo_fusion_medium_nohup.log,points_mentioned_568,1340440,points,1340440.0
pointcloud,12_colmap_stereo_fusion_medium_nohup.log,points_mentioned_569,1340440,points,1340440.0
pointcloud,12_colmap_stereo_fusion_medium_nohup.log,points_mentioned_570,1340440,points,1340440.0
pointcloud,12_colmap_stereo_fusion_medium_nohup.log,points_mentioned_571,1340440,points,1340440.0
pointcloud,12_colmap_stereo_fusion_medium_nohup.log,points_mentioned_572,1340440,points,1340440.0
pointcloud,12_colmap_stereo_fusion_medium_nohup.log,points_mentioned_573,1340440,points,1340440.0
pointcloud,12_colmap_stereo_fusion_medium_nohup.log,points_mentioned_574,1340440,points,1340440.0
pointcloud,12_colmap_stereo_fusion_medium_nohup.log,points_mentioned_575,1340529,points,1340529.0
pointcloud,12_colmap_stereo_fusion_medium_nohup.log,points_mentioned_576,1340529,points,1340529.0
pointcloud,12_colmap_stereo_fusion_medium_nohup.log,points_mentioned_577,1340529,points,1340529.0
pointcloud,12_colmap_stereo_fusion_medium_nohup.log,points_mentioned_578,1340529,points,1340529.0
pointcloud,12_colmap_stereo_fusion_medium_nohup.log,points_mentioned_579,1340529,points,1340529.0
pointcloud,12_colmap_stereo_fusion_medium_nohup.log,points_mentioned_580,1340529,points,1340529.0
pointcloud,12_colmap_stereo_fusion_medium_nohup.log,points_mentioned_581,1340529,points,1340529.0
pointcloud,12_colmap_stereo_fusion_medium_nohup.log,points_mentioned_582,1340529,points,1340529.0
pointcloud,12_colmap_stereo_fusion_medium_nohup.log,points_mentioned_583,1340529,points,1340529.0
pointcloud,12_colmap_stereo_fusion_medium_nohup.log,points_mentioned_584,1340529,points,1340529.0
pointcloud,12_colmap_stereo_fusion_medium_nohup.log,points_mentioned_585,1340529,points,1340529.0
pointcloud,12_colmap_stereo_fusion_medium_nohup.log,points_mentioned_586,1340529,points,1340529.0
pointcloud,12_colmap_stereo_fusion_medium_nohup.log,points_mentioned_587,1340529,points,1340529.0
pointcloud,12_colmap_stereo_fusion_medium_nohup.log,points_mentioned_588,1340529,points,1340529.0
pointcloud,12_colmap_stereo_fusion_medium_nohup.log,points_mentioned_589,1340529,points,1340529.0
pointcloud,12_colmap_stereo_fusion_medium_nohup.log,points_mentioned_590,1340529,points,1340529.0
pointcloud,12_colmap_stereo_fusion_medium_nohup.log,points_mentioned_591,1340529,points,1340529.0
pointcloud,12_colmap_stereo_fusion_medium_nohup.log,points_mentioned_592,1340529,points,1340529.0
pointcloud,12_colmap_stereo_fusion_medium_nohup.log,points_mentioned_593,1340529,points,1340529.0
pointcloud,12_colmap_stereo_fusion_medium_nohup.log,points_mentioned_594,1368907,points,1368907.0
pointcloud,12_colmap_stereo_fusion_medium_nohup.log,points_mentioned_595,1374468,points,1374468.0
pointcloud,12_colmap_stereo_fusion_medium_nohup.log,points_mentioned_596,1375795,points,1375795.0
pointcloud,12_colmap_stereo_fusion_medium_nohup.log,points_mentioned_597,1376731,points,1376731.0
pointcloud,12_colmap_stereo_fusion_medium_nohup.log,points_mentioned_598,1378534,points,1378534.0
pointcloud,12_colmap_stereo_fusion_medium_nohup.log,points_mentioned_599,1383231,points,1383231.0
pointcloud,12_colmap_stereo_fusion_medium_nohup.log,points_mentioned_600,1388465,points,1388465.0
pointcloud,12_colmap_stereo_fusion_medium_nohup.log,points_mentioned_601,1389114,points,1389114.0
pointcloud,12_colmap_stereo_fusion_medium_nohup.log,points_mentioned_602,1389204,points,1389204.0
pointcloud,12_colmap_stereo_fusion_medium_nohup.log,points_mentioned_603,1389246,points,1389246.0
pointcloud,12_colmap_stereo_fusion_medium_nohup.log,points_mentioned_604,1389255,points,1389255.0
pointcloud,12_colmap_stereo_fusion_medium_nohup.log,points_mentioned_605,1389261,points,1389261.0
pointcloud,12_colmap_stereo_fusion_medium_nohup.log,points_mentioned_606,1389261,points,1389261.0
pointcloud,12_colmap_stereo_fusion_medium_nohup.log,points_mentioned_607,1389261,points,1389261.0
pointcloud,12_colmap_stereo_fusion_medium_nohup.log,points_mentioned_608,1389261,points,1389261.0
pointcloud,12_colmap_stereo_fusion_medium_nohup.log,points_mentioned_609,1389261,points,1389261.0
pointcloud,12_colmap_stereo_fusion_medium_nohup.log,points_mentioned_610,1418097,points,1418097.0
pointcloud,12_colmap_stereo_fusion_medium_nohup.log,points_mentioned_611,1431942,points,1431942.0
pointcloud,12_colmap_stereo_fusion_medium_nohup.log,points_mentioned_612,1435492,points,1435492.0
pointcloud,12_colmap_stereo_fusion_medium_nohup.log,points_mentioned_613,1437292,points,1437292.0
pointcloud,12_colmap_stereo_fusion_medium_nohup.log,points_mentioned_614,1438372,points,1438372.0
pointcloud,12_colmap_stereo_fusion_medium_nohup.log,points_mentioned_615,1438900,points,1438900.0
pointcloud,12_colmap_stereo_fusion_medium_nohup.log,points_mentioned_616,1439143,points,1439143.0
pointcloud,12_colmap_stereo_fusion_medium_nohup.log,points_mentioned_617,1439413,points,1439413.0
pointcloud,12_colmap_stereo_fusion_medium_nohup.log,points_mentioned_618,1439806,points,1439806.0
pointcloud,12_colmap_stereo_fusion_medium_nohup.log,points_mentioned_619,1439851,points,1439851.0
pointcloud,12_colmap_stereo_fusion_medium_nohup.log,points_mentioned_620,1439901,points,1439901.0
pointcloud,12_colmap_stereo_fusion_medium_nohup.log,points_mentioned_621,1439930,points,1439930.0
pointcloud,12_colmap_stereo_fusion_medium_nohup.log,points_mentioned_622,1439930,points,1439930.0
pointcloud,12_colmap_stereo_fusion_medium_nohup.log,points_mentioned_623,1439930,points,1439930.0
pointcloud,12_colmap_stereo_fusion_medium_nohup.log,points_mentioned_624,1439930,points,1439930.0
pointcloud,12_colmap_stereo_fusion_medium_nohup.log,points_mentioned_625,1439930,points,1439930.0
pointcloud,12_colmap_stereo_fusion_medium_nohup.log,points_mentioned_626,1450677,points,1450677.0
pointcloud,12_colmap_stereo_fusion_medium_nohup.log,points_mentioned_627,1451886,points,1451886.0
pointcloud,12_colmap_stereo_fusion_medium_nohup.log,points_mentioned_628,1454362,points,1454362.0
pointcloud,12_colmap_stereo_fusion_medium_nohup.log,points_mentioned_629,1456285,points,1456285.0
pointcloud,12_colmap_stereo_fusion_medium_nohup.log,points_mentioned_630,1458714,points,1458714.0
pointcloud,12_colmap_stereo_fusion_medium_nohup.log,points_mentioned_631,1461834,points,1461834.0
pointcloud,12_colmap_stereo_fusion_medium_nohup.log,points_mentioned_632,1462329,points,1462329.0
pointcloud,12_colmap_stereo_fusion_medium_nohup.log,points_mentioned_633,1462344,points,1462344.0
pointcloud,12_colmap_stereo_fusion_medium_nohup.log,points_mentioned_634,1462344,points,1462344.0
pointcloud,12_colmap_stereo_fusion_medium_nohup.log,points_mentioned_635,1462344,points,1462344.0
pointcloud,12_colmap_stereo_fusion_medium_nohup.log,points_mentioned_636,1462344,points,1462344.0
pointcloud,12_colmap_stereo_fusion_medium_nohup.log,points_mentioned_637,1462344,points,1462344.0
pointcloud,12_colmap_stereo_fusion_medium_nohup.log,points_mentioned_638,1462344,points,1462344.0
pointcloud,12_colmap_stereo_fusion_medium_nohup.log,points_mentioned_639,1462344,points,1462344.0
pointcloud,12_colmap_stereo_fusion_medium_nohup.log,points_mentioned_640,1462344,points,1462344.0
pointcloud,12_colmap_stereo_fusion_medium_nohup.log,points_mentioned_641,1473327,points,1473327.0
pointcloud,12_colmap_stereo_fusion_medium_nohup.log,points_mentioned_642,1477475,points,1477475.0
pointcloud,12_colmap_stereo_fusion_medium_nohup.log,points_mentioned_643,1495725,points,1495725.0
pointcloud,12_colmap_stereo_fusion_medium_nohup.log,points_mentioned_644,1502677,points,1502677.0
pointcloud,12_colmap_stereo_fusion_medium_nohup.log,points_mentioned_645,1517236,points,1517236.0
pointcloud,12_colmap_stereo_fusion_medium_nohup.log,points_mentioned_646,1519657,points,1519657.0
pointcloud,12_colmap_stereo_fusion_medium_nohup.log,points_mentioned_647,1521557,points,1521557.0
pointcloud,12_colmap_stereo_fusion_medium_nohup.log,points_mentioned_648,1523290,points,1523290.0
pointcloud,12_colmap_stereo_fusion_medium_nohup.log,points_mentioned_649,1524244,points,1524244.0
pointcloud,12_colmap_stereo_fusion_medium_nohup.log,points_mentioned_650,1528489,points,1528489.0
pointcloud,12_colmap_stereo_fusion_medium_nohup.log,points_mentioned_651,1529989,points,1529989.0
pointcloud,12_colmap_stereo_fusion_medium_nohup.log,points_mentioned_652,1530608,points,1530608.0
pointcloud,12_colmap_stereo_fusion_medium_nohup.log,points_mentioned_653,1530838,points,1530838.0
pointcloud,12_colmap_stereo_fusion_medium_nohup.log,points_mentioned_654,1530979,points,1530979.0
pointcloud,12_colmap_stereo_fusion_medium_nohup.log,points_mentioned_655,1530999,points,1530999.0
pointcloud,12_colmap_stereo_fusion_medium_nohup.log,points_mentioned_656,1531001,points,1531001.0
pointcloud,12_colmap_stereo_fusion_medium_nohup.log,points_mentioned_657,1531001,points,1531001.0
pointcloud,12_colmap_stereo_fusion_medium_nohup.log,points_mentioned_658,1531001,points,1531001.0
pointcloud,12_colmap_stereo_fusion_medium_nohup.log,points_mentioned_659,1531001,points,1531001.0
pointcloud,12_colmap_stereo_fusion_medium_nohup.log,points_mentioned_660,1531001,points,1531001.0
pointcloud,12_colmap_stereo_fusion_medium_nohup.log,points_mentioned_661,1531001,points,1531001.0
pointcloud,12_colmap_stereo_fusion_medium_nohup.log,points_mentioned_662,1531001,points,1531001.0
pointcloud,12_colmap_stereo_fusion_medium_nohup.log,points_mentioned_663,1531001,points,1531001.0
pointcloud,12_colmap_stereo_fusion_medium_nohup.log,points_mentioned_664,1539852,points,1539852.0
pointcloud,12_colmap_stereo_fusion_medium_nohup.log,points_mentioned_665,1539852,points,1539852.0
pointcloud,12_colmap_stereo_fusion_medium_nohup.log,points_mentioned_666,1539852,points,1539852.0
pointcloud,12_colmap_stereo_fusion_medium_nohup.log,points_mentioned_667,1542971,points,1542971.0
pointcloud,12_colmap_stereo_fusion_medium_nohup.log,points_mentioned_668,1545462,points,1545462.0
pointcloud,12_colmap_stereo_fusion_medium_nohup.log,points_mentioned_669,1546422,points,1546422.0
pointcloud,12_colmap_stereo_fusion_medium_nohup.log,points_mentioned_670,1549589,points,1549589.0
pointcloud,12_colmap_stereo_fusion_medium_nohup.log,points_mentioned_671,1553480,points,1553480.0
pointcloud,12_colmap_stereo_fusion_medium_nohup.log,points_mentioned_672,1558151,points,1558151.0
pointcloud,12_colmap_stereo_fusion_medium_nohup.log,points_mentioned_673,1559198,points,1559198.0
pointcloud,12_colmap_stereo_fusion_medium_nohup.log,points_mentioned_674,1559962,points,1559962.0
pointcloud,12_colmap_stereo_fusion_medium_nohup.log,points_mentioned_675,1560833,points,1560833.0
pointcloud,12_colmap_stereo_fusion_medium_nohup.log,points_mentioned_676,1561944,points,1561944.0
pointcloud,12_colmap_stereo_fusion_medium_nohup.log,points_mentioned_677,1562511,points,1562511.0
pointcloud,12_colmap_stereo_fusion_medium_nohup.log,points_mentioned_678,1562513,points,1562513.0
pointcloud,12_colmap_stereo_fusion_medium_nohup.log,points_mentioned_679,1562513,points,1562513.0
pointcloud,12_colmap_stereo_fusion_medium_nohup.log,points_mentioned_680,1562513,points,1562513.0
pointcloud,12_colmap_stereo_fusion_medium_nohup.log,points_mentioned_681,1562513,points,1562513.0
pointcloud,12_colmap_stereo_fusion_medium_nohup.log,points_mentioned_682,1562513,points,1562513.0
pointcloud,12_colmap_stereo_fusion_medium_nohup.log,points_mentioned_683,1562513,points,1562513.0
pointcloud,12_colmap_stereo_fusion_medium_nohup.log,points_mentioned_684,1562513,points,1562513.0
pointcloud,12_colmap_stereo_fusion_medium_nohup.log,points_mentioned_685,1569590,points,1569590.0
pointcloud,12_colmap_stereo_fusion_medium_nohup.log,points_mentioned_686,1574739,points,1574739.0
pointcloud,12_colmap_stereo_fusion_medium_nohup.log,points_mentioned_687,1577467,points,1577467.0
pointcloud,12_colmap_stereo_fusion_medium_nohup.log,points_mentioned_688,1578935,points,1578935.0
pointcloud,12_colmap_stereo_fusion_medium_nohup.log,points_mentioned_689,1582904,points,1582904.0
pointcloud,12_colmap_stereo_fusion_medium_nohup.log,points_mentioned_690,1584410,points,1584410.0
pointcloud,12_colmap_stereo_fusion_medium_nohup.log,points_mentioned_691,1585976,points,1585976.0
pointcloud,12_colmap_stereo_fusion_medium_nohup.log,points_mentioned_692,1587622,points,1587622.0
pointcloud,12_colmap_stereo_fusion_medium_nohup.log,points_mentioned_693,1587786,points,1587786.0
pointcloud,12_colmap_stereo_fusion_medium_nohup.log,points_mentioned_694,1587813,points,1587813.0
pointcloud,12_colmap_stereo_fusion_medium_nohup.log,points_mentioned_695,1587852,points,1587852.0
pointcloud,12_colmap_stereo_fusion_medium_nohup.log,points_mentioned_696,1587872,points,1587872.0
pointcloud,12_colmap_stereo_fusion_medium_nohup.log,points_mentioned_697,1587938,points,1587938.0
pointcloud,12_colmap_stereo_fusion_medium_nohup.log,points_mentioned_698,1587938,points,1587938.0
pointcloud,12_colmap_stereo_fusion_medium_nohup.log,points_mentioned_699,1587938,points,1587938.0
pointcloud,12_colmap_stereo_fusion_medium_nohup.log,points_mentioned_700,1587938,points,1587938.0
pointcloud,12_colmap_stereo_fusion_medium_nohup.log,points_mentioned_701,1588555,points,1588555.0
pointcloud,12_colmap_stereo_fusion_medium_nohup.log,points_mentioned_702,1588861,points,1588861.0
pointcloud,12_colmap_stereo_fusion_medium_nohup.log,points_mentioned_703,1589093,points,1589093.0
pointcloud,12_colmap_stereo_fusion_medium_nohup.log,points_mentioned_704,1589360,points,1589360.0
pointcloud,12_colmap_stereo_fusion_medium_nohup.log,points_mentioned_705,1589360,points,1589360.0
pointcloud,12_colmap_stereo_fusion_medium_nohup.log,points_mentioned_706,1589360,points,1589360.0
pointcloud,12_colmap_stereo_fusion_medium_nohup.log,points_mentioned_707,1589360,points,1589360.0
process_status,12_colmap_stereo_fusion_medium_nohup.log,status,0,exit_code,0.0
pointcloud,12_colmap_stereo_fusion_tmp.log,points_mentioned_1,77114,points,77114.0
pointcloud,12_colmap_stereo_fusion_tmp.log,points_mentioned_2,98035,points,98035.0
pointcloud,12_colmap_stereo_fusion_tmp.log,points_mentioned_3,113303,points,113303.0
pointcloud,12_colmap_stereo_fusion_tmp.log,points_mentioned_4,129619,points,129619.0
pointcloud,12_colmap_stereo_fusion_tmp.log,points_mentioned_5,141257,points,141257.0
pointcloud,12_colmap_stereo_fusion_tmp.log,points_mentioned_6,147254,points,147254.0
pointcloud,12_colmap_stereo_fusion_tmp.log,points_mentioned_7,156512,points,156512.0
pointcloud,12_colmap_stereo_fusion_tmp.log,points_mentioned_8,164483,points,164483.0
pointcloud,12_colmap_stereo_fusion_tmp.log,points_mentioned_9,173607,points,173607.0
pointcloud,12_colmap_stereo_fusion_tmp.log,points_mentioned_10,183682,points,183682.0
pointcloud,12_colmap_stereo_fusion_tmp.log,points_mentioned_11,199340,points,199340.0
pointcloud,12_colmap_stereo_fusion_tmp.log,points_mentioned_12,207211,points,207211.0
pointcloud,12_colmap_stereo_fusion_tmp.log,points_mentioned_13,211943,points,211943.0
pointcloud,12_colmap_stereo_fusion_tmp.log,points_mentioned_14,216813,points,216813.0
pointcloud,12_colmap_stereo_fusion_tmp.log,points_mentioned_15,225534,points,225534.0
pointcloud,12_colmap_stereo_fusion_tmp.log,points_mentioned_16,228989,points,228989.0
pointcloud,12_colmap_stereo_fusion_tmp.log,points_mentioned_17,230649,points,230649.0
pointcloud,12_colmap_stereo_fusion_tmp.log,points_mentioned_18,231966,points,231966.0
pointcloud,12_colmap_stereo_fusion_tmp.log,points_mentioned_19,233017,points,233017.0
pointcloud,12_colmap_stereo_fusion_tmp.log,points_mentioned_20,233790,points,233790.0
pointcloud,12_colmap_stereo_fusion_tmp.log,points_mentioned_21,234357,points,234357.0
pointcloud,12_colmap_stereo_fusion_tmp.log,points_mentioned_22,235350,points,235350.0
pointcloud,12_colmap_stereo_fusion_tmp.log,points_mentioned_23,235774,points,235774.0
pointcloud,12_colmap_stereo_fusion_tmp.log,points_mentioned_24,238864,points,238864.0
pointcloud,12_colmap_stereo_fusion_tmp.log,points_mentioned_25,246374,points,246374.0
pointcloud,12_colmap_stereo_fusion_tmp.log,points_mentioned_26,249322,points,249322.0
pointcloud,12_colmap_stereo_fusion_tmp.log,points_mentioned_27,253359,points,253359.0
pointcloud,12_colmap_stereo_fusion_tmp.log,points_mentioned_28,257427,points,257427.0
pointcloud,12_colmap_stereo_fusion_tmp.log,points_mentioned_29,265753,points,265753.0
pointcloud,12_colmap_stereo_fusion_tmp.log,points_mentioned_30,269068,points,269068.0
pointcloud,12_colmap_stereo_fusion_tmp.log,points_mentioned_31,269655,points,269655.0
pointcloud,12_colmap_stereo_fusion_tmp.log,points_mentioned_32,269737,points,269737.0
pointcloud,12_colmap_stereo_fusion_tmp.log,points_mentioned_33,270473,points,270473.0
pointcloud,12_colmap_stereo_fusion_tmp.log,points_mentioned_34,272035,points,272035.0
pointcloud,12_colmap_stereo_fusion_tmp.log,points_mentioned_35,291257,points,291257.0
pointcloud,12_colmap_stereo_fusion_tmp.log,points_mentioned_36,311890,points,311890.0
pointcloud,12_colmap_stereo_fusion_tmp.log,points_mentioned_37,322053,points,322053.0
pointcloud,12_colmap_stereo_fusion_tmp.log,points_mentioned_38,338288,points,338288.0
pointcloud,12_colmap_stereo_fusion_tmp.log,points_mentioned_39,345034,points,345034.0
pointcloud,12_colmap_stereo_fusion_tmp.log,points_mentioned_40,348685,points,348685.0
pointcloud,12_colmap_stereo_fusion_tmp.log,points_mentioned_41,351365,points,351365.0
pointcloud,12_colmap_stereo_fusion_tmp.log,points_mentioned_42,354742,points,354742.0
pointcloud,12_colmap_stereo_fusion_tmp.log,points_mentioned_43,357916,points,357916.0
pointcloud,12_colmap_stereo_fusion_tmp.log,points_mentioned_44,364576,points,364576.0
pointcloud,12_colmap_stereo_fusion_tmp.log,points_mentioned_45,369401,points,369401.0
pointcloud,12_colmap_stereo_fusion_tmp.log,points_mentioned_46,375229,points,375229.0
pointcloud,12_colmap_stereo_fusion_tmp.log,points_mentioned_47,381139,points,381139.0
pointcloud,12_colmap_stereo_fusion_tmp.log,points_mentioned_48,404908,points,404908.0
pointcloud,12_colmap_stereo_fusion_tmp.log,points_mentioned_49,418945,points,418945.0
pointcloud,12_colmap_stereo_fusion_tmp.log,points_mentioned_50,427033,points,427033.0
pointcloud,12_colmap_stereo_fusion_tmp.log,points_mentioned_51,431531,points,431531.0
pointcloud,12_colmap_stereo_fusion_tmp.log,points_mentioned_52,436006,points,436006.0
pointcloud,12_colmap_stereo_fusion_tmp.log,points_mentioned_53,439722,points,439722.0
pointcloud,12_colmap_stereo_fusion_tmp.log,points_mentioned_54,448199,points,448199.0
pointcloud,12_colmap_stereo_fusion_tmp.log,points_mentioned_55,466905,points,466905.0
pointcloud,12_colmap_stereo_fusion_tmp.log,points_mentioned_56,479351,points,479351.0
pointcloud,12_colmap_stereo_fusion_tmp.log,points_mentioned_57,486933,points,486933.0
pointcloud,12_colmap_stereo_fusion_tmp.log,points_mentioned_58,492389,points,492389.0
pointcloud,12_colmap_stereo_fusion_tmp.log,points_mentioned_59,496033,points,496033.0
pointcloud,12_colmap_stereo_fusion_tmp.log,points_mentioned_60,498730,points,498730.0
pointcloud,12_colmap_stereo_fusion_tmp.log,points_mentioned_61,500885,points,500885.0
pointcloud,12_colmap_stereo_fusion_tmp.log,points_mentioned_62,502551,points,502551.0
pointcloud,12_colmap_stereo_fusion_tmp.log,points_mentioned_63,503611,points,503611.0
pointcloud,12_colmap_stereo_fusion_tmp.log,points_mentioned_64,504422,points,504422.0
pointcloud,12_colmap_stereo_fusion_tmp.log,points_mentioned_65,505553,points,505553.0
pointcloud,12_colmap_stereo_fusion_tmp.log,points_mentioned_66,506135,points,506135.0
pointcloud,12_colmap_stereo_fusion_tmp.log,points_mentioned_67,506672,points,506672.0
pointcloud,12_colmap_stereo_fusion_tmp.log,points_mentioned_68,514203,points,514203.0
pointcloud,12_colmap_stereo_fusion_tmp.log,points_mentioned_69,515853,points,515853.0
pointcloud,12_colmap_stereo_fusion_tmp.log,points_mentioned_70,517554,points,517554.0
pointcloud,12_colmap_stereo_fusion_tmp.log,points_mentioned_71,517795,points,517795.0
pointcloud,12_colmap_stereo_fusion_tmp.log,points_mentioned_72,519976,points,519976.0
pointcloud,12_colmap_stereo_fusion_tmp.log,points_mentioned_73,525942,points,525942.0
pointcloud,12_colmap_stereo_fusion_tmp.log,points_mentioned_74,530379,points,530379.0
pointcloud,12_colmap_stereo_fusion_tmp.log,points_mentioned_75,536575,points,536575.0
pointcloud,12_colmap_stereo_fusion_tmp.log,points_mentioned_76,543012,points,543012.0
pointcloud,12_colmap_stereo_fusion_tmp.log,points_mentioned_77,546839,points,546839.0
pointcloud,12_colmap_stereo_fusion_tmp.log,points_mentioned_78,548756,points,548756.0
pointcloud,12_colmap_stereo_fusion_tmp.log,points_mentioned_79,549809,points,549809.0
pointcloud,12_colmap_stereo_fusion_tmp.log,points_mentioned_80,550506,points,550506.0
pointcloud,12_colmap_stereo_fusion_tmp.log,points_mentioned_81,550885,points,550885.0
pointcloud,12_colmap_stereo_fusion_tmp.log,points_mentioned_82,551267,points,551267.0
pointcloud,12_colmap_stereo_fusion_tmp.log,points_mentioned_83,551434,points,551434.0
pointcloud,12_colmap_stereo_fusion_tmp.log,points_mentioned_84,551554,points,551554.0
pointcloud,12_colmap_stereo_fusion_tmp.log,points_mentioned_85,551613,points,551613.0
pointcloud,12_colmap_stereo_fusion_tmp.log,points_mentioned_86,551653,points,551653.0
pointcloud,12_colmap_stereo_fusion_tmp.log,points_mentioned_87,551654,points,551654.0
pointcloud,12_colmap_stereo_fusion_tmp.log,points_mentioned_88,551661,points,551661.0
pointcloud,12_colmap_stereo_fusion_tmp.log,points_mentioned_89,551689,points,551689.0
pointcloud,12_colmap_stereo_fusion_tmp.log,points_mentioned_90,551689,points,551689.0
pointcloud,12_colmap_stereo_fusion_tmp.log,points_mentioned_91,555382,points,555382.0
pointcloud,12_colmap_stereo_fusion_tmp.log,points_mentioned_92,556791,points,556791.0
pointcloud,12_colmap_stereo_fusion_tmp.log,points_mentioned_93,558635,points,558635.0
pointcloud,12_colmap_stereo_fusion_tmp.log,points_mentioned_94,560039,points,560039.0
pointcloud,12_colmap_stereo_fusion_tmp.log,points_mentioned_95,564825,points,564825.0
pointcloud,12_colmap_stereo_fusion_tmp.log,points_mentioned_96,572555,points,572555.0
pointcloud,12_colmap_stereo_fusion_tmp.log,points_mentioned_97,574105,points,574105.0
pointcloud,12_colmap_stereo_fusion_tmp.log,points_mentioned_98,574198,points,574198.0
pointcloud,12_colmap_stereo_fusion_tmp.log,points_mentioned_99,574198,points,574198.0
pointcloud,12_colmap_stereo_fusion_tmp.log,points_mentioned_100,574198,points,574198.0
pointcloud,12_colmap_stereo_fusion_tmp.log,points_mentioned_101,574224,points,574224.0
pointcloud,12_colmap_stereo_fusion_tmp.log,points_mentioned_102,574879,points,574879.0
pointcloud,12_colmap_stereo_fusion_tmp.log,points_mentioned_103,575471,points,575471.0
pointcloud,12_colmap_stereo_fusion_tmp.log,points_mentioned_104,575706,points,575706.0
pointcloud,12_colmap_stereo_fusion_tmp.log,points_mentioned_105,576378,points,576378.0
pointcloud,12_colmap_stereo_fusion_tmp.log,points_mentioned_106,577897,points,577897.0
pointcloud,12_colmap_stereo_fusion_tmp.log,points_mentioned_107,578623,points,578623.0
pointcloud,12_colmap_stereo_fusion_tmp.log,points_mentioned_108,584879,points,584879.0
pointcloud,12_colmap_stereo_fusion_tmp.log,points_mentioned_109,587109,points,587109.0
pointcloud,12_colmap_stereo_fusion_tmp.log,points_mentioned_110,590581,points,590581.0
pointcloud,12_colmap_stereo_fusion_tmp.log,points_mentioned_111,593034,points,593034.0
pointcloud,12_colmap_stereo_fusion_tmp.log,points_mentioned_112,594387,points,594387.0
pointcloud,12_colmap_stereo_fusion_tmp.log,points_mentioned_113,594969,points,594969.0
pointcloud,12_colmap_stereo_fusion_tmp.log,points_mentioned_114,595173,points,595173.0
pointcloud,12_colmap_stereo_fusion_tmp.log,points_mentioned_115,595299,points,595299.0
pointcloud,12_colmap_stereo_fusion_tmp.log,points_mentioned_116,595343,points,595343.0
pointcloud,12_colmap_stereo_fusion_tmp.log,points_mentioned_117,595372,points,595372.0
pointcloud,12_colmap_stereo_fusion_tmp.log,points_mentioned_118,595374,points,595374.0
pointcloud,12_colmap_stereo_fusion_tmp.log,points_mentioned_119,595375,points,595375.0
pointcloud,12_colmap_stereo_fusion_tmp.log,points_mentioned_120,595375,points,595375.0
pointcloud,12_colmap_stereo_fusion_tmp.log,points_mentioned_121,595375,points,595375.0
pointcloud,12_colmap_stereo_fusion_tmp.log,points_mentioned_122,595375,points,595375.0
pointcloud,12_colmap_stereo_fusion_tmp.log,points_mentioned_123,595375,points,595375.0
pointcloud,12_colmap_stereo_fusion_tmp.log,points_mentioned_124,595375,points,595375.0
pointcloud,12_colmap_stereo_fusion_tmp.log,points_mentioned_125,595376,points,595376.0
pointcloud,12_colmap_stereo_fusion_tmp.log,points_mentioned_126,595376,points,595376.0
pointcloud,12_colmap_stereo_fusion_tmp.log,points_mentioned_127,595376,points,595376.0
pointcloud,12_colmap_stereo_fusion_tmp.log,points_mentioned_128,623602,points,623602.0
pointcloud,12_colmap_stereo_fusion_tmp.log,points_mentioned_129,626625,points,626625.0
pointcloud,12_colmap_stereo_fusion_tmp.log,points_mentioned_130,626626,points,626626.0
pointcloud,12_colmap_stereo_fusion_tmp.log,points_mentioned_131,626626,points,626626.0
pointcloud,12_colmap_stereo_fusion_tmp.log,points_mentioned_132,672798,points,672798.0
pointcloud,12_colmap_stereo_fusion_tmp.log,points_mentioned_133,692287,points,692287.0
pointcloud,12_colmap_stereo_fusion_tmp.log,points_mentioned_134,704509,points,704509.0
pointcloud,12_colmap_stereo_fusion_tmp.log,points_mentioned_135,709280,points,709280.0
pointcloud,12_colmap_stereo_fusion_tmp.log,points_mentioned_136,712299,points,712299.0
pointcloud,12_colmap_stereo_fusion_tmp.log,points_mentioned_137,718993,points,718993.0
pointcloud,12_colmap_stereo_fusion_tmp.log,points_mentioned_138,728496,points,728496.0
pointcloud,12_colmap_stereo_fusion_tmp.log,points_mentioned_139,734528,points,734528.0
pointcloud,12_colmap_stereo_fusion_tmp.log,points_mentioned_140,739190,points,739190.0
pointcloud,12_colmap_stereo_fusion_tmp.log,points_mentioned_141,741766,points,741766.0
pointcloud,12_colmap_stereo_fusion_tmp.log,points_mentioned_142,743229,points,743229.0
pointcloud,12_colmap_stereo_fusion_tmp.log,points_mentioned_143,744096,points,744096.0
pointcloud,12_colmap_stereo_fusion_tmp.log,points_mentioned_144,744861,points,744861.0
pointcloud,12_colmap_stereo_fusion_tmp.log,points_mentioned_145,745362,points,745362.0
pointcloud,12_colmap_stereo_fusion_tmp.log,points_mentioned_146,746289,points,746289.0
pointcloud,12_colmap_stereo_fusion_tmp.log,points_mentioned_147,747318,points,747318.0
pointcloud,12_colmap_stereo_fusion_tmp.log,points_mentioned_148,749001,points,749001.0
pointcloud,12_colmap_stereo_fusion_tmp.log,points_mentioned_149,750324,points,750324.0
pointcloud,12_colmap_stereo_fusion_tmp.log,points_mentioned_150,753347,points,753347.0
pointcloud,12_colmap_stereo_fusion_tmp.log,points_mentioned_151,756326,points,756326.0
pointcloud,12_colmap_stereo_fusion_tmp.log,points_mentioned_152,761823,points,761823.0
pointcloud,12_colmap_stereo_fusion_tmp.log,points_mentioned_153,769431,points,769431.0
pointcloud,12_colmap_stereo_fusion_tmp.log,points_mentioned_154,775533,points,775533.0
pointcloud,12_colmap_stereo_fusion_tmp.log,points_mentioned_155,779758,points,779758.0
pointcloud,12_colmap_stereo_fusion_tmp.log,points_mentioned_156,783346,points,783346.0
pointcloud,12_colmap_stereo_fusion_tmp.log,points_mentioned_157,787336,points,787336.0
pointcloud,12_colmap_stereo_fusion_tmp.log,points_mentioned_158,789395,points,789395.0
pointcloud,12_colmap_stereo_fusion_tmp.log,points_mentioned_159,793539,points,793539.0
pointcloud,12_colmap_stereo_fusion_tmp.log,points_mentioned_160,802622,points,802622.0
pointcloud,12_colmap_stereo_fusion_tmp.log,points_mentioned_161,806901,points,806901.0
pointcloud,12_colmap_stereo_fusion_tmp.log,points_mentioned_162,809228,points,809228.0
pointcloud,12_colmap_stereo_fusion_tmp.log,points_mentioned_163,810874,points,810874.0
pointcloud,12_colmap_stereo_fusion_tmp.log,points_mentioned_164,811484,points,811484.0
pointcloud,12_colmap_stereo_fusion_tmp.log,points_mentioned_165,811803,points,811803.0
pointcloud,12_colmap_stereo_fusion_tmp.log,points_mentioned_166,811986,points,811986.0
pointcloud,12_colmap_stereo_fusion_tmp.log,points_mentioned_167,812167,points,812167.0
pointcloud,12_colmap_stereo_fusion_tmp.log,points_mentioned_168,812251,points,812251.0
pointcloud,12_colmap_stereo_fusion_tmp.log,points_mentioned_169,812277,points,812277.0
pointcloud,12_colmap_stereo_fusion_tmp.log,points_mentioned_170,812277,points,812277.0
pointcloud,12_colmap_stereo_fusion_tmp.log,points_mentioned_171,812277,points,812277.0
pointcloud,12_colmap_stereo_fusion_tmp.log,points_mentioned_172,856037,points,856037.0
pointcloud,12_colmap_stereo_fusion_tmp.log,points_mentioned_173,872907,points,872907.0
pointcloud,12_colmap_stereo_fusion_tmp.log,points_mentioned_174,883544,points,883544.0
pointcloud,12_colmap_stereo_fusion_tmp.log,points_mentioned_175,889924,points,889924.0
pointcloud,12_colmap_stereo_fusion_tmp.log,points_mentioned_176,893686,points,893686.0
pointcloud,12_colmap_stereo_fusion_tmp.log,points_mentioned_177,898069,points,898069.0
pointcloud,12_colmap_stereo_fusion_tmp.log,points_mentioned_178,900150,points,900150.0
pointcloud,12_colmap_stereo_fusion_tmp.log,points_mentioned_179,904825,points,904825.0
pointcloud,12_colmap_stereo_fusion_tmp.log,points_mentioned_180,907357,points,907357.0
pointcloud,12_colmap_stereo_fusion_tmp.log,points_mentioned_181,908944,points,908944.0
pointcloud,12_colmap_stereo_fusion_tmp.log,points_mentioned_182,910182,points,910182.0
pointcloud,12_colmap_stereo_fusion_tmp.log,points_mentioned_183,911509,points,911509.0
pointcloud,12_colmap_stereo_fusion_tmp.log,points_mentioned_184,939173,points,939173.0
pointcloud,12_colmap_stereo_fusion_tmp.log,points_mentioned_185,951408,points,951408.0
pointcloud,12_colmap_stereo_fusion_tmp.log,points_mentioned_186,975773,points,975773.0
pointcloud,12_colmap_stereo_fusion_tmp.log,points_mentioned_187,987388,points,987388.0
pointcloud,12_colmap_stereo_fusion_tmp.log,points_mentioned_188,994319,points,994319.0
pointcloud,12_colmap_stereo_fusion_tmp.log,points_mentioned_189,999482,points,999482.0
pointcloud,12_colmap_stereo_fusion_tmp.log,points_mentioned_190,1002674,points,1002674.0
pointcloud,12_colmap_stereo_fusion_tmp.log,points_mentioned_191,1005636,points,1005636.0
pointcloud,12_colmap_stereo_fusion_tmp.log,points_mentioned_192,1007670,points,1007670.0
pointcloud,12_colmap_stereo_fusion_tmp.log,points_mentioned_193,1008890,points,1008890.0
pointcloud,12_colmap_stereo_fusion_tmp.log,points_mentioned_194,1009824,points,1009824.0
pointcloud,12_colmap_stereo_fusion_tmp.log,points_mentioned_195,1010446,points,1010446.0
pointcloud,12_colmap_stereo_fusion_tmp.log,points_mentioned_196,1010886,points,1010886.0
pointcloud,12_colmap_stereo_fusion_tmp.log,points_mentioned_197,1011173,points,1011173.0
pointcloud,12_colmap_stereo_fusion_tmp.log,points_mentioned_198,1011305,points,1011305.0
pointcloud,12_colmap_stereo_fusion_tmp.log,points_mentioned_199,1011385,points,1011385.0
pointcloud,12_colmap_stereo_fusion_tmp.log,points_mentioned_200,1011458,points,1011458.0
pointcloud,12_colmap_stereo_fusion_tmp.log,points_mentioned_201,1011705,points,1011705.0
pointcloud,12_colmap_stereo_fusion_tmp.log,points_mentioned_202,1011751,points,1011751.0
pointcloud,12_colmap_stereo_fusion_tmp.log,points_mentioned_203,1012005,points,1012005.0
pointcloud,12_colmap_stereo_fusion_tmp.log,points_mentioned_204,1013687,points,1013687.0
pointcloud,12_colmap_stereo_fusion_tmp.log,points_mentioned_205,1019642,points,1019642.0
pointcloud,12_colmap_stereo_fusion_tmp.log,points_mentioned_206,1033719,points,1033719.0
pointcloud,12_colmap_stereo_fusion_tmp.log,points_mentioned_207,1054240,points,1054240.0
pointcloud,12_colmap_stereo_fusion_tmp.log,points_mentioned_208,1070296,points,1070296.0
pointcloud,12_colmap_stereo_fusion_tmp.log,points_mentioned_209,1077857,points,1077857.0
pointcloud,12_colmap_stereo_fusion_tmp.log,points_mentioned_210,1083570,points,1083570.0
pointcloud,12_colmap_stereo_fusion_tmp.log,points_mentioned_211,1089312,points,1089312.0
pointcloud,12_colmap_stereo_fusion_tmp.log,points_mentioned_212,1092720,points,1092720.0
pointcloud,12_colmap_stereo_fusion_tmp.log,points_mentioned_213,1095438,points,1095438.0
pointcloud,12_colmap_stereo_fusion_tmp.log,points_mentioned_214,1101307,points,1101307.0
pointcloud,12_colmap_stereo_fusion_tmp.log,points_mentioned_215,1111193,points,1111193.0
pointcloud,12_colmap_stereo_fusion_tmp.log,points_mentioned_216,1116221,points,1116221.0
pointcloud,12_colmap_stereo_fusion_tmp.log,points_mentioned_217,1118778,points,1118778.0
pointcloud,12_colmap_stereo_fusion_tmp.log,points_mentioned_218,1120373,points,1120373.0
pointcloud,12_colmap_stereo_fusion_tmp.log,points_mentioned_219,1121393,points,1121393.0
pointcloud,12_colmap_stereo_fusion_tmp.log,points_mentioned_220,1122528,points,1122528.0
pointcloud,12_colmap_stereo_fusion_tmp.log,points_mentioned_221,1123363,points,1123363.0
pointcloud,12_colmap_stereo_fusion_tmp.log,points_mentioned_222,1125244,points,1125244.0
pointcloud,12_colmap_stereo_fusion_tmp.log,points_mentioned_223,1136097,points,1136097.0
pointcloud,12_colmap_stereo_fusion_tmp.log,points_mentioned_224,1145097,points,1145097.0
pointcloud,12_colmap_stereo_fusion_tmp.log,points_mentioned_225,1149119,points,1149119.0
pointcloud,12_colmap_stereo_fusion_tmp.log,points_mentioned_226,1151426,points,1151426.0
pointcloud,12_colmap_stereo_fusion_tmp.log,points_mentioned_227,1155819,points,1155819.0
pointcloud,12_colmap_stereo_fusion_tmp.log,points_mentioned_228,1157392,points,1157392.0
pointcloud,12_colmap_stereo_fusion_tmp.log,points_mentioned_229,1158223,points,1158223.0
pointcloud,12_colmap_stereo_fusion_tmp.log,points_mentioned_230,1159398,points,1159398.0
pointcloud,12_colmap_stereo_fusion_tmp.log,points_mentioned_231,1162865,points,1162865.0
pointcloud,12_colmap_stereo_fusion_tmp.log,points_mentioned_232,1163269,points,1163269.0
pointcloud,12_colmap_stereo_fusion_tmp.log,points_mentioned_233,1163397,points,1163397.0
pointcloud,12_colmap_stereo_fusion_tmp.log,points_mentioned_234,1163397,points,1163397.0
pointcloud,12_colmap_stereo_fusion_tmp.log,points_mentioned_235,1164173,points,1164173.0
pointcloud,12_colmap_stereo_fusion_tmp.log,points_mentioned_236,1164173,points,1164173.0
pointcloud,12_colmap_stereo_fusion_tmp.log,points_mentioned_237,1164173,points,1164173.0
pointcloud,12_colmap_stereo_fusion_tmp.log,points_mentioned_238,1164173,points,1164173.0
pointcloud,12_colmap_stereo_fusion_tmp.log,points_mentioned_239,1164173,points,1164173.0
pointcloud,12_colmap_stereo_fusion_tmp.log,points_mentioned_240,1164173,points,1164173.0
pointcloud,12_colmap_stereo_fusion_tmp.log,points_mentioned_241,1164173,points,1164173.0
pointcloud,12_colmap_stereo_fusion_tmp.log,points_mentioned_242,1208627,points,1208627.0
pointcloud,12_colmap_stereo_fusion_tmp.log,points_mentioned_243,1229671,points,1229671.0
pointcloud,12_colmap_stereo_fusion_tmp.log,points_mentioned_244,1270917,points,1270917.0
pointcloud,12_colmap_stereo_fusion_tmp.log,points_mentioned_245,1276912,points,1276912.0
pointcloud,12_colmap_stereo_fusion_tmp.log,points_mentioned_246,1287095,points,1287095.0
pointcloud,12_colmap_stereo_fusion_tmp.log,points_mentioned_247,1290295,points,1290295.0
pointcloud,12_colmap_stereo_fusion_tmp.log,points_mentioned_248,1316352,points,1316352.0
pointcloud,12_colmap_stereo_fusion_tmp.log,points_mentioned_249,1328991,points,1328991.0
pointcloud,12_colmap_stereo_fusion_tmp.log,points_mentioned_250,1341047,points,1341047.0
pointcloud,12_colmap_stereo_fusion_tmp.log,points_mentioned_251,1345856,points,1345856.0
pointcloud,12_colmap_stereo_fusion_tmp.log,points_mentioned_252,1348749,points,1348749.0
pointcloud,12_colmap_stereo_fusion_tmp.log,points_mentioned_253,1354561,points,1354561.0
pointcloud,12_colmap_stereo_fusion_tmp.log,points_mentioned_254,1360200,points,1360200.0
pointcloud,12_colmap_stereo_fusion_tmp.log,points_mentioned_255,1369808,points,1369808.0
pointcloud,12_colmap_stereo_fusion_tmp.log,points_mentioned_256,1374521,points,1374521.0
pointcloud,12_colmap_stereo_fusion_tmp.log,points_mentioned_257,1377003,points,1377003.0
pointcloud,12_colmap_stereo_fusion_tmp.log,points_mentioned_258,1378594,points,1378594.0
pointcloud,12_colmap_stereo_fusion_tmp.log,points_mentioned_259,1379940,points,1379940.0
pointcloud,12_colmap_stereo_fusion_tmp.log,points_mentioned_260,1380646,points,1380646.0
pointcloud,12_colmap_stereo_fusion_tmp.log,points_mentioned_261,1381852,points,1381852.0
pointcloud,12_colmap_stereo_fusion_tmp.log,points_mentioned_262,1382172,points,1382172.0
pointcloud,12_colmap_stereo_fusion_tmp.log,points_mentioned_263,1382394,points,1382394.0
pointcloud,12_colmap_stereo_fusion_tmp.log,points_mentioned_264,1382554,points,1382554.0
pointcloud,12_colmap_stereo_fusion_tmp.log,points_mentioned_265,1383793,points,1383793.0
pointcloud,12_colmap_stereo_fusion_tmp.log,points_mentioned_266,1384594,points,1384594.0
pointcloud,12_colmap_stereo_fusion_tmp.log,points_mentioned_267,1385460,points,1385460.0
pointcloud,12_colmap_stereo_fusion_tmp.log,points_mentioned_268,1387189,points,1387189.0
pointcloud,12_colmap_stereo_fusion_tmp.log,points_mentioned_269,1394719,points,1394719.0
pointcloud,12_colmap_stereo_fusion_tmp.log,points_mentioned_270,1403906,points,1403906.0
pointcloud,12_colmap_stereo_fusion_tmp.log,points_mentioned_271,1406252,points,1406252.0
pointcloud,12_colmap_stereo_fusion_tmp.log,points_mentioned_272,1407219,points,1407219.0
pointcloud,12_colmap_stereo_fusion_tmp.log,points_mentioned_273,1409094,points,1409094.0
pointcloud,12_colmap_stereo_fusion_tmp.log,points_mentioned_274,1410420,points,1410420.0
pointcloud,12_colmap_stereo_fusion_tmp.log,points_mentioned_275,1412153,points,1412153.0
pointcloud,12_colmap_stereo_fusion_tmp.log,points_mentioned_276,1412724,points,1412724.0
pointcloud,12_colmap_stereo_fusion_tmp.log,points_mentioned_277,1413551,points,1413551.0
pointcloud,12_colmap_stereo_fusion_tmp.log,points_mentioned_278,1414113,points,1414113.0
pointcloud,12_colmap_stereo_fusion_tmp.log,points_mentioned_279,1417296,points,1417296.0
pointcloud,12_colmap_stereo_fusion_tmp.log,points_mentioned_280,1437844,points,1437844.0
pointcloud,12_colmap_stereo_fusion_tmp.log,points_mentioned_281,1454393,points,1454393.0
pointcloud,12_colmap_stereo_fusion_tmp.log,points_mentioned_282,1467052,points,1467052.0
pointcloud,12_colmap_stereo_fusion_tmp.log,points_mentioned_283,1482695,points,1482695.0
pointcloud,12_colmap_stereo_fusion_tmp.log,points_mentioned_284,1499929,points,1499929.0
pointcloud,12_colmap_stereo_fusion_tmp.log,points_mentioned_285,1515759,points,1515759.0
pointcloud,12_colmap_stereo_fusion_tmp.log,points_mentioned_286,1522112,points,1522112.0
pointcloud,12_colmap_stereo_fusion_tmp.log,points_mentioned_287,1526019,points,1526019.0
pointcloud,12_colmap_stereo_fusion_tmp.log,points_mentioned_288,1530650,points,1530650.0
pointcloud,12_colmap_stereo_fusion_tmp.log,points_mentioned_289,1533613,points,1533613.0
pointcloud,12_colmap_stereo_fusion_tmp.log,points_mentioned_290,1536700,points,1536700.0
pointcloud,12_colmap_stereo_fusion_tmp.log,points_mentioned_291,1542975,points,1542975.0
pointcloud,12_colmap_stereo_fusion_tmp.log,points_mentioned_292,1547246,points,1547246.0
pointcloud,12_colmap_stereo_fusion_tmp.log,points_mentioned_293,1550375,points,1550375.0
pointcloud,12_colmap_stereo_fusion_tmp.log,points_mentioned_294,1552291,points,1552291.0
pointcloud,12_colmap_stereo_fusion_tmp.log,points_mentioned_295,1553493,points,1553493.0
pointcloud,12_colmap_stereo_fusion_tmp.log,points_mentioned_296,1555545,points,1555545.0
pointcloud,12_colmap_stereo_fusion_tmp.log,points_mentioned_297,1556380,points,1556380.0
pointcloud,12_colmap_stereo_fusion_tmp.log,points_mentioned_298,1556843,points,1556843.0
pointcloud,12_colmap_stereo_fusion_tmp.log,points_mentioned_299,1557087,points,1557087.0
pointcloud,12_colmap_stereo_fusion_tmp.log,points_mentioned_300,1557247,points,1557247.0
pointcloud,12_colmap_stereo_fusion_tmp.log,points_mentioned_301,1557298,points,1557298.0
pointcloud,12_colmap_stereo_fusion_tmp.log,points_mentioned_302,1557721,points,1557721.0
pointcloud,12_colmap_stereo_fusion_tmp.log,points_mentioned_303,1557917,points,1557917.0
pointcloud,12_colmap_stereo_fusion_tmp.log,points_mentioned_304,1558734,points,1558734.0
pointcloud,12_colmap_stereo_fusion_tmp.log,points_mentioned_305,1560685,points,1560685.0
pointcloud,12_colmap_stereo_fusion_tmp.log,points_mentioned_306,1580471,points,1580471.0
pointcloud,12_colmap_stereo_fusion_tmp.log,points_mentioned_307,1588593,points,1588593.0
pointcloud,12_colmap_stereo_fusion_tmp.log,points_mentioned_308,1613317,points,1613317.0
pointcloud,12_colmap_stereo_fusion_tmp.log,points_mentioned_309,1623386,points,1623386.0
pointcloud,12_colmap_stereo_fusion_tmp.log,points_mentioned_310,1629451,points,1629451.0
pointcloud,12_colmap_stereo_fusion_tmp.log,points_mentioned_311,1635364,points,1635364.0
pointcloud,12_colmap_stereo_fusion_tmp.log,points_mentioned_312,1638445,points,1638445.0
pointcloud,12_colmap_stereo_fusion_tmp.log,points_mentioned_313,1640639,points,1640639.0
pointcloud,12_colmap_stereo_fusion_tmp.log,points_mentioned_314,1642203,points,1642203.0
pointcloud,12_colmap_stereo_fusion_tmp.log,points_mentioned_315,1643215,points,1643215.0
pointcloud,12_colmap_stereo_fusion_tmp.log,points_mentioned_316,1645893,points,1645893.0
pointcloud,12_colmap_stereo_fusion_tmp.log,points_mentioned_317,1648760,points,1648760.0
pointcloud,12_colmap_stereo_fusion_tmp.log,points_mentioned_318,1649821,points,1649821.0
pointcloud,12_colmap_stereo_fusion_tmp.log,points_mentioned_319,1650342,points,1650342.0
pointcloud,12_colmap_stereo_fusion_tmp.log,points_mentioned_320,1653586,points,1653586.0
pointcloud,12_colmap_stereo_fusion_tmp.log,points_mentioned_321,1655675,points,1655675.0
pointcloud,12_colmap_stereo_fusion_tmp.log,points_mentioned_322,1660675,points,1660675.0
pointcloud,12_colmap_stereo_fusion_tmp.log,points_mentioned_323,1670567,points,1670567.0
pointcloud,12_colmap_stereo_fusion_tmp.log,points_mentioned_324,1683628,points,1683628.0
pointcloud,12_colmap_stereo_fusion_tmp.log,points_mentioned_325,1698764,points,1698764.0
pointcloud,12_colmap_stereo_fusion_tmp.log,points_mentioned_326,1708968,points,1708968.0
pointcloud,12_colmap_stereo_fusion_tmp.log,points_mentioned_327,1713571,points,1713571.0
pointcloud,12_colmap_stereo_fusion_tmp.log,points_mentioned_328,1716719,points,1716719.0
pointcloud,12_colmap_stereo_fusion_tmp.log,points_mentioned_329,1721029,points,1721029.0
pointcloud,12_colmap_stereo_fusion_tmp.log,points_mentioned_330,1727114,points,1727114.0
pointcloud,12_colmap_stereo_fusion_tmp.log,points_mentioned_331,1731217,points,1731217.0
pointcloud,12_colmap_stereo_fusion_tmp.log,points_mentioned_332,1734629,points,1734629.0
pointcloud,12_colmap_stereo_fusion_tmp.log,points_mentioned_333,1739081,points,1739081.0
pointcloud,12_colmap_stereo_fusion_tmp.log,points_mentioned_334,1743664,points,1743664.0
pointcloud,12_colmap_stereo_fusion_tmp.log,points_mentioned_335,1747026,points,1747026.0
pointcloud,12_colmap_stereo_fusion_tmp.log,points_mentioned_336,1749200,points,1749200.0
pointcloud,12_colmap_stereo_fusion_tmp.log,points_mentioned_337,1750243,points,1750243.0
pointcloud,12_colmap_stereo_fusion_tmp.log,points_mentioned_338,1753659,points,1753659.0
pointcloud,12_colmap_stereo_fusion_tmp.log,points_mentioned_339,1764169,points,1764169.0
pointcloud,12_colmap_stereo_fusion_tmp.log,points_mentioned_340,1769395,points,1769395.0
pointcloud,12_colmap_stereo_fusion_tmp.log,points_mentioned_341,1774854,points,1774854.0
pointcloud,12_colmap_stereo_fusion_tmp.log,points_mentioned_342,1777356,points,1777356.0
pointcloud,12_colmap_stereo_fusion_tmp.log,points_mentioned_343,1784763,points,1784763.0
pointcloud,12_colmap_stereo_fusion_tmp.log,points_mentioned_344,1793229,points,1793229.0
pointcloud,12_colmap_stereo_fusion_tmp.log,points_mentioned_345,1799185,points,1799185.0
pointcloud,12_colmap_stereo_fusion_tmp.log,points_mentioned_346,1803540,points,1803540.0
pointcloud,12_colmap_stereo_fusion_tmp.log,points_mentioned_347,1805769,points,1805769.0
pointcloud,12_colmap_stereo_fusion_tmp.log,points_mentioned_348,1807981,points,1807981.0
pointcloud,12_colmap_stereo_fusion_tmp.log,points_mentioned_349,1809056,points,1809056.0
pointcloud,12_colmap_stereo_fusion_tmp.log,points_mentioned_350,1809847,points,1809847.0
pointcloud,12_colmap_stereo_fusion_tmp.log,points_mentioned_351,1810356,points,1810356.0
pointcloud,12_colmap_stereo_fusion_tmp.log,points_mentioned_352,1811312,points,1811312.0
pointcloud,12_colmap_stereo_fusion_tmp.log,points_mentioned_353,1816499,points,1816499.0
pointcloud,12_colmap_stereo_fusion_tmp.log,points_mentioned_354,1819448,points,1819448.0
pointcloud,12_colmap_stereo_fusion_tmp.log,points_mentioned_355,1822060,points,1822060.0
pointcloud,12_colmap_stereo_fusion_tmp.log,points_mentioned_356,1825718,points,1825718.0
pointcloud,12_colmap_stereo_fusion_tmp.log,points_mentioned_357,1831956,points,1831956.0
pointcloud,12_colmap_stereo_fusion_tmp.log,points_mentioned_358,1836615,points,1836615.0
pointcloud,12_colmap_stereo_fusion_tmp.log,points_mentioned_359,1842934,points,1842934.0
pointcloud,12_colmap_stereo_fusion_tmp.log,points_mentioned_360,1855048,points,1855048.0
pointcloud,12_colmap_stereo_fusion_tmp.log,points_mentioned_361,1858987,points,1858987.0
pointcloud,12_colmap_stereo_fusion_tmp.log,points_mentioned_362,1859361,points,1859361.0
pointcloud,12_colmap_stereo_fusion_tmp.log,points_mentioned_363,1859539,points,1859539.0
pointcloud,12_colmap_stereo_fusion_tmp.log,points_mentioned_364,1859696,points,1859696.0
pointcloud,12_colmap_stereo_fusion_tmp.log,points_mentioned_365,1859704,points,1859704.0
pointcloud,12_colmap_stereo_fusion_tmp.log,points_mentioned_366,1859705,points,1859705.0
pointcloud,12_colmap_stereo_fusion_tmp.log,points_mentioned_367,1859725,points,1859725.0
pointcloud,12_colmap_stereo_fusion_tmp.log,points_mentioned_368,1859813,points,1859813.0
pointcloud,12_colmap_stereo_fusion_tmp.log,points_mentioned_369,1859853,points,1859853.0
pointcloud,12_colmap_stereo_fusion_tmp.log,points_mentioned_370,1859856,points,1859856.0
pointcloud,12_colmap_stereo_fusion_tmp.log,points_mentioned_371,1859856,points,1859856.0
pointcloud,12_colmap_stereo_fusion_tmp.log,points_mentioned_372,1859856,points,1859856.0
pointcloud,12_colmap_stereo_fusion_tmp.log,points_mentioned_373,1865126,points,1865126.0
pointcloud,12_colmap_stereo_fusion_tmp.log,points_mentioned_374,1869404,points,1869404.0
pointcloud,12_colmap_stereo_fusion_tmp.log,points_mentioned_375,1876879,points,1876879.0
pointcloud,12_colmap_stereo_fusion_tmp.log,points_mentioned_376,1887939,points,1887939.0
pointcloud,12_colmap_stereo_fusion_tmp.log,points_mentioned_377,1897321,points,1897321.0
pointcloud,12_colmap_stereo_fusion_tmp.log,points_mentioned_378,1905020,points,1905020.0
pointcloud,12_colmap_stereo_fusion_tmp.log,points_mentioned_379,1911048,points,1911048.0
pointcloud,12_colmap_stereo_fusion_tmp.log,points_mentioned_380,1916594,points,1916594.0
pointcloud,12_colmap_stereo_fusion_tmp.log,points_mentioned_381,1926023,points,1926023.0
pointcloud,12_colmap_stereo_fusion_tmp.log,points_mentioned_382,1952659,points,1952659.0
pointcloud,12_colmap_stereo_fusion_tmp.log,points_mentioned_383,1970485,points,1970485.0
pointcloud,12_colmap_stereo_fusion_tmp.log,points_mentioned_384,1987368,points,1987368.0
pointcloud,12_colmap_stereo_fusion_tmp.log,points_mentioned_385,1994577,points,1994577.0
pointcloud,12_colmap_stereo_fusion_tmp.log,points_mentioned_386,1999302,points,1999302.0
pointcloud,12_colmap_stereo_fusion_tmp.log,points_mentioned_387,2002438,points,2002438.0
pointcloud,12_colmap_stereo_fusion_tmp.log,points_mentioned_388,2004832,points,2004832.0
pointcloud,12_colmap_stereo_fusion_tmp.log,points_mentioned_389,2006507,points,2006507.0
pointcloud,12_colmap_stereo_fusion_tmp.log,points_mentioned_390,2008687,points,2008687.0
pointcloud,12_colmap_stereo_fusion_tmp.log,points_mentioned_391,2020122,points,2020122.0
pointcloud,12_colmap_stereo_fusion_tmp.log,points_mentioned_392,2031114,points,2031114.0
pointcloud,12_colmap_stereo_fusion_tmp.log,points_mentioned_393,2040198,points,2040198.0
pointcloud,12_colmap_stereo_fusion_tmp.log,points_mentioned_394,2044581,points,2044581.0
pointcloud,12_colmap_stereo_fusion_tmp.log,points_mentioned_395,2050158,points,2050158.0
pointcloud,12_colmap_stereo_fusion_tmp.log,points_mentioned_396,2055008,points,2055008.0
pointcloud,12_colmap_stereo_fusion_tmp.log,points_mentioned_397,2062492,points,2062492.0
pointcloud,12_colmap_stereo_fusion_tmp.log,points_mentioned_398,2069493,points,2069493.0
pointcloud,12_colmap_stereo_fusion_tmp.log,points_mentioned_399,2073854,points,2073854.0
pointcloud,12_colmap_stereo_fusion_tmp.log,points_mentioned_400,2075810,points,2075810.0
pointcloud,12_colmap_stereo_fusion_tmp.log,points_mentioned_401,2076961,points,2076961.0
pointcloud,12_colmap_stereo_fusion_tmp.log,points_mentioned_402,2078899,points,2078899.0
pointcloud,12_colmap_stereo_fusion_tmp.log,points_mentioned_403,2079276,points,2079276.0
pointcloud,12_colmap_stereo_fusion_tmp.log,points_mentioned_404,2079320,points,2079320.0
pointcloud,12_colmap_stereo_fusion_tmp.log,points_mentioned_405,2079325,points,2079325.0
pointcloud,12_colmap_stereo_fusion_tmp.log,points_mentioned_406,2079333,points,2079333.0
pointcloud,12_colmap_stereo_fusion_tmp.log,points_mentioned_407,2079380,points,2079380.0
pointcloud,12_colmap_stereo_fusion_tmp.log,points_mentioned_408,2079382,points,2079382.0
pointcloud,12_colmap_stereo_fusion_tmp.log,points_mentioned_409,2079382,points,2079382.0
pointcloud,12_colmap_stereo_fusion_tmp.log,points_mentioned_410,2079581,points,2079581.0
pointcloud,12_colmap_stereo_fusion_tmp.log,points_mentioned_411,2079582,points,2079582.0
pointcloud,12_colmap_stereo_fusion_tmp.log,points_mentioned_412,2079582,points,2079582.0
pointcloud,12_colmap_stereo_fusion_tmp.log,points_mentioned_413,2079582,points,2079582.0
pointcloud,12_colmap_stereo_fusion_tmp.log,points_mentioned_414,2079585,points,2079585.0
pointcloud,12_colmap_stereo_fusion_tmp.log,points_mentioned_415,2079586,points,2079586.0
pointcloud,12_colmap_stereo_fusion_tmp.log,points_mentioned_416,2079586,points,2079586.0
pointcloud,12_colmap_stereo_fusion_tmp.log,points_mentioned_417,2079586,points,2079586.0
pointcloud,12_colmap_stereo_fusion_tmp.log,points_mentioned_418,2079586,points,2079586.0
pointcloud,12_colmap_stereo_fusion_tmp.log,points_mentioned_419,2136654,points,2136654.0
pointcloud,12_colmap_stereo_fusion_tmp.log,points_mentioned_420,2151732,points,2151732.0
pointcloud,12_colmap_stereo_fusion_tmp.log,points_mentioned_421,2159532,points,2159532.0
pointcloud,12_colmap_stereo_fusion_tmp.log,points_mentioned_422,2169784,points,2169784.0
pointcloud,12_colmap_stereo_fusion_tmp.log,points_mentioned_423,2178844,points,2178844.0
pointcloud,12_colmap_stereo_fusion_tmp.log,points_mentioned_424,2184958,points,2184958.0
pointcloud,12_colmap_stereo_fusion_tmp.log,points_mentioned_425,2187216,points,2187216.0
pointcloud,12_colmap_stereo_fusion_tmp.log,points_mentioned_426,2194957,points,2194957.0
pointcloud,12_colmap_stereo_fusion_tmp.log,points_mentioned_427,2197140,points,2197140.0
pointcloud,12_colmap_stereo_fusion_tmp.log,points_mentioned_428,2203562,points,2203562.0
pointcloud,12_colmap_stereo_fusion_tmp.log,points_mentioned_429,2210300,points,2210300.0
pointcloud,12_colmap_stereo_fusion_tmp.log,points_mentioned_430,2216547,points,2216547.0
pointcloud,12_colmap_stereo_fusion_tmp.log,points_mentioned_431,2245076,points,2245076.0
pointcloud,12_colmap_stereo_fusion_tmp.log,points_mentioned_432,2256736,points,2256736.0
pointcloud,12_colmap_stereo_fusion_tmp.log,points_mentioned_433,2274804,points,2274804.0
pointcloud,12_colmap_stereo_fusion_tmp.log,points_mentioned_434,2293295,points,2293295.0
pointcloud,12_colmap_stereo_fusion_tmp.log,points_mentioned_435,2301940,points,2301940.0
pointcloud,12_colmap_stereo_fusion_tmp.log,points_mentioned_436,2315844,points,2315844.0
pointcloud,12_colmap_stereo_fusion_tmp.log,points_mentioned_437,2324812,points,2324812.0
pointcloud,12_colmap_stereo_fusion_tmp.log,points_mentioned_438,2333115,points,2333115.0
pointcloud,12_colmap_stereo_fusion_tmp.log,points_mentioned_439,2341342,points,2341342.0
pointcloud,12_colmap_stereo_fusion_tmp.log,points_mentioned_440,2349526,points,2349526.0
pointcloud,12_colmap_stereo_fusion_tmp.log,points_mentioned_441,2354265,points,2354265.0
pointcloud,12_colmap_stereo_fusion_tmp.log,points_mentioned_442,2358956,points,2358956.0
pointcloud,12_colmap_stereo_fusion_tmp.log,points_mentioned_443,2362817,points,2362817.0
pointcloud,12_colmap_stereo_fusion_tmp.log,points_mentioned_444,2367641,points,2367641.0
pointcloud,12_colmap_stereo_fusion_tmp.log,points_mentioned_445,2372276,points,2372276.0
pointcloud,12_colmap_stereo_fusion_tmp.log,points_mentioned_446,2381078,points,2381078.0
pointcloud,12_colmap_stereo_fusion_tmp.log,points_mentioned_447,2387958,points,2387958.0
pointcloud,12_colmap_stereo_fusion_tmp.log,points_mentioned_448,2394010,points,2394010.0
pointcloud,12_colmap_stereo_fusion_tmp.log,points_mentioned_449,2405983,points,2405983.0
pointcloud,12_colmap_stereo_fusion_tmp.log,points_mentioned_450,2410284,points,2410284.0
pointcloud,12_colmap_stereo_fusion_tmp.log,points_mentioned_451,2412637,points,2412637.0
pointcloud,12_colmap_stereo_fusion_tmp.log,points_mentioned_452,2413723,points,2413723.0
pointcloud,12_colmap_stereo_fusion_tmp.log,points_mentioned_453,2414449,points,2414449.0
pointcloud,12_colmap_stereo_fusion_tmp.log,points_mentioned_454,2419093,points,2419093.0
pointcloud,12_colmap_stereo_fusion_tmp.log,points_mentioned_455,2425799,points,2425799.0
pointcloud,12_colmap_stereo_fusion_tmp.log,points_mentioned_456,2438350,points,2438350.0
pointcloud,12_colmap_stereo_fusion_tmp.log,points_mentioned_457,2444981,points,2444981.0
pointcloud,12_colmap_stereo_fusion_tmp.log,points_mentioned_458,2455745,points,2455745.0
pointcloud,12_colmap_stereo_fusion_tmp.log,points_mentioned_459,2467457,points,2467457.0
pointcloud,12_colmap_stereo_fusion_tmp.log,points_mentioned_460,2477000,points,2477000.0
pointcloud,12_colmap_stereo_fusion_tmp.log,points_mentioned_461,2484892,points,2484892.0
pointcloud,12_colmap_stereo_fusion_tmp.log,points_mentioned_462,2493380,points,2493380.0
pointcloud,12_colmap_stereo_fusion_tmp.log,points_mentioned_463,2505797,points,2505797.0
pointcloud,12_colmap_stereo_fusion_tmp.log,points_mentioned_464,2508869,points,2508869.0
pointcloud,12_colmap_stereo_fusion_tmp.log,points_mentioned_465,2509794,points,2509794.0
pointcloud,12_colmap_stereo_fusion_tmp.log,points_mentioned_466,2511372,points,2511372.0
pointcloud,12_colmap_stereo_fusion_tmp.log,points_mentioned_467,2512723,points,2512723.0
pointcloud,12_colmap_stereo_fusion_tmp.log,points_mentioned_468,2512895,points,2512895.0
pointcloud,12_colmap_stereo_fusion_tmp.log,points_mentioned_469,2512979,points,2512979.0
pointcloud,12_colmap_stereo_fusion_tmp.log,points_mentioned_470,2513006,points,2513006.0
pointcloud,12_colmap_stereo_fusion_tmp.log,points_mentioned_471,2513010,points,2513010.0
pointcloud,12_colmap_stereo_fusion_tmp.log,points_mentioned_472,2513177,points,2513177.0
pointcloud,12_colmap_stereo_fusion_tmp.log,points_mentioned_473,2513177,points,2513177.0
pointcloud,12_colmap_stereo_fusion_tmp.log,points_mentioned_474,2513177,points,2513177.0
pointcloud,12_colmap_stereo_fusion_tmp.log,points_mentioned_475,2516888,points,2516888.0
pointcloud,12_colmap_stereo_fusion_tmp.log,points_mentioned_476,2531633,points,2531633.0
pointcloud,12_colmap_stereo_fusion_tmp.log,points_mentioned_477,2539203,points,2539203.0
pointcloud,12_colmap_stereo_fusion_tmp.log,points_mentioned_478,2554465,points,2554465.0
pointcloud,12_colmap_stereo_fusion_tmp.log,points_mentioned_479,2561486,points,2561486.0
pointcloud,12_colmap_stereo_fusion_tmp.log,points_mentioned_480,2566258,points,2566258.0
pointcloud,12_colmap_stereo_fusion_tmp.log,points_mentioned_481,2573827,points,2573827.0
pointcloud,12_colmap_stereo_fusion_tmp.log,points_mentioned_482,2588348,points,2588348.0
pointcloud,12_colmap_stereo_fusion_tmp.log,points_mentioned_483,2597604,points,2597604.0
pointcloud,12_colmap_stereo_fusion_tmp.log,points_mentioned_484,2604205,points,2604205.0
pointcloud,12_colmap_stereo_fusion_tmp.log,points_mentioned_485,2611142,points,2611142.0
pointcloud,12_colmap_stereo_fusion_tmp.log,points_mentioned_486,2622003,points,2622003.0
pointcloud,12_colmap_stereo_fusion_tmp.log,points_mentioned_487,2636691,points,2636691.0
pointcloud,12_colmap_stereo_fusion_tmp.log,points_mentioned_488,2643558,points,2643558.0
pointcloud,12_colmap_stereo_fusion_tmp.log,points_mentioned_489,2647585,points,2647585.0
pointcloud,12_colmap_stereo_fusion_tmp.log,points_mentioned_490,2650322,points,2650322.0
pointcloud,12_colmap_stereo_fusion_tmp.log,points_mentioned_491,2652279,points,2652279.0
pointcloud,12_colmap_stereo_fusion_tmp.log,points_mentioned_492,2653743,points,2653743.0
pointcloud,12_colmap_stereo_fusion_tmp.log,points_mentioned_493,2654537,points,2654537.0
pointcloud,12_colmap_stereo_fusion_tmp.log,points_mentioned_494,2655103,points,2655103.0
pointcloud,12_colmap_stereo_fusion_tmp.log,points_mentioned_495,2656518,points,2656518.0
pointcloud,12_colmap_stereo_fusion_tmp.log,points_mentioned_496,2657536,points,2657536.0
pointcloud,12_colmap_stereo_fusion_tmp.log,points_mentioned_497,2657762,points,2657762.0
pointcloud,12_colmap_stereo_fusion_tmp.log,points_mentioned_498,2658647,points,2658647.0
pointcloud,12_colmap_stereo_fusion_tmp.log,points_mentioned_499,2658910,points,2658910.0
pointcloud,12_colmap_stereo_fusion_tmp.log,points_mentioned_500,2659330,points,2659330.0
pointcloud,12_colmap_stereo_fusion_tmp.log,points_mentioned_501,2659480,points,2659480.0
pointcloud,12_colmap_stereo_fusion_tmp.log,points_mentioned_502,2659685,points,2659685.0
pointcloud,12_colmap_stereo_fusion_tmp.log,points_mentioned_503,2659864,points,2659864.0
pointcloud,12_colmap_stereo_fusion_tmp.log,points_mentioned_504,2659937,points,2659937.0
pointcloud,12_colmap_stereo_fusion_tmp.log,points_mentioned_505,2659958,points,2659958.0
pointcloud,12_colmap_stereo_fusion_tmp.log,points_mentioned_506,2660000,points,2660000.0
pointcloud,12_colmap_stereo_fusion_tmp.log,points_mentioned_507,2660108,points,2660108.0
pointcloud,12_colmap_stereo_fusion_tmp.log,points_mentioned_508,2661967,points,2661967.0
pointcloud,12_colmap_stereo_fusion_tmp.log,points_mentioned_509,2664591,points,2664591.0
pointcloud,12_colmap_stereo_fusion_tmp.log,points_mentioned_510,2665573,points,2665573.0
pointcloud,12_colmap_stereo_fusion_tmp.log,points_mentioned_511,2666021,points,2666021.0
pointcloud,12_colmap_stereo_fusion_tmp.log,points_mentioned_512,2666071,points,2666071.0
pointcloud,12_colmap_stereo_fusion_tmp.log,points_mentioned_513,2666173,points,2666173.0
pointcloud,12_colmap_stereo_fusion_tmp.log,points_mentioned_514,2666251,points,2666251.0
pointcloud,12_colmap_stereo_fusion_tmp.log,points_mentioned_515,2666251,points,2666251.0
pointcloud,12_colmap_stereo_fusion_tmp.log,points_mentioned_516,2666251,points,2666251.0
pointcloud,12_colmap_stereo_fusion_tmp.log,points_mentioned_517,2666251,points,2666251.0
pointcloud,12_colmap_stereo_fusion_tmp.log,points_mentioned_518,2666251,points,2666251.0
pointcloud,12_colmap_stereo_fusion_tmp.log,points_mentioned_519,2666251,points,2666251.0
pointcloud,12_colmap_stereo_fusion_tmp.log,points_mentioned_520,2693720,points,2693720.0
pointcloud,12_colmap_stereo_fusion_tmp.log,points_mentioned_521,2703628,points,2703628.0
pointcloud,12_colmap_stereo_fusion_tmp.log,points_mentioned_522,2710488,points,2710488.0
pointcloud,12_colmap_stereo_fusion_tmp.log,points_mentioned_523,2717081,points,2717081.0
pointcloud,12_colmap_stereo_fusion_tmp.log,points_mentioned_524,2722568,points,2722568.0
pointcloud,12_colmap_stereo_fusion_tmp.log,points_mentioned_525,2726168,points,2726168.0
pointcloud,12_colmap_stereo_fusion_tmp.log,points_mentioned_526,2728599,points,2728599.0
pointcloud,12_colmap_stereo_fusion_tmp.log,points_mentioned_527,2736734,points,2736734.0
pointcloud,12_colmap_stereo_fusion_tmp.log,points_mentioned_528,2741162,points,2741162.0
pointcloud,12_colmap_stereo_fusion_tmp.log,points_mentioned_529,2745905,points,2745905.0
pointcloud,12_colmap_stereo_fusion_tmp.log,points_mentioned_530,2748384,points,2748384.0
pointcloud,12_colmap_stereo_fusion_tmp.log,points_mentioned_531,2749887,points,2749887.0
pointcloud,12_colmap_stereo_fusion_tmp.log,points_mentioned_532,2752425,points,2752425.0
pointcloud,12_colmap_stereo_fusion_tmp.log,points_mentioned_533,2753568,points,2753568.0
pointcloud,12_colmap_stereo_fusion_tmp.log,points_mentioned_534,2754161,points,2754161.0
pointcloud,12_colmap_stereo_fusion_tmp.log,points_mentioned_535,2754495,points,2754495.0
pointcloud,12_colmap_stereo_fusion_tmp.log,points_mentioned_536,2754633,points,2754633.0
pointcloud,12_colmap_stereo_fusion_tmp.log,points_mentioned_537,2754725,points,2754725.0
pointcloud,12_colmap_stereo_fusion_tmp.log,points_mentioned_538,2754905,points,2754905.0
pointcloud,12_colmap_stereo_fusion_tmp.log,points_mentioned_539,2762482,points,2762482.0
pointcloud,12_colmap_stereo_fusion_tmp.log,points_mentioned_540,2764395,points,2764395.0
pointcloud,12_colmap_stereo_fusion_tmp.log,points_mentioned_541,2765122,points,2765122.0
pointcloud,12_colmap_stereo_fusion_tmp.log,points_mentioned_542,2766003,points,2766003.0
pointcloud,12_colmap_stereo_fusion_tmp.log,points_mentioned_543,2766874,points,2766874.0
pointcloud,12_colmap_stereo_fusion_tmp.log,points_mentioned_544,2767050,points,2767050.0
pointcloud,12_colmap_stereo_fusion_tmp.log,points_mentioned_545,2767120,points,2767120.0
pointcloud,12_colmap_stereo_fusion_tmp.log,points_mentioned_546,2767156,points,2767156.0
pointcloud,12_colmap_stereo_fusion_tmp.log,points_mentioned_547,2767157,points,2767157.0
pointcloud,12_colmap_stereo_fusion_tmp.log,points_mentioned_548,2767157,points,2767157.0
pointcloud,12_colmap_stereo_fusion_tmp.log,points_mentioned_549,2767904,points,2767904.0
pointcloud,12_colmap_stereo_fusion_tmp.log,points_mentioned_550,2772627,points,2772627.0
pointcloud,12_colmap_stereo_fusion_tmp.log,points_mentioned_551,2773965,points,2773965.0
pointcloud,12_colmap_stereo_fusion_tmp.log,points_mentioned_552,2774498,points,2774498.0
pointcloud,12_colmap_stereo_fusion_tmp.log,points_mentioned_553,2774667,points,2774667.0
pointcloud,12_colmap_stereo_fusion_tmp.log,points_mentioned_554,2774805,points,2774805.0
pointcloud,12_colmap_stereo_fusion_tmp.log,points_mentioned_555,2774821,points,2774821.0
pointcloud,12_colmap_stereo_fusion_tmp.log,points_mentioned_556,2774825,points,2774825.0
pointcloud,12_colmap_stereo_fusion_tmp.log,points_mentioned_557,2774825,points,2774825.0
pointcloud,12_colmap_stereo_fusion_tmp.log,points_mentioned_558,2774825,points,2774825.0
pointcloud,12_colmap_stereo_fusion_tmp.log,points_mentioned_559,2774825,points,2774825.0
pointcloud,12_colmap_stereo_fusion_tmp.log,points_mentioned_560,2799711,points,2799711.0
pointcloud,12_colmap_stereo_fusion_tmp.log,points_mentioned_561,2814406,points,2814406.0
pointcloud,12_colmap_stereo_fusion_tmp.log,points_mentioned_562,2815934,points,2815934.0
pointcloud,12_colmap_stereo_fusion_tmp.log,points_mentioned_563,2816086,points,2816086.0
pointcloud,12_colmap_stereo_fusion_tmp.log,points_mentioned_564,2816087,points,2816087.0
pointcloud,12_colmap_stereo_fusion_tmp.log,points_mentioned_565,2816087,points,2816087.0
pointcloud,12_colmap_stereo_fusion_tmp.log,points_mentioned_566,2816087,points,2816087.0
pointcloud,12_colmap_stereo_fusion_tmp.log,points_mentioned_567,2816183,points,2816183.0
pointcloud,12_colmap_stereo_fusion_tmp.log,points_mentioned_568,2816526,points,2816526.0
pointcloud,12_colmap_stereo_fusion_tmp.log,points_mentioned_569,2816587,points,2816587.0
pointcloud,12_colmap_stereo_fusion_tmp.log,points_mentioned_570,2816598,points,2816598.0
pointcloud,12_colmap_stereo_fusion_tmp.log,points_mentioned_571,2816598,points,2816598.0
pointcloud,12_colmap_stereo_fusion_tmp.log,points_mentioned_572,2816598,points,2816598.0
pointcloud,12_colmap_stereo_fusion_tmp.log,points_mentioned_573,2816758,points,2816758.0
pointcloud,12_colmap_stereo_fusion_tmp.log,points_mentioned_574,2816936,points,2816936.0
pointcloud,12_colmap_stereo_fusion_tmp.log,points_mentioned_575,2816958,points,2816958.0
pointcloud,12_colmap_stereo_fusion_tmp.log,points_mentioned_576,2817002,points,2817002.0
pointcloud,12_colmap_stereo_fusion_tmp.log,points_mentioned_577,2817007,points,2817007.0
pointcloud,12_colmap_stereo_fusion_tmp.log,points_mentioned_578,2817007,points,2817007.0
pointcloud,12_colmap_stereo_fusion_tmp.log,points_mentioned_579,2817029,points,2817029.0
pointcloud,12_colmap_stereo_fusion_tmp.log,points_mentioned_580,2817029,points,2817029.0
pointcloud,12_colmap_stereo_fusion_tmp.log,points_mentioned_581,2817029,points,2817029.0
pointcloud,12_colmap_stereo_fusion_tmp.log,points_mentioned_582,2817029,points,2817029.0
pointcloud,12_colmap_stereo_fusion_tmp.log,points_mentioned_583,2817031,points,2817031.0
pointcloud,12_colmap_stereo_fusion_tmp.log,points_mentioned_584,2817031,points,2817031.0
pointcloud,12_colmap_stereo_fusion_tmp.log,points_mentioned_585,2817031,points,2817031.0
pointcloud,12_colmap_stereo_fusion_tmp.log,points_mentioned_586,2817034,points,2817034.0
pointcloud,12_colmap_stereo_fusion_tmp.log,points_mentioned_587,2817035,points,2817035.0
pointcloud,12_colmap_stereo_fusion_tmp.log,points_mentioned_588,2817042,points,2817042.0
pointcloud,12_colmap_stereo_fusion_tmp.log,points_mentioned_589,2817042,points,2817042.0
pointcloud,12_colmap_stereo_fusion_tmp.log,points_mentioned_590,2817042,points,2817042.0
pointcloud,12_colmap_stereo_fusion_tmp.log,points_mentioned_591,2817042,points,2817042.0
pointcloud,12_colmap_stereo_fusion_tmp.log,points_mentioned_592,2817042,points,2817042.0
pointcloud,12_colmap_stereo_fusion_tmp.log,points_mentioned_593,2825078,points,2825078.0
pointcloud,12_colmap_stereo_fusion_tmp.log,points_mentioned_594,2854692,points,2854692.0
pointcloud,12_colmap_stereo_fusion_tmp.log,points_mentioned_595,2868810,points,2868810.0
pointcloud,12_colmap_stereo_fusion_tmp.log,points_mentioned_596,2876136,points,2876136.0
pointcloud,12_colmap_stereo_fusion_tmp.log,points_mentioned_597,2885862,points,2885862.0
pointcloud,12_colmap_stereo_fusion_tmp.log,points_mentioned_598,2889575,points,2889575.0
pointcloud,12_colmap_stereo_fusion_tmp.log,points_mentioned_599,2905564,points,2905564.0
pointcloud,12_colmap_stereo_fusion_tmp.log,points_mentioned_600,2926805,points,2926805.0
pointcloud,12_colmap_stereo_fusion_tmp.log,points_mentioned_601,2936201,points,2936201.0
pointcloud,12_colmap_stereo_fusion_tmp.log,points_mentioned_602,2940979,points,2940979.0
pointcloud,12_colmap_stereo_fusion_tmp.log,points_mentioned_603,2944883,points,2944883.0
pointcloud,12_colmap_stereo_fusion_tmp.log,points_mentioned_604,2947183,points,2947183.0
pointcloud,12_colmap_stereo_fusion_tmp.log,points_mentioned_605,2949664,points,2949664.0
pointcloud,12_colmap_stereo_fusion_tmp.log,points_mentioned_606,2951340,points,2951340.0
pointcloud,12_colmap_stereo_fusion_tmp.log,points_mentioned_607,2952829,points,2952829.0
pointcloud,12_colmap_stereo_fusion_tmp.log,points_mentioned_608,2955456,points,2955456.0
pointcloud,12_colmap_stereo_fusion_tmp.log,points_mentioned_609,2956388,points,2956388.0
pointcloud,12_colmap_stereo_fusion_tmp.log,points_mentioned_610,2965181,points,2965181.0
pointcloud,12_colmap_stereo_fusion_tmp.log,points_mentioned_611,2981710,points,2981710.0
pointcloud,12_colmap_stereo_fusion_tmp.log,points_mentioned_612,2991023,points,2991023.0
pointcloud,12_colmap_stereo_fusion_tmp.log,points_mentioned_613,2998724,points,2998724.0
pointcloud,12_colmap_stereo_fusion_tmp.log,points_mentioned_614,3004948,points,3004948.0
pointcloud,12_colmap_stereo_fusion_tmp.log,points_mentioned_615,3010073,points,3010073.0
pointcloud,12_colmap_stereo_fusion_tmp.log,points_mentioned_616,3013583,points,3013583.0
pointcloud,12_colmap_stereo_fusion_tmp.log,points_mentioned_617,3016071,points,3016071.0
pointcloud,12_colmap_stereo_fusion_tmp.log,points_mentioned_618,3018648,points,3018648.0
pointcloud,12_colmap_stereo_fusion_tmp.log,points_mentioned_619,3019809,points,3019809.0
pointcloud,12_colmap_stereo_fusion_tmp.log,points_mentioned_620,3020951,points,3020951.0
pointcloud,12_colmap_stereo_fusion_tmp.log,points_mentioned_621,3021820,points,3021820.0
pointcloud,12_colmap_stereo_fusion_tmp.log,points_mentioned_622,3022271,points,3022271.0
pointcloud,12_colmap_stereo_fusion_tmp.log,points_mentioned_623,3022681,points,3022681.0
pointcloud,12_colmap_stereo_fusion_tmp.log,points_mentioned_624,3025300,points,3025300.0
pointcloud,12_colmap_stereo_fusion_tmp.log,points_mentioned_625,3026659,points,3026659.0
pointcloud,12_colmap_stereo_fusion_tmp.log,points_mentioned_626,3026820,points,3026820.0
pointcloud,12_colmap_stereo_fusion_tmp.log,points_mentioned_627,3028295,points,3028295.0
pointcloud,12_colmap_stereo_fusion_tmp.log,points_mentioned_628,3041277,points,3041277.0
pointcloud,12_colmap_stereo_fusion_tmp.log,points_mentioned_629,3053519,points,3053519.0
pointcloud,12_colmap_stereo_fusion_tmp.log,points_mentioned_630,3065555,points,3065555.0
pointcloud,12_colmap_stereo_fusion_tmp.log,points_mentioned_631,3076668,points,3076668.0
pointcloud,12_colmap_stereo_fusion_tmp.log,points_mentioned_632,3093076,points,3093076.0
pointcloud,12_colmap_stereo_fusion_tmp.log,points_mentioned_633,3112257,points,3112257.0
pointcloud,12_colmap_stereo_fusion_tmp.log,points_mentioned_634,3122987,points,3122987.0
pointcloud,12_colmap_stereo_fusion_tmp.log,points_mentioned_635,3128986,points,3128986.0
pointcloud,12_colmap_stereo_fusion_tmp.log,points_mentioned_636,3132699,points,3132699.0
pointcloud,12_colmap_stereo_fusion_tmp.log,points_mentioned_637,3135407,points,3135407.0
pointcloud,12_colmap_stereo_fusion_tmp.log,points_mentioned_638,3156001,points,3156001.0
pointcloud,12_colmap_stereo_fusion_tmp.log,points_mentioned_639,3165072,points,3165072.0
pointcloud,12_colmap_stereo_fusion_tmp.log,points_mentioned_640,3173023,points,3173023.0
pointcloud,12_colmap_stereo_fusion_tmp.log,points_mentioned_641,3179965,points,3179965.0
pointcloud,12_colmap_stereo_fusion_tmp.log,points_mentioned_642,3184172,points,3184172.0
pointcloud,12_colmap_stereo_fusion_tmp.log,points_mentioned_643,3197363,points,3197363.0
pointcloud,12_colmap_stereo_fusion_tmp.log,points_mentioned_644,3206229,points,3206229.0
pointcloud,12_colmap_stereo_fusion_tmp.log,points_mentioned_645,3211081,points,3211081.0
pointcloud,12_colmap_stereo_fusion_tmp.log,points_mentioned_646,3213941,points,3213941.0
pointcloud,12_colmap_stereo_fusion_tmp.log,points_mentioned_647,3215820,points,3215820.0
pointcloud,12_colmap_stereo_fusion_tmp.log,points_mentioned_648,3216765,points,3216765.0
pointcloud,12_colmap_stereo_fusion_tmp.log,points_mentioned_649,3217343,points,3217343.0
pointcloud,12_colmap_stereo_fusion_tmp.log,points_mentioned_650,3217681,points,3217681.0
pointcloud,12_colmap_stereo_fusion_tmp.log,points_mentioned_651,3217912,points,3217912.0
pointcloud,12_colmap_stereo_fusion_tmp.log,points_mentioned_652,3218074,points,3218074.0
pointcloud,12_colmap_stereo_fusion_tmp.log,points_mentioned_653,3218268,points,3218268.0
pointcloud,12_colmap_stereo_fusion_tmp.log,points_mentioned_654,3218756,points,3218756.0
pointcloud,12_colmap_stereo_fusion_tmp.log,points_mentioned_655,3220515,points,3220515.0
pointcloud,12_colmap_stereo_fusion_tmp.log,points_mentioned_656,3221501,points,3221501.0
pointcloud,12_colmap_stereo_fusion_tmp.log,points_mentioned_657,3221994,points,3221994.0
pointcloud,12_colmap_stereo_fusion_tmp.log,points_mentioned_658,3229576,points,3229576.0
pointcloud,12_colmap_stereo_fusion_tmp.log,points_mentioned_659,3232397,points,3232397.0
pointcloud,12_colmap_stereo_fusion_tmp.log,points_mentioned_660,3241350,points,3241350.0
pointcloud,12_colmap_stereo_fusion_tmp.log,points_mentioned_661,3252824,points,3252824.0
pointcloud,12_colmap_stereo_fusion_tmp.log,points_mentioned_662,3268411,points,3268411.0
pointcloud,12_colmap_stereo_fusion_tmp.log,points_mentioned_663,3274133,points,3274133.0
pointcloud,12_colmap_stereo_fusion_tmp.log,points_mentioned_664,3277609,points,3277609.0
pointcloud,12_colmap_stereo_fusion_tmp.log,points_mentioned_665,3280817,points,3280817.0
pointcloud,12_colmap_stereo_fusion_tmp.log,points_mentioned_666,3284918,points,3284918.0
pointcloud,12_colmap_stereo_fusion_tmp.log,points_mentioned_667,3288164,points,3288164.0
pointcloud,12_colmap_stereo_fusion_tmp.log,points_mentioned_668,3288407,points,3288407.0
pointcloud,12_colmap_stereo_fusion_tmp.log,points_mentioned_669,3288407,points,3288407.0
pointcloud,12_colmap_stereo_fusion_tmp.log,points_mentioned_670,3288407,points,3288407.0
pointcloud,12_colmap_stereo_fusion_tmp.log,points_mentioned_671,3288411,points,3288411.0
pointcloud,12_colmap_stereo_fusion_tmp.log,points_mentioned_672,3288411,points,3288411.0
pointcloud,12_colmap_stereo_fusion_tmp.log,points_mentioned_673,3288411,points,3288411.0
pointcloud,12_colmap_stereo_fusion_tmp.log,points_mentioned_674,3288723,points,3288723.0
pointcloud,12_colmap_stereo_fusion_tmp.log,points_mentioned_675,3288768,points,3288768.0
pointcloud,12_colmap_stereo_fusion_tmp.log,points_mentioned_676,3288768,points,3288768.0
pointcloud,12_colmap_stereo_fusion_tmp.log,points_mentioned_677,3288768,points,3288768.0
pointcloud,12_colmap_stereo_fusion_tmp.log,points_mentioned_678,3288768,points,3288768.0
pointcloud,12_colmap_stereo_fusion_tmp.log,points_mentioned_679,3288768,points,3288768.0
pointcloud,12_colmap_stereo_fusion_tmp.log,points_mentioned_680,3288768,points,3288768.0
pointcloud,12_colmap_stereo_fusion_tmp.log,points_mentioned_681,3289481,points,3289481.0
pointcloud,12_colmap_stereo_fusion_tmp.log,points_mentioned_682,3289528,points,3289528.0
pointcloud,12_colmap_stereo_fusion_tmp.log,points_mentioned_683,3289528,points,3289528.0
pointcloud,12_colmap_stereo_fusion_tmp.log,points_mentioned_684,3289528,points,3289528.0
pointcloud,12_colmap_stereo_fusion_tmp.log,points_mentioned_685,3299299,points,3299299.0
pointcloud,12_colmap_stereo_fusion_tmp.log,points_mentioned_686,3308279,points,3308279.0
pointcloud,12_colmap_stereo_fusion_tmp.log,points_mentioned_687,3316605,points,3316605.0
pointcloud,12_colmap_stereo_fusion_tmp.log,points_mentioned_688,3322372,points,3322372.0
pointcloud,12_colmap_stereo_fusion_tmp.log,points_mentioned_689,3331217,points,3331217.0
pointcloud,12_colmap_stereo_fusion_tmp.log,points_mentioned_690,3335231,points,3335231.0
pointcloud,12_colmap_stereo_fusion_tmp.log,points_mentioned_691,3337886,points,3337886.0
pointcloud,12_colmap_stereo_fusion_tmp.log,points_mentioned_692,3339986,points,3339986.0
pointcloud,12_colmap_stereo_fusion_tmp.log,points_mentioned_693,3340702,points,3340702.0
pointcloud,12_colmap_stereo_fusion_tmp.log,points_mentioned_694,3341074,points,3341074.0
pointcloud,12_colmap_stereo_fusion_tmp.log,points_mentioned_695,3341601,points,3341601.0
pointcloud,12_colmap_stereo_fusion_tmp.log,points_mentioned_696,3341944,points,3341944.0
pointcloud,12_colmap_stereo_fusion_tmp.log,points_mentioned_697,3342376,points,3342376.0
pointcloud,12_colmap_stereo_fusion_tmp.log,points_mentioned_698,3342420,points,3342420.0
pointcloud,12_colmap_stereo_fusion_tmp.log,points_mentioned_699,3342436,points,3342436.0
pointcloud,12_colmap_stereo_fusion_tmp.log,points_mentioned_700,3342447,points,3342447.0
pointcloud,12_colmap_stereo_fusion_tmp.log,points_mentioned_701,3343045,points,3343045.0
pointcloud,12_colmap_stereo_fusion_tmp.log,points_mentioned_702,3343304,points,3343304.0
pointcloud,12_colmap_stereo_fusion_tmp.log,points_mentioned_703,3343499,points,3343499.0
pointcloud,12_colmap_stereo_fusion_tmp.log,points_mentioned_704,3343850,points,3343850.0
pointcloud,12_colmap_stereo_fusion_tmp.log,points_mentioned_705,3343860,points,3343860.0
pointcloud,12_colmap_stereo_fusion_tmp.log,points_mentioned_706,3343860,points,3343860.0
pointcloud,12_colmap_stereo_fusion_tmp.log,points_mentioned_707,3343860,points,3343860.0
process_status,13_colmap_poisson_clean_trim5.log,status,0,exit_code,0.0
process_status,15_colmap_photogrammetry_report.txt,status,0,exit_code,0.0
