pair_index,original_path,splatfacto_path,nerfacto_path,original_name,splatfacto_name,nerfacto_name
0,/content/drive/MyDrive/Tesis: Tecnicas de CV para Reconstruccion Arquitectonica/notebooks/datasets/original/frame_00001.jpg,/content/drive/MyDrive/Tesis: Tecnicas de CV para Reconstruccion Arquitectonica/notebooks/datasets/splatfacto/frame_00001.jpg,/content/drive/MyDrive/Tesis: Tecnicas de CV para Reconstruccion Arquitectonica/notebooks/datasets/nerfacto/frame_00001.jpg,frame_00001.jpg,frame_00001.jpg,frame_00001.jpg
1,/content/drive/MyDrive/Tesis: Tecnicas de CV para Reconstruccion Arquitectonica/notebooks/datasets/original/frame_00002.jpg,/content/drive/MyDrive/Tesis: Tecnicas de CV para Reconstruccion Arquitectonica/notebooks/datasets/splatfacto/frame_00002.jpg,/content/drive/MyDrive/Tesis: Tecnicas de CV para Reconstruccion Arquitectonica/notebooks/datasets/nerfacto/frame_00002.jpg,frame_00002.jpg,frame_00002.jpg,frame_00002.jpg
2,/content/drive/MyDrive/Tesis: Tecnicas de CV para Reconstruccion Arquitectonica/notebooks/datasets/original/frame_00003.jpg,/content/drive/MyDrive/Tesis: Tecnicas de CV para Reconstruccion Arquitectonica/notebooks/datasets/splatfacto/frame_00003.jpg,/content/drive/MyDrive/Tesis: Tecnicas de CV para Reconstruccion Arquitectonica/notebooks/datasets/nerfacto/frame_00003.jpg,frame_00003.jpg,frame_00003.jpg,frame_00003.jpg
3,/content/drive/MyDrive/Tesis: Tecnicas de CV para Reconstruccion Arquitectonica/notebooks/datasets/original/frame_00004.jpg,/content/drive/MyDrive/Tesis: Tecnicas de CV para Reconstruccion Arquitectonica/notebooks/datasets/splatfacto/frame_00004.jpg,/content/drive/MyDrive/Tesis: Tecnicas de CV para Reconstruccion Arquitectonica/notebooks/datasets/nerfacto/frame_00004.jpg,frame_00004.jpg,frame_00004.jpg,frame_00004.jpg
4,/content/drive/MyDrive/Tesis: Tecnicas de CV para Reconstruccion Arquitectonica/notebooks/datasets/original/frame_00005.jpg,/content/drive/MyDrive/Tesis: Tecnicas de CV para Reconstruccion Arquitectonica/notebooks/datasets/splatfacto/frame_00005.jpg,/content/drive/MyDrive/Tesis: Tecnicas de CV para Reconstruccion Arquitectonica/notebooks/datasets/nerfacto/frame_00005.jpg,frame_00005.jpg,frame_00005.jpg,frame_00005.jpg
5,/content/drive/MyDrive/Tesis: Tecnicas de CV para Reconstruccion Arquitectonica/notebooks/datasets/original/frame_00006.jpg,/content/drive/MyDrive/Tesis: Tecnicas de CV para Reconstruccion Arquitectonica/notebooks/datasets/splatfacto/frame_00006.jpg,/content/drive/MyDrive/Tesis: Tecnicas de CV para Reconstruccion Arquitectonica/notebooks/datasets/nerfacto/frame_00006.jpg,frame_00006.jpg,frame_00006.jpg,frame_00006.jpg
6,/content/drive/MyDrive/Tesis: Tecnicas de CV para Reconstruccion Arquitectonica/notebooks/datasets/original/frame_00007.jpg,/content/drive/MyDrive/Tesis: Tecnicas de CV para Reconstruccion Arquitectonica/notebooks/datasets/splatfacto/frame_00007.jpg,/content/drive/MyDrive/Tesis: Tecnicas de CV para Reconstruccion Arquitectonica/notebooks/datasets/nerfacto/frame_00007.jpg,frame_00007.jpg,frame_00007.jpg,frame_00007.jpg
7,/content/drive/MyDrive/Tesis: Tecnicas de CV para Reconstruccion Arquitectonica/notebooks/datasets/original/frame_00008.jpg,/content/drive/MyDrive/Tesis: Tecnicas de CV para Reconstruccion Arquitectonica/notebooks/datasets/splatfacto/frame_00008.jpg,/content/drive/MyDrive/Tesis: Tecnicas de CV para Reconstruccion Arquitectonica/notebooks/datasets/nerfacto/frame_00008.jpg,frame_00008.jpg,frame_00008.jpg,frame_00008.jpg
8,/content/drive/MyDrive/Tesis: Tecnicas de CV para Reconstruccion Arquitectonica/notebooks/datasets/original/frame_00009.jpg,/content/drive/MyDrive/Tesis: Tecnicas de CV para Reconstruccion Arquitectonica/notebooks/datasets/splatfacto/frame_00009.jpg,/content/drive/MyDrive/Tesis: Tecnicas de CV para Reconstruccion Arquitectonica/notebooks/datasets/nerfacto/frame_00009.jpg,frame_00009.jpg,frame_00009.jpg,frame_00009.jpg
9,/content/drive/MyDrive/Tesis: Tecnicas de CV para Reconstruccion Arquitectonica/notebooks/datasets/original/frame_00010.jpg,/content/drive/MyDrive/Tesis: Tecnicas de CV para Reconstruccion Arquitectonica/notebooks/datasets/splatfacto/frame_00010.jpg,/content/drive/MyDrive/Tesis: Tecnicas de CV para Reconstruccion Arquitectonica/notebooks/datasets/nerfacto/frame_00010.jpg,frame_00010.jpg,frame_00010.jpg,frame_00010.jpg
10,/content/drive/MyDrive/Tesis: Tecnicas de CV para Reconstruccion Arquitectonica/notebooks/datasets/original/frame_00011.jpg,/content/drive/MyDrive/Tesis: Tecnicas de CV para Reconstruccion Arquitectonica/notebooks/datasets/splatfacto/frame_00012.jpg,/content/drive/MyDrive/Tesis: Tecnicas de CV para Reconstruccion Arquitectonica/notebooks/datasets/nerfacto/frame_00012.jpg,frame_00011.jpg,frame_00012.jpg,frame_00012.jpg
11,/content/drive/MyDrive/Tesis: Tecnicas de CV para Reconstruccion Arquitectonica/notebooks/datasets/original/frame_00012.jpg,/content/drive/MyDrive/Tesis: Tecnicas de CV para Reconstruccion Arquitectonica/notebooks/datasets/splatfacto/frame_00013.jpg,/content/drive/MyDrive/Tesis: Tecnicas de CV para Reconstruccion Arquitectonica/notebooks/datasets/nerfacto/frame_00013.jpg,frame_00012.jpg,frame_00013.jpg,frame_00013.jpg
12,/content/drive/MyDrive/Tesis: Tecnicas de CV para Reconstruccion Arquitectonica/notebooks/datasets/original/frame_00013.jpg,/content/drive/MyDrive/Tesis: Tecnicas de CV para Reconstruccion Arquitectonica/notebooks/datasets/splatfacto/frame_00014.jpg,/content/drive/MyDrive/Tesis: Tecnicas de CV para Reconstruccion Arquitectonica/notebooks/datasets/nerfacto/frame_00014.jpg,frame_00013.jpg,frame_00014.jpg,frame_00014.jpg
13,/content/drive/MyDrive/Tesis: Tecnicas de CV para Reconstruccion Arquitectonica/notebooks/datasets/original/frame_00014.jpg,/content/drive/MyDrive/Tesis: Tecnicas de CV para Reconstruccion Arquitectonica/notebooks/datasets/splatfacto/frame_00015.jpg,/content/drive/MyDrive/Tesis: Tecnicas de CV para Reconstruccion Arquitectonica/notebooks/datasets/nerfacto/frame_00015.jpg,frame_00014.jpg,frame_00015.jpg,frame_00015.jpg
14,/content/drive/MyDrive/Tesis: Tecnicas de CV para Reconstruccion Arquitectonica/notebooks/datasets/original/frame_00015.jpg,/content/drive/MyDrive/Tesis: Tecnicas de CV para Reconstruccion Arquitectonica/notebooks/datasets/splatfacto/frame_00016.jpg,/content/drive/MyDrive/Tesis: Tecnicas de CV para Reconstruccion Arquitectonica/notebooks/datasets/nerfacto/frame_00016.jpg,frame_00015.jpg,frame_00016.jpg,frame_00016.jpg
15,/content/drive/MyDrive/Tesis: Tecnicas de CV para Reconstruccion Arquitectonica/notebooks/datasets/original/frame_00016.jpg,/content/drive/MyDrive/Tesis: Tecnicas de CV para Reconstruccion Arquitectonica/notebooks/datasets/splatfacto/frame_00017.jpg,/content/drive/MyDrive/Tesis: Tecnicas de CV para Reconstruccion Arquitectonica/notebooks/datasets/nerfacto/frame_00017.jpg,frame_00016.jpg,frame_00017.jpg,frame_00017.jpg
16,/content/drive/MyDrive/Tesis: Tecnicas de CV para Reconstruccion Arquitectonica/notebooks/datasets/original/frame_00017.jpg,/content/drive/MyDrive/Tesis: Tecnicas de CV para Reconstruccion Arquitectonica/notebooks/datasets/splatfacto/frame_00018.jpg,/content/drive/MyDrive/Tesis: Tecnicas de CV para Reconstruccion Arquitectonica/notebooks/datasets/nerfacto/frame_00018.jpg,frame_00017.jpg,frame_00018.jpg,frame_00018.jpg
17,/content/drive/MyDrive/Tesis: Tecnicas de CV para Reconstruccion Arquitectonica/notebooks/datasets/original/frame_00018.jpg,/content/drive/MyDrive/Tesis: Tecnicas de CV para Reconstruccion Arquitectonica/notebooks/datasets/splatfacto/frame_00019.jpg,/content/drive/MyDrive/Tesis: Tecnicas de CV para Reconstruccion Arquitectonica/notebooks/datasets/nerfacto/frame_00019.jpg,frame_00018.jpg,frame_00019.jpg,frame_00019.jpg
18,/content/drive/MyDrive/Tesis: Tecnicas de CV para Reconstruccion Arquitectonica/notebooks/datasets/original/frame_00019.jpg,/content/drive/MyDrive/Tesis: Tecnicas de CV para Reconstruccion Arquitectonica/notebooks/datasets/splatfacto/frame_00020.jpg,/content/drive/MyDrive/Tesis: Tecnicas de CV para Reconstruccion Arquitectonica/notebooks/datasets/nerfacto/frame_00020.jpg,frame_00019.jpg,frame_00020.jpg,frame_00020.jpg
19,/content/drive/MyDrive/Tesis: Tecnicas de CV para Reconstruccion Arquitectonica/notebooks/datasets/original/frame_00020.jpg,/content/drive/MyDrive/Tesis: Tecnicas de CV para Reconstruccion Arquitectonica/notebooks/datasets/splatfacto/frame_00022.jpg,/content/drive/MyDrive/Tesis: Tecnicas de CV para Reconstruccion Arquitectonica/notebooks/datasets/nerfacto/frame_00022.jpg,frame_00020.jpg,frame_00022.jpg,frame_00022.jpg
20,/content/drive/MyDrive/Tesis: Tecnicas de CV para Reconstruccion Arquitectonica/notebooks/datasets/original/frame_00021.jpg,/content/drive/MyDrive/Tesis: Tecnicas de CV para Reconstruccion Arquitectonica/notebooks/datasets/splatfacto/frame_00023.jpg,/content/drive/MyDrive/Tesis: Tecnicas de CV para Reconstruccion Arquitectonica/notebooks/datasets/nerfacto/frame_00023.jpg,frame_00021.jpg,frame_00023.jpg,frame_00023.jpg
21,/content/drive/MyDrive/Tesis: Tecnicas de CV para Reconstruccion Arquitectonica/notebooks/datasets/original/frame_00022.jpg,/content/drive/MyDrive/Tesis: Tecnicas de CV para Reconstruccion Arquitectonica/notebooks/datasets/splatfacto/frame_00024.jpg,/content/drive/MyDrive/Tesis: Tecnicas de CV para Reconstruccion Arquitectonica/notebooks/datasets/nerfacto/frame_00024.jpg,frame_00022.jpg,frame_00024.jpg,frame_00024.jpg
22,/content/drive/MyDrive/Tesis: Tecnicas de CV para Reconstruccion Arquitectonica/notebooks/datasets/original/frame_00023.jpg,/content/drive/MyDrive/Tesis: Tecnicas de CV para Reconstruccion Arquitectonica/notebooks/datasets/splatfacto/frame_00025.jpg,/content/drive/MyDrive/Tesis: Tecnicas de CV para Reconstruccion Arquitectonica/notebooks/datasets/nerfacto/frame_00025.jpg,frame_00023.jpg,frame_00025.jpg,frame_00025.jpg
23,/content/drive/MyDrive/Tesis: Tecnicas de CV para Reconstruccion Arquitectonica/notebooks/datasets/original/frame_00024.jpg,/content/drive/MyDrive/Tesis: Tecnicas de CV para Reconstruccion Arquitectonica/notebooks/datasets/splatfacto/frame_00026.jpg,/content/drive/MyDrive/Tesis: Tecnicas de CV para Reconstruccion Arquitectonica/notebooks/datasets/nerfacto/frame_00026.jpg,frame_00024.jpg,frame_00026.jpg,frame_00026.jpg
24,/content/drive/MyDrive/Tesis: Tecnicas de CV para Reconstruccion Arquitectonica/notebooks/datasets/original/frame_00025.jpg,/content/drive/MyDrive/Tesis: Tecnicas de CV para Reconstruccion Arquitectonica/notebooks/datasets/splatfacto/frame_00027.jpg,/content/drive/MyDrive/Tesis: Tecnicas de CV para Reconstruccion Arquitectonica/notebooks/datasets/nerfacto/frame_00027.jpg,frame_00025.jpg,frame_00027.jpg,frame_00027.jpg
25,/content/drive/MyDrive/Tesis: Tecnicas de CV para Reconstruccion Arquitectonica/notebooks/datasets/original/frame_00026.jpg,/content/drive/MyDrive/Tesis: Tecnicas de CV para Reconstruccion Arquitectonica/notebooks/datasets/splatfacto/frame_00028.jpg,/content/drive/MyDrive/Tesis: Tecnicas de CV para Reconstruccion Arquitectonica/notebooks/datasets/nerfacto/frame_00028.jpg,frame_00026.jpg,frame_00028.jpg,frame_00028.jpg
26,/content/drive/MyDrive/Tesis: Tecnicas de CV para Reconstruccion Arquitectonica/notebooks/datasets/original/frame_00027.jpg,/content/drive/MyDrive/Tesis: Tecnicas de CV para Reconstruccion Arquitectonica/notebooks/datasets/splatfacto/frame_00029.jpg,/content/drive/MyDrive/Tesis: Tecnicas de CV para Reconstruccion Arquitectonica/notebooks/datasets/nerfacto/frame_00029.jpg,frame_00027.jpg,frame_00029.jpg,frame_00029.jpg
27,/content/drive/MyDrive/Tesis: Tecnicas de CV para Reconstruccion Arquitectonica/notebooks/datasets/original/frame_00028.jpg,/content/drive/MyDrive/Tesis: Tecnicas de CV para Reconstruccion Arquitectonica/notebooks/datasets/splatfacto/frame_00030.jpg,/content/drive/MyDrive/Tesis: Tecnicas de CV para Reconstruccion Arquitectonica/notebooks/datasets/nerfacto/frame_00030.jpg,frame_00028.jpg,frame_00030.jpg,frame_00030.jpg
28,/content/drive/MyDrive/Tesis: Tecnicas de CV para Reconstruccion Arquitectonica/notebooks/datasets/original/frame_00029.jpg,/content/drive/MyDrive/Tesis: Tecnicas de CV para Reconstruccion Arquitectonica/notebooks/datasets/splatfacto/frame_00032.jpg,/content/drive/MyDrive/Tesis: Tecnicas de CV para Reconstruccion Arquitectonica/notebooks/datasets/nerfacto/frame_00032.jpg,frame_00029.jpg,frame_00032.jpg,frame_00032.jpg
29,/content/drive/MyDrive/Tesis: Tecnicas de CV para Reconstruccion Arquitectonica/notebooks/datasets/original/frame_00030.jpg,/content/drive/MyDrive/Tesis: Tecnicas de CV para Reconstruccion Arquitectonica/notebooks/datasets/splatfacto/frame_00033.jpg,/content/drive/MyDrive/Tesis: Tecnicas de CV para Reconstruccion Arquitectonica/notebooks/datasets/nerfacto/frame_00033.jpg,frame_00030.jpg,frame_00033.jpg,frame_00033.jpg
30,/content/drive/MyDrive/Tesis: Tecnicas de CV para Reconstruccion Arquitectonica/notebooks/datasets/original/frame_00031.jpg,/content/drive/MyDrive/Tesis: Tecnicas de CV para Reconstruccion Arquitectonica/notebooks/datasets/splatfacto/frame_00034.jpg,/content/drive/MyDrive/Tesis: Tecnicas de CV para Reconstruccion Arquitectonica/notebooks/datasets/nerfacto/frame_00034.jpg,frame_00031.jpg,frame_00034.jpg,frame_00034.jpg
31,/content/drive/MyDrive/Tesis: Tecnicas de CV para Reconstruccion Arquitectonica/notebooks/datasets/original/frame_00032.jpg,/content/drive/MyDrive/Tesis: Tecnicas de CV para Reconstruccion Arquitectonica/notebooks/datasets/splatfacto/frame_00035.jpg,/content/drive/MyDrive/Tesis: Tecnicas de CV para Reconstruccion Arquitectonica/notebooks/datasets/nerfacto/frame_00035.jpg,frame_00032.jpg,frame_00035.jpg,frame_00035.jpg
32,/content/drive/MyDrive/Tesis: Tecnicas de CV para Reconstruccion Arquitectonica/notebooks/datasets/original/frame_00033.jpg,/content/drive/MyDrive/Tesis: Tecnicas de CV para Reconstruccion Arquitectonica/notebooks/datasets/splatfacto/frame_00036.jpg,/content/drive/MyDrive/Tesis: Tecnicas de CV para Reconstruccion Arquitectonica/notebooks/datasets/nerfacto/frame_00036.jpg,frame_00033.jpg,frame_00036.jpg,frame_00036.jpg
33,/content/drive/MyDrive/Tesis: Tecnicas de CV para Reconstruccion Arquitectonica/notebooks/datasets/original/frame_00034.jpg,/content/drive/MyDrive/Tesis: Tecnicas de CV para Reconstruccion Arquitectonica/notebooks/datasets/splatfacto/frame_00037.jpg,/content/drive/MyDrive/Tesis: Tecnicas de CV para Reconstruccion Arquitectonica/notebooks/datasets/nerfacto/frame_00037.jpg,frame_00034.jpg,frame_00037.jpg,frame_00037.jpg
34,/content/drive/MyDrive/Tesis: Tecnicas de CV para Reconstruccion Arquitectonica/notebooks/datasets/original/frame_00035.jpg,/content/drive/MyDrive/Tesis: Tecnicas de CV para Reconstruccion Arquitectonica/notebooks/datasets/splatfacto/frame_00038.jpg,/content/drive/MyDrive/Tesis: Tecnicas de CV para Reconstruccion Arquitectonica/notebooks/datasets/nerfacto/frame_00038.jpg,frame_00035.jpg,frame_00038.jpg,frame_00038.jpg
35,/content/drive/MyDrive/Tesis: Tecnicas de CV para Reconstruccion Arquitectonica/notebooks/datasets/original/frame_00036.jpg,/content/drive/MyDrive/Tesis: Tecnicas de CV para Reconstruccion Arquitectonica/notebooks/datasets/splatfacto/frame_00039.jpg,/content/drive/MyDrive/Tesis: Tecnicas de CV para Reconstruccion Arquitectonica/notebooks/datasets/nerfacto/frame_00039.jpg,frame_00036.jpg,frame_00039.jpg,frame_00039.jpg
36,/content/drive/MyDrive/Tesis: Tecnicas de CV para Reconstruccion Arquitectonica/notebooks/datasets/original/frame_00037.jpg,/content/drive/MyDrive/Tesis: Tecnicas de CV para Reconstruccion Arquitectonica/notebooks/datasets/splatfacto/frame_00040.jpg,/content/drive/MyDrive/Tesis: Tecnicas de CV para Reconstruccion Arquitectonica/notebooks/datasets/nerfacto/frame_00040.jpg,frame_00037.jpg,frame_00040.jpg,frame_00040.jpg
37,/content/drive/MyDrive/Tesis: Tecnicas de CV para Reconstruccion Arquitectonica/notebooks/datasets/original/frame_00038.jpg,/content/drive/MyDrive/Tesis: Tecnicas de CV para Reconstruccion Arquitectonica/notebooks/datasets/splatfacto/frame_00042.jpg,/content/drive/MyDrive/Tesis: Tecnicas de CV para Reconstruccion Arquitectonica/notebooks/datasets/nerfacto/frame_00042.jpg,frame_00038.jpg,frame_00042.jpg,frame_00042.jpg
38,/content/drive/MyDrive/Tesis: Tecnicas de CV para Reconstruccion Arquitectonica/notebooks/datasets/original/frame_00039.jpg,/content/drive/MyDrive/Tesis: Tecnicas de CV para Reconstruccion Arquitectonica/notebooks/datasets/splatfacto/frame_00043.jpg,/content/drive/MyDrive/Tesis: Tecnicas de CV para Reconstruccion Arquitectonica/notebooks/datasets/nerfacto/frame_00043.jpg,frame_00039.jpg,frame_00043.jpg,frame_00043.jpg
39,/content/drive/MyDrive/Tesis: Tecnicas de CV para Reconstruccion Arquitectonica/notebooks/datasets/original/frame_00040.jpg,/content/drive/MyDrive/Tesis: Tecnicas de CV para Reconstruccion Arquitectonica/notebooks/datasets/splatfacto/frame_00044.jpg,/content/drive/MyDrive/Tesis: Tecnicas de CV para Reconstruccion Arquitectonica/notebooks/datasets/nerfacto/frame_00044.jpg,frame_00040.jpg,frame_00044.jpg,frame_00044.jpg
40,/content/drive/MyDrive/Tesis: Tecnicas de CV para Reconstruccion Arquitectonica/notebooks/datasets/original/frame_00041.jpg,/content/drive/MyDrive/Tesis: Tecnicas de CV para Reconstruccion Arquitectonica/notebooks/datasets/splatfacto/frame_00045.jpg,/content/drive/MyDrive/Tesis: Tecnicas de CV para Reconstruccion Arquitectonica/notebooks/datasets/nerfacto/frame_00045.jpg,frame_00041.jpg,frame_00045.jpg,frame_00045.jpg
41,/content/drive/MyDrive/Tesis: Tecnicas de CV para Reconstruccion Arquitectonica/notebooks/datasets/original/frame_00042.jpg,/content/drive/MyDrive/Tesis: Tecnicas de CV para Reconstruccion Arquitectonica/notebooks/datasets/splatfacto/frame_00046.jpg,/content/drive/MyDrive/Tesis: Tecnicas de CV para Reconstruccion Arquitectonica/notebooks/datasets/nerfacto/frame_00046.jpg,frame_00042.jpg,frame_00046.jpg,frame_00046.jpg
42,/content/drive/MyDrive/Tesis: Tecnicas de CV para Reconstruccion Arquitectonica/notebooks/datasets/original/frame_00043.jpg,/content/drive/MyDrive/Tesis: Tecnicas de CV para Reconstruccion Arquitectonica/notebooks/datasets/splatfacto/frame_00047.jpg,/content/drive/MyDrive/Tesis: Tecnicas de CV para Reconstruccion Arquitectonica/notebooks/datasets/nerfacto/frame_00047.jpg,frame_00043.jpg,frame_00047.jpg,frame_00047.jpg
43,/content/drive/MyDrive/Tesis: Tecnicas de CV para Reconstruccion Arquitectonica/notebooks/datasets/original/frame_00044.jpg,/content/drive/MyDrive/Tesis: Tecnicas de CV para Reconstruccion Arquitectonica/notebooks/datasets/splatfacto/frame_00048.jpg,/content/drive/MyDrive/Tesis: Tecnicas de CV para Reconstruccion Arquitectonica/notebooks/datasets/nerfacto/frame_00048.jpg,frame_00044.jpg,frame_00048.jpg,frame_00048.jpg
44,/content/drive/MyDrive/Tesis: Tecnicas de CV para Reconstruccion Arquitectonica/notebooks/datasets/original/frame_00045.jpg,/content/drive/MyDrive/Tesis: Tecnicas de CV para Reconstruccion Arquitectonica/notebooks/datasets/splatfacto/frame_00049.jpg,/content/drive/MyDrive/Tesis: Tecnicas de CV para Reconstruccion Arquitectonica/notebooks/datasets/nerfacto/frame_00049.jpg,frame_00045.jpg,frame_00049.jpg,frame_00049.jpg
45,/content/drive/MyDrive/Tesis: Tecnicas de CV para Reconstruccion Arquitectonica/notebooks/datasets/original/frame_00046.jpg,/content/drive/MyDrive/Tesis: Tecnicas de CV para Reconstruccion Arquitectonica/notebooks/datasets/splatfacto/frame_00050.jpg,/content/drive/MyDrive/Tesis: Tecnicas de CV para Reconstruccion Arquitectonica/notebooks/datasets/nerfacto/frame_00050.jpg,frame_00046.jpg,frame_00050.jpg,frame_00050.jpg
46,/content/drive/MyDrive/Tesis: Tecnicas de CV para Reconstruccion Arquitectonica/notebooks/datasets/original/frame_00047.jpg,/content/drive/MyDrive/Tesis: Tecnicas de CV para Reconstruccion Arquitectonica/notebooks/datasets/splatfacto/frame_00052.jpg,/content/drive/MyDrive/Tesis: Tecnicas de CV para Reconstruccion Arquitectonica/notebooks/datasets/nerfacto/frame_00052.jpg,frame_00047.jpg,frame_00052.jpg,frame_00052.jpg
47,/content/drive/MyDrive/Tesis: Tecnicas de CV para Reconstruccion Arquitectonica/notebooks/datasets/original/frame_00048.jpg,/content/drive/MyDrive/Tesis: Tecnicas de CV para Reconstruccion Arquitectonica/notebooks/datasets/splatfacto/frame_00053.jpg,/content/drive/MyDrive/Tesis: Tecnicas de CV para Reconstruccion Arquitectonica/notebooks/datasets/nerfacto/frame_00053.jpg,frame_00048.jpg,frame_00053.jpg,frame_00053.jpg
48,/content/drive/MyDrive/Tesis: Tecnicas de CV para Reconstruccion Arquitectonica/notebooks/datasets/original/frame_00049.jpg,/content/drive/MyDrive/Tesis: Tecnicas de CV para Reconstruccion Arquitectonica/notebooks/datasets/splatfacto/frame_00054.jpg,/content/drive/MyDrive/Tesis: Tecnicas de CV para Reconstruccion Arquitectonica/notebooks/datasets/nerfacto/frame_00054.jpg,frame_00049.jpg,frame_00054.jpg,frame_00054.jpg
49,/content/drive/MyDrive/Tesis: Tecnicas de CV para Reconstruccion Arquitectonica/notebooks/datasets/original/frame_00050.jpg,/content/drive/MyDrive/Tesis: Tecnicas de CV para Reconstruccion Arquitectonica/notebooks/datasets/splatfacto/frame_00055.jpg,/content/drive/MyDrive/Tesis: Tecnicas de CV para Reconstruccion Arquitectonica/notebooks/datasets/nerfacto/frame_00055.jpg,frame_00050.jpg,frame_00055.jpg,frame_00055.jpg
50,/content/drive/MyDrive/Tesis: Tecnicas de CV para Reconstruccion Arquitectonica/notebooks/datasets/original/frame_00051.jpg,/content/drive/MyDrive/Tesis: Tecnicas de CV para Reconstruccion Arquitectonica/notebooks/datasets/splatfacto/frame_00056.jpg,/content/drive/MyDrive/Tesis: Tecnicas de CV para Reconstruccion Arquitectonica/notebooks/datasets/nerfacto/frame_00056.jpg,frame_00051.jpg,frame_00056.jpg,frame_00056.jpg
51,/content/drive/MyDrive/Tesis: Tecnicas de CV para Reconstruccion Arquitectonica/notebooks/datasets/original/frame_00052.jpg,/content/drive/MyDrive/Tesis: Tecnicas de CV para Reconstruccion Arquitectonica/notebooks/datasets/splatfacto/frame_00057.jpg,/content/drive/MyDrive/Tesis: Tecnicas de CV para Reconstruccion Arquitectonica/notebooks/datasets/nerfacto/frame_00057.jpg,frame_00052.jpg,frame_00057.jpg,frame_00057.jpg
52,/content/drive/MyDrive/Tesis: Tecnicas de CV para Reconstruccion Arquitectonica/notebooks/datasets/original/frame_00053.jpg,/content/drive/MyDrive/Tesis: Tecnicas de CV para Reconstruccion Arquitectonica/notebooks/datasets/splatfacto/frame_00058.jpg,/content/drive/MyDrive/Tesis: Tecnicas de CV para Reconstruccion Arquitectonica/notebooks/datasets/nerfacto/frame_00058.jpg,frame_00053.jpg,frame_00058.jpg,frame_00058.jpg
53,/content/drive/MyDrive/Tesis: Tecnicas de CV para Reconstruccion Arquitectonica/notebooks/datasets/original/frame_00054.jpg,/content/drive/MyDrive/Tesis: Tecnicas de CV para Reconstruccion Arquitectonica/notebooks/datasets/splatfacto/frame_00059.jpg,/content/drive/MyDrive/Tesis: Tecnicas de CV para Reconstruccion Arquitectonica/notebooks/datasets/nerfacto/frame_00059.jpg,frame_00054.jpg,frame_00059.jpg,frame_00059.jpg
54,/content/drive/MyDrive/Tesis: Tecnicas de CV para Reconstruccion Arquitectonica/notebooks/datasets/original/frame_00055.jpg,/content/drive/MyDrive/Tesis: Tecnicas de CV para Reconstruccion Arquitectonica/notebooks/datasets/splatfacto/frame_00060.jpg,/content/drive/MyDrive/Tesis: Tecnicas de CV para Reconstruccion Arquitectonica/notebooks/datasets/nerfacto/frame_00060.jpg,frame_00055.jpg,frame_00060.jpg,frame_00060.jpg
55,/content/drive/MyDrive/Tesis: Tecnicas de CV para Reconstruccion Arquitectonica/notebooks/datasets/original/frame_00056.jpg,/content/drive/MyDrive/Tesis: Tecnicas de CV para Reconstruccion Arquitectonica/notebooks/datasets/splatfacto/frame_00062.jpg,/content/drive/MyDrive/Tesis: Tecnicas de CV para Reconstruccion Arquitectonica/notebooks/datasets/nerfacto/frame_00062.jpg,frame_00056.jpg,frame_00062.jpg,frame_00062.jpg
56,/content/drive/MyDrive/Tesis: Tecnicas de CV para Reconstruccion Arquitectonica/notebooks/datasets/original/frame_00057.jpg,/content/drive/MyDrive/Tesis: Tecnicas de CV para Reconstruccion Arquitectonica/notebooks/datasets/splatfacto/frame_00063.jpg,/content/drive/MyDrive/Tesis: Tecnicas de CV para Reconstruccion Arquitectonica/notebooks/datasets/nerfacto/frame_00063.jpg,frame_00057.jpg,frame_00063.jpg,frame_00063.jpg
57,/content/drive/MyDrive/Tesis: Tecnicas de CV para Reconstruccion Arquitectonica/notebooks/datasets/original/frame_00058.jpg,/content/drive/MyDrive/Tesis: Tecnicas de CV para Reconstruccion Arquitectonica/notebooks/datasets/splatfacto/frame_00064.jpg,/content/drive/MyDrive/Tesis: Tecnicas de CV para Reconstruccion Arquitectonica/notebooks/datasets/nerfacto/frame_00064.jpg,frame_00058.jpg,frame_00064.jpg,frame_00064.jpg
58,/content/drive/MyDrive/Tesis: Tecnicas de CV para Reconstruccion Arquitectonica/notebooks/datasets/original/frame_00059.jpg,/content/drive/MyDrive/Tesis: Tecnicas de CV para Reconstruccion Arquitectonica/notebooks/datasets/splatfacto/frame_00065.jpg,/content/drive/MyDrive/Tesis: Tecnicas de CV para Reconstruccion Arquitectonica/notebooks/datasets/nerfacto/frame_00065.jpg,frame_00059.jpg,frame_00065.jpg,frame_00065.jpg
59,/content/drive/MyDrive/Tesis: Tecnicas de CV para Reconstruccion Arquitectonica/notebooks/datasets/original/frame_00060.jpg,/content/drive/MyDrive/Tesis: Tecnicas de CV para Reconstruccion Arquitectonica/notebooks/datasets/splatfacto/frame_00066.jpg,/content/drive/MyDrive/Tesis: Tecnicas de CV para Reconstruccion Arquitectonica/notebooks/datasets/nerfacto/frame_00066.jpg,frame_00060.jpg,frame_00066.jpg,frame_00066.jpg
60,/content/drive/MyDrive/Tesis: Tecnicas de CV para Reconstruccion Arquitectonica/notebooks/datasets/original/frame_00061.jpg,/content/drive/MyDrive/Tesis: Tecnicas de CV para Reconstruccion Arquitectonica/notebooks/datasets/splatfacto/frame_00067.jpg,/content/drive/MyDrive/Tesis: Tecnicas de CV para Reconstruccion Arquitectonica/notebooks/datasets/nerfacto/frame_00067.jpg,frame_00061.jpg,frame_00067.jpg,frame_00067.jpg
61,/content/drive/MyDrive/Tesis: Tecnicas de CV para Reconstruccion Arquitectonica/notebooks/datasets/original/frame_00062.jpg,/content/drive/MyDrive/Tesis: Tecnicas de CV para Reconstruccion Arquitectonica/notebooks/datasets/splatfacto/frame_00068.jpg,/content/drive/MyDrive/Tesis: Tecnicas de CV para Reconstruccion Arquitectonica/notebooks/datasets/nerfacto/frame_00068.jpg,frame_00062.jpg,frame_00068.jpg,frame_00068.jpg
62,/content/drive/MyDrive/Tesis: Tecnicas de CV para Reconstruccion Arquitectonica/notebooks/datasets/original/frame_00063.jpg,/content/drive/MyDrive/Tesis: Tecnicas de CV para Reconstruccion Arquitectonica/notebooks/datasets/splatfacto/frame_00069.jpg,/content/drive/MyDrive/Tesis: Tecnicas de CV para Reconstruccion Arquitectonica/notebooks/datasets/nerfacto/frame_00069.jpg,frame_00063.jpg,frame_00069.jpg,frame_00069.jpg
63,/content/drive/MyDrive/Tesis: Tecnicas de CV para Reconstruccion Arquitectonica/notebooks/datasets/original/frame_00064.jpg,/content/drive/MyDrive/Tesis: Tecnicas de CV para Reconstruccion Arquitectonica/notebooks/datasets/splatfacto/frame_00070.jpg,/content/drive/MyDrive/Tesis: Tecnicas de CV para Reconstruccion Arquitectonica/notebooks/datasets/nerfacto/frame_00070.jpg,frame_00064.jpg,frame_00070.jpg,frame_00070.jpg
64,/content/drive/MyDrive/Tesis: Tecnicas de CV para Reconstruccion Arquitectonica/notebooks/datasets/original/frame_00065.jpg,/content/drive/MyDrive/Tesis: Tecnicas de CV para Reconstruccion Arquitectonica/notebooks/datasets/splatfacto/frame_00072.jpg,/content/drive/MyDrive/Tesis: Tecnicas de CV para Reconstruccion Arquitectonica/notebooks/datasets/nerfacto/frame_00072.jpg,frame_00065.jpg,frame_00072.jpg,frame_00072.jpg
65,/content/drive/MyDrive/Tesis: Tecnicas de CV para Reconstruccion Arquitectonica/notebooks/datasets/original/frame_00066.jpg,/content/drive/MyDrive/Tesis: Tecnicas de CV para Reconstruccion Arquitectonica/notebooks/datasets/splatfacto/frame_00073.jpg,/content/drive/MyDrive/Tesis: Tecnicas de CV para Reconstruccion Arquitectonica/notebooks/datasets/nerfacto/frame_00073.jpg,frame_00066.jpg,frame_00073.jpg,frame_00073.jpg
66,/content/drive/MyDrive/Tesis: Tecnicas de CV para Reconstruccion Arquitectonica/notebooks/datasets/original/frame_00067.jpg,/content/drive/MyDrive/Tesis: Tecnicas de CV para Reconstruccion Arquitectonica/notebooks/datasets/splatfacto/frame_00074.jpg,/content/drive/MyDrive/Tesis: Tecnicas de CV para Reconstruccion Arquitectonica/notebooks/datasets/nerfacto/frame_00074.jpg,frame_00067.jpg,frame_00074.jpg,frame_00074.jpg
67,/content/drive/MyDrive/Tesis: Tecnicas de CV para Reconstruccion Arquitectonica/notebooks/datasets/original/frame_00068.jpg,/content/drive/MyDrive/Tesis: Tecnicas de CV para Reconstruccion Arquitectonica/notebooks/datasets/splatfacto/frame_00075.jpg,/content/drive/MyDrive/Tesis: Tecnicas de CV para Reconstruccion Arquitectonica/notebooks/datasets/nerfacto/frame_00075.jpg,frame_00068.jpg,frame_00075.jpg,frame_00075.jpg
68,/content/drive/MyDrive/Tesis: Tecnicas de CV para Reconstruccion Arquitectonica/notebooks/datasets/original/frame_00069.jpg,/content/drive/MyDrive/Tesis: Tecnicas de CV para Reconstruccion Arquitectonica/notebooks/datasets/splatfacto/frame_00076.jpg,/content/drive/MyDrive/Tesis: Tecnicas de CV para Reconstruccion Arquitectonica/notebooks/datasets/nerfacto/frame_00076.jpg,frame_00069.jpg,frame_00076.jpg,frame_00076.jpg
69,/content/drive/MyDrive/Tesis: Tecnicas de CV para Reconstruccion Arquitectonica/notebooks/datasets/original/frame_00070.jpg,/content/drive/MyDrive/Tesis: Tecnicas de CV para Reconstruccion Arquitectonica/notebooks/datasets/splatfacto/frame_00077.jpg,/content/drive/MyDrive/Tesis: Tecnicas de CV para Reconstruccion Arquitectonica/notebooks/datasets/nerfacto/frame_00077.jpg,frame_00070.jpg,frame_00077.jpg,frame_00077.jpg
70,/content/drive/MyDrive/Tesis: Tecnicas de CV para Reconstruccion Arquitectonica/notebooks/datasets/original/frame_00071.jpg,/content/drive/MyDrive/Tesis: Tecnicas de CV para Reconstruccion Arquitectonica/notebooks/datasets/splatfacto/frame_00078.jpg,/content/drive/MyDrive/Tesis: Tecnicas de CV para Reconstruccion Arquitectonica/notebooks/datasets/nerfacto/frame_00078.jpg,frame_00071.jpg,frame_00078.jpg,frame_00078.jpg
71,/content/drive/MyDrive/Tesis: Tecnicas de CV para Reconstruccion Arquitectonica/notebooks/datasets/original/frame_00072.jpg,/content/drive/MyDrive/Tesis: Tecnicas de CV para Reconstruccion Arquitectonica/notebooks/datasets/splatfacto/frame_00079.jpg,/content/drive/MyDrive/Tesis: Tecnicas de CV para Reconstruccion Arquitectonica/notebooks/datasets/nerfacto/frame_00079.jpg,frame_00072.jpg,frame_00079.jpg,frame_00079.jpg
72,/content/drive/MyDrive/Tesis: Tecnicas de CV para Reconstruccion Arquitectonica/notebooks/datasets/original/frame_00073.jpg,/content/drive/MyDrive/Tesis: Tecnicas de CV para Reconstruccion Arquitectonica/notebooks/datasets/splatfacto/frame_00080.jpg,/content/drive/MyDrive/Tesis: Tecnicas de CV para Reconstruccion Arquitectonica/notebooks/datasets/nerfacto/frame_00080.jpg,frame_00073.jpg,frame_00080.jpg,frame_00080.jpg
73,/content/drive/MyDrive/Tesis: Tecnicas de CV para Reconstruccion Arquitectonica/notebooks/datasets/original/frame_00074.jpg,/content/drive/MyDrive/Tesis: Tecnicas de CV para Reconstruccion Arquitectonica/notebooks/datasets/splatfacto/frame_00082.jpg,/content/drive/MyDrive/Tesis: Tecnicas de CV para Reconstruccion Arquitectonica/notebooks/datasets/nerfacto/frame_00082.jpg,frame_00074.jpg,frame_00082.jpg,frame_00082.jpg
74,/content/drive/MyDrive/Tesis: Tecnicas de CV para Reconstruccion Arquitectonica/notebooks/datasets/original/frame_00075.jpg,/content/drive/MyDrive/Tesis: Tecnicas de CV para Reconstruccion Arquitectonica/notebooks/datasets/splatfacto/frame_00083.jpg,/content/drive/MyDrive/Tesis: Tecnicas de CV para Reconstruccion Arquitectonica/notebooks/datasets/nerfacto/frame_00083.jpg,frame_00075.jpg,frame_00083.jpg,frame_00083.jpg
75,/content/drive/MyDrive/Tesis: Tecnicas de CV para Reconstruccion Arquitectonica/notebooks/datasets/original/frame_00076.jpg,/content/drive/MyDrive/Tesis: Tecnicas de CV para Reconstruccion Arquitectonica/notebooks/datasets/splatfacto/frame_00084.jpg,/content/drive/MyDrive/Tesis: Tecnicas de CV para Reconstruccion Arquitectonica/notebooks/datasets/nerfacto/frame_00084.jpg,frame_00076.jpg,frame_00084.jpg,frame_00084.jpg
76,/content/drive/MyDrive/Tesis: Tecnicas de CV para Reconstruccion Arquitectonica/notebooks/datasets/original/frame_00077.jpg,/content/drive/MyDrive/Tesis: Tecnicas de CV para Reconstruccion Arquitectonica/notebooks/datasets/splatfacto/frame_00085.jpg,/content/drive/MyDrive/Tesis: Tecnicas de CV para Reconstruccion Arquitectonica/notebooks/datasets/nerfacto/frame_00085.jpg,frame_00077.jpg,frame_00085.jpg,frame_00085.jpg
77,/content/drive/MyDrive/Tesis: Tecnicas de CV para Reconstruccion Arquitectonica/notebooks/datasets/original/frame_00078.jpg,/content/drive/MyDrive/Tesis: Tecnicas de CV para Reconstruccion Arquitectonica/notebooks/datasets/splatfacto/frame_00086.jpg,/content/drive/MyDrive/Tesis: Tecnicas de CV para Reconstruccion Arquitectonica/notebooks/datasets/nerfacto/frame_00086.jpg,frame_00078.jpg,frame_00086.jpg,frame_00086.jpg
78,/content/drive/MyDrive/Tesis: Tecnicas de CV para Reconstruccion Arquitectonica/notebooks/datasets/original/frame_00079.jpg,/content/drive/MyDrive/Tesis: Tecnicas de CV para Reconstruccion Arquitectonica/notebooks/datasets/splatfacto/frame_00087.jpg,/content/drive/MyDrive/Tesis: Tecnicas de CV para Reconstruccion Arquitectonica/notebooks/datasets/nerfacto/frame_00087.jpg,frame_00079.jpg,frame_00087.jpg,frame_00087.jpg
79,/content/drive/MyDrive/Tesis: Tecnicas de CV para Reconstruccion Arquitectonica/notebooks/datasets/original/frame_00080.jpg,/content/drive/MyDrive/Tesis: Tecnicas de CV para Reconstruccion Arquitectonica/notebooks/datasets/splatfacto/frame_00088.jpg,/content/drive/MyDrive/Tesis: Tecnicas de CV para Reconstruccion Arquitectonica/notebooks/datasets/nerfacto/frame_00088.jpg,frame_00080.jpg,frame_00088.jpg,frame_00088.jpg
80,/content/drive/MyDrive/Tesis: Tecnicas de CV para Reconstruccion Arquitectonica/notebooks/datasets/original/frame_00081.jpg,/content/drive/MyDrive/Tesis: Tecnicas de CV para Reconstruccion Arquitectonica/notebooks/datasets/splatfacto/frame_00089.jpg,/content/drive/MyDrive/Tesis: Tecnicas de CV para Reconstruccion Arquitectonica/notebooks/datasets/nerfacto/frame_00089.jpg,frame_00081.jpg,frame_00089.jpg,frame_00089.jpg
81,/content/drive/MyDrive/Tesis: Tecnicas de CV para Reconstruccion Arquitectonica/notebooks/datasets/original/frame_00082.jpg,/content/drive/MyDrive/Tesis: Tecnicas de CV para Reconstruccion Arquitectonica/notebooks/datasets/splatfacto/frame_00090.jpg,/content/drive/MyDrive/Tesis: Tecnicas de CV para Reconstruccion Arquitectonica/notebooks/datasets/nerfacto/frame_00090.jpg,frame_00082.jpg,frame_00090.jpg,frame_00090.jpg
82,/content/drive/MyDrive/Tesis: Tecnicas de CV para Reconstruccion Arquitectonica/notebooks/datasets/original/frame_00083.jpg,/content/drive/MyDrive/Tesis: Tecnicas de CV para Reconstruccion Arquitectonica/notebooks/datasets/splatfacto/frame_00092.jpg,/content/drive/MyDrive/Tesis: Tecnicas de CV para Reconstruccion Arquitectonica/notebooks/datasets/nerfacto/frame_00092.jpg,frame_00083.jpg,frame_00092.jpg,frame_00092.jpg
83,/content/drive/MyDrive/Tesis: Tecnicas de CV para Reconstruccion Arquitectonica/notebooks/datasets/original/frame_00084.jpg,/content/drive/MyDrive/Tesis: Tecnicas de CV para Reconstruccion Arquitectonica/notebooks/datasets/splatfacto/frame_00093.jpg,/content/drive/MyDrive/Tesis: Tecnicas de CV para Reconstruccion Arquitectonica/notebooks/datasets/nerfacto/frame_00093.jpg,frame_00084.jpg,frame_00093.jpg,frame_00093.jpg
84,/content/drive/MyDrive/Tesis: Tecnicas de CV para Reconstruccion Arquitectonica/notebooks/datasets/original/frame_00085.jpg,/content/drive/MyDrive/Tesis: Tecnicas de CV para Reconstruccion Arquitectonica/notebooks/datasets/splatfacto/frame_00094.jpg,/content/drive/MyDrive/Tesis: Tecnicas de CV para Reconstruccion Arquitectonica/notebooks/datasets/nerfacto/frame_00094.jpg,frame_00085.jpg,frame_00094.jpg,frame_00094.jpg
85,/content/drive/MyDrive/Tesis: Tecnicas de CV para Reconstruccion Arquitectonica/notebooks/datasets/original/frame_00086.jpg,/content/drive/MyDrive/Tesis: Tecnicas de CV para Reconstruccion Arquitectonica/notebooks/datasets/splatfacto/frame_00095.jpg,/content/drive/MyDrive/Tesis: Tecnicas de CV para Reconstruccion Arquitectonica/notebooks/datasets/nerfacto/frame_00095.jpg,frame_00086.jpg,frame_00095.jpg,frame_00095.jpg
86,/content/drive/MyDrive/Tesis: Tecnicas de CV para Reconstruccion Arquitectonica/notebooks/datasets/original/frame_00087.jpg,/content/drive/MyDrive/Tesis: Tecnicas de CV para Reconstruccion Arquitectonica/notebooks/datasets/splatfacto/frame_00096.jpg,/content/drive/MyDrive/Tesis: Tecnicas de CV para Reconstruccion Arquitectonica/notebooks/datasets/nerfacto/frame_00096.jpg,frame_00087.jpg,frame_00096.jpg,frame_00096.jpg
87,/content/drive/MyDrive/Tesis: Tecnicas de CV para Reconstruccion Arquitectonica/notebooks/datasets/original/frame_00088.jpg,/content/drive/MyDrive/Tesis: Tecnicas de CV para Reconstruccion Arquitectonica/notebooks/datasets/splatfacto/frame_00097.jpg,/content/drive/MyDrive/Tesis: Tecnicas de CV para Reconstruccion Arquitectonica/notebooks/datasets/nerfacto/frame_00097.jpg,frame_00088.jpg,frame_00097.jpg,frame_00097.jpg
88,/content/drive/MyDrive/Tesis: Tecnicas de CV para Reconstruccion Arquitectonica/notebooks/datasets/original/frame_00089.jpg,/content/drive/MyDrive/Tesis: Tecnicas de CV para Reconstruccion Arquitectonica/notebooks/datasets/splatfacto/frame_00098.jpg,/content/drive/MyDrive/Tesis: Tecnicas de CV para Reconstruccion Arquitectonica/notebooks/datasets/nerfacto/frame_00098.jpg,frame_00089.jpg,frame_00098.jpg,frame_00098.jpg
89,/content/drive/MyDrive/Tesis: Tecnicas de CV para Reconstruccion Arquitectonica/notebooks/datasets/original/frame_00090.jpg,/content/drive/MyDrive/Tesis: Tecnicas de CV para Reconstruccion Arquitectonica/notebooks/datasets/splatfacto/frame_00099.jpg,/content/drive/MyDrive/Tesis: Tecnicas de CV para Reconstruccion Arquitectonica/notebooks/datasets/nerfacto/frame_00099.jpg,frame_00090.jpg,frame_00099.jpg,frame_00099.jpg
90,/content/drive/MyDrive/Tesis: Tecnicas de CV para Reconstruccion Arquitectonica/notebooks/datasets/original/frame_00091.jpg,/content/drive/MyDrive/Tesis: Tecnicas de CV para Reconstruccion Arquitectonica/notebooks/datasets/splatfacto/frame_00100.jpg,/content/drive/MyDrive/Tesis: Tecnicas de CV para Reconstruccion Arquitectonica/notebooks/datasets/nerfacto/frame_00100.jpg,frame_00091.jpg,frame_00100.jpg,frame_00100.jpg
91,/content/drive/MyDrive/Tesis: Tecnicas de CV para Reconstruccion Arquitectonica/notebooks/datasets/original/frame_00092.jpg,/content/drive/MyDrive/Tesis: Tecnicas de CV para Reconstruccion Arquitectonica/notebooks/datasets/splatfacto/frame_00102.jpg,/content/drive/MyDrive/Tesis: Tecnicas de CV para Reconstruccion Arquitectonica/notebooks/datasets/nerfacto/frame_00102.jpg,frame_00092.jpg,frame_00102.jpg,frame_00102.jpg
92,/content/drive/MyDrive/Tesis: Tecnicas de CV para Reconstruccion Arquitectonica/notebooks/datasets/original/frame_00093.jpg,/content/drive/MyDrive/Tesis: Tecnicas de CV para Reconstruccion Arquitectonica/notebooks/datasets/splatfacto/frame_00103.jpg,/content/drive/MyDrive/Tesis: Tecnicas de CV para Reconstruccion Arquitectonica/notebooks/datasets/nerfacto/frame_00103.jpg,frame_00093.jpg,frame_00103.jpg,frame_00103.jpg
93,/content/drive/MyDrive/Tesis: Tecnicas de CV para Reconstruccion Arquitectonica/notebooks/datasets/original/frame_00094.jpg,/content/drive/MyDrive/Tesis: Tecnicas de CV para Reconstruccion Arquitectonica/notebooks/datasets/splatfacto/frame_00104.jpg,/content/drive/MyDrive/Tesis: Tecnicas de CV para Reconstruccion Arquitectonica/notebooks/datasets/nerfacto/frame_00104.jpg,frame_00094.jpg,frame_00104.jpg,frame_00104.jpg
94,/content/drive/MyDrive/Tesis: Tecnicas de CV para Reconstruccion Arquitectonica/notebooks/datasets/original/frame_00095.jpg,/content/drive/MyDrive/Tesis: Tecnicas de CV para Reconstruccion Arquitectonica/notebooks/datasets/splatfacto/frame_00105.jpg,/content/drive/MyDrive/Tesis: Tecnicas de CV para Reconstruccion Arquitectonica/notebooks/datasets/nerfacto/frame_00105.jpg,frame_00095.jpg,frame_00105.jpg,frame_00105.jpg
95,/content/drive/MyDrive/Tesis: Tecnicas de CV para Reconstruccion Arquitectonica/notebooks/datasets/original/frame_00096.jpg,/content/drive/MyDrive/Tesis: Tecnicas de CV para Reconstruccion Arquitectonica/notebooks/datasets/splatfacto/frame_00106.jpg,/content/drive/MyDrive/Tesis: Tecnicas de CV para Reconstruccion Arquitectonica/notebooks/datasets/nerfacto/frame_00106.jpg,frame_00096.jpg,frame_00106.jpg,frame_00106.jpg
96,/content/drive/MyDrive/Tesis: Tecnicas de CV para Reconstruccion Arquitectonica/notebooks/datasets/original/frame_00097.jpg,/content/drive/MyDrive/Tesis: Tecnicas de CV para Reconstruccion Arquitectonica/notebooks/datasets/splatfacto/frame_00107.jpg,/content/drive/MyDrive/Tesis: Tecnicas de CV para Reconstruccion Arquitectonica/notebooks/datasets/nerfacto/frame_00107.jpg,frame_00097.jpg,frame_00107.jpg,frame_00107.jpg
97,/content/drive/MyDrive/Tesis: Tecnicas de CV para Reconstruccion Arquitectonica/notebooks/datasets/original/frame_00098.jpg,/content/drive/MyDrive/Tesis: Tecnicas de CV para Reconstruccion Arquitectonica/notebooks/datasets/splatfacto/frame_00108.jpg,/content/drive/MyDrive/Tesis: Tecnicas de CV para Reconstruccion Arquitectonica/notebooks/datasets/nerfacto/frame_00108.jpg,frame_00098.jpg,frame_00108.jpg,frame_00108.jpg
98,/content/drive/MyDrive/Tesis: Tecnicas de CV para Reconstruccion Arquitectonica/notebooks/datasets/original/frame_00099.jpg,/content/drive/MyDrive/Tesis: Tecnicas de CV para Reconstruccion Arquitectonica/notebooks/datasets/splatfacto/frame_00109.jpg,/content/drive/MyDrive/Tesis: Tecnicas de CV para Reconstruccion Arquitectonica/notebooks/datasets/nerfacto/frame_00109.jpg,frame_00099.jpg,frame_00109.jpg,frame_00109.jpg
99,/content/drive/MyDrive/Tesis: Tecnicas de CV para Reconstruccion Arquitectonica/notebooks/datasets/original/frame_00100.jpg,/content/drive/MyDrive/Tesis: Tecnicas de CV para Reconstruccion Arquitectonica/notebooks/datasets/splatfacto/frame_00110.jpg,/content/drive/MyDrive/Tesis: Tecnicas de CV para Reconstruccion Arquitectonica/notebooks/datasets/nerfacto/frame_00110.jpg,frame_00100.jpg,frame_00110.jpg,frame_00110.jpg
100,/content/drive/MyDrive/Tesis: Tecnicas de CV para Reconstruccion Arquitectonica/notebooks/datasets/original/frame_00101.jpg,/content/drive/MyDrive/Tesis: Tecnicas de CV para Reconstruccion Arquitectonica/notebooks/datasets/splatfacto/frame_00112.jpg,/content/drive/MyDrive/Tesis: Tecnicas de CV para Reconstruccion Arquitectonica/notebooks/datasets/nerfacto/frame_00112.jpg,frame_00101.jpg,frame_00112.jpg,frame_00112.jpg
101,/content/drive/MyDrive/Tesis: Tecnicas de CV para Reconstruccion Arquitectonica/notebooks/datasets/original/frame_00102.jpg,/content/drive/MyDrive/Tesis: Tecnicas de CV para Reconstruccion Arquitectonica/notebooks/datasets/splatfacto/frame_00113.jpg,/content/drive/MyDrive/Tesis: Tecnicas de CV para Reconstruccion Arquitectonica/notebooks/datasets/nerfacto/frame_00113.jpg,frame_00102.jpg,frame_00113.jpg,frame_00113.jpg
102,/content/drive/MyDrive/Tesis: Tecnicas de CV para Reconstruccion Arquitectonica/notebooks/datasets/original/frame_00103.jpg,/content/drive/MyDrive/Tesis: Tecnicas de CV para Reconstruccion Arquitectonica/notebooks/datasets/splatfacto/frame_00114.jpg,/content/drive/MyDrive/Tesis: Tecnicas de CV para Reconstruccion Arquitectonica/notebooks/datasets/nerfacto/frame_00114.jpg,frame_00103.jpg,frame_00114.jpg,frame_00114.jpg
103,/content/drive/MyDrive/Tesis: Tecnicas de CV para Reconstruccion Arquitectonica/notebooks/datasets/original/frame_00104.jpg,/content/drive/MyDrive/Tesis: Tecnicas de CV para Reconstruccion Arquitectonica/notebooks/datasets/splatfacto/frame_00115.jpg,/content/drive/MyDrive/Tesis: Tecnicas de CV para Reconstruccion Arquitectonica/notebooks/datasets/nerfacto/frame_00115.jpg,frame_00104.jpg,frame_00115.jpg,frame_00115.jpg
104,/content/drive/MyDrive/Tesis: Tecnicas de CV para Reconstruccion Arquitectonica/notebooks/datasets/original/frame_00105.jpg,/content/drive/MyDrive/Tesis: Tecnicas de CV para Reconstruccion Arquitectonica/notebooks/datasets/splatfacto/frame_00116.jpg,/content/drive/MyDrive/Tesis: Tecnicas de CV para Reconstruccion Arquitectonica/notebooks/datasets/nerfacto/frame_00116.jpg,frame_00105.jpg,frame_00116.jpg,frame_00116.jpg
105,/content/drive/MyDrive/Tesis: Tecnicas de CV para Reconstruccion Arquitectonica/notebooks/datasets/original/frame_00106.jpg,/content/drive/MyDrive/Tesis: Tecnicas de CV para Reconstruccion Arquitectonica/notebooks/datasets/splatfacto/frame_00117.jpg,/content/drive/MyDrive/Tesis: Tecnicas de CV para Reconstruccion Arquitectonica/notebooks/datasets/nerfacto/frame_00117.jpg,frame_00106.jpg,frame_00117.jpg,frame_00117.jpg
106,/content/drive/MyDrive/Tesis: Tecnicas de CV para Reconstruccion Arquitectonica/notebooks/datasets/original/frame_00107.jpg,/content/drive/MyDrive/Tesis: Tecnicas de CV para Reconstruccion Arquitectonica/notebooks/datasets/splatfacto/frame_00118.jpg,/content/drive/MyDrive/Tesis: Tecnicas de CV para Reconstruccion Arquitectonica/notebooks/datasets/nerfacto/frame_00118.jpg,frame_00107.jpg,frame_00118.jpg,frame_00118.jpg
107,/content/drive/MyDrive/Tesis: Tecnicas de CV para Reconstruccion Arquitectonica/notebooks/datasets/original/frame_00108.jpg,/content/drive/MyDrive/Tesis: Tecnicas de CV para Reconstruccion Arquitectonica/notebooks/datasets/splatfacto/frame_00119.jpg,/content/drive/MyDrive/Tesis: Tecnicas de CV para Reconstruccion Arquitectonica/notebooks/datasets/nerfacto/frame_00119.jpg,frame_00108.jpg,frame_00119.jpg,frame_00119.jpg
108,/content/drive/MyDrive/Tesis: Tecnicas de CV para Reconstruccion Arquitectonica/notebooks/datasets/original/frame_00109.jpg,/content/drive/MyDrive/Tesis: Tecnicas de CV para Reconstruccion Arquitectonica/notebooks/datasets/splatfacto/frame_00120.jpg,/content/drive/MyDrive/Tesis: Tecnicas de CV para Reconstruccion Arquitectonica/notebooks/datasets/nerfacto/frame_00120.jpg,frame_00109.jpg,frame_00120.jpg,frame_00120.jpg
109,/content/drive/MyDrive/Tesis: Tecnicas de CV para Reconstruccion Arquitectonica/notebooks/datasets/original/frame_00110.jpg,/content/drive/MyDrive/Tesis: Tecnicas de CV para Reconstruccion Arquitectonica/notebooks/datasets/splatfacto/frame_00121.jpg,/content/drive/MyDrive/Tesis: Tecnicas de CV para Reconstruccion Arquitectonica/notebooks/datasets/nerfacto/frame_00121.jpg,frame_00110.jpg,frame_00121.jpg,frame_00121.jpg
110,/content/drive/MyDrive/Tesis: Tecnicas de CV para Reconstruccion Arquitectonica/notebooks/datasets/original/frame_00111.jpg,/content/drive/MyDrive/Tesis: Tecnicas de CV para Reconstruccion Arquitectonica/notebooks/datasets/splatfacto/frame_00123.jpg,/content/drive/MyDrive/Tesis: Tecnicas de CV para Reconstruccion Arquitectonica/notebooks/datasets/nerfacto/frame_00123.jpg,frame_00111.jpg,frame_00123.jpg,frame_00123.jpg
111,/content/drive/MyDrive/Tesis: Tecnicas de CV para Reconstruccion Arquitectonica/notebooks/datasets/original/frame_00112.jpg,/content/drive/MyDrive/Tesis: Tecnicas de CV para Reconstruccion Arquitectonica/notebooks/datasets/splatfacto/frame_00124.jpg,/content/drive/MyDrive/Tesis: Tecnicas de CV para Reconstruccion Arquitectonica/notebooks/datasets/nerfacto/frame_00124.jpg,frame_00112.jpg,frame_00124.jpg,frame_00124.jpg
112,/content/drive/MyDrive/Tesis: Tecnicas de CV para Reconstruccion Arquitectonica/notebooks/datasets/original/frame_00113.jpg,/content/drive/MyDrive/Tesis: Tecnicas de CV para Reconstruccion Arquitectonica/notebooks/datasets/splatfacto/frame_00125.jpg,/content/drive/MyDrive/Tesis: Tecnicas de CV para Reconstruccion Arquitectonica/notebooks/datasets/nerfacto/frame_00125.jpg,frame_00113.jpg,frame_00125.jpg,frame_00125.jpg
113,/content/drive/MyDrive/Tesis: Tecnicas de CV para Reconstruccion Arquitectonica/notebooks/datasets/original/frame_00114.jpg,/content/drive/MyDrive/Tesis: Tecnicas de CV para Reconstruccion Arquitectonica/notebooks/datasets/splatfacto/frame_00126.jpg,/content/drive/MyDrive/Tesis: Tecnicas de CV para Reconstruccion Arquitectonica/notebooks/datasets/nerfacto/frame_00126.jpg,frame_00114.jpg,frame_00126.jpg,frame_00126.jpg
114,/content/drive/MyDrive/Tesis: Tecnicas de CV para Reconstruccion Arquitectonica/notebooks/datasets/original/frame_00115.jpg,/content/drive/MyDrive/Tesis: Tecnicas de CV para Reconstruccion Arquitectonica/notebooks/datasets/splatfacto/frame_00127.jpg,/content/drive/MyDrive/Tesis: Tecnicas de CV para Reconstruccion Arquitectonica/notebooks/datasets/nerfacto/frame_00127.jpg,frame_00115.jpg,frame_00127.jpg,frame_00127.jpg
115,/content/drive/MyDrive/Tesis: Tecnicas de CV para Reconstruccion Arquitectonica/notebooks/datasets/original/frame_00116.jpg,/content/drive/MyDrive/Tesis: Tecnicas de CV para Reconstruccion Arquitectonica/notebooks/datasets/splatfacto/frame_00128.jpg,/content/drive/MyDrive/Tesis: Tecnicas de CV para Reconstruccion Arquitectonica/notebooks/datasets/nerfacto/frame_00128.jpg,frame_00116.jpg,frame_00128.jpg,frame_00128.jpg
116,/content/drive/MyDrive/Tesis: Tecnicas de CV para Reconstruccion Arquitectonica/notebooks/datasets/original/frame_00117.jpg,/content/drive/MyDrive/Tesis: Tecnicas de CV para Reconstruccion Arquitectonica/notebooks/datasets/splatfacto/frame_00129.jpg,/content/drive/MyDrive/Tesis: Tecnicas de CV para Reconstruccion Arquitectonica/notebooks/datasets/nerfacto/frame_00129.jpg,frame_00117.jpg,frame_00129.jpg,frame_00129.jpg
117,/content/drive/MyDrive/Tesis: Tecnicas de CV para Reconstruccion Arquitectonica/notebooks/datasets/original/frame_00118.jpg,/content/drive/MyDrive/Tesis: Tecnicas de CV para Reconstruccion Arquitectonica/notebooks/datasets/splatfacto/frame_00130.jpg,/content/drive/MyDrive/Tesis: Tecnicas de CV para Reconstruccion Arquitectonica/notebooks/datasets/nerfacto/frame_00130.jpg,frame_00118.jpg,frame_00130.jpg,frame_00130.jpg
118,/content/drive/MyDrive/Tesis: Tecnicas de CV para Reconstruccion Arquitectonica/notebooks/datasets/original/frame_00119.jpg,/content/drive/MyDrive/Tesis: Tecnicas de CV para Reconstruccion Arquitectonica/notebooks/datasets/splatfacto/frame_00131.jpg,/content/drive/MyDrive/Tesis: Tecnicas de CV para Reconstruccion Arquitectonica/notebooks/datasets/nerfacto/frame_00131.jpg,frame_00119.jpg,frame_00131.jpg,frame_00131.jpg
119,/content/drive/MyDrive/Tesis: Tecnicas de CV para Reconstruccion Arquitectonica/notebooks/datasets/original/frame_00120.jpg,/content/drive/MyDrive/Tesis: Tecnicas de CV para Reconstruccion Arquitectonica/notebooks/datasets/splatfacto/frame_00133.jpg,/content/drive/MyDrive/Tesis: Tecnicas de CV para Reconstruccion Arquitectonica/notebooks/datasets/nerfacto/frame_00133.jpg,frame_00120.jpg,frame_00133.jpg,frame_00133.jpg
120,/content/drive/MyDrive/Tesis: Tecnicas de CV para Reconstruccion Arquitectonica/notebooks/datasets/original/frame_00121.jpg,/content/drive/MyDrive/Tesis: Tecnicas de CV para Reconstruccion Arquitectonica/notebooks/datasets/splatfacto/frame_00134.jpg,/content/drive/MyDrive/Tesis: Tecnicas de CV para Reconstruccion Arquitectonica/notebooks/datasets/nerfacto/frame_00134.jpg,frame_00121.jpg,frame_00134.jpg,frame_00134.jpg
121,/content/drive/MyDrive/Tesis: Tecnicas de CV para Reconstruccion Arquitectonica/notebooks/datasets/original/frame_00122.jpg,/content/drive/MyDrive/Tesis: Tecnicas de CV para Reconstruccion Arquitectonica/notebooks/datasets/splatfacto/frame_00135.jpg,/content/drive/MyDrive/Tesis: Tecnicas de CV para Reconstruccion Arquitectonica/notebooks/datasets/nerfacto/frame_00135.jpg,frame_00122.jpg,frame_00135.jpg,frame_00135.jpg
122,/content/drive/MyDrive/Tesis: Tecnicas de CV para Reconstruccion Arquitectonica/notebooks/datasets/original/frame_00123.jpg,/content/drive/MyDrive/Tesis: Tecnicas de CV para Reconstruccion Arquitectonica/notebooks/datasets/splatfacto/frame_00136.jpg,/content/drive/MyDrive/Tesis: Tecnicas de CV para Reconstruccion Arquitectonica/notebooks/datasets/nerfacto/frame_00136.jpg,frame_00123.jpg,frame_00136.jpg,frame_00136.jpg
123,/content/drive/MyDrive/Tesis: Tecnicas de CV para Reconstruccion Arquitectonica/notebooks/datasets/original/frame_00124.jpg,/content/drive/MyDrive/Tesis: Tecnicas de CV para Reconstruccion Arquitectonica/notebooks/datasets/splatfacto/frame_00137.jpg,/content/drive/MyDrive/Tesis: Tecnicas de CV para Reconstruccion Arquitectonica/notebooks/datasets/nerfacto/frame_00137.jpg,frame_00124.jpg,frame_00137.jpg,frame_00137.jpg
124,/content/drive/MyDrive/Tesis: Tecnicas de CV para Reconstruccion Arquitectonica/notebooks/datasets/original/frame_00125.jpg,/content/drive/MyDrive/Tesis: Tecnicas de CV para Reconstruccion Arquitectonica/notebooks/datasets/splatfacto/frame_00138.jpg,/content/drive/MyDrive/Tesis: Tecnicas de CV para Reconstruccion Arquitectonica/notebooks/datasets/nerfacto/frame_00138.jpg,frame_00125.jpg,frame_00138.jpg,frame_00138.jpg
125,/content/drive/MyDrive/Tesis: Tecnicas de CV para Reconstruccion Arquitectonica/notebooks/datasets/original/frame_00126.jpg,/content/drive/MyDrive/Tesis: Tecnicas de CV para Reconstruccion Arquitectonica/notebooks/datasets/splatfacto/frame_00139.jpg,/content/drive/MyDrive/Tesis: Tecnicas de CV para Reconstruccion Arquitectonica/notebooks/datasets/nerfacto/frame_00139.jpg,frame_00126.jpg,frame_00139.jpg,frame_00139.jpg
126,/content/drive/MyDrive/Tesis: Tecnicas de CV para Reconstruccion Arquitectonica/notebooks/datasets/original/frame_00127.jpg,/content/drive/MyDrive/Tesis: Tecnicas de CV para Reconstruccion Arquitectonica/notebooks/datasets/splatfacto/frame_00140.jpg,/content/drive/MyDrive/Tesis: Tecnicas de CV para Reconstruccion Arquitectonica/notebooks/datasets/nerfacto/frame_00140.jpg,frame_00127.jpg,frame_00140.jpg,frame_00140.jpg
127,/content/drive/MyDrive/Tesis: Tecnicas de CV para Reconstruccion Arquitectonica/notebooks/datasets/original/frame_00128.jpg,/content/drive/MyDrive/Tesis: Tecnicas de CV para Reconstruccion Arquitectonica/notebooks/datasets/splatfacto/frame_00141.jpg,/content/drive/MyDrive/Tesis: Tecnicas de CV para Reconstruccion Arquitectonica/notebooks/datasets/nerfacto/frame_00141.jpg,frame_00128.jpg,frame_00141.jpg,frame_00141.jpg
128,/content/drive/MyDrive/Tesis: Tecnicas de CV para Reconstruccion Arquitectonica/notebooks/datasets/original/frame_00129.jpg,/content/drive/MyDrive/Tesis: Tecnicas de CV para Reconstruccion Arquitectonica/notebooks/datasets/splatfacto/frame_00143.jpg,/content/drive/MyDrive/Tesis: Tecnicas de CV para Reconstruccion Arquitectonica/notebooks/datasets/nerfacto/frame_00143.jpg,frame_00129.jpg,frame_00143.jpg,frame_00143.jpg
129,/content/drive/MyDrive/Tesis: Tecnicas de CV para Reconstruccion Arquitectonica/notebooks/datasets/original/frame_00130.jpg,/content/drive/MyDrive/Tesis: Tecnicas de CV para Reconstruccion Arquitectonica/notebooks/datasets/splatfacto/frame_00144.jpg,/content/drive/MyDrive/Tesis: Tecnicas de CV para Reconstruccion Arquitectonica/notebooks/datasets/nerfacto/frame_00144.jpg,frame_00130.jpg,frame_00144.jpg,frame_00144.jpg
130,/content/drive/MyDrive/Tesis: Tecnicas de CV para Reconstruccion Arquitectonica/notebooks/datasets/original/frame_00131.jpg,/content/drive/MyDrive/Tesis: Tecnicas de CV para Reconstruccion Arquitectonica/notebooks/datasets/splatfacto/frame_00145.jpg,/content/drive/MyDrive/Tesis: Tecnicas de CV para Reconstruccion Arquitectonica/notebooks/datasets/nerfacto/frame_00145.jpg,frame_00131.jpg,frame_00145.jpg,frame_00145.jpg
131,/content/drive/MyDrive/Tesis: Tecnicas de CV para Reconstruccion Arquitectonica/notebooks/datasets/original/frame_00132.jpg,/content/drive/MyDrive/Tesis: Tecnicas de CV para Reconstruccion Arquitectonica/notebooks/datasets/splatfacto/frame_00146.jpg,/content/drive/MyDrive/Tesis: Tecnicas de CV para Reconstruccion Arquitectonica/notebooks/datasets/nerfacto/frame_00146.jpg,frame_00132.jpg,frame_00146.jpg,frame_00146.jpg
132,/content/drive/MyDrive/Tesis: Tecnicas de CV para Reconstruccion Arquitectonica/notebooks/datasets/original/frame_00133.jpg,/content/drive/MyDrive/Tesis: Tecnicas de CV para Reconstruccion Arquitectonica/notebooks/datasets/splatfacto/frame_00147.jpg,/content/drive/MyDrive/Tesis: Tecnicas de CV para Reconstruccion Arquitectonica/notebooks/datasets/nerfacto/frame_00147.jpg,frame_00133.jpg,frame_00147.jpg,frame_00147.jpg
133,/content/drive/MyDrive/Tesis: Tecnicas de CV para Reconstruccion Arquitectonica/notebooks/datasets/original/frame_00134.jpg,/content/drive/MyDrive/Tesis: Tecnicas de CV para Reconstruccion Arquitectonica/notebooks/datasets/splatfacto/frame_00148.jpg,/content/drive/MyDrive/Tesis: Tecnicas de CV para Reconstruccion Arquitectonica/notebooks/datasets/nerfacto/frame_00148.jpg,frame_00134.jpg,frame_00148.jpg,frame_00148.jpg
134,/content/drive/MyDrive/Tesis: Tecnicas de CV para Reconstruccion Arquitectonica/notebooks/datasets/original/frame_00135.jpg,/content/drive/MyDrive/Tesis: Tecnicas de CV para Reconstruccion Arquitectonica/notebooks/datasets/splatfacto/frame_00149.jpg,/content/drive/MyDrive/Tesis: Tecnicas de CV para Reconstruccion Arquitectonica/notebooks/datasets/nerfacto/frame_00149.jpg,frame_00135.jpg,frame_00149.jpg,frame_00149.jpg
135,/content/drive/MyDrive/Tesis: Tecnicas de CV para Reconstruccion Arquitectonica/notebooks/datasets/original/frame_00136.jpg,/content/drive/MyDrive/Tesis: Tecnicas de CV para Reconstruccion Arquitectonica/notebooks/datasets/splatfacto/frame_00150.jpg,/content/drive/MyDrive/Tesis: Tecnicas de CV para Reconstruccion Arquitectonica/notebooks/datasets/nerfacto/frame_00150.jpg,frame_00136.jpg,frame_00150.jpg,frame_00150.jpg
136,/content/drive/MyDrive/Tesis: Tecnicas de CV para Reconstruccion Arquitectonica/notebooks/datasets/original/frame_00137.jpg,/content/drive/MyDrive/Tesis: Tecnicas de CV para Reconstruccion Arquitectonica/notebooks/datasets/splatfacto/frame_00151.jpg,/content/drive/MyDrive/Tesis: Tecnicas de CV para Reconstruccion Arquitectonica/notebooks/datasets/nerfacto/frame_00151.jpg,frame_00137.jpg,frame_00151.jpg,frame_00151.jpg
137,/content/drive/MyDrive/Tesis: Tecnicas de CV para Reconstruccion Arquitectonica/notebooks/datasets/original/frame_00138.jpg,/content/drive/MyDrive/Tesis: Tecnicas de CV para Reconstruccion Arquitectonica/notebooks/datasets/splatfacto/frame_00153.jpg,/content/drive/MyDrive/Tesis: Tecnicas de CV para Reconstruccion Arquitectonica/notebooks/datasets/nerfacto/frame_00153.jpg,frame_00138.jpg,frame_00153.jpg,frame_00153.jpg
138,/content/drive/MyDrive/Tesis: Tecnicas de CV para Reconstruccion Arquitectonica/notebooks/datasets/original/frame_00139.jpg,/content/drive/MyDrive/Tesis: Tecnicas de CV para Reconstruccion Arquitectonica/notebooks/datasets/splatfacto/frame_00154.jpg,/content/drive/MyDrive/Tesis: Tecnicas de CV para Reconstruccion Arquitectonica/notebooks/datasets/nerfacto/frame_00154.jpg,frame_00139.jpg,frame_00154.jpg,frame_00154.jpg
139,/content/drive/MyDrive/Tesis: Tecnicas de CV para Reconstruccion Arquitectonica/notebooks/datasets/original/frame_00140.jpg,/content/drive/MyDrive/Tesis: Tecnicas de CV para Reconstruccion Arquitectonica/notebooks/datasets/splatfacto/frame_00155.jpg,/content/drive/MyDrive/Tesis: Tecnicas de CV para Reconstruccion Arquitectonica/notebooks/datasets/nerfacto/frame_00155.jpg,frame_00140.jpg,frame_00155.jpg,frame_00155.jpg
140,/content/drive/MyDrive/Tesis: Tecnicas de CV para Reconstruccion Arquitectonica/notebooks/datasets/original/frame_00141.jpg,/content/drive/MyDrive/Tesis: Tecnicas de CV para Reconstruccion Arquitectonica/notebooks/datasets/splatfacto/frame_00156.jpg,/content/drive/MyDrive/Tesis: Tecnicas de CV para Reconstruccion Arquitectonica/notebooks/datasets/nerfacto/frame_00156.jpg,frame_00141.jpg,frame_00156.jpg,frame_00156.jpg
141,/content/drive/MyDrive/Tesis: Tecnicas de CV para Reconstruccion Arquitectonica/notebooks/datasets/original/frame_00142.jpg,/content/drive/MyDrive/Tesis: Tecnicas de CV para Reconstruccion Arquitectonica/notebooks/datasets/splatfacto/frame_00157.jpg,/content/drive/MyDrive/Tesis: Tecnicas de CV para Reconstruccion Arquitectonica/notebooks/datasets/nerfacto/frame_00157.jpg,frame_00142.jpg,frame_00157.jpg,frame_00157.jpg
142,/content/drive/MyDrive/Tesis: Tecnicas de CV para Reconstruccion Arquitectonica/notebooks/datasets/original/frame_00143.jpg,/content/drive/MyDrive/Tesis: Tecnicas de CV para Reconstruccion Arquitectonica/notebooks/datasets/splatfacto/frame_00158.jpg,/content/drive/MyDrive/Tesis: Tecnicas de CV para Reconstruccion Arquitectonica/notebooks/datasets/nerfacto/frame_00158.jpg,frame_00143.jpg,frame_00158.jpg,frame_00158.jpg
143,/content/drive/MyDrive/Tesis: Tecnicas de CV para Reconstruccion Arquitectonica/notebooks/datasets/original/frame_00144.jpg,/content/drive/MyDrive/Tesis: Tecnicas de CV para Reconstruccion Arquitectonica/notebooks/datasets/splatfacto/frame_00159.jpg,/content/drive/MyDrive/Tesis: Tecnicas de CV para Reconstruccion Arquitectonica/notebooks/datasets/nerfacto/frame_00159.jpg,frame_00144.jpg,frame_00159.jpg,frame_00159.jpg
144,/content/drive/MyDrive/Tesis: Tecnicas de CV para Reconstruccion Arquitectonica/notebooks/datasets/original/frame_00145.jpg,/content/drive/MyDrive/Tesis: Tecnicas de CV para Reconstruccion Arquitectonica/notebooks/datasets/splatfacto/frame_00160.jpg,/content/drive/MyDrive/Tesis: Tecnicas de CV para Reconstruccion Arquitectonica/notebooks/datasets/nerfacto/frame_00160.jpg,frame_00145.jpg,frame_00160.jpg,frame_00160.jpg
145,/content/drive/MyDrive/Tesis: Tecnicas de CV para Reconstruccion Arquitectonica/notebooks/datasets/original/frame_00146.jpg,/content/drive/MyDrive/Tesis: Tecnicas de CV para Reconstruccion Arquitectonica/notebooks/datasets/splatfacto/frame_00161.jpg,/content/drive/MyDrive/Tesis: Tecnicas de CV para Reconstruccion Arquitectonica/notebooks/datasets/nerfacto/frame_00161.jpg,frame_00146.jpg,frame_00161.jpg,frame_00161.jpg
146,/content/drive/MyDrive/Tesis: Tecnicas de CV para Reconstruccion Arquitectonica/notebooks/datasets/original/frame_00147.jpg,/content/drive/MyDrive/Tesis: Tecnicas de CV para Reconstruccion Arquitectonica/notebooks/datasets/splatfacto/frame_00163.jpg,/content/drive/MyDrive/Tesis: Tecnicas de CV para Reconstruccion Arquitectonica/notebooks/datasets/nerfacto/frame_00163.jpg,frame_00147.jpg,frame_00163.jpg,frame_00163.jpg
147,/content/drive/MyDrive/Tesis: Tecnicas de CV para Reconstruccion Arquitectonica/notebooks/datasets/original/frame_00148.jpg,/content/drive/MyDrive/Tesis: Tecnicas de CV para Reconstruccion Arquitectonica/notebooks/datasets/splatfacto/frame_00164.jpg,/content/drive/MyDrive/Tesis: Tecnicas de CV para Reconstruccion Arquitectonica/notebooks/datasets/nerfacto/frame_00164.jpg,frame_00148.jpg,frame_00164.jpg,frame_00164.jpg
148,/content/drive/MyDrive/Tesis: Tecnicas de CV para Reconstruccion Arquitectonica/notebooks/datasets/original/frame_00149.jpg,/content/drive/MyDrive/Tesis: Tecnicas de CV para Reconstruccion Arquitectonica/notebooks/datasets/splatfacto/frame_00165.jpg,/content/drive/MyDrive/Tesis: Tecnicas de CV para Reconstruccion Arquitectonica/notebooks/datasets/nerfacto/frame_00165.jpg,frame_00149.jpg,frame_00165.jpg,frame_00165.jpg
149,/content/drive/MyDrive/Tesis: Tecnicas de CV para Reconstruccion Arquitectonica/notebooks/datasets/original/frame_00150.jpg,/content/drive/MyDrive/Tesis: Tecnicas de CV para Reconstruccion Arquitectonica/notebooks/datasets/splatfacto/frame_00166.jpg,/content/drive/MyDrive/Tesis: Tecnicas de CV para Reconstruccion Arquitectonica/notebooks/datasets/nerfacto/frame_00166.jpg,frame_00150.jpg,frame_00166.jpg,frame_00166.jpg
150,/content/drive/MyDrive/Tesis: Tecnicas de CV para Reconstruccion Arquitectonica/notebooks/datasets/original/frame_00151.jpg,/content/drive/MyDrive/Tesis: Tecnicas de CV para Reconstruccion Arquitectonica/notebooks/datasets/splatfacto/frame_00167.jpg,/content/drive/MyDrive/Tesis: Tecnicas de CV para Reconstruccion Arquitectonica/notebooks/datasets/nerfacto/frame_00167.jpg,frame_00151.jpg,frame_00167.jpg,frame_00167.jpg
151,/content/drive/MyDrive/Tesis: Tecnicas de CV para Reconstruccion Arquitectonica/notebooks/datasets/original/frame_00152.jpg,/content/drive/MyDrive/Tesis: Tecnicas de CV para Reconstruccion Arquitectonica/notebooks/datasets/splatfacto/frame_00168.jpg,/content/drive/MyDrive/Tesis: Tecnicas de CV para Reconstruccion Arquitectonica/notebooks/datasets/nerfacto/frame_00168.jpg,frame_00152.jpg,frame_00168.jpg,frame_00168.jpg
152,/content/drive/MyDrive/Tesis: Tecnicas de CV para Reconstruccion Arquitectonica/notebooks/datasets/original/frame_00153.jpg,/content/drive/MyDrive/Tesis: Tecnicas de CV para Reconstruccion Arquitectonica/notebooks/datasets/splatfacto/frame_00169.jpg,/content/drive/MyDrive/Tesis: Tecnicas de CV para Reconstruccion Arquitectonica/notebooks/datasets/nerfacto/frame_00169.jpg,frame_00153.jpg,frame_00169.jpg,frame_00169.jpg
153,/content/drive/MyDrive/Tesis: Tecnicas de CV para Reconstruccion Arquitectonica/notebooks/datasets/original/frame_00154.jpg,/content/drive/MyDrive/Tesis: Tecnicas de CV para Reconstruccion Arquitectonica/notebooks/datasets/splatfacto/frame_00170.jpg,/content/drive/MyDrive/Tesis: Tecnicas de CV para Reconstruccion Arquitectonica/notebooks/datasets/nerfacto/frame_00170.jpg,frame_00154.jpg,frame_00170.jpg,frame_00170.jpg
154,/content/drive/MyDrive/Tesis: Tecnicas de CV para Reconstruccion Arquitectonica/notebooks/datasets/original/frame_00155.jpg,/content/drive/MyDrive/Tesis: Tecnicas de CV para Reconstruccion Arquitectonica/notebooks/datasets/splatfacto/frame_00171.jpg,/content/drive/MyDrive/Tesis: Tecnicas de CV para Reconstruccion Arquitectonica/notebooks/datasets/nerfacto/frame_00171.jpg,frame_00155.jpg,frame_00171.jpg,frame_00171.jpg
155,/content/drive/MyDrive/Tesis: Tecnicas de CV para Reconstruccion Arquitectonica/notebooks/datasets/original/frame_00156.jpg,/content/drive/MyDrive/Tesis: Tecnicas de CV para Reconstruccion Arquitectonica/notebooks/datasets/splatfacto/frame_00173.jpg,/content/drive/MyDrive/Tesis: Tecnicas de CV para Reconstruccion Arquitectonica/notebooks/datasets/nerfacto/frame_00173.jpg,frame_00156.jpg,frame_00173.jpg,frame_00173.jpg
156,/content/drive/MyDrive/Tesis: Tecnicas de CV para Reconstruccion Arquitectonica/notebooks/datasets/original/frame_00157.jpg,/content/drive/MyDrive/Tesis: Tecnicas de CV para Reconstruccion Arquitectonica/notebooks/datasets/splatfacto/frame_00174.jpg,/content/drive/MyDrive/Tesis: Tecnicas de CV para Reconstruccion Arquitectonica/notebooks/datasets/nerfacto/frame_00174.jpg,frame_00157.jpg,frame_00174.jpg,frame_00174.jpg
157,/content/drive/MyDrive/Tesis: Tecnicas de CV para Reconstruccion Arquitectonica/notebooks/datasets/original/frame_00158.jpg,/content/drive/MyDrive/Tesis: Tecnicas de CV para Reconstruccion Arquitectonica/notebooks/datasets/splatfacto/frame_00175.jpg,/content/drive/MyDrive/Tesis: Tecnicas de CV para Reconstruccion Arquitectonica/notebooks/datasets/nerfacto/frame_00175.jpg,frame_00158.jpg,frame_00175.jpg,frame_00175.jpg
158,/content/drive/MyDrive/Tesis: Tecnicas de CV para Reconstruccion Arquitectonica/notebooks/datasets/original/frame_00159.jpg,/content/drive/MyDrive/Tesis: Tecnicas de CV para Reconstruccion Arquitectonica/notebooks/datasets/splatfacto/frame_00176.jpg,/content/drive/MyDrive/Tesis: Tecnicas de CV para Reconstruccion Arquitectonica/notebooks/datasets/nerfacto/frame_00176.jpg,frame_00159.jpg,frame_00176.jpg,frame_00176.jpg
159,/content/drive/MyDrive/Tesis: Tecnicas de CV para Reconstruccion Arquitectonica/notebooks/datasets/original/frame_00160.jpg,/content/drive/MyDrive/Tesis: Tecnicas de CV para Reconstruccion Arquitectonica/notebooks/datasets/splatfacto/frame_00177.jpg,/content/drive/MyDrive/Tesis: Tecnicas de CV para Reconstruccion Arquitectonica/notebooks/datasets/nerfacto/frame_00177.jpg,frame_00160.jpg,frame_00177.jpg,frame_00177.jpg
160,/content/drive/MyDrive/Tesis: Tecnicas de CV para Reconstruccion Arquitectonica/notebooks/datasets/original/frame_00161.jpg,/content/drive/MyDrive/Tesis: Tecnicas de CV para Reconstruccion Arquitectonica/notebooks/datasets/splatfacto/frame_00178.jpg,/content/drive/MyDrive/Tesis: Tecnicas de CV para Reconstruccion Arquitectonica/notebooks/datasets/nerfacto/frame_00178.jpg,frame_00161.jpg,frame_00178.jpg,frame_00178.jpg
161,/content/drive/MyDrive/Tesis: Tecnicas de CV para Reconstruccion Arquitectonica/notebooks/datasets/original/frame_00162.jpg,/content/drive/MyDrive/Tesis: Tecnicas de CV para Reconstruccion Arquitectonica/notebooks/datasets/splatfacto/frame_00179.jpg,/content/drive/MyDrive/Tesis: Tecnicas de CV para Reconstruccion Arquitectonica/notebooks/datasets/nerfacto/frame_00179.jpg,frame_00162.jpg,frame_00179.jpg,frame_00179.jpg
162,/content/drive/MyDrive/Tesis: Tecnicas de CV para Reconstruccion Arquitectonica/notebooks/datasets/original/frame_00163.jpg,/content/drive/MyDrive/Tesis: Tecnicas de CV para Reconstruccion Arquitectonica/notebooks/datasets/splatfacto/frame_00180.jpg,/content/drive/MyDrive/Tesis: Tecnicas de CV para Reconstruccion Arquitectonica/notebooks/datasets/nerfacto/frame_00180.jpg,frame_00163.jpg,frame_00180.jpg,frame_00180.jpg
163,/content/drive/MyDrive/Tesis: Tecnicas de CV para Reconstruccion Arquitectonica/notebooks/datasets/original/frame_00164.jpg,/content/drive/MyDrive/Tesis: Tecnicas de CV para Reconstruccion Arquitectonica/notebooks/datasets/splatfacto/frame_00181.jpg,/content/drive/MyDrive/Tesis: Tecnicas de CV para Reconstruccion Arquitectonica/notebooks/datasets/nerfacto/frame_00181.jpg,frame_00164.jpg,frame_00181.jpg,frame_00181.jpg
164,/content/drive/MyDrive/Tesis: Tecnicas de CV para Reconstruccion Arquitectonica/notebooks/datasets/original/frame_00165.jpg,/content/drive/MyDrive/Tesis: Tecnicas de CV para Reconstruccion Arquitectonica/notebooks/datasets/splatfacto/frame_00183.jpg,/content/drive/MyDrive/Tesis: Tecnicas de CV para Reconstruccion Arquitectonica/notebooks/datasets/nerfacto/frame_00183.jpg,frame_00165.jpg,frame_00183.jpg,frame_00183.jpg
165,/content/drive/MyDrive/Tesis: Tecnicas de CV para Reconstruccion Arquitectonica/notebooks/datasets/original/frame_00166.jpg,/content/drive/MyDrive/Tesis: Tecnicas de CV para Reconstruccion Arquitectonica/notebooks/datasets/splatfacto/frame_00184.jpg,/content/drive/MyDrive/Tesis: Tecnicas de CV para Reconstruccion Arquitectonica/notebooks/datasets/nerfacto/frame_00184.jpg,frame_00166.jpg,frame_00184.jpg,frame_00184.jpg
166,/content/drive/MyDrive/Tesis: Tecnicas de CV para Reconstruccion Arquitectonica/notebooks/datasets/original/frame_00167.jpg,/content/drive/MyDrive/Tesis: Tecnicas de CV para Reconstruccion Arquitectonica/notebooks/datasets/splatfacto/frame_00185.jpg,/content/drive/MyDrive/Tesis: Tecnicas de CV para Reconstruccion Arquitectonica/notebooks/datasets/nerfacto/frame_00185.jpg,frame_00167.jpg,frame_00185.jpg,frame_00185.jpg
167,/content/drive/MyDrive/Tesis: Tecnicas de CV para Reconstruccion Arquitectonica/notebooks/datasets/original/frame_00168.jpg,/content/drive/MyDrive/Tesis: Tecnicas de CV para Reconstruccion Arquitectonica/notebooks/datasets/splatfacto/frame_00186.jpg,/content/drive/MyDrive/Tesis: Tecnicas de CV para Reconstruccion Arquitectonica/notebooks/datasets/nerfacto/frame_00186.jpg,frame_00168.jpg,frame_00186.jpg,frame_00186.jpg
168,/content/drive/MyDrive/Tesis: Tecnicas de CV para Reconstruccion Arquitectonica/notebooks/datasets/original/frame_00169.jpg,/content/drive/MyDrive/Tesis: Tecnicas de CV para Reconstruccion Arquitectonica/notebooks/datasets/splatfacto/frame_00187.jpg,/content/drive/MyDrive/Tesis: Tecnicas de CV para Reconstruccion Arquitectonica/notebooks/datasets/nerfacto/frame_00187.jpg,frame_00169.jpg,frame_00187.jpg,frame_00187.jpg
169,/content/drive/MyDrive/Tesis: Tecnicas de CV para Reconstruccion Arquitectonica/notebooks/datasets/original/frame_00170.jpg,/content/drive/MyDrive/Tesis: Tecnicas de CV para Reconstruccion Arquitectonica/notebooks/datasets/splatfacto/frame_00188.jpg,/content/drive/MyDrive/Tesis: Tecnicas de CV para Reconstruccion Arquitectonica/notebooks/datasets/nerfacto/frame_00188.jpg,frame_00170.jpg,frame_00188.jpg,frame_00188.jpg
170,/content/drive/MyDrive/Tesis: Tecnicas de CV para Reconstruccion Arquitectonica/notebooks/datasets/original/frame_00171.jpg,/content/drive/MyDrive/Tesis: Tecnicas de CV para Reconstruccion Arquitectonica/notebooks/datasets/splatfacto/frame_00189.jpg,/content/drive/MyDrive/Tesis: Tecnicas de CV para Reconstruccion Arquitectonica/notebooks/datasets/nerfacto/frame_00189.jpg,frame_00171.jpg,frame_00189.jpg,frame_00189.jpg
171,/content/drive/MyDrive/Tesis: Tecnicas de CV para Reconstruccion Arquitectonica/notebooks/datasets/original/frame_00172.jpg,/content/drive/MyDrive/Tesis: Tecnicas de CV para Reconstruccion Arquitectonica/notebooks/datasets/splatfacto/frame_00190.jpg,/content/drive/MyDrive/Tesis: Tecnicas de CV para Reconstruccion Arquitectonica/notebooks/datasets/nerfacto/frame_00190.jpg,frame_00172.jpg,frame_00190.jpg,frame_00190.jpg
172,/content/drive/MyDrive/Tesis: Tecnicas de CV para Reconstruccion Arquitectonica/notebooks/datasets/original/frame_00173.jpg,/content/drive/MyDrive/Tesis: Tecnicas de CV para Reconstruccion Arquitectonica/notebooks/datasets/splatfacto/frame_00191.jpg,/content/drive/MyDrive/Tesis: Tecnicas de CV para Reconstruccion Arquitectonica/notebooks/datasets/nerfacto/frame_00191.jpg,frame_00173.jpg,frame_00191.jpg,frame_00191.jpg
173,/content/drive/MyDrive/Tesis: Tecnicas de CV para Reconstruccion Arquitectonica/notebooks/datasets/original/frame_00174.jpg,/content/drive/MyDrive/Tesis: Tecnicas de CV para Reconstruccion Arquitectonica/notebooks/datasets/splatfacto/frame_00193.jpg,/content/drive/MyDrive/Tesis: Tecnicas de CV para Reconstruccion Arquitectonica/notebooks/datasets/nerfacto/frame_00193.jpg,frame_00174.jpg,frame_00193.jpg,frame_00193.jpg
174,/content/drive/MyDrive/Tesis: Tecnicas de CV para Reconstruccion Arquitectonica/notebooks/datasets/original/frame_00175.jpg,/content/drive/MyDrive/Tesis: Tecnicas de CV para Reconstruccion Arquitectonica/notebooks/datasets/splatfacto/frame_00194.jpg,/content/drive/MyDrive/Tesis: Tecnicas de CV para Reconstruccion Arquitectonica/notebooks/datasets/nerfacto/frame_00194.jpg,frame_00175.jpg,frame_00194.jpg,frame_00194.jpg
175,/content/drive/MyDrive/Tesis: Tecnicas de CV para Reconstruccion Arquitectonica/notebooks/datasets/original/frame_00176.jpg,/content/drive/MyDrive/Tesis: Tecnicas de CV para Reconstruccion Arquitectonica/notebooks/datasets/splatfacto/frame_00195.jpg,/content/drive/MyDrive/Tesis: Tecnicas de CV para Reconstruccion Arquitectonica/notebooks/datasets/nerfacto/frame_00195.jpg,frame_00176.jpg,frame_00195.jpg,frame_00195.jpg
176,/content/drive/MyDrive/Tesis: Tecnicas de CV para Reconstruccion Arquitectonica/notebooks/datasets/original/frame_00177.jpg,/content/drive/MyDrive/Tesis: Tecnicas de CV para Reconstruccion Arquitectonica/notebooks/datasets/splatfacto/frame_00196.jpg,/content/drive/MyDrive/Tesis: Tecnicas de CV para Reconstruccion Arquitectonica/notebooks/datasets/nerfacto/frame_00196.jpg,frame_00177.jpg,frame_00196.jpg,frame_00196.jpg
177,/content/drive/MyDrive/Tesis: Tecnicas de CV para Reconstruccion Arquitectonica/notebooks/datasets/original/frame_00178.jpg,/content/drive/MyDrive/Tesis: Tecnicas de CV para Reconstruccion Arquitectonica/notebooks/datasets/splatfacto/frame_00197.jpg,/content/drive/MyDrive/Tesis: Tecnicas de CV para Reconstruccion Arquitectonica/notebooks/datasets/nerfacto/frame_00197.jpg,frame_00178.jpg,frame_00197.jpg,frame_00197.jpg
178,/content/drive/MyDrive/Tesis: Tecnicas de CV para Reconstruccion Arquitectonica/notebooks/datasets/original/frame_00179.jpg,/content/drive/MyDrive/Tesis: Tecnicas de CV para Reconstruccion Arquitectonica/notebooks/datasets/splatfacto/frame_00198.jpg,/content/drive/MyDrive/Tesis: Tecnicas de CV para Reconstruccion Arquitectonica/notebooks/datasets/nerfacto/frame_00198.jpg,frame_00179.jpg,frame_00198.jpg,frame_00198.jpg
179,/content/drive/MyDrive/Tesis: Tecnicas de CV para Reconstruccion Arquitectonica/notebooks/datasets/original/frame_00180.jpg,/content/drive/MyDrive/Tesis: Tecnicas de CV para Reconstruccion Arquitectonica/notebooks/datasets/splatfacto/frame_00199.jpg,/content/drive/MyDrive/Tesis: Tecnicas de CV para Reconstruccion Arquitectonica/notebooks/datasets/nerfacto/frame_00199.jpg,frame_00180.jpg,frame_00199.jpg,frame_00199.jpg
180,/content/drive/MyDrive/Tesis: Tecnicas de CV para Reconstruccion Arquitectonica/notebooks/datasets/original/frame_00181.jpg,/content/drive/MyDrive/Tesis: Tecnicas de CV para Reconstruccion Arquitectonica/notebooks/datasets/splatfacto/frame_00200.jpg,/content/drive/MyDrive/Tesis: Tecnicas de CV para Reconstruccion Arquitectonica/notebooks/datasets/nerfacto/frame_00200.jpg,frame_00181.jpg,frame_00200.jpg,frame_00200.jpg
181,/content/drive/MyDrive/Tesis: Tecnicas de CV para Reconstruccion Arquitectonica/notebooks/datasets/original/frame_00182.jpg,/content/drive/MyDrive/Tesis: Tecnicas de CV para Reconstruccion Arquitectonica/notebooks/datasets/splatfacto/frame_00201.jpg,/content/drive/MyDrive/Tesis: Tecnicas de CV para Reconstruccion Arquitectonica/notebooks/datasets/nerfacto/frame_00201.jpg,frame_00182.jpg,frame_00201.jpg,frame_00201.jpg
182,/content/drive/MyDrive/Tesis: Tecnicas de CV para Reconstruccion Arquitectonica/notebooks/datasets/original/frame_00183.jpg,/content/drive/MyDrive/Tesis: Tecnicas de CV para Reconstruccion Arquitectonica/notebooks/datasets/splatfacto/frame_00203.jpg,/content/drive/MyDrive/Tesis: Tecnicas de CV para Reconstruccion Arquitectonica/notebooks/datasets/nerfacto/frame_00203.jpg,frame_00183.jpg,frame_00203.jpg,frame_00203.jpg
183,/content/drive/MyDrive/Tesis: Tecnicas de CV para Reconstruccion Arquitectonica/notebooks/datasets/original/frame_00184.jpg,/content/drive/MyDrive/Tesis: Tecnicas de CV para Reconstruccion Arquitectonica/notebooks/datasets/splatfacto/frame_00204.jpg,/content/drive/MyDrive/Tesis: Tecnicas de CV para Reconstruccion Arquitectonica/notebooks/datasets/nerfacto/frame_00204.jpg,frame_00184.jpg,frame_00204.jpg,frame_00204.jpg
184,/content/drive/MyDrive/Tesis: Tecnicas de CV para Reconstruccion Arquitectonica/notebooks/datasets/original/frame_00185.jpg,/content/drive/MyDrive/Tesis: Tecnicas de CV para Reconstruccion Arquitectonica/notebooks/datasets/splatfacto/frame_00205.jpg,/content/drive/MyDrive/Tesis: Tecnicas de CV para Reconstruccion Arquitectonica/notebooks/datasets/nerfacto/frame_00205.jpg,frame_00185.jpg,frame_00205.jpg,frame_00205.jpg
185,/content/drive/MyDrive/Tesis: Tecnicas de CV para Reconstruccion Arquitectonica/notebooks/datasets/original/frame_00186.jpg,/content/drive/MyDrive/Tesis: Tecnicas de CV para Reconstruccion Arquitectonica/notebooks/datasets/splatfacto/frame_00206.jpg,/content/drive/MyDrive/Tesis: Tecnicas de CV para Reconstruccion Arquitectonica/notebooks/datasets/nerfacto/frame_00206.jpg,frame_00186.jpg,frame_00206.jpg,frame_00206.jpg
186,/content/drive/MyDrive/Tesis: Tecnicas de CV para Reconstruccion Arquitectonica/notebooks/datasets/original/frame_00187.jpg,/content/drive/MyDrive/Tesis: Tecnicas de CV para Reconstruccion Arquitectonica/notebooks/datasets/splatfacto/frame_00207.jpg,/content/drive/MyDrive/Tesis: Tecnicas de CV para Reconstruccion Arquitectonica/notebooks/datasets/nerfacto/frame_00207.jpg,frame_00187.jpg,frame_00207.jpg,frame_00207.jpg
187,/content/drive/MyDrive/Tesis: Tecnicas de CV para Reconstruccion Arquitectonica/notebooks/datasets/original/frame_00188.jpg,/content/drive/MyDrive/Tesis: Tecnicas de CV para Reconstruccion Arquitectonica/notebooks/datasets/splatfacto/frame_00208.jpg,/content/drive/MyDrive/Tesis: Tecnicas de CV para Reconstruccion Arquitectonica/notebooks/datasets/nerfacto/frame_00208.jpg,frame_00188.jpg,frame_00208.jpg,frame_00208.jpg
188,/content/drive/MyDrive/Tesis: Tecnicas de CV para Reconstruccion Arquitectonica/notebooks/datasets/original/frame_00189.jpg,/content/drive/MyDrive/Tesis: Tecnicas de CV para Reconstruccion Arquitectonica/notebooks/datasets/splatfacto/frame_00209.jpg,/content/drive/MyDrive/Tesis: Tecnicas de CV para Reconstruccion Arquitectonica/notebooks/datasets/nerfacto/frame_00209.jpg,frame_00189.jpg,frame_00209.jpg,frame_00209.jpg
189,/content/drive/MyDrive/Tesis: Tecnicas de CV para Reconstruccion Arquitectonica/notebooks/datasets/original/frame_00190.jpg,/content/drive/MyDrive/Tesis: Tecnicas de CV para Reconstruccion Arquitectonica/notebooks/datasets/splatfacto/frame_00210.jpg,/content/drive/MyDrive/Tesis: Tecnicas de CV para Reconstruccion Arquitectonica/notebooks/datasets/nerfacto/frame_00210.jpg,frame_00190.jpg,frame_00210.jpg,frame_00210.jpg
190,/content/drive/MyDrive/Tesis: Tecnicas de CV para Reconstruccion Arquitectonica/notebooks/datasets/original/frame_00191.jpg,/content/drive/MyDrive/Tesis: Tecnicas de CV para Reconstruccion Arquitectonica/notebooks/datasets/splatfacto/frame_00211.jpg,/content/drive/MyDrive/Tesis: Tecnicas de CV para Reconstruccion Arquitectonica/notebooks/datasets/nerfacto/frame_00211.jpg,frame_00191.jpg,frame_00211.jpg,frame_00211.jpg
191,/content/drive/MyDrive/Tesis: Tecnicas de CV para Reconstruccion Arquitectonica/notebooks/datasets/original/frame_00192.jpg,/content/drive/MyDrive/Tesis: Tecnicas de CV para Reconstruccion Arquitectonica/notebooks/datasets/splatfacto/frame_00213.jpg,/content/drive/MyDrive/Tesis: Tecnicas de CV para Reconstruccion Arquitectonica/notebooks/datasets/nerfacto/frame_00213.jpg,frame_00192.jpg,frame_00213.jpg,frame_00213.jpg
192,/content/drive/MyDrive/Tesis: Tecnicas de CV para Reconstruccion Arquitectonica/notebooks/datasets/original/frame_00193.jpg,/content/drive/MyDrive/Tesis: Tecnicas de CV para Reconstruccion Arquitectonica/notebooks/datasets/splatfacto/frame_00214.jpg,/content/drive/MyDrive/Tesis: Tecnicas de CV para Reconstruccion Arquitectonica/notebooks/datasets/nerfacto/frame_00214.jpg,frame_00193.jpg,frame_00214.jpg,frame_00214.jpg
193,/content/drive/MyDrive/Tesis: Tecnicas de CV para Reconstruccion Arquitectonica/notebooks/datasets/original/frame_00194.jpg,/content/drive/MyDrive/Tesis: Tecnicas de CV para Reconstruccion Arquitectonica/notebooks/datasets/splatfacto/frame_00215.jpg,/content/drive/MyDrive/Tesis: Tecnicas de CV para Reconstruccion Arquitectonica/notebooks/datasets/nerfacto/frame_00215.jpg,frame_00194.jpg,frame_00215.jpg,frame_00215.jpg
194,/content/drive/MyDrive/Tesis: Tecnicas de CV para Reconstruccion Arquitectonica/notebooks/datasets/original/frame_00195.jpg,/content/drive/MyDrive/Tesis: Tecnicas de CV para Reconstruccion Arquitectonica/notebooks/datasets/splatfacto/frame_00216.jpg,/content/drive/MyDrive/Tesis: Tecnicas de CV para Reconstruccion Arquitectonica/notebooks/datasets/nerfacto/frame_00216.jpg,frame_00195.jpg,frame_00216.jpg,frame_00216.jpg
195,/content/drive/MyDrive/Tesis: Tecnicas de CV para Reconstruccion Arquitectonica/notebooks/datasets/original/frame_00196.jpg,/content/drive/MyDrive/Tesis: Tecnicas de CV para Reconstruccion Arquitectonica/notebooks/datasets/splatfacto/frame_00217.jpg,/content/drive/MyDrive/Tesis: Tecnicas de CV para Reconstruccion Arquitectonica/notebooks/datasets/nerfacto/frame_00217.jpg,frame_00196.jpg,frame_00217.jpg,frame_00217.jpg
196,/content/drive/MyDrive/Tesis: Tecnicas de CV para Reconstruccion Arquitectonica/notebooks/datasets/original/frame_00197.jpg,/content/drive/MyDrive/Tesis: Tecnicas de CV para Reconstruccion Arquitectonica/notebooks/datasets/splatfacto/frame_00218.jpg,/content/drive/MyDrive/Tesis: Tecnicas de CV para Reconstruccion Arquitectonica/notebooks/datasets/nerfacto/frame_00218.jpg,frame_00197.jpg,frame_00218.jpg,frame_00218.jpg
197,/content/drive/MyDrive/Tesis: Tecnicas de CV para Reconstruccion Arquitectonica/notebooks/datasets/original/frame_00198.jpg,/content/drive/MyDrive/Tesis: Tecnicas de CV para Reconstruccion Arquitectonica/notebooks/datasets/splatfacto/frame_00219.jpg,/content/drive/MyDrive/Tesis: Tecnicas de CV para Reconstruccion Arquitectonica/notebooks/datasets/nerfacto/frame_00219.jpg,frame_00198.jpg,frame_00219.jpg,frame_00219.jpg
198,/content/drive/MyDrive/Tesis: Tecnicas de CV para Reconstruccion Arquitectonica/notebooks/datasets/original/frame_00199.jpg,/content/drive/MyDrive/Tesis: Tecnicas de CV para Reconstruccion Arquitectonica/notebooks/datasets/splatfacto/frame_00220.jpg,/content/drive/MyDrive/Tesis: Tecnicas de CV para Reconstruccion Arquitectonica/notebooks/datasets/nerfacto/frame_00220.jpg,frame_00199.jpg,frame_00220.jpg,frame_00220.jpg
199,/content/drive/MyDrive/Tesis: Tecnicas de CV para Reconstruccion Arquitectonica/notebooks/datasets/original/frame_00200.jpg,/content/drive/MyDrive/Tesis: Tecnicas de CV para Reconstruccion Arquitectonica/notebooks/datasets/splatfacto/frame_00221.jpg,/content/drive/MyDrive/Tesis: Tecnicas de CV para Reconstruccion Arquitectonica/notebooks/datasets/nerfacto/frame_00221.jpg,frame_00200.jpg,frame_00221.jpg,frame_00221.jpg
200,/content/drive/MyDrive/Tesis: Tecnicas de CV para Reconstruccion Arquitectonica/notebooks/datasets/original/frame_00201.jpg,/content/drive/MyDrive/Tesis: Tecnicas de CV para Reconstruccion Arquitectonica/notebooks/datasets/splatfacto/frame_00223.jpg,/content/drive/MyDrive/Tesis: Tecnicas de CV para Reconstruccion Arquitectonica/notebooks/datasets/nerfacto/frame_00223.jpg,frame_00201.jpg,frame_00223.jpg,frame_00223.jpg
201,/content/drive/MyDrive/Tesis: Tecnicas de CV para Reconstruccion Arquitectonica/notebooks/datasets/original/frame_00202.jpg,/content/drive/MyDrive/Tesis: Tecnicas de CV para Reconstruccion Arquitectonica/notebooks/datasets/splatfacto/frame_00224.jpg,/content/drive/MyDrive/Tesis: Tecnicas de CV para Reconstruccion Arquitectonica/notebooks/datasets/nerfacto/frame_00224.jpg,frame_00202.jpg,frame_00224.jpg,frame_00224.jpg
202,/content/drive/MyDrive/Tesis: Tecnicas de CV para Reconstruccion Arquitectonica/notebooks/datasets/original/frame_00203.jpg,/content/drive/MyDrive/Tesis: Tecnicas de CV para Reconstruccion Arquitectonica/notebooks/datasets/splatfacto/frame_00225.jpg,/content/drive/MyDrive/Tesis: Tecnicas de CV para Reconstruccion Arquitectonica/notebooks/datasets/nerfacto/frame_00225.jpg,frame_00203.jpg,frame_00225.jpg,frame_00225.jpg
203,/content/drive/MyDrive/Tesis: Tecnicas de CV para Reconstruccion Arquitectonica/notebooks/datasets/original/frame_00204.jpg,/content/drive/MyDrive/Tesis: Tecnicas de CV para Reconstruccion Arquitectonica/notebooks/datasets/splatfacto/frame_00226.jpg,/content/drive/MyDrive/Tesis: Tecnicas de CV para Reconstruccion Arquitectonica/notebooks/datasets/nerfacto/frame_00226.jpg,frame_00204.jpg,frame_00226.jpg,frame_00226.jpg
204,/content/drive/MyDrive/Tesis: Tecnicas de CV para Reconstruccion Arquitectonica/notebooks/datasets/original/frame_00205.jpg,/content/drive/MyDrive/Tesis: Tecnicas de CV para Reconstruccion Arquitectonica/notebooks/datasets/splatfacto/frame_00227.jpg,/content/drive/MyDrive/Tesis: Tecnicas de CV para Reconstruccion Arquitectonica/notebooks/datasets/nerfacto/frame_00227.jpg,frame_00205.jpg,frame_00227.jpg,frame_00227.jpg
205,/content/drive/MyDrive/Tesis: Tecnicas de CV para Reconstruccion Arquitectonica/notebooks/datasets/original/frame_00206.jpg,/content/drive/MyDrive/Tesis: Tecnicas de CV para Reconstruccion Arquitectonica/notebooks/datasets/splatfacto/frame_00228.jpg,/content/drive/MyDrive/Tesis: Tecnicas de CV para Reconstruccion Arquitectonica/notebooks/datasets/nerfacto/frame_00228.jpg,frame_00206.jpg,frame_00228.jpg,frame_00228.jpg
206,/content/drive/MyDrive/Tesis: Tecnicas de CV para Reconstruccion Arquitectonica/notebooks/datasets/original/frame_00207.jpg,/content/drive/MyDrive/Tesis: Tecnicas de CV para Reconstruccion Arquitectonica/notebooks/datasets/splatfacto/frame_00229.jpg,/content/drive/MyDrive/Tesis: Tecnicas de CV para Reconstruccion Arquitectonica/notebooks/datasets/nerfacto/frame_00229.jpg,frame_00207.jpg,frame_00229.jpg,frame_00229.jpg
207,/content/drive/MyDrive/Tesis: Tecnicas de CV para Reconstruccion Arquitectonica/notebooks/datasets/original/frame_00208.jpg,/content/drive/MyDrive/Tesis: Tecnicas de CV para Reconstruccion Arquitectonica/notebooks/datasets/splatfacto/frame_00230.jpg,/content/drive/MyDrive/Tesis: Tecnicas de CV para Reconstruccion Arquitectonica/notebooks/datasets/nerfacto/frame_00230.jpg,frame_00208.jpg,frame_00230.jpg,frame_00230.jpg
208,/content/drive/MyDrive/Tesis: Tecnicas de CV para Reconstruccion Arquitectonica/notebooks/datasets/original/frame_00209.jpg,/content/drive/MyDrive/Tesis: Tecnicas de CV para Reconstruccion Arquitectonica/notebooks/datasets/splatfacto/frame_00231.jpg,/content/drive/MyDrive/Tesis: Tecnicas de CV para Reconstruccion Arquitectonica/notebooks/datasets/nerfacto/frame_00231.jpg,frame_00209.jpg,frame_00231.jpg,frame_00231.jpg
209,/content/drive/MyDrive/Tesis: Tecnicas de CV para Reconstruccion Arquitectonica/notebooks/datasets/original/frame_00210.jpg,/content/drive/MyDrive/Tesis: Tecnicas de CV para Reconstruccion Arquitectonica/notebooks/datasets/splatfacto/frame_00233.jpg,/content/drive/MyDrive/Tesis: Tecnicas de CV para Reconstruccion Arquitectonica/notebooks/datasets/nerfacto/frame_00233.jpg,frame_00210.jpg,frame_00233.jpg,frame_00233.jpg
210,/content/drive/MyDrive/Tesis: Tecnicas de CV para Reconstruccion Arquitectonica/notebooks/datasets/original/frame_00211.jpg,/content/drive/MyDrive/Tesis: Tecnicas de CV para Reconstruccion Arquitectonica/notebooks/datasets/splatfacto/frame_00234.jpg,/content/drive/MyDrive/Tesis: Tecnicas de CV para Reconstruccion Arquitectonica/notebooks/datasets/nerfacto/frame_00234.jpg,frame_00211.jpg,frame_00234.jpg,frame_00234.jpg
211,/content/drive/MyDrive/Tesis: Tecnicas de CV para Reconstruccion Arquitectonica/notebooks/datasets/original/frame_00212.jpg,/content/drive/MyDrive/Tesis: Tecnicas de CV para Reconstruccion Arquitectonica/notebooks/datasets/splatfacto/frame_00235.jpg,/content/drive/MyDrive/Tesis: Tecnicas de CV para Reconstruccion Arquitectonica/notebooks/datasets/nerfacto/frame_00235.jpg,frame_00212.jpg,frame_00235.jpg,frame_00235.jpg
212,/content/drive/MyDrive/Tesis: Tecnicas de CV para Reconstruccion Arquitectonica/notebooks/datasets/original/frame_00213.jpg,/content/drive/MyDrive/Tesis: Tecnicas de CV para Reconstruccion Arquitectonica/notebooks/datasets/splatfacto/frame_00236.jpg,/content/drive/MyDrive/Tesis: Tecnicas de CV para Reconstruccion Arquitectonica/notebooks/datasets/nerfacto/frame_00236.jpg,frame_00213.jpg,frame_00236.jpg,frame_00236.jpg
213,/content/drive/MyDrive/Tesis: Tecnicas de CV para Reconstruccion Arquitectonica/notebooks/datasets/original/frame_00214.jpg,/content/drive/MyDrive/Tesis: Tecnicas de CV para Reconstruccion Arquitectonica/notebooks/datasets/splatfacto/frame_00237.jpg,/content/drive/MyDrive/Tesis: Tecnicas de CV para Reconstruccion Arquitectonica/notebooks/datasets/nerfacto/frame_00237.jpg,frame_00214.jpg,frame_00237.jpg,frame_00237.jpg
214,/content/drive/MyDrive/Tesis: Tecnicas de CV para Reconstruccion Arquitectonica/notebooks/datasets/original/frame_00215.jpg,/content/drive/MyDrive/Tesis: Tecnicas de CV para Reconstruccion Arquitectonica/notebooks/datasets/splatfacto/frame_00238.jpg,/content/drive/MyDrive/Tesis: Tecnicas de CV para Reconstruccion Arquitectonica/notebooks/datasets/nerfacto/frame_00238.jpg,frame_00215.jpg,frame_00238.jpg,frame_00238.jpg
215,/content/drive/MyDrive/Tesis: Tecnicas de CV para Reconstruccion Arquitectonica/notebooks/datasets/original/frame_00216.jpg,/content/drive/MyDrive/Tesis: Tecnicas de CV para Reconstruccion Arquitectonica/notebooks/datasets/splatfacto/frame_00239.jpg,/content/drive/MyDrive/Tesis: Tecnicas de CV para Reconstruccion Arquitectonica/notebooks/datasets/nerfacto/frame_00239.jpg,frame_00216.jpg,frame_00239.jpg,frame_00239.jpg
216,/content/drive/MyDrive/Tesis: Tecnicas de CV para Reconstruccion Arquitectonica/notebooks/datasets/original/frame_00217.jpg,/content/drive/MyDrive/Tesis: Tecnicas de CV para Reconstruccion Arquitectonica/notebooks/datasets/splatfacto/frame_00240.jpg,/content/drive/MyDrive/Tesis: Tecnicas de CV para Reconstruccion Arquitectonica/notebooks/datasets/nerfacto/frame_00240.jpg,frame_00217.jpg,frame_00240.jpg,frame_00240.jpg
217,/content/drive/MyDrive/Tesis: Tecnicas de CV para Reconstruccion Arquitectonica/notebooks/datasets/original/frame_00218.jpg,/content/drive/MyDrive/Tesis: Tecnicas de CV para Reconstruccion Arquitectonica/notebooks/datasets/splatfacto/frame_00241.jpg,/content/drive/MyDrive/Tesis: Tecnicas de CV para Reconstruccion Arquitectonica/notebooks/datasets/nerfacto/frame_00241.jpg,frame_00218.jpg,frame_00241.jpg,frame_00241.jpg
218,/content/drive/MyDrive/Tesis: Tecnicas de CV para Reconstruccion Arquitectonica/notebooks/datasets/original/frame_00219.jpg,/content/drive/MyDrive/Tesis: Tecnicas de CV para Reconstruccion Arquitectonica/notebooks/datasets/splatfacto/frame_00242.jpg,/content/drive/MyDrive/Tesis: Tecnicas de CV para Reconstruccion Arquitectonica/notebooks/datasets/nerfacto/frame_00242.jpg,frame_00219.jpg,frame_00242.jpg,frame_00242.jpg
219,/content/drive/MyDrive/Tesis: Tecnicas de CV para Reconstruccion Arquitectonica/notebooks/datasets/original/frame_00220.jpg,/content/drive/MyDrive/Tesis: Tecnicas de CV para Reconstruccion Arquitectonica/notebooks/datasets/splatfacto/frame_00244.jpg,/content/drive/MyDrive/Tesis: Tecnicas de CV para Reconstruccion Arquitectonica/notebooks/datasets/nerfacto/frame_00244.jpg,frame_00220.jpg,frame_00244.jpg,frame_00244.jpg
220,/content/drive/MyDrive/Tesis: Tecnicas de CV para Reconstruccion Arquitectonica/notebooks/datasets/original/frame_00221.jpg,/content/drive/MyDrive/Tesis: Tecnicas de CV para Reconstruccion Arquitectonica/notebooks/datasets/splatfacto/frame_00245.jpg,/content/drive/MyDrive/Tesis: Tecnicas de CV para Reconstruccion Arquitectonica/notebooks/datasets/nerfacto/frame_00245.jpg,frame_00221.jpg,frame_00245.jpg,frame_00245.jpg
221,/content/drive/MyDrive/Tesis: Tecnicas de CV para Reconstruccion Arquitectonica/notebooks/datasets/original/frame_00222.jpg,/content/drive/MyDrive/Tesis: Tecnicas de CV para Reconstruccion Arquitectonica/notebooks/datasets/splatfacto/frame_00246.jpg,/content/drive/MyDrive/Tesis: Tecnicas de CV para Reconstruccion Arquitectonica/notebooks/datasets/nerfacto/frame_00246.jpg,frame_00222.jpg,frame_00246.jpg,frame_00246.jpg
222,/content/drive/MyDrive/Tesis: Tecnicas de CV para Reconstruccion Arquitectonica/notebooks/datasets/original/frame_00223.jpg,/content/drive/MyDrive/Tesis: Tecnicas de CV para Reconstruccion Arquitectonica/notebooks/datasets/splatfacto/frame_00247.jpg,/content/drive/MyDrive/Tesis: Tecnicas de CV para Reconstruccion Arquitectonica/notebooks/datasets/nerfacto/frame_00247.jpg,frame_00223.jpg,frame_00247.jpg,frame_00247.jpg
223,/content/drive/MyDrive/Tesis: Tecnicas de CV para Reconstruccion Arquitectonica/notebooks/datasets/original/frame_00224.jpg,/content/drive/MyDrive/Tesis: Tecnicas de CV para Reconstruccion Arquitectonica/notebooks/datasets/splatfacto/frame_00248.jpg,/content/drive/MyDrive/Tesis: Tecnicas de CV para Reconstruccion Arquitectonica/notebooks/datasets/nerfacto/frame_00248.jpg,frame_00224.jpg,frame_00248.jpg,frame_00248.jpg
224,/content/drive/MyDrive/Tesis: Tecnicas de CV para Reconstruccion Arquitectonica/notebooks/datasets/original/frame_00225.jpg,/content/drive/MyDrive/Tesis: Tecnicas de CV para Reconstruccion Arquitectonica/notebooks/datasets/splatfacto/frame_00249.jpg,/content/drive/MyDrive/Tesis: Tecnicas de CV para Reconstruccion Arquitectonica/notebooks/datasets/nerfacto/frame_00249.jpg,frame_00225.jpg,frame_00249.jpg,frame_00249.jpg
225,/content/drive/MyDrive/Tesis: Tecnicas de CV para Reconstruccion Arquitectonica/notebooks/datasets/original/frame_00226.jpg,/content/drive/MyDrive/Tesis: Tecnicas de CV para Reconstruccion Arquitectonica/notebooks/datasets/splatfacto/frame_00250.jpg,/content/drive/MyDrive/Tesis: Tecnicas de CV para Reconstruccion Arquitectonica/notebooks/datasets/nerfacto/frame_00250.jpg,frame_00226.jpg,frame_00250.jpg,frame_00250.jpg
226,/content/drive/MyDrive/Tesis: Tecnicas de CV para Reconstruccion Arquitectonica/notebooks/datasets/original/frame_00227.jpg,/content/drive/MyDrive/Tesis: Tecnicas de CV para Reconstruccion Arquitectonica/notebooks/datasets/splatfacto/frame_00251.jpg,/content/drive/MyDrive/Tesis: Tecnicas de CV para Reconstruccion Arquitectonica/notebooks/datasets/nerfacto/frame_00251.jpg,frame_00227.jpg,frame_00251.jpg,frame_00251.jpg
227,/content/drive/MyDrive/Tesis: Tecnicas de CV para Reconstruccion Arquitectonica/notebooks/datasets/original/frame_00228.jpg,/content/drive/MyDrive/Tesis: Tecnicas de CV para Reconstruccion Arquitectonica/notebooks/datasets/splatfacto/frame_00252.jpg,/content/drive/MyDrive/Tesis: Tecnicas de CV para Reconstruccion Arquitectonica/notebooks/datasets/nerfacto/frame_00252.jpg,frame_00228.jpg,frame_00252.jpg,frame_00252.jpg
228,/content/drive/MyDrive/Tesis: Tecnicas de CV para Reconstruccion Arquitectonica/notebooks/datasets/original/frame_00229.jpg,/content/drive/MyDrive/Tesis: Tecnicas de CV para Reconstruccion Arquitectonica/notebooks/datasets/splatfacto/frame_00254.jpg,/content/drive/MyDrive/Tesis: Tecnicas de CV para Reconstruccion Arquitectonica/notebooks/datasets/nerfacto/frame_00254.jpg,frame_00229.jpg,frame_00254.jpg,frame_00254.jpg
229,/content/drive/MyDrive/Tesis: Tecnicas de CV para Reconstruccion Arquitectonica/notebooks/datasets/original/frame_00230.jpg,/content/drive/MyDrive/Tesis: Tecnicas de CV para Reconstruccion Arquitectonica/notebooks/datasets/splatfacto/frame_00255.jpg,/content/drive/MyDrive/Tesis: Tecnicas de CV para Reconstruccion Arquitectonica/notebooks/datasets/nerfacto/frame_00255.jpg,frame_00230.jpg,frame_00255.jpg,frame_00255.jpg
230,/content/drive/MyDrive/Tesis: Tecnicas de CV para Reconstruccion Arquitectonica/notebooks/datasets/original/frame_00231.jpg,/content/drive/MyDrive/Tesis: Tecnicas de CV para Reconstruccion Arquitectonica/notebooks/datasets/splatfacto/frame_00256.jpg,/content/drive/MyDrive/Tesis: Tecnicas de CV para Reconstruccion Arquitectonica/notebooks/datasets/nerfacto/frame_00256.jpg,frame_00231.jpg,frame_00256.jpg,frame_00256.jpg
231,/content/drive/MyDrive/Tesis: Tecnicas de CV para Reconstruccion Arquitectonica/notebooks/datasets/original/frame_00232.jpg,/content/drive/MyDrive/Tesis: Tecnicas de CV para Reconstruccion Arquitectonica/notebooks/datasets/splatfacto/frame_00257.jpg,/content/drive/MyDrive/Tesis: Tecnicas de CV para Reconstruccion Arquitectonica/notebooks/datasets/nerfacto/frame_00257.jpg,frame_00232.jpg,frame_00257.jpg,frame_00257.jpg
232,/content/drive/MyDrive/Tesis: Tecnicas de CV para Reconstruccion Arquitectonica/notebooks/datasets/original/frame_00233.jpg,/content/drive/MyDrive/Tesis: Tecnicas de CV para Reconstruccion Arquitectonica/notebooks/datasets/splatfacto/frame_00258.jpg,/content/drive/MyDrive/Tesis: Tecnicas de CV para Reconstruccion Arquitectonica/notebooks/datasets/nerfacto/frame_00258.jpg,frame_00233.jpg,frame_00258.jpg,frame_00258.jpg
233,/content/drive/MyDrive/Tesis: Tecnicas de CV para Reconstruccion Arquitectonica/notebooks/datasets/original/frame_00234.jpg,/content/drive/MyDrive/Tesis: Tecnicas de CV para Reconstruccion Arquitectonica/notebooks/datasets/splatfacto/frame_00259.jpg,/content/drive/MyDrive/Tesis: Tecnicas de CV para Reconstruccion Arquitectonica/notebooks/datasets/nerfacto/frame_00259.jpg,frame_00234.jpg,frame_00259.jpg,frame_00259.jpg
234,/content/drive/MyDrive/Tesis: Tecnicas de CV para Reconstruccion Arquitectonica/notebooks/datasets/original/frame_00235.jpg,/content/drive/MyDrive/Tesis: Tecnicas de CV para Reconstruccion Arquitectonica/notebooks/datasets/splatfacto/frame_00260.jpg,/content/drive/MyDrive/Tesis: Tecnicas de CV para Reconstruccion Arquitectonica/notebooks/datasets/nerfacto/frame_00260.jpg,frame_00235.jpg,frame_00260.jpg,frame_00260.jpg
235,/content/drive/MyDrive/Tesis: Tecnicas de CV para Reconstruccion Arquitectonica/notebooks/datasets/original/frame_00236.jpg,/content/drive/MyDrive/Tesis: Tecnicas de CV para Reconstruccion Arquitectonica/notebooks/datasets/splatfacto/frame_00261.jpg,/content/drive/MyDrive/Tesis: Tecnicas de CV para Reconstruccion Arquitectonica/notebooks/datasets/nerfacto/frame_00261.jpg,frame_00236.jpg,frame_00261.jpg,frame_00261.jpg
236,/content/drive/MyDrive/Tesis: Tecnicas de CV para Reconstruccion Arquitectonica/notebooks/datasets/original/frame_00237.jpg,/content/drive/MyDrive/Tesis: Tecnicas de CV para Reconstruccion Arquitectonica/notebooks/datasets/splatfacto/frame_00262.jpg,/content/drive/MyDrive/Tesis: Tecnicas de CV para Reconstruccion Arquitectonica/notebooks/datasets/nerfacto/frame_00262.jpg,frame_00237.jpg,frame_00262.jpg,frame_00262.jpg
237,/content/drive/MyDrive/Tesis: Tecnicas de CV para Reconstruccion Arquitectonica/notebooks/datasets/original/frame_00238.jpg,/content/drive/MyDrive/Tesis: Tecnicas de CV para Reconstruccion Arquitectonica/notebooks/datasets/splatfacto/frame_00264.jpg,/content/drive/MyDrive/Tesis: Tecnicas de CV para Reconstruccion Arquitectonica/notebooks/datasets/nerfacto/frame_00264.jpg,frame_00238.jpg,frame_00264.jpg,frame_00264.jpg
238,/content/drive/MyDrive/Tesis: Tecnicas de CV para Reconstruccion Arquitectonica/notebooks/datasets/original/frame_00239.jpg,/content/drive/MyDrive/Tesis: Tecnicas de CV para Reconstruccion Arquitectonica/notebooks/datasets/splatfacto/frame_00265.jpg,/content/drive/MyDrive/Tesis: Tecnicas de CV para Reconstruccion Arquitectonica/notebooks/datasets/nerfacto/frame_00265.jpg,frame_00239.jpg,frame_00265.jpg,frame_00265.jpg
239,/content/drive/MyDrive/Tesis: Tecnicas de CV para Reconstruccion Arquitectonica/notebooks/datasets/original/frame_00240.jpg,/content/drive/MyDrive/Tesis: Tecnicas de CV para Reconstruccion Arquitectonica/notebooks/datasets/splatfacto/frame_00266.jpg,/content/drive/MyDrive/Tesis: Tecnicas de CV para Reconstruccion Arquitectonica/notebooks/datasets/nerfacto/frame_00266.jpg,frame_00240.jpg,frame_00266.jpg,frame_00266.jpg
240,/content/drive/MyDrive/Tesis: Tecnicas de CV para Reconstruccion Arquitectonica/notebooks/datasets/original/frame_00241.jpg,/content/drive/MyDrive/Tesis: Tecnicas de CV para Reconstruccion Arquitectonica/notebooks/datasets/splatfacto/frame_00267.jpg,/content/drive/MyDrive/Tesis: Tecnicas de CV para Reconstruccion Arquitectonica/notebooks/datasets/nerfacto/frame_00267.jpg,frame_00241.jpg,frame_00267.jpg,frame_00267.jpg
241,/content/drive/MyDrive/Tesis: Tecnicas de CV para Reconstruccion Arquitectonica/notebooks/datasets/original/frame_00242.jpg,/content/drive/MyDrive/Tesis: Tecnicas de CV para Reconstruccion Arquitectonica/notebooks/datasets/splatfacto/frame_00268.jpg,/content/drive/MyDrive/Tesis: Tecnicas de CV para Reconstruccion Arquitectonica/notebooks/datasets/nerfacto/frame_00268.jpg,frame_00242.jpg,frame_00268.jpg,frame_00268.jpg
242,/content/drive/MyDrive/Tesis: Tecnicas de CV para Reconstruccion Arquitectonica/notebooks/datasets/original/frame_00243.jpg,/content/drive/MyDrive/Tesis: Tecnicas de CV para Reconstruccion Arquitectonica/notebooks/datasets/splatfacto/frame_00269.jpg,/content/drive/MyDrive/Tesis: Tecnicas de CV para Reconstruccion Arquitectonica/notebooks/datasets/nerfacto/frame_00269.jpg,frame_00243.jpg,frame_00269.jpg,frame_00269.jpg
243,/content/drive/MyDrive/Tesis: Tecnicas de CV para Reconstruccion Arquitectonica/notebooks/datasets/original/frame_00244.jpg,/content/drive/MyDrive/Tesis: Tecnicas de CV para Reconstruccion Arquitectonica/notebooks/datasets/splatfacto/frame_00270.jpg,/content/drive/MyDrive/Tesis: Tecnicas de CV para Reconstruccion Arquitectonica/notebooks/datasets/nerfacto/frame_00270.jpg,frame_00244.jpg,frame_00270.jpg,frame_00270.jpg
244,/content/drive/MyDrive/Tesis: Tecnicas de CV para Reconstruccion Arquitectonica/notebooks/datasets/original/frame_00245.jpg,/content/drive/MyDrive/Tesis: Tecnicas de CV para Reconstruccion Arquitectonica/notebooks/datasets/splatfacto/frame_00271.jpg,/content/drive/MyDrive/Tesis: Tecnicas de CV para Reconstruccion Arquitectonica/notebooks/datasets/nerfacto/frame_00271.jpg,frame_00245.jpg,frame_00271.jpg,frame_00271.jpg
245,/content/drive/MyDrive/Tesis: Tecnicas de CV para Reconstruccion Arquitectonica/notebooks/datasets/original/frame_00246.jpg,/content/drive/MyDrive/Tesis: Tecnicas de CV para Reconstruccion Arquitectonica/notebooks/datasets/splatfacto/frame_00272.jpg,/content/drive/MyDrive/Tesis: Tecnicas de CV para Reconstruccion Arquitectonica/notebooks/datasets/nerfacto/frame_00272.jpg,frame_00246.jpg,frame_00272.jpg,frame_00272.jpg
246,/content/drive/MyDrive/Tesis: Tecnicas de CV para Reconstruccion Arquitectonica/notebooks/datasets/original/frame_00247.jpg,/content/drive/MyDrive/Tesis: Tecnicas de CV para Reconstruccion Arquitectonica/notebooks/datasets/splatfacto/frame_00274.jpg,/content/drive/MyDrive/Tesis: Tecnicas de CV para Reconstruccion Arquitectonica/notebooks/datasets/nerfacto/frame_00274.jpg,frame_00247.jpg,frame_00274.jpg,frame_00274.jpg
247,/content/drive/MyDrive/Tesis: Tecnicas de CV para Reconstruccion Arquitectonica/notebooks/datasets/original/frame_00248.jpg,/content/drive/MyDrive/Tesis: Tecnicas de CV para Reconstruccion Arquitectonica/notebooks/datasets/splatfacto/frame_00275.jpg,/content/drive/MyDrive/Tesis: Tecnicas de CV para Reconstruccion Arquitectonica/notebooks/datasets/nerfacto/frame_00275.jpg,frame_00248.jpg,frame_00275.jpg,frame_00275.jpg
248,/content/drive/MyDrive/Tesis: Tecnicas de CV para Reconstruccion Arquitectonica/notebooks/datasets/original/frame_00249.jpg,/content/drive/MyDrive/Tesis: Tecnicas de CV para Reconstruccion Arquitectonica/notebooks/datasets/splatfacto/frame_00276.jpg,/content/drive/MyDrive/Tesis: Tecnicas de CV para Reconstruccion Arquitectonica/notebooks/datasets/nerfacto/frame_00276.jpg,frame_00249.jpg,frame_00276.jpg,frame_00276.jpg
249,/content/drive/MyDrive/Tesis: Tecnicas de CV para Reconstruccion Arquitectonica/notebooks/datasets/original/frame_00250.jpg,/content/drive/MyDrive/Tesis: Tecnicas de CV para Reconstruccion Arquitectonica/notebooks/datasets/splatfacto/frame_00277.jpg,/content/drive/MyDrive/Tesis: Tecnicas de CV para Reconstruccion Arquitectonica/notebooks/datasets/nerfacto/frame_00277.jpg,frame_00250.jpg,frame_00277.jpg,frame_00277.jpg
250,/content/drive/MyDrive/Tesis: Tecnicas de CV para Reconstruccion Arquitectonica/notebooks/datasets/original/frame_00251.jpg,/content/drive/MyDrive/Tesis: Tecnicas de CV para Reconstruccion Arquitectonica/notebooks/datasets/splatfacto/frame_00278.jpg,/content/drive/MyDrive/Tesis: Tecnicas de CV para Reconstruccion Arquitectonica/notebooks/datasets/nerfacto/frame_00278.jpg,frame_00251.jpg,frame_00278.jpg,frame_00278.jpg
251,/content/drive/MyDrive/Tesis: Tecnicas de CV para Reconstruccion Arquitectonica/notebooks/datasets/original/frame_00252.jpg,/content/drive/MyDrive/Tesis: Tecnicas de CV para Reconstruccion Arquitectonica/notebooks/datasets/splatfacto/frame_00279.jpg,/content/drive/MyDrive/Tesis: Tecnicas de CV para Reconstruccion Arquitectonica/notebooks/datasets/nerfacto/frame_00279.jpg,frame_00252.jpg,frame_00279.jpg,frame_00279.jpg
252,/content/drive/MyDrive/Tesis: Tecnicas de CV para Reconstruccion Arquitectonica/notebooks/datasets/original/frame_00253.jpg,/content/drive/MyDrive/Tesis: Tecnicas de CV para Reconstruccion Arquitectonica/notebooks/datasets/splatfacto/frame_00280.jpg,/content/drive/MyDrive/Tesis: Tecnicas de CV para Reconstruccion Arquitectonica/notebooks/datasets/nerfacto/frame_00280.jpg,frame_00253.jpg,frame_00280.jpg,frame_00280.jpg
253,/content/drive/MyDrive/Tesis: Tecnicas de CV para Reconstruccion Arquitectonica/notebooks/datasets/original/frame_00254.jpg,/content/drive/MyDrive/Tesis: Tecnicas de CV para Reconstruccion Arquitectonica/notebooks/datasets/splatfacto/frame_00281.jpg,/content/drive/MyDrive/Tesis: Tecnicas de CV para Reconstruccion Arquitectonica/notebooks/datasets/nerfacto/frame_00281.jpg,frame_00254.jpg,frame_00281.jpg,frame_00281.jpg
254,/content/drive/MyDrive/Tesis: Tecnicas de CV para Reconstruccion Arquitectonica/notebooks/datasets/original/frame_00255.jpg,/content/drive/MyDrive/Tesis: Tecnicas de CV para Reconstruccion Arquitectonica/notebooks/datasets/splatfacto/frame_00282.jpg,/content/drive/MyDrive/Tesis: Tecnicas de CV para Reconstruccion Arquitectonica/notebooks/datasets/nerfacto/frame_00282.jpg,frame_00255.jpg,frame_00282.jpg,frame_00282.jpg
255,/content/drive/MyDrive/Tesis: Tecnicas de CV para Reconstruccion Arquitectonica/notebooks/datasets/original/frame_00256.jpg,/content/drive/MyDrive/Tesis: Tecnicas de CV para Reconstruccion Arquitectonica/notebooks/datasets/splatfacto/frame_00284.jpg,/content/drive/MyDrive/Tesis: Tecnicas de CV para Reconstruccion Arquitectonica/notebooks/datasets/nerfacto/frame_00284.jpg,frame_00256.jpg,frame_00284.jpg,frame_00284.jpg
256,/content/drive/MyDrive/Tesis: Tecnicas de CV para Reconstruccion Arquitectonica/notebooks/datasets/original/frame_00257.jpg,/content/drive/MyDrive/Tesis: Tecnicas de CV para Reconstruccion Arquitectonica/notebooks/datasets/splatfacto/frame_00285.jpg,/content/drive/MyDrive/Tesis: Tecnicas de CV para Reconstruccion Arquitectonica/notebooks/datasets/nerfacto/frame_00285.jpg,frame_00257.jpg,frame_00285.jpg,frame_00285.jpg
257,/content/drive/MyDrive/Tesis: Tecnicas de CV para Reconstruccion Arquitectonica/notebooks/datasets/original/frame_00258.jpg,/content/drive/MyDrive/Tesis: Tecnicas de CV para Reconstruccion Arquitectonica/notebooks/datasets/splatfacto/frame_00286.jpg,/content/drive/MyDrive/Tesis: Tecnicas de CV para Reconstruccion Arquitectonica/notebooks/datasets/nerfacto/frame_00286.jpg,frame_00258.jpg,frame_00286.jpg,frame_00286.jpg
258,/content/drive/MyDrive/Tesis: Tecnicas de CV para Reconstruccion Arquitectonica/notebooks/datasets/original/frame_00259.jpg,/content/drive/MyDrive/Tesis: Tecnicas de CV para Reconstruccion Arquitectonica/notebooks/datasets/splatfacto/frame_00287.jpg,/content/drive/MyDrive/Tesis: Tecnicas de CV para Reconstruccion Arquitectonica/notebooks/datasets/nerfacto/frame_00287.jpg,frame_00259.jpg,frame_00287.jpg,frame_00287.jpg
259,/content/drive/MyDrive/Tesis: Tecnicas de CV para Reconstruccion Arquitectonica/notebooks/datasets/original/frame_00260.jpg,/content/drive/MyDrive/Tesis: Tecnicas de CV para Reconstruccion Arquitectonica/notebooks/datasets/splatfacto/frame_00288.jpg,/content/drive/MyDrive/Tesis: Tecnicas de CV para Reconstruccion Arquitectonica/notebooks/datasets/nerfacto/frame_00288.jpg,frame_00260.jpg,frame_00288.jpg,frame_00288.jpg
260,/content/drive/MyDrive/Tesis: Tecnicas de CV para Reconstruccion Arquitectonica/notebooks/datasets/original/frame_00261.jpg,/content/drive/MyDrive/Tesis: Tecnicas de CV para Reconstruccion Arquitectonica/notebooks/datasets/splatfacto/frame_00289.jpg,/content/drive/MyDrive/Tesis: Tecnicas de CV para Reconstruccion Arquitectonica/notebooks/datasets/nerfacto/frame_00289.jpg,frame_00261.jpg,frame_00289.jpg,frame_00289.jpg
261,/content/drive/MyDrive/Tesis: Tecnicas de CV para Reconstruccion Arquitectonica/notebooks/datasets/original/frame_00262.jpg,/content/drive/MyDrive/Tesis: Tecnicas de CV para Reconstruccion Arquitectonica/notebooks/datasets/splatfacto/frame_00290.jpg,/content/drive/MyDrive/Tesis: Tecnicas de CV para Reconstruccion Arquitectonica/notebooks/datasets/nerfacto/frame_00290.jpg,frame_00262.jpg,frame_00290.jpg,frame_00290.jpg
262,/content/drive/MyDrive/Tesis: Tecnicas de CV para Reconstruccion Arquitectonica/notebooks/datasets/original/frame_00263.jpg,/content/drive/MyDrive/Tesis: Tecnicas de CV para Reconstruccion Arquitectonica/notebooks/datasets/splatfacto/frame_00291.jpg,/content/drive/MyDrive/Tesis: Tecnicas de CV para Reconstruccion Arquitectonica/notebooks/datasets/nerfacto/frame_00291.jpg,frame_00263.jpg,frame_00291.jpg,frame_00291.jpg
263,/content/drive/MyDrive/Tesis: Tecnicas de CV para Reconstruccion Arquitectonica/notebooks/datasets/original/frame_00264.jpg,/content/drive/MyDrive/Tesis: Tecnicas de CV para Reconstruccion Arquitectonica/notebooks/datasets/splatfacto/frame_00292.jpg,/content/drive/MyDrive/Tesis: Tecnicas de CV para Reconstruccion Arquitectonica/notebooks/datasets/nerfacto/frame_00292.jpg,frame_00264.jpg,frame_00292.jpg,frame_00292.jpg
264,/content/drive/MyDrive/Tesis: Tecnicas de CV para Reconstruccion Arquitectonica/notebooks/datasets/original/frame_00265.jpg,/content/drive/MyDrive/Tesis: Tecnicas de CV para Reconstruccion Arquitectonica/notebooks/datasets/splatfacto/frame_00294.jpg,/content/drive/MyDrive/Tesis: Tecnicas de CV para Reconstruccion Arquitectonica/notebooks/datasets/nerfacto/frame_00294.jpg,frame_00265.jpg,frame_00294.jpg,frame_00294.jpg
265,/content/drive/MyDrive/Tesis: Tecnicas de CV para Reconstruccion Arquitectonica/notebooks/datasets/original/frame_00266.jpg,/content/drive/MyDrive/Tesis: Tecnicas de CV para Reconstruccion Arquitectonica/notebooks/datasets/splatfacto/frame_00295.jpg,/content/drive/MyDrive/Tesis: Tecnicas de CV para Reconstruccion Arquitectonica/notebooks/datasets/nerfacto/frame_00295.jpg,frame_00266.jpg,frame_00295.jpg,frame_00295.jpg
266,/content/drive/MyDrive/Tesis: Tecnicas de CV para Reconstruccion Arquitectonica/notebooks/datasets/original/frame_00267.jpg,/content/drive/MyDrive/Tesis: Tecnicas de CV para Reconstruccion Arquitectonica/notebooks/datasets/splatfacto/frame_00296.jpg,/content/drive/MyDrive/Tesis: Tecnicas de CV para Reconstruccion Arquitectonica/notebooks/datasets/nerfacto/frame_00296.jpg,frame_00267.jpg,frame_00296.jpg,frame_00296.jpg
267,/content/drive/MyDrive/Tesis: Tecnicas de CV para Reconstruccion Arquitectonica/notebooks/datasets/original/frame_00268.jpg,/content/drive/MyDrive/Tesis: Tecnicas de CV para Reconstruccion Arquitectonica/notebooks/datasets/splatfacto/frame_00297.jpg,/content/drive/MyDrive/Tesis: Tecnicas de CV para Reconstruccion Arquitectonica/notebooks/datasets/nerfacto/frame_00297.jpg,frame_00268.jpg,frame_00297.jpg,frame_00297.jpg
268,/content/drive/MyDrive/Tesis: Tecnicas de CV para Reconstruccion Arquitectonica/notebooks/datasets/original/frame_00269.jpg,/content/drive/MyDrive/Tesis: Tecnicas de CV para Reconstruccion Arquitectonica/notebooks/datasets/splatfacto/frame_00298.jpg,/content/drive/MyDrive/Tesis: Tecnicas de CV para Reconstruccion Arquitectonica/notebooks/datasets/nerfacto/frame_00298.jpg,frame_00269.jpg,frame_00298.jpg,frame_00298.jpg
269,/content/drive/MyDrive/Tesis: Tecnicas de CV para Reconstruccion Arquitectonica/notebooks/datasets/original/frame_00270.jpg,/content/drive/MyDrive/Tesis: Tecnicas de CV para Reconstruccion Arquitectonica/notebooks/datasets/splatfacto/frame_00299.jpg,/content/drive/MyDrive/Tesis: Tecnicas de CV para Reconstruccion Arquitectonica/notebooks/datasets/nerfacto/frame_00299.jpg,frame_00270.jpg,frame_00299.jpg,frame_00299.jpg
270,/content/drive/MyDrive/Tesis: Tecnicas de CV para Reconstruccion Arquitectonica/notebooks/datasets/original/frame_00271.jpg,/content/drive/MyDrive/Tesis: Tecnicas de CV para Reconstruccion Arquitectonica/notebooks/datasets/splatfacto/frame_00300.jpg,/content/drive/MyDrive/Tesis: Tecnicas de CV para Reconstruccion Arquitectonica/notebooks/datasets/nerfacto/frame_00300.jpg,frame_00271.jpg,frame_00300.jpg,frame_00300.jpg
271,/content/drive/MyDrive/Tesis: Tecnicas de CV para Reconstruccion Arquitectonica/notebooks/datasets/original/frame_00272.jpg,/content/drive/MyDrive/Tesis: Tecnicas de CV para Reconstruccion Arquitectonica/notebooks/datasets/splatfacto/frame_00301.jpg,/content/drive/MyDrive/Tesis: Tecnicas de CV para Reconstruccion Arquitectonica/notebooks/datasets/nerfacto/frame_00301.jpg,frame_00272.jpg,frame_00301.jpg,frame_00301.jpg
272,/content/drive/MyDrive/Tesis: Tecnicas de CV para Reconstruccion Arquitectonica/notebooks/datasets/original/frame_00273.jpg,/content/drive/MyDrive/Tesis: Tecnicas de CV para Reconstruccion Arquitectonica/notebooks/datasets/splatfacto/frame_00302.jpg,/content/drive/MyDrive/Tesis: Tecnicas de CV para Reconstruccion Arquitectonica/notebooks/datasets/nerfacto/frame_00302.jpg,frame_00273.jpg,frame_00302.jpg,frame_00302.jpg
273,/content/drive/MyDrive/Tesis: Tecnicas de CV para Reconstruccion Arquitectonica/notebooks/datasets/original/frame_00274.jpg,/content/drive/MyDrive/Tesis: Tecnicas de CV para Reconstruccion Arquitectonica/notebooks/datasets/splatfacto/frame_00304.jpg,/content/drive/MyDrive/Tesis: Tecnicas de CV para Reconstruccion Arquitectonica/notebooks/datasets/nerfacto/frame_00304.jpg,frame_00274.jpg,frame_00304.jpg,frame_00304.jpg
274,/content/drive/MyDrive/Tesis: Tecnicas de CV para Reconstruccion Arquitectonica/notebooks/datasets/original/frame_00275.jpg,/content/drive/MyDrive/Tesis: Tecnicas de CV para Reconstruccion Arquitectonica/notebooks/datasets/splatfacto/frame_00305.jpg,/content/drive/MyDrive/Tesis: Tecnicas de CV para Reconstruccion Arquitectonica/notebooks/datasets/nerfacto/frame_00305.jpg,frame_00275.jpg,frame_00305.jpg,frame_00305.jpg
275,/content/drive/MyDrive/Tesis: Tecnicas de CV para Reconstruccion Arquitectonica/notebooks/datasets/original/frame_00276.jpg,/content/drive/MyDrive/Tesis: Tecnicas de CV para Reconstruccion Arquitectonica/notebooks/datasets/splatfacto/frame_00306.jpg,/content/drive/MyDrive/Tesis: Tecnicas de CV para Reconstruccion Arquitectonica/notebooks/datasets/nerfacto/frame_00306.jpg,frame_00276.jpg,frame_00306.jpg,frame_00306.jpg
276,/content/drive/MyDrive/Tesis: Tecnicas de CV para Reconstruccion Arquitectonica/notebooks/datasets/original/frame_00277.jpg,/content/drive/MyDrive/Tesis: Tecnicas de CV para Reconstruccion Arquitectonica/notebooks/datasets/splatfacto/frame_00307.jpg,/content/drive/MyDrive/Tesis: Tecnicas de CV para Reconstruccion Arquitectonica/notebooks/datasets/nerfacto/frame_00307.jpg,frame_00277.jpg,frame_00307.jpg,frame_00307.jpg
277,/content/drive/MyDrive/Tesis: Tecnicas de CV para Reconstruccion Arquitectonica/notebooks/datasets/original/frame_00278.jpg,/content/drive/MyDrive/Tesis: Tecnicas de CV para Reconstruccion Arquitectonica/notebooks/datasets/splatfacto/frame_00308.jpg,/content/drive/MyDrive/Tesis: Tecnicas de CV para Reconstruccion Arquitectonica/notebooks/datasets/nerfacto/frame_00308.jpg,frame_00278.jpg,frame_00308.jpg,frame_00308.jpg
278,/content/drive/MyDrive/Tesis: Tecnicas de CV para Reconstruccion Arquitectonica/notebooks/datasets/original/frame_00279.jpg,/content/drive/MyDrive/Tesis: Tecnicas de CV para Reconstruccion Arquitectonica/notebooks/datasets/splatfacto/frame_00309.jpg,/content/drive/MyDrive/Tesis: Tecnicas de CV para Reconstruccion Arquitectonica/notebooks/datasets/nerfacto/frame_00309.jpg,frame_00279.jpg,frame_00309.jpg,frame_00309.jpg
279,/content/drive/MyDrive/Tesis: Tecnicas de CV para Reconstruccion Arquitectonica/notebooks/datasets/original/frame_00280.jpg,/content/drive/MyDrive/Tesis: Tecnicas de CV para Reconstruccion Arquitectonica/notebooks/datasets/splatfacto/frame_00310.jpg,/content/drive/MyDrive/Tesis: Tecnicas de CV para Reconstruccion Arquitectonica/notebooks/datasets/nerfacto/frame_00310.jpg,frame_00280.jpg,frame_00310.jpg,frame_00310.jpg
280,/content/drive/MyDrive/Tesis: Tecnicas de CV para Reconstruccion Arquitectonica/notebooks/datasets/original/frame_00281.jpg,/content/drive/MyDrive/Tesis: Tecnicas de CV para Reconstruccion Arquitectonica/notebooks/datasets/splatfacto/frame_00311.jpg,/content/drive/MyDrive/Tesis: Tecnicas de CV para Reconstruccion Arquitectonica/notebooks/datasets/nerfacto/frame_00311.jpg,frame_00281.jpg,frame_00311.jpg,frame_00311.jpg
281,/content/drive/MyDrive/Tesis: Tecnicas de CV para Reconstruccion Arquitectonica/notebooks/datasets/original/frame_00282.jpg,/content/drive/MyDrive/Tesis: Tecnicas de CV para Reconstruccion Arquitectonica/notebooks/datasets/splatfacto/frame_00312.jpg,/content/drive/MyDrive/Tesis: Tecnicas de CV para Reconstruccion Arquitectonica/notebooks/datasets/nerfacto/frame_00312.jpg,frame_00282.jpg,frame_00312.jpg,frame_00312.jpg
282,/content/drive/MyDrive/Tesis: Tecnicas de CV para Reconstruccion Arquitectonica/notebooks/datasets/original/frame_00283.jpg,/content/drive/MyDrive/Tesis: Tecnicas de CV para Reconstruccion Arquitectonica/notebooks/datasets/splatfacto/frame_00314.jpg,/content/drive/MyDrive/Tesis: Tecnicas de CV para Reconstruccion Arquitectonica/notebooks/datasets/nerfacto/frame_00314.jpg,frame_00283.jpg,frame_00314.jpg,frame_00314.jpg
283,/content/drive/MyDrive/Tesis: Tecnicas de CV para Reconstruccion Arquitectonica/notebooks/datasets/original/frame_00284.jpg,/content/drive/MyDrive/Tesis: Tecnicas de CV para Reconstruccion Arquitectonica/notebooks/datasets/splatfacto/frame_00315.jpg,/content/drive/MyDrive/Tesis: Tecnicas de CV para Reconstruccion Arquitectonica/notebooks/datasets/nerfacto/frame_00315.jpg,frame_00284.jpg,frame_00315.jpg,frame_00315.jpg
284,/content/drive/MyDrive/Tesis: Tecnicas de CV para Reconstruccion Arquitectonica/notebooks/datasets/original/frame_00285.jpg,/content/drive/MyDrive/Tesis: Tecnicas de CV para Reconstruccion Arquitectonica/notebooks/datasets/splatfacto/frame_00316.jpg,/content/drive/MyDrive/Tesis: Tecnicas de CV para Reconstruccion Arquitectonica/notebooks/datasets/nerfacto/frame_00316.jpg,frame_00285.jpg,frame_00316.jpg,frame_00316.jpg
285,/content/drive/MyDrive/Tesis: Tecnicas de CV para Reconstruccion Arquitectonica/notebooks/datasets/original/frame_00286.jpg,/content/drive/MyDrive/Tesis: Tecnicas de CV para Reconstruccion Arquitectonica/notebooks/datasets/splatfacto/frame_00317.jpg,/content/drive/MyDrive/Tesis: Tecnicas de CV para Reconstruccion Arquitectonica/notebooks/datasets/nerfacto/frame_00317.jpg,frame_00286.jpg,frame_00317.jpg,frame_00317.jpg
286,/content/drive/MyDrive/Tesis: Tecnicas de CV para Reconstruccion Arquitectonica/notebooks/datasets/original/frame_00287.jpg,/content/drive/MyDrive/Tesis: Tecnicas de CV para Reconstruccion Arquitectonica/notebooks/datasets/splatfacto/frame_00318.jpg,/content/drive/MyDrive/Tesis: Tecnicas de CV para Reconstruccion Arquitectonica/notebooks/datasets/nerfacto/frame_00318.jpg,frame_00287.jpg,frame_00318.jpg,frame_00318.jpg
287,/content/drive/MyDrive/Tesis: Tecnicas de CV para Reconstruccion Arquitectonica/notebooks/datasets/original/frame_00288.jpg,/content/drive/MyDrive/Tesis: Tecnicas de CV para Reconstruccion Arquitectonica/notebooks/datasets/splatfacto/frame_00319.jpg,/content/drive/MyDrive/Tesis: Tecnicas de CV para Reconstruccion Arquitectonica/notebooks/datasets/nerfacto/frame_00319.jpg,frame_00288.jpg,frame_00319.jpg,frame_00319.jpg
288,/content/drive/MyDrive/Tesis: Tecnicas de CV para Reconstruccion Arquitectonica/notebooks/datasets/original/frame_00289.jpg,/content/drive/MyDrive/Tesis: Tecnicas de CV para Reconstruccion Arquitectonica/notebooks/datasets/splatfacto/frame_00320.jpg,/content/drive/MyDrive/Tesis: Tecnicas de CV para Reconstruccion Arquitectonica/notebooks/datasets/nerfacto/frame_00320.jpg,frame_00289.jpg,frame_00320.jpg,frame_00320.jpg
289,/content/drive/MyDrive/Tesis: Tecnicas de CV para Reconstruccion Arquitectonica/notebooks/datasets/original/frame_00290.jpg,/content/drive/MyDrive/Tesis: Tecnicas de CV para Reconstruccion Arquitectonica/notebooks/datasets/splatfacto/frame_00321.jpg,/content/drive/MyDrive/Tesis: Tecnicas de CV para Reconstruccion Arquitectonica/notebooks/datasets/nerfacto/frame_00321.jpg,frame_00290.jpg,frame_00321.jpg,frame_00321.jpg
290,/content/drive/MyDrive/Tesis: Tecnicas de CV para Reconstruccion Arquitectonica/notebooks/datasets/original/frame_00291.jpg,/content/drive/MyDrive/Tesis: Tecnicas de CV para Reconstruccion Arquitectonica/notebooks/datasets/splatfacto/frame_00322.jpg,/content/drive/MyDrive/Tesis: Tecnicas de CV para Reconstruccion Arquitectonica/notebooks/datasets/nerfacto/frame_00322.jpg,frame_00291.jpg,frame_00322.jpg,frame_00322.jpg
291,/content/drive/MyDrive/Tesis: Tecnicas de CV para Reconstruccion Arquitectonica/notebooks/datasets/original/frame_00292.jpg,/content/drive/MyDrive/Tesis: Tecnicas de CV para Reconstruccion Arquitectonica/notebooks/datasets/splatfacto/frame_00324.jpg,/content/drive/MyDrive/Tesis: Tecnicas de CV para Reconstruccion Arquitectonica/notebooks/datasets/nerfacto/frame_00324.jpg,frame_00292.jpg,frame_00324.jpg,frame_00324.jpg
292,/content/drive/MyDrive/Tesis: Tecnicas de CV para Reconstruccion Arquitectonica/notebooks/datasets/original/frame_00293.jpg,/content/drive/MyDrive/Tesis: Tecnicas de CV para Reconstruccion Arquitectonica/notebooks/datasets/splatfacto/frame_00325.jpg,/content/drive/MyDrive/Tesis: Tecnicas de CV para Reconstruccion Arquitectonica/notebooks/datasets/nerfacto/frame_00325.jpg,frame_00293.jpg,frame_00325.jpg,frame_00325.jpg
293,/content/drive/MyDrive/Tesis: Tecnicas de CV para Reconstruccion Arquitectonica/notebooks/datasets/original/frame_00294.jpg,/content/drive/MyDrive/Tesis: Tecnicas de CV para Reconstruccion Arquitectonica/notebooks/datasets/splatfacto/frame_00326.jpg,/content/drive/MyDrive/Tesis: Tecnicas de CV para Reconstruccion Arquitectonica/notebooks/datasets/nerfacto/frame_00326.jpg,frame_00294.jpg,frame_00326.jpg,frame_00326.jpg
294,/content/drive/MyDrive/Tesis: Tecnicas de CV para Reconstruccion Arquitectonica/notebooks/datasets/original/frame_00295.jpg,/content/drive/MyDrive/Tesis: Tecnicas de CV para Reconstruccion Arquitectonica/notebooks/datasets/splatfacto/frame_00327.jpg,/content/drive/MyDrive/Tesis: Tecnicas de CV para Reconstruccion Arquitectonica/notebooks/datasets/nerfacto/frame_00327.jpg,frame_00295.jpg,frame_00327.jpg,frame_00327.jpg
295,/content/drive/MyDrive/Tesis: Tecnicas de CV para Reconstruccion Arquitectonica/notebooks/datasets/original/frame_00296.jpg,/content/drive/MyDrive/Tesis: Tecnicas de CV para Reconstruccion Arquitectonica/notebooks/datasets/splatfacto/frame_00328.jpg,/content/drive/MyDrive/Tesis: Tecnicas de CV para Reconstruccion Arquitectonica/notebooks/datasets/nerfacto/frame_00328.jpg,frame_00296.jpg,frame_00328.jpg,frame_00328.jpg
296,/content/drive/MyDrive/Tesis: Tecnicas de CV para Reconstruccion Arquitectonica/notebooks/datasets/original/frame_00297.jpg,/content/drive/MyDrive/Tesis: Tecnicas de CV para Reconstruccion Arquitectonica/notebooks/datasets/splatfacto/frame_00329.jpg,/content/drive/MyDrive/Tesis: Tecnicas de CV para Reconstruccion Arquitectonica/notebooks/datasets/nerfacto/frame_00329.jpg,frame_00297.jpg,frame_00329.jpg,frame_00329.jpg
297,/content/drive/MyDrive/Tesis: Tecnicas de CV para Reconstruccion Arquitectonica/notebooks/datasets/original/frame_00298.jpg,/content/drive/MyDrive/Tesis: Tecnicas de CV para Reconstruccion Arquitectonica/notebooks/datasets/splatfacto/frame_00330.jpg,/content/drive/MyDrive/Tesis: Tecnicas de CV para Reconstruccion Arquitectonica/notebooks/datasets/nerfacto/frame_00330.jpg,frame_00298.jpg,frame_00330.jpg,frame_00330.jpg
298,/content/drive/MyDrive/Tesis: Tecnicas de CV para Reconstruccion Arquitectonica/notebooks/datasets/original/frame_00299.jpg,/content/drive/MyDrive/Tesis: Tecnicas de CV para Reconstruccion Arquitectonica/notebooks/datasets/splatfacto/frame_00331.jpg,/content/drive/MyDrive/Tesis: Tecnicas de CV para Reconstruccion Arquitectonica/notebooks/datasets/nerfacto/frame_00331.jpg,frame_00299.jpg,frame_00331.jpg,frame_00331.jpg
299,/content/drive/MyDrive/Tesis: Tecnicas de CV para Reconstruccion Arquitectonica/notebooks/datasets/original/frame_00300.jpg,/content/drive/MyDrive/Tesis: Tecnicas de CV para Reconstruccion Arquitectonica/notebooks/datasets/splatfacto/frame_00332.jpg,/content/drive/MyDrive/Tesis: Tecnicas de CV para Reconstruccion Arquitectonica/notebooks/datasets/nerfacto/frame_00332.jpg,frame_00300.jpg,frame_00332.jpg,frame_00332.jpg
300,/content/drive/MyDrive/Tesis: Tecnicas de CV para Reconstruccion Arquitectonica/notebooks/datasets/original/frame_00301.jpg,/content/drive/MyDrive/Tesis: Tecnicas de CV para Reconstruccion Arquitectonica/notebooks/datasets/splatfacto/frame_00334.jpg,/content/drive/MyDrive/Tesis: Tecnicas de CV para Reconstruccion Arquitectonica/notebooks/datasets/nerfacto/frame_00334.jpg,frame_00301.jpg,frame_00334.jpg,frame_00334.jpg
301,/content/drive/MyDrive/Tesis: Tecnicas de CV para Reconstruccion Arquitectonica/notebooks/datasets/original/frame_00302.jpg,/content/drive/MyDrive/Tesis: Tecnicas de CV para Reconstruccion Arquitectonica/notebooks/datasets/splatfacto/frame_00335.jpg,/content/drive/MyDrive/Tesis: Tecnicas de CV para Reconstruccion Arquitectonica/notebooks/datasets/nerfacto/frame_00335.jpg,frame_00302.jpg,frame_00335.jpg,frame_00335.jpg
302,/content/drive/MyDrive/Tesis: Tecnicas de CV para Reconstruccion Arquitectonica/notebooks/datasets/original/frame_00303.jpg,/content/drive/MyDrive/Tesis: Tecnicas de CV para Reconstruccion Arquitectonica/notebooks/datasets/splatfacto/frame_00336.jpg,/content/drive/MyDrive/Tesis: Tecnicas de CV para Reconstruccion Arquitectonica/notebooks/datasets/nerfacto/frame_00336.jpg,frame_00303.jpg,frame_00336.jpg,frame_00336.jpg
303,/content/drive/MyDrive/Tesis: Tecnicas de CV para Reconstruccion Arquitectonica/notebooks/datasets/original/frame_00304.jpg,/content/drive/MyDrive/Tesis: Tecnicas de CV para Reconstruccion Arquitectonica/notebooks/datasets/splatfacto/frame_00337.jpg,/content/drive/MyDrive/Tesis: Tecnicas de CV para Reconstruccion Arquitectonica/notebooks/datasets/nerfacto/frame_00337.jpg,frame_00304.jpg,frame_00337.jpg,frame_00337.jpg
304,/content/drive/MyDrive/Tesis: Tecnicas de CV para Reconstruccion Arquitectonica/notebooks/datasets/original/frame_00305.jpg,/content/drive/MyDrive/Tesis: Tecnicas de CV para Reconstruccion Arquitectonica/notebooks/datasets/splatfacto/frame_00338.jpg,/content/drive/MyDrive/Tesis: Tecnicas de CV para Reconstruccion Arquitectonica/notebooks/datasets/nerfacto/frame_00338.jpg,frame_00305.jpg,frame_00338.jpg,frame_00338.jpg
305,/content/drive/MyDrive/Tesis: Tecnicas de CV para Reconstruccion Arquitectonica/notebooks/datasets/original/frame_00306.jpg,/content/drive/MyDrive/Tesis: Tecnicas de CV para Reconstruccion Arquitectonica/notebooks/datasets/splatfacto/frame_00339.jpg,/content/drive/MyDrive/Tesis: Tecnicas de CV para Reconstruccion Arquitectonica/notebooks/datasets/nerfacto/frame_00339.jpg,frame_00306.jpg,frame_00339.jpg,frame_00339.jpg
306,/content/drive/MyDrive/Tesis: Tecnicas de CV para Reconstruccion Arquitectonica/notebooks/datasets/original/frame_00307.jpg,/content/drive/MyDrive/Tesis: Tecnicas de CV para Reconstruccion Arquitectonica/notebooks/datasets/splatfacto/frame_00340.jpg,/content/drive/MyDrive/Tesis: Tecnicas de CV para Reconstruccion Arquitectonica/notebooks/datasets/nerfacto/frame_00340.jpg,frame_00307.jpg,frame_00340.jpg,frame_00340.jpg
307,/content/drive/MyDrive/Tesis: Tecnicas de CV para Reconstruccion Arquitectonica/notebooks/datasets/original/frame_00308.jpg,/content/drive/MyDrive/Tesis: Tecnicas de CV para Reconstruccion Arquitectonica/notebooks/datasets/splatfacto/frame_00341.jpg,/content/drive/MyDrive/Tesis: Tecnicas de CV para Reconstruccion Arquitectonica/notebooks/datasets/nerfacto/frame_00341.jpg,frame_00308.jpg,frame_00341.jpg,frame_00341.jpg
308,/content/drive/MyDrive/Tesis: Tecnicas de CV para Reconstruccion Arquitectonica/notebooks/datasets/original/frame_00309.jpg,/content/drive/MyDrive/Tesis: Tecnicas de CV para Reconstruccion Arquitectonica/notebooks/datasets/splatfacto/frame_00342.jpg,/content/drive/MyDrive/Tesis: Tecnicas de CV para Reconstruccion Arquitectonica/notebooks/datasets/nerfacto/frame_00342.jpg,frame_00309.jpg,frame_00342.jpg,frame_00342.jpg
309,/content/drive/MyDrive/Tesis: Tecnicas de CV para Reconstruccion Arquitectonica/notebooks/datasets/original/frame_00310.jpg,/content/drive/MyDrive/Tesis: Tecnicas de CV para Reconstruccion Arquitectonica/notebooks/datasets/splatfacto/frame_00344.jpg,/content/drive/MyDrive/Tesis: Tecnicas de CV para Reconstruccion Arquitectonica/notebooks/datasets/nerfacto/frame_00344.jpg,frame_00310.jpg,frame_00344.jpg,frame_00344.jpg
310,/content/drive/MyDrive/Tesis: Tecnicas de CV para Reconstruccion Arquitectonica/notebooks/datasets/original/frame_00311.jpg,/content/drive/MyDrive/Tesis: Tecnicas de CV para Reconstruccion Arquitectonica/notebooks/datasets/splatfacto/frame_00345.jpg,/content/drive/MyDrive/Tesis: Tecnicas de CV para Reconstruccion Arquitectonica/notebooks/datasets/nerfacto/frame_00345.jpg,frame_00311.jpg,frame_00345.jpg,frame_00345.jpg
311,/content/drive/MyDrive/Tesis: Tecnicas de CV para Reconstruccion Arquitectonica/notebooks/datasets/original/frame_00312.jpg,/content/drive/MyDrive/Tesis: Tecnicas de CV para Reconstruccion Arquitectonica/notebooks/datasets/splatfacto/frame_00346.jpg,/content/drive/MyDrive/Tesis: Tecnicas de CV para Reconstruccion Arquitectonica/notebooks/datasets/nerfacto/frame_00346.jpg,frame_00312.jpg,frame_00346.jpg,frame_00346.jpg
312,/content/drive/MyDrive/Tesis: Tecnicas de CV para Reconstruccion Arquitectonica/notebooks/datasets/original/frame_00313.jpg,/content/drive/MyDrive/Tesis: Tecnicas de CV para Reconstruccion Arquitectonica/notebooks/datasets/splatfacto/frame_00347.jpg,/content/drive/MyDrive/Tesis: Tecnicas de CV para Reconstruccion Arquitectonica/notebooks/datasets/nerfacto/frame_00347.jpg,frame_00313.jpg,frame_00347.jpg,frame_00347.jpg
313,/content/drive/MyDrive/Tesis: Tecnicas de CV para Reconstruccion Arquitectonica/notebooks/datasets/original/frame_00314.jpg,/content/drive/MyDrive/Tesis: Tecnicas de CV para Reconstruccion Arquitectonica/notebooks/datasets/splatfacto/frame_00348.jpg,/content/drive/MyDrive/Tesis: Tecnicas de CV para Reconstruccion Arquitectonica/notebooks/datasets/nerfacto/frame_00348.jpg,frame_00314.jpg,frame_00348.jpg,frame_00348.jpg
314,/content/drive/MyDrive/Tesis: Tecnicas de CV para Reconstruccion Arquitectonica/notebooks/datasets/original/frame_00315.jpg,/content/drive/MyDrive/Tesis: Tecnicas de CV para Reconstruccion Arquitectonica/notebooks/datasets/splatfacto/frame_00349.jpg,/content/drive/MyDrive/Tesis: Tecnicas de CV para Reconstruccion Arquitectonica/notebooks/datasets/nerfacto/frame_00349.jpg,frame_00315.jpg,frame_00349.jpg,frame_00349.jpg
315,/content/drive/MyDrive/Tesis: Tecnicas de CV para Reconstruccion Arquitectonica/notebooks/datasets/original/frame_00316.jpg,/content/drive/MyDrive/Tesis: Tecnicas de CV para Reconstruccion Arquitectonica/notebooks/datasets/splatfacto/frame_00350.jpg,/content/drive/MyDrive/Tesis: Tecnicas de CV para Reconstruccion Arquitectonica/notebooks/datasets/nerfacto/frame_00350.jpg,frame_00316.jpg,frame_00350.jpg,frame_00350.jpg
316,/content/drive/MyDrive/Tesis: Tecnicas de CV para Reconstruccion Arquitectonica/notebooks/datasets/original/frame_00317.jpg,/content/drive/MyDrive/Tesis: Tecnicas de CV para Reconstruccion Arquitectonica/notebooks/datasets/splatfacto/frame_00351.jpg,/content/drive/MyDrive/Tesis: Tecnicas de CV para Reconstruccion Arquitectonica/notebooks/datasets/nerfacto/frame_00351.jpg,frame_00317.jpg,frame_00351.jpg,frame_00351.jpg
317,/content/drive/MyDrive/Tesis: Tecnicas de CV para Reconstruccion Arquitectonica/notebooks/datasets/original/frame_00318.jpg,/content/drive/MyDrive/Tesis: Tecnicas de CV para Reconstruccion Arquitectonica/notebooks/datasets/splatfacto/frame_00352.jpg,/content/drive/MyDrive/Tesis: Tecnicas de CV para Reconstruccion Arquitectonica/notebooks/datasets/nerfacto/frame_00352.jpg,frame_00318.jpg,frame_00352.jpg,frame_00352.jpg
318,/content/drive/MyDrive/Tesis: Tecnicas de CV para Reconstruccion Arquitectonica/notebooks/datasets/original/frame_00319.jpg,/content/drive/MyDrive/Tesis: Tecnicas de CV para Reconstruccion Arquitectonica/notebooks/datasets/splatfacto/frame_00354.jpg,/content/drive/MyDrive/Tesis: Tecnicas de CV para Reconstruccion Arquitectonica/notebooks/datasets/nerfacto/frame_00354.jpg,frame_00319.jpg,frame_00354.jpg,frame_00354.jpg
319,/content/drive/MyDrive/Tesis: Tecnicas de CV para Reconstruccion Arquitectonica/notebooks/datasets/original/frame_00320.jpg,/content/drive/MyDrive/Tesis: Tecnicas de CV para Reconstruccion Arquitectonica/notebooks/datasets/splatfacto/frame_00355.jpg,/content/drive/MyDrive/Tesis: Tecnicas de CV para Reconstruccion Arquitectonica/notebooks/datasets/nerfacto/frame_00355.jpg,frame_00320.jpg,frame_00355.jpg,frame_00355.jpg
320,/content/drive/MyDrive/Tesis: Tecnicas de CV para Reconstruccion Arquitectonica/notebooks/datasets/original/frame_00321.jpg,/content/drive/MyDrive/Tesis: Tecnicas de CV para Reconstruccion Arquitectonica/notebooks/datasets/splatfacto/frame_00356.jpg,/content/drive/MyDrive/Tesis: Tecnicas de CV para Reconstruccion Arquitectonica/notebooks/datasets/nerfacto/frame_00356.jpg,frame_00321.jpg,frame_00356.jpg,frame_00356.jpg
321,/content/drive/MyDrive/Tesis: Tecnicas de CV para Reconstruccion Arquitectonica/notebooks/datasets/original/frame_00322.jpg,/content/drive/MyDrive/Tesis: Tecnicas de CV para Reconstruccion Arquitectonica/notebooks/datasets/splatfacto/frame_00357.jpg,/content/drive/MyDrive/Tesis: Tecnicas de CV para Reconstruccion Arquitectonica/notebooks/datasets/nerfacto/frame_00357.jpg,frame_00322.jpg,frame_00357.jpg,frame_00357.jpg
322,/content/drive/MyDrive/Tesis: Tecnicas de CV para Reconstruccion Arquitectonica/notebooks/datasets/original/frame_00323.jpg,/content/drive/MyDrive/Tesis: Tecnicas de CV para Reconstruccion Arquitectonica/notebooks/datasets/splatfacto/frame_00358.jpg,/content/drive/MyDrive/Tesis: Tecnicas de CV para Reconstruccion Arquitectonica/notebooks/datasets/nerfacto/frame_00358.jpg,frame_00323.jpg,frame_00358.jpg,frame_00358.jpg
323,/content/drive/MyDrive/Tesis: Tecnicas de CV para Reconstruccion Arquitectonica/notebooks/datasets/original/frame_00324.jpg,/content/drive/MyDrive/Tesis: Tecnicas de CV para Reconstruccion Arquitectonica/notebooks/datasets/splatfacto/frame_00359.jpg,/content/drive/MyDrive/Tesis: Tecnicas de CV para Reconstruccion Arquitectonica/notebooks/datasets/nerfacto/frame_00359.jpg,frame_00324.jpg,frame_00359.jpg,frame_00359.jpg
324,/content/drive/MyDrive/Tesis: Tecnicas de CV para Reconstruccion Arquitectonica/notebooks/datasets/original/frame_00325.jpg,/content/drive/MyDrive/Tesis: Tecnicas de CV para Reconstruccion Arquitectonica/notebooks/datasets/splatfacto/frame_00360.jpg,/content/drive/MyDrive/Tesis: Tecnicas de CV para Reconstruccion Arquitectonica/notebooks/datasets/nerfacto/frame_00360.jpg,frame_00325.jpg,frame_00360.jpg,frame_00360.jpg
325,/content/drive/MyDrive/Tesis: Tecnicas de CV para Reconstruccion Arquitectonica/notebooks/datasets/original/frame_00326.jpg,/content/drive/MyDrive/Tesis: Tecnicas de CV para Reconstruccion Arquitectonica/notebooks/datasets/splatfacto/frame_00361.jpg,/content/drive/MyDrive/Tesis: Tecnicas de CV para Reconstruccion Arquitectonica/notebooks/datasets/nerfacto/frame_00361.jpg,frame_00326.jpg,frame_00361.jpg,frame_00361.jpg
326,/content/drive/MyDrive/Tesis: Tecnicas de CV para Reconstruccion Arquitectonica/notebooks/datasets/original/frame_00327.jpg,/content/drive/MyDrive/Tesis: Tecnicas de CV para Reconstruccion Arquitectonica/notebooks/datasets/splatfacto/frame_00362.jpg,/content/drive/MyDrive/Tesis: Tecnicas de CV para Reconstruccion Arquitectonica/notebooks/datasets/nerfacto/frame_00362.jpg,frame_00327.jpg,frame_00362.jpg,frame_00362.jpg
327,/content/drive/MyDrive/Tesis: Tecnicas de CV para Reconstruccion Arquitectonica/notebooks/datasets/original/frame_00328.jpg,/content/drive/MyDrive/Tesis: Tecnicas de CV para Reconstruccion Arquitectonica/notebooks/datasets/splatfacto/frame_00363.jpg,/content/drive/MyDrive/Tesis: Tecnicas de CV para Reconstruccion Arquitectonica/notebooks/datasets/nerfacto/frame_00363.jpg,frame_00328.jpg,frame_00363.jpg,frame_00363.jpg
328,/content/drive/MyDrive/Tesis: Tecnicas de CV para Reconstruccion Arquitectonica/notebooks/datasets/original/frame_00329.jpg,/content/drive/MyDrive/Tesis: Tecnicas de CV para Reconstruccion Arquitectonica/notebooks/datasets/splatfacto/frame_00365.jpg,/content/drive/MyDrive/Tesis: Tecnicas de CV para Reconstruccion Arquitectonica/notebooks/datasets/nerfacto/frame_00365.jpg,frame_00329.jpg,frame_00365.jpg,frame_00365.jpg
329,/content/drive/MyDrive/Tesis: Tecnicas de CV para Reconstruccion Arquitectonica/notebooks/datasets/original/frame_00330.jpg,/content/drive/MyDrive/Tesis: Tecnicas de CV para Reconstruccion Arquitectonica/notebooks/datasets/splatfacto/frame_00366.jpg,/content/drive/MyDrive/Tesis: Tecnicas de CV para Reconstruccion Arquitectonica/notebooks/datasets/nerfacto/frame_00366.jpg,frame_00330.jpg,frame_00366.jpg,frame_00366.jpg
330,/content/drive/MyDrive/Tesis: Tecnicas de CV para Reconstruccion Arquitectonica/notebooks/datasets/original/frame_00331.jpg,/content/drive/MyDrive/Tesis: Tecnicas de CV para Reconstruccion Arquitectonica/notebooks/datasets/splatfacto/frame_00367.jpg,/content/drive/MyDrive/Tesis: Tecnicas de CV para Reconstruccion Arquitectonica/notebooks/datasets/nerfacto/frame_00367.jpg,frame_00331.jpg,frame_00367.jpg,frame_00367.jpg
331,/content/drive/MyDrive/Tesis: Tecnicas de CV para Reconstruccion Arquitectonica/notebooks/datasets/original/frame_00332.jpg,/content/drive/MyDrive/Tesis: Tecnicas de CV para Reconstruccion Arquitectonica/notebooks/datasets/splatfacto/frame_00368.jpg,/content/drive/MyDrive/Tesis: Tecnicas de CV para Reconstruccion Arquitectonica/notebooks/datasets/nerfacto/frame_00368.jpg,frame_00332.jpg,frame_00368.jpg,frame_00368.jpg
332,/content/drive/MyDrive/Tesis: Tecnicas de CV para Reconstruccion Arquitectonica/notebooks/datasets/original/frame_00333.jpg,/content/drive/MyDrive/Tesis: Tecnicas de CV para Reconstruccion Arquitectonica/notebooks/datasets/splatfacto/frame_00369.jpg,/content/drive/MyDrive/Tesis: Tecnicas de CV para Reconstruccion Arquitectonica/notebooks/datasets/nerfacto/frame_00369.jpg,frame_00333.jpg,frame_00369.jpg,frame_00369.jpg
333,/content/drive/MyDrive/Tesis: Tecnicas de CV para Reconstruccion Arquitectonica/notebooks/datasets/original/frame_00334.jpg,/content/drive/MyDrive/Tesis: Tecnicas de CV para Reconstruccion Arquitectonica/notebooks/datasets/splatfacto/frame_00370.jpg,/content/drive/MyDrive/Tesis: Tecnicas de CV para Reconstruccion Arquitectonica/notebooks/datasets/nerfacto/frame_00370.jpg,frame_00334.jpg,frame_00370.jpg,frame_00370.jpg
334,/content/drive/MyDrive/Tesis: Tecnicas de CV para Reconstruccion Arquitectonica/notebooks/datasets/original/frame_00335.jpg,/content/drive/MyDrive/Tesis: Tecnicas de CV para Reconstruccion Arquitectonica/notebooks/datasets/splatfacto/frame_00371.jpg,/content/drive/MyDrive/Tesis: Tecnicas de CV para Reconstruccion Arquitectonica/notebooks/datasets/nerfacto/frame_00371.jpg,frame_00335.jpg,frame_00371.jpg,frame_00371.jpg
335,/content/drive/MyDrive/Tesis: Tecnicas de CV para Reconstruccion Arquitectonica/notebooks/datasets/original/frame_00336.jpg,/content/drive/MyDrive/Tesis: Tecnicas de CV para Reconstruccion Arquitectonica/notebooks/datasets/splatfacto/frame_00372.jpg,/content/drive/MyDrive/Tesis: Tecnicas de CV para Reconstruccion Arquitectonica/notebooks/datasets/nerfacto/frame_00372.jpg,frame_00336.jpg,frame_00372.jpg,frame_00372.jpg
336,/content/drive/MyDrive/Tesis: Tecnicas de CV para Reconstruccion Arquitectonica/notebooks/datasets/original/frame_00337.jpg,/content/drive/MyDrive/Tesis: Tecnicas de CV para Reconstruccion Arquitectonica/notebooks/datasets/splatfacto/frame_00373.jpg,/content/drive/MyDrive/Tesis: Tecnicas de CV para Reconstruccion Arquitectonica/notebooks/datasets/nerfacto/frame_00373.jpg,frame_00337.jpg,frame_00373.jpg,frame_00373.jpg
337,/content/drive/MyDrive/Tesis: Tecnicas de CV para Reconstruccion Arquitectonica/notebooks/datasets/original/frame_00338.jpg,/content/drive/MyDrive/Tesis: Tecnicas de CV para Reconstruccion Arquitectonica/notebooks/datasets/splatfacto/frame_00375.jpg,/content/drive/MyDrive/Tesis: Tecnicas de CV para Reconstruccion Arquitectonica/notebooks/datasets/nerfacto/frame_00375.jpg,frame_00338.jpg,frame_00375.jpg,frame_00375.jpg
338,/content/drive/MyDrive/Tesis: Tecnicas de CV para Reconstruccion Arquitectonica/notebooks/datasets/original/frame_00339.jpg,/content/drive/MyDrive/Tesis: Tecnicas de CV para Reconstruccion Arquitectonica/notebooks/datasets/splatfacto/frame_00376.jpg,/content/drive/MyDrive/Tesis: Tecnicas de CV para Reconstruccion Arquitectonica/notebooks/datasets/nerfacto/frame_00376.jpg,frame_00339.jpg,frame_00376.jpg,frame_00376.jpg
339,/content/drive/MyDrive/Tesis: Tecnicas de CV para Reconstruccion Arquitectonica/notebooks/datasets/original/frame_00340.jpg,/content/drive/MyDrive/Tesis: Tecnicas de CV para Reconstruccion Arquitectonica/notebooks/datasets/splatfacto/frame_00377.jpg,/content/drive/MyDrive/Tesis: Tecnicas de CV para Reconstruccion Arquitectonica/notebooks/datasets/nerfacto/frame_00377.jpg,frame_00340.jpg,frame_00377.jpg,frame_00377.jpg
340,/content/drive/MyDrive/Tesis: Tecnicas de CV para Reconstruccion Arquitectonica/notebooks/datasets/original/frame_00341.jpg,/content/drive/MyDrive/Tesis: Tecnicas de CV para Reconstruccion Arquitectonica/notebooks/datasets/splatfacto/frame_00378.jpg,/content/drive/MyDrive/Tesis: Tecnicas de CV para Reconstruccion Arquitectonica/notebooks/datasets/nerfacto/frame_00378.jpg,frame_00341.jpg,frame_00378.jpg,frame_00378.jpg
341,/content/drive/MyDrive/Tesis: Tecnicas de CV para Reconstruccion Arquitectonica/notebooks/datasets/original/frame_00342.jpg,/content/drive/MyDrive/Tesis: Tecnicas de CV para Reconstruccion Arquitectonica/notebooks/datasets/splatfacto/frame_00379.jpg,/content/drive/MyDrive/Tesis: Tecnicas de CV para Reconstruccion Arquitectonica/notebooks/datasets/nerfacto/frame_00379.jpg,frame_00342.jpg,frame_00379.jpg,frame_00379.jpg
342,/content/drive/MyDrive/Tesis: Tecnicas de CV para Reconstruccion Arquitectonica/notebooks/datasets/original/frame_00343.jpg,/content/drive/MyDrive/Tesis: Tecnicas de CV para Reconstruccion Arquitectonica/notebooks/datasets/splatfacto/frame_00380.jpg,/content/drive/MyDrive/Tesis: Tecnicas de CV para Reconstruccion Arquitectonica/notebooks/datasets/nerfacto/frame_00380.jpg,frame_00343.jpg,frame_00380.jpg,frame_00380.jpg
343,/content/drive/MyDrive/Tesis: Tecnicas de CV para Reconstruccion Arquitectonica/notebooks/datasets/original/frame_00344.jpg,/content/drive/MyDrive/Tesis: Tecnicas de CV para Reconstruccion Arquitectonica/notebooks/datasets/splatfacto/frame_00381.jpg,/content/drive/MyDrive/Tesis: Tecnicas de CV para Reconstruccion Arquitectonica/notebooks/datasets/nerfacto/frame_00381.jpg,frame_00344.jpg,frame_00381.jpg,frame_00381.jpg
344,/content/drive/MyDrive/Tesis: Tecnicas de CV para Reconstruccion Arquitectonica/notebooks/datasets/original/frame_00345.jpg,/content/drive/MyDrive/Tesis: Tecnicas de CV para Reconstruccion Arquitectonica/notebooks/datasets/splatfacto/frame_00382.jpg,/content/drive/MyDrive/Tesis: Tecnicas de CV para Reconstruccion Arquitectonica/notebooks/datasets/nerfacto/frame_00382.jpg,frame_00345.jpg,frame_00382.jpg,frame_00382.jpg
345,/content/drive/MyDrive/Tesis: Tecnicas de CV para Reconstruccion Arquitectonica/notebooks/datasets/original/frame_00346.jpg,/content/drive/MyDrive/Tesis: Tecnicas de CV para Reconstruccion Arquitectonica/notebooks/datasets/splatfacto/frame_00383.jpg,/content/drive/MyDrive/Tesis: Tecnicas de CV para Reconstruccion Arquitectonica/notebooks/datasets/nerfacto/frame_00383.jpg,frame_00346.jpg,frame_00383.jpg,frame_00383.jpg
346,/content/drive/MyDrive/Tesis: Tecnicas de CV para Reconstruccion Arquitectonica/notebooks/datasets/original/frame_00347.jpg,/content/drive/MyDrive/Tesis: Tecnicas de CV para Reconstruccion Arquitectonica/notebooks/datasets/splatfacto/frame_00385.jpg,/content/drive/MyDrive/Tesis: Tecnicas de CV para Reconstruccion Arquitectonica/notebooks/datasets/nerfacto/frame_00385.jpg,frame_00347.jpg,frame_00385.jpg,frame_00385.jpg
347,/content/drive/MyDrive/Tesis: Tecnicas de CV para Reconstruccion Arquitectonica/notebooks/datasets/original/frame_00348.jpg,/content/drive/MyDrive/Tesis: Tecnicas de CV para Reconstruccion Arquitectonica/notebooks/datasets/splatfacto/frame_00386.jpg,/content/drive/MyDrive/Tesis: Tecnicas de CV para Reconstruccion Arquitectonica/notebooks/datasets/nerfacto/frame_00386.jpg,frame_00348.jpg,frame_00386.jpg,frame_00386.jpg
348,/content/drive/MyDrive/Tesis: Tecnicas de CV para Reconstruccion Arquitectonica/notebooks/datasets/original/frame_00349.jpg,/content/drive/MyDrive/Tesis: Tecnicas de CV para Reconstruccion Arquitectonica/notebooks/datasets/splatfacto/frame_00387.jpg,/content/drive/MyDrive/Tesis: Tecnicas de CV para Reconstruccion Arquitectonica/notebooks/datasets/nerfacto/frame_00387.jpg,frame_00349.jpg,frame_00387.jpg,frame_00387.jpg
349,/content/drive/MyDrive/Tesis: Tecnicas de CV para Reconstruccion Arquitectonica/notebooks/datasets/original/frame_00350.jpg,/content/drive/MyDrive/Tesis: Tecnicas de CV para Reconstruccion Arquitectonica/notebooks/datasets/splatfacto/frame_00388.jpg,/content/drive/MyDrive/Tesis: Tecnicas de CV para Reconstruccion Arquitectonica/notebooks/datasets/nerfacto/frame_00388.jpg,frame_00350.jpg,frame_00388.jpg,frame_00388.jpg
350,/content/drive/MyDrive/Tesis: Tecnicas de CV para Reconstruccion Arquitectonica/notebooks/datasets/original/frame_00351.jpg,/content/drive/MyDrive/Tesis: Tecnicas de CV para Reconstruccion Arquitectonica/notebooks/datasets/splatfacto/frame_00389.jpg,/content/drive/MyDrive/Tesis: Tecnicas de CV para Reconstruccion Arquitectonica/notebooks/datasets/nerfacto/frame_00389.jpg,frame_00351.jpg,frame_00389.jpg,frame_00389.jpg
351,/content/drive/MyDrive/Tesis: Tecnicas de CV para Reconstruccion Arquitectonica/notebooks/datasets/original/frame_00352.jpg,/content/drive/MyDrive/Tesis: Tecnicas de CV para Reconstruccion Arquitectonica/notebooks/datasets/splatfacto/frame_00390.jpg,/content/drive/MyDrive/Tesis: Tecnicas de CV para Reconstruccion Arquitectonica/notebooks/datasets/nerfacto/frame_00390.jpg,frame_00352.jpg,frame_00390.jpg,frame_00390.jpg
352,/content/drive/MyDrive/Tesis: Tecnicas de CV para Reconstruccion Arquitectonica/notebooks/datasets/original/frame_00353.jpg,/content/drive/MyDrive/Tesis: Tecnicas de CV para Reconstruccion Arquitectonica/notebooks/datasets/splatfacto/frame_00391.jpg,/content/drive/MyDrive/Tesis: Tecnicas de CV para Reconstruccion Arquitectonica/notebooks/datasets/nerfacto/frame_00391.jpg,frame_00353.jpg,frame_00391.jpg,frame_00391.jpg
353,/content/drive/MyDrive/Tesis: Tecnicas de CV para Reconstruccion Arquitectonica/notebooks/datasets/original/frame_00354.jpg,/content/drive/MyDrive/Tesis: Tecnicas de CV para Reconstruccion Arquitectonica/notebooks/datasets/splatfacto/frame_00392.jpg,/content/drive/MyDrive/Tesis: Tecnicas de CV para Reconstruccion Arquitectonica/notebooks/datasets/nerfacto/frame_00392.jpg,frame_00354.jpg,frame_00392.jpg,frame_00392.jpg
354,/content/drive/MyDrive/Tesis: Tecnicas de CV para Reconstruccion Arquitectonica/notebooks/datasets/original/frame_00355.jpg,/content/drive/MyDrive/Tesis: Tecnicas de CV para Reconstruccion Arquitectonica/notebooks/datasets/splatfacto/frame_00393.jpg,/content/drive/MyDrive/Tesis: Tecnicas de CV para Reconstruccion Arquitectonica/notebooks/datasets/nerfacto/frame_00393.jpg,frame_00355.jpg,frame_00393.jpg,frame_00393.jpg
355,/content/drive/MyDrive/Tesis: Tecnicas de CV para Reconstruccion Arquitectonica/notebooks/datasets/original/frame_00356.jpg,/content/drive/MyDrive/Tesis: Tecnicas de CV para Reconstruccion Arquitectonica/notebooks/datasets/splatfacto/frame_00395.jpg,/content/drive/MyDrive/Tesis: Tecnicas de CV para Reconstruccion Arquitectonica/notebooks/datasets/nerfacto/frame_00395.jpg,frame_00356.jpg,frame_00395.jpg,frame_00395.jpg
356,/content/drive/MyDrive/Tesis: Tecnicas de CV para Reconstruccion Arquitectonica/notebooks/datasets/original/frame_00357.jpg,/content/drive/MyDrive/Tesis: Tecnicas de CV para Reconstruccion Arquitectonica/notebooks/datasets/splatfacto/frame_00396.jpg,/content/drive/MyDrive/Tesis: Tecnicas de CV para Reconstruccion Arquitectonica/notebooks/datasets/nerfacto/frame_00396.jpg,frame_00357.jpg,frame_00396.jpg,frame_00396.jpg
357,/content/drive/MyDrive/Tesis: Tecnicas de CV para Reconstruccion Arquitectonica/notebooks/datasets/original/frame_00358.jpg,/content/drive/MyDrive/Tesis: Tecnicas de CV para Reconstruccion Arquitectonica/notebooks/datasets/splatfacto/frame_00397.jpg,/content/drive/MyDrive/Tesis: Tecnicas de CV para Reconstruccion Arquitectonica/notebooks/datasets/nerfacto/frame_00397.jpg,frame_00358.jpg,frame_00397.jpg,frame_00397.jpg
358,/content/drive/MyDrive/Tesis: Tecnicas de CV para Reconstruccion Arquitectonica/notebooks/datasets/original/frame_00359.jpg,/content/drive/MyDrive/Tesis: Tecnicas de CV para Reconstruccion Arquitectonica/notebooks/datasets/splatfacto/frame_00398.jpg,/content/drive/MyDrive/Tesis: Tecnicas de CV para Reconstruccion Arquitectonica/notebooks/datasets/nerfacto/frame_00398.jpg,frame_00359.jpg,frame_00398.jpg,frame_00398.jpg
359,/content/drive/MyDrive/Tesis: Tecnicas de CV para Reconstruccion Arquitectonica/notebooks/datasets/original/frame_00360.jpg,/content/drive/MyDrive/Tesis: Tecnicas de CV para Reconstruccion Arquitectonica/notebooks/datasets/splatfacto/frame_00399.jpg,/content/drive/MyDrive/Tesis: Tecnicas de CV para Reconstruccion Arquitectonica/notebooks/datasets/nerfacto/frame_00399.jpg,frame_00360.jpg,frame_00399.jpg,frame_00399.jpg
360,/content/drive/MyDrive/Tesis: Tecnicas de CV para Reconstruccion Arquitectonica/notebooks/datasets/original/frame_00361.jpg,/content/drive/MyDrive/Tesis: Tecnicas de CV para Reconstruccion Arquitectonica/notebooks/datasets/splatfacto/frame_00400.jpg,/content/drive/MyDrive/Tesis: Tecnicas de CV para Reconstruccion Arquitectonica/notebooks/datasets/nerfacto/frame_00400.jpg,frame_00361.jpg,frame_00400.jpg,frame_00400.jpg
361,/content/drive/MyDrive/Tesis: Tecnicas de CV para Reconstruccion Arquitectonica/notebooks/datasets/original/frame_00362.jpg,/content/drive/MyDrive/Tesis: Tecnicas de CV para Reconstruccion Arquitectonica/notebooks/datasets/splatfacto/frame_00401.jpg,/content/drive/MyDrive/Tesis: Tecnicas de CV para Reconstruccion Arquitectonica/notebooks/datasets/nerfacto/frame_00401.jpg,frame_00362.jpg,frame_00401.jpg,frame_00401.jpg
362,/content/drive/MyDrive/Tesis: Tecnicas de CV para Reconstruccion Arquitectonica/notebooks/datasets/original/frame_00363.jpg,/content/drive/MyDrive/Tesis: Tecnicas de CV para Reconstruccion Arquitectonica/notebooks/datasets/splatfacto/frame_00402.jpg,/content/drive/MyDrive/Tesis: Tecnicas de CV para Reconstruccion Arquitectonica/notebooks/datasets/nerfacto/frame_00402.jpg,frame_00363.jpg,frame_00402.jpg,frame_00402.jpg
363,/content/drive/MyDrive/Tesis: Tecnicas de CV para Reconstruccion Arquitectonica/notebooks/datasets/original/frame_00364.jpg,/content/drive/MyDrive/Tesis: Tecnicas de CV para Reconstruccion Arquitectonica/notebooks/datasets/splatfacto/frame_00403.jpg,/content/drive/MyDrive/Tesis: Tecnicas de CV para Reconstruccion Arquitectonica/notebooks/datasets/nerfacto/frame_00403.jpg,frame_00364.jpg,frame_00403.jpg,frame_00403.jpg
364,/content/drive/MyDrive/Tesis: Tecnicas de CV para Reconstruccion Arquitectonica/notebooks/datasets/original/frame_00365.jpg,/content/drive/MyDrive/Tesis: Tecnicas de CV para Reconstruccion Arquitectonica/notebooks/datasets/splatfacto/frame_00405.jpg,/content/drive/MyDrive/Tesis: Tecnicas de CV para Reconstruccion Arquitectonica/notebooks/datasets/nerfacto/frame_00405.jpg,frame_00365.jpg,frame_00405.jpg,frame_00405.jpg
365,/content/drive/MyDrive/Tesis: Tecnicas de CV para Reconstruccion Arquitectonica/notebooks/datasets/original/frame_00366.jpg,/content/drive/MyDrive/Tesis: Tecnicas de CV para Reconstruccion Arquitectonica/notebooks/datasets/splatfacto/frame_00406.jpg,/content/drive/MyDrive/Tesis: Tecnicas de CV para Reconstruccion Arquitectonica/notebooks/datasets/nerfacto/frame_00406.jpg,frame_00366.jpg,frame_00406.jpg,frame_00406.jpg
366,/content/drive/MyDrive/Tesis: Tecnicas de CV para Reconstruccion Arquitectonica/notebooks/datasets/original/frame_00367.jpg,/content/drive/MyDrive/Tesis: Tecnicas de CV para Reconstruccion Arquitectonica/notebooks/datasets/splatfacto/frame_00407.jpg,/content/drive/MyDrive/Tesis: Tecnicas de CV para Reconstruccion Arquitectonica/notebooks/datasets/nerfacto/frame_00407.jpg,frame_00367.jpg,frame_00407.jpg,frame_00407.jpg
367,/content/drive/MyDrive/Tesis: Tecnicas de CV para Reconstruccion Arquitectonica/notebooks/datasets/original/frame_00368.jpg,/content/drive/MyDrive/Tesis: Tecnicas de CV para Reconstruccion Arquitectonica/notebooks/datasets/splatfacto/frame_00408.jpg,/content/drive/MyDrive/Tesis: Tecnicas de CV para Reconstruccion Arquitectonica/notebooks/datasets/nerfacto/frame_00408.jpg,frame_00368.jpg,frame_00408.jpg,frame_00408.jpg
368,/content/drive/MyDrive/Tesis: Tecnicas de CV para Reconstruccion Arquitectonica/notebooks/datasets/original/frame_00369.jpg,/content/drive/MyDrive/Tesis: Tecnicas de CV para Reconstruccion Arquitectonica/notebooks/datasets/splatfacto/frame_00409.jpg,/content/drive/MyDrive/Tesis: Tecnicas de CV para Reconstruccion Arquitectonica/notebooks/datasets/nerfacto/frame_00409.jpg,frame_00369.jpg,frame_00409.jpg,frame_00409.jpg
369,/content/drive/MyDrive/Tesis: Tecnicas de CV para Reconstruccion Arquitectonica/notebooks/datasets/original/frame_00370.jpg,/content/drive/MyDrive/Tesis: Tecnicas de CV para Reconstruccion Arquitectonica/notebooks/datasets/splatfacto/frame_00410.jpg,/content/drive/MyDrive/Tesis: Tecnicas de CV para Reconstruccion Arquitectonica/notebooks/datasets/nerfacto/frame_00410.jpg,frame_00370.jpg,frame_00410.jpg,frame_00410.jpg
370,/content/drive/MyDrive/Tesis: Tecnicas de CV para Reconstruccion Arquitectonica/notebooks/datasets/original/frame_00371.jpg,/content/drive/MyDrive/Tesis: Tecnicas de CV para Reconstruccion Arquitectonica/notebooks/datasets/splatfacto/frame_00411.jpg,/content/drive/MyDrive/Tesis: Tecnicas de CV para Reconstruccion Arquitectonica/notebooks/datasets/nerfacto/frame_00411.jpg,frame_00371.jpg,frame_00411.jpg,frame_00411.jpg
371,/content/drive/MyDrive/Tesis: Tecnicas de CV para Reconstruccion Arquitectonica/notebooks/datasets/original/frame_00372.jpg,/content/drive/MyDrive/Tesis: Tecnicas de CV para Reconstruccion Arquitectonica/notebooks/datasets/splatfacto/frame_00412.jpg,/content/drive/MyDrive/Tesis: Tecnicas de CV para Reconstruccion Arquitectonica/notebooks/datasets/nerfacto/frame_00412.jpg,frame_00372.jpg,frame_00412.jpg,frame_00412.jpg
372,/content/drive/MyDrive/Tesis: Tecnicas de CV para Reconstruccion Arquitectonica/notebooks/datasets/original/frame_00373.jpg,/content/drive/MyDrive/Tesis: Tecnicas de CV para Reconstruccion Arquitectonica/notebooks/datasets/splatfacto/frame_00413.jpg,/content/drive/MyDrive/Tesis: Tecnicas de CV para Reconstruccion Arquitectonica/notebooks/datasets/nerfacto/frame_00413.jpg,frame_00373.jpg,frame_00413.jpg,frame_00413.jpg
373,/content/drive/MyDrive/Tesis: Tecnicas de CV para Reconstruccion Arquitectonica/notebooks/datasets/original/frame_00374.jpg,/content/drive/MyDrive/Tesis: Tecnicas de CV para Reconstruccion Arquitectonica/notebooks/datasets/splatfacto/frame_00415.jpg,/content/drive/MyDrive/Tesis: Tecnicas de CV para Reconstruccion Arquitectonica/notebooks/datasets/nerfacto/frame_00415.jpg,frame_00374.jpg,frame_00415.jpg,frame_00415.jpg
374,/content/drive/MyDrive/Tesis: Tecnicas de CV para Reconstruccion Arquitectonica/notebooks/datasets/original/frame_00375.jpg,/content/drive/MyDrive/Tesis: Tecnicas de CV para Reconstruccion Arquitectonica/notebooks/datasets/splatfacto/frame_00416.jpg,/content/drive/MyDrive/Tesis: Tecnicas de CV para Reconstruccion Arquitectonica/notebooks/datasets/nerfacto/frame_00416.jpg,frame_00375.jpg,frame_00416.jpg,frame_00416.jpg
375,/content/drive/MyDrive/Tesis: Tecnicas de CV para Reconstruccion Arquitectonica/notebooks/datasets/original/frame_00376.jpg,/content/drive/MyDrive/Tesis: Tecnicas de CV para Reconstruccion Arquitectonica/notebooks/datasets/splatfacto/frame_00417.jpg,/content/drive/MyDrive/Tesis: Tecnicas de CV para Reconstruccion Arquitectonica/notebooks/datasets/nerfacto/frame_00417.jpg,frame_00376.jpg,frame_00417.jpg,frame_00417.jpg
376,/content/drive/MyDrive/Tesis: Tecnicas de CV para Reconstruccion Arquitectonica/notebooks/datasets/original/frame_00377.jpg,/content/drive/MyDrive/Tesis: Tecnicas de CV para Reconstruccion Arquitectonica/notebooks/datasets/splatfacto/frame_00418.jpg,/content/drive/MyDrive/Tesis: Tecnicas de CV para Reconstruccion Arquitectonica/notebooks/datasets/nerfacto/frame_00418.jpg,frame_00377.jpg,frame_00418.jpg,frame_00418.jpg
377,/content/drive/MyDrive/Tesis: Tecnicas de CV para Reconstruccion Arquitectonica/notebooks/datasets/original/frame_00378.jpg,/content/drive/MyDrive/Tesis: Tecnicas de CV para Reconstruccion Arquitectonica/notebooks/datasets/splatfacto/frame_00419.jpg,/content/drive/MyDrive/Tesis: Tecnicas de CV para Reconstruccion Arquitectonica/notebooks/datasets/nerfacto/frame_00419.jpg,frame_00378.jpg,frame_00419.jpg,frame_00419.jpg
378,/content/drive/MyDrive/Tesis: Tecnicas de CV para Reconstruccion Arquitectonica/notebooks/datasets/original/frame_00379.jpg,/content/drive/MyDrive/Tesis: Tecnicas de CV para Reconstruccion Arquitectonica/notebooks/datasets/splatfacto/frame_00420.jpg,/content/drive/MyDrive/Tesis: Tecnicas de CV para Reconstruccion Arquitectonica/notebooks/datasets/nerfacto/frame_00420.jpg,frame_00379.jpg,frame_00420.jpg,frame_00420.jpg
379,/content/drive/MyDrive/Tesis: Tecnicas de CV para Reconstruccion Arquitectonica/notebooks/datasets/original/frame_00380.jpg,/content/drive/MyDrive/Tesis: Tecnicas de CV para Reconstruccion Arquitectonica/notebooks/datasets/splatfacto/frame_00421.jpg,/content/drive/MyDrive/Tesis: Tecnicas de CV para Reconstruccion Arquitectonica/notebooks/datasets/nerfacto/frame_00421.jpg,frame_00380.jpg,frame_00421.jpg,frame_00421.jpg
380,/content/drive/MyDrive/Tesis: Tecnicas de CV para Reconstruccion Arquitectonica/notebooks/datasets/original/frame_00381.jpg,/content/drive/MyDrive/Tesis: Tecnicas de CV para Reconstruccion Arquitectonica/notebooks/datasets/splatfacto/frame_00422.jpg,/content/drive/MyDrive/Tesis: Tecnicas de CV para Reconstruccion Arquitectonica/notebooks/datasets/nerfacto/frame_00422.jpg,frame_00381.jpg,frame_00422.jpg,frame_00422.jpg
381,/content/drive/MyDrive/Tesis: Tecnicas de CV para Reconstruccion Arquitectonica/notebooks/datasets/original/frame_00382.jpg,/content/drive/MyDrive/Tesis: Tecnicas de CV para Reconstruccion Arquitectonica/notebooks/datasets/splatfacto/frame_00423.jpg,/content/drive/MyDrive/Tesis: Tecnicas de CV para Reconstruccion Arquitectonica/notebooks/datasets/nerfacto/frame_00423.jpg,frame_00382.jpg,frame_00423.jpg,frame_00423.jpg
382,/content/drive/MyDrive/Tesis: Tecnicas de CV para Reconstruccion Arquitectonica/notebooks/datasets/original/frame_00383.jpg,/content/drive/MyDrive/Tesis: Tecnicas de CV para Reconstruccion Arquitectonica/notebooks/datasets/splatfacto/frame_00425.jpg,/content/drive/MyDrive/Tesis: Tecnicas de CV para Reconstruccion Arquitectonica/notebooks/datasets/nerfacto/frame_00425.jpg,frame_00383.jpg,frame_00425.jpg,frame_00425.jpg
383,/content/drive/MyDrive/Tesis: Tecnicas de CV para Reconstruccion Arquitectonica/notebooks/datasets/original/frame_00384.jpg,/content/drive/MyDrive/Tesis: Tecnicas de CV para Reconstruccion Arquitectonica/notebooks/datasets/splatfacto/frame_00426.jpg,/content/drive/MyDrive/Tesis: Tecnicas de CV para Reconstruccion Arquitectonica/notebooks/datasets/nerfacto/frame_00426.jpg,frame_00384.jpg,frame_00426.jpg,frame_00426.jpg
384,/content/drive/MyDrive/Tesis: Tecnicas de CV para Reconstruccion Arquitectonica/notebooks/datasets/original/frame_00385.jpg,/content/drive/MyDrive/Tesis: Tecnicas de CV para Reconstruccion Arquitectonica/notebooks/datasets/splatfacto/frame_00427.jpg,/content/drive/MyDrive/Tesis: Tecnicas de CV para Reconstruccion Arquitectonica/notebooks/datasets/nerfacto/frame_00427.jpg,frame_00385.jpg,frame_00427.jpg,frame_00427.jpg
385,/content/drive/MyDrive/Tesis: Tecnicas de CV para Reconstruccion Arquitectonica/notebooks/datasets/original/frame_00386.jpg,/content/drive/MyDrive/Tesis: Tecnicas de CV para Reconstruccion Arquitectonica/notebooks/datasets/splatfacto/frame_00428.jpg,/content/drive/MyDrive/Tesis: Tecnicas de CV para Reconstruccion Arquitectonica/notebooks/datasets/nerfacto/frame_00428.jpg,frame_00386.jpg,frame_00428.jpg,frame_00428.jpg
386,/content/drive/MyDrive/Tesis: Tecnicas de CV para Reconstruccion Arquitectonica/notebooks/datasets/original/frame_00387.jpg,/content/drive/MyDrive/Tesis: Tecnicas de CV para Reconstruccion Arquitectonica/notebooks/datasets/splatfacto/frame_00429.jpg,/content/drive/MyDrive/Tesis: Tecnicas de CV para Reconstruccion Arquitectonica/notebooks/datasets/nerfacto/frame_00429.jpg,frame_00387.jpg,frame_00429.jpg,frame_00429.jpg
387,/content/drive/MyDrive/Tesis: Tecnicas de CV para Reconstruccion Arquitectonica/notebooks/datasets/original/frame_00388.jpg,/content/drive/MyDrive/Tesis: Tecnicas de CV para Reconstruccion Arquitectonica/notebooks/datasets/splatfacto/frame_00430.jpg,/content/drive/MyDrive/Tesis: Tecnicas de CV para Reconstruccion Arquitectonica/notebooks/datasets/nerfacto/frame_00430.jpg,frame_00388.jpg,frame_00430.jpg,frame_00430.jpg
388,/content/drive/MyDrive/Tesis: Tecnicas de CV para Reconstruccion Arquitectonica/notebooks/datasets/original/frame_00389.jpg,/content/drive/MyDrive/Tesis: Tecnicas de CV para Reconstruccion Arquitectonica/notebooks/datasets/splatfacto/frame_00431.jpg,/content/drive/MyDrive/Tesis: Tecnicas de CV para Reconstruccion Arquitectonica/notebooks/datasets/nerfacto/frame_00431.jpg,frame_00389.jpg,frame_00431.jpg,frame_00431.jpg
389,/content/drive/MyDrive/Tesis: Tecnicas de CV para Reconstruccion Arquitectonica/notebooks/datasets/original/frame_00390.jpg,/content/drive/MyDrive/Tesis: Tecnicas de CV para Reconstruccion Arquitectonica/notebooks/datasets/splatfacto/frame_00432.jpg,/content/drive/MyDrive/Tesis: Tecnicas de CV para Reconstruccion Arquitectonica/notebooks/datasets/nerfacto/frame_00432.jpg,frame_00390.jpg,frame_00432.jpg,frame_00432.jpg
390,/content/drive/MyDrive/Tesis: Tecnicas de CV para Reconstruccion Arquitectonica/notebooks/datasets/original/frame_00391.jpg,/content/drive/MyDrive/Tesis: Tecnicas de CV para Reconstruccion Arquitectonica/notebooks/datasets/splatfacto/frame_00433.jpg,/content/drive/MyDrive/Tesis: Tecnicas de CV para Reconstruccion Arquitectonica/notebooks/datasets/nerfacto/frame_00433.jpg,frame_00391.jpg,frame_00433.jpg,frame_00433.jpg
391,/content/drive/MyDrive/Tesis: Tecnicas de CV para Reconstruccion Arquitectonica/notebooks/datasets/original/frame_00392.jpg,/content/drive/MyDrive/Tesis: Tecnicas de CV para Reconstruccion Arquitectonica/notebooks/datasets/splatfacto/frame_00435.jpg,/content/drive/MyDrive/Tesis: Tecnicas de CV para Reconstruccion Arquitectonica/notebooks/datasets/nerfacto/frame_00435.jpg,frame_00392.jpg,frame_00435.jpg,frame_00435.jpg
392,/content/drive/MyDrive/Tesis: Tecnicas de CV para Reconstruccion Arquitectonica/notebooks/datasets/original/frame_00393.jpg,/content/drive/MyDrive/Tesis: Tecnicas de CV para Reconstruccion Arquitectonica/notebooks/datasets/splatfacto/frame_00436.jpg,/content/drive/MyDrive/Tesis: Tecnicas de CV para Reconstruccion Arquitectonica/notebooks/datasets/nerfacto/frame_00436.jpg,frame_00393.jpg,frame_00436.jpg,frame_00436.jpg
393,/content/drive/MyDrive/Tesis: Tecnicas de CV para Reconstruccion Arquitectonica/notebooks/datasets/original/frame_00394.jpg,/content/drive/MyDrive/Tesis: Tecnicas de CV para Reconstruccion Arquitectonica/notebooks/datasets/splatfacto/frame_00437.jpg,/content/drive/MyDrive/Tesis: Tecnicas de CV para Reconstruccion Arquitectonica/notebooks/datasets/nerfacto/frame_00437.jpg,frame_00394.jpg,frame_00437.jpg,frame_00437.jpg
394,/content/drive/MyDrive/Tesis: Tecnicas de CV para Reconstruccion Arquitectonica/notebooks/datasets/original/frame_00395.jpg,/content/drive/MyDrive/Tesis: Tecnicas de CV para Reconstruccion Arquitectonica/notebooks/datasets/splatfacto/frame_00438.jpg,/content/drive/MyDrive/Tesis: Tecnicas de CV para Reconstruccion Arquitectonica/notebooks/datasets/nerfacto/frame_00438.jpg,frame_00395.jpg,frame_00438.jpg,frame_00438.jpg
395,/content/drive/MyDrive/Tesis: Tecnicas de CV para Reconstruccion Arquitectonica/notebooks/datasets/original/frame_00396.jpg,/content/drive/MyDrive/Tesis: Tecnicas de CV para Reconstruccion Arquitectonica/notebooks/datasets/splatfacto/frame_00439.jpg,/content/drive/MyDrive/Tesis: Tecnicas de CV para Reconstruccion Arquitectonica/notebooks/datasets/nerfacto/frame_00439.jpg,frame_00396.jpg,frame_00439.jpg,frame_00439.jpg
396,/content/drive/MyDrive/Tesis: Tecnicas de CV para Reconstruccion Arquitectonica/notebooks/datasets/original/frame_00397.jpg,/content/drive/MyDrive/Tesis: Tecnicas de CV para Reconstruccion Arquitectonica/notebooks/datasets/splatfacto/frame_00440.jpg,/content/drive/MyDrive/Tesis: Tecnicas de CV para Reconstruccion Arquitectonica/notebooks/datasets/nerfacto/frame_00440.jpg,frame_00397.jpg,frame_00440.jpg,frame_00440.jpg
397,/content/drive/MyDrive/Tesis: Tecnicas de CV para Reconstruccion Arquitectonica/notebooks/datasets/original/frame_00398.jpg,/content/drive/MyDrive/Tesis: Tecnicas de CV para Reconstruccion Arquitectonica/notebooks/datasets/splatfacto/frame_00441.jpg,/content/drive/MyDrive/Tesis: Tecnicas de CV para Reconstruccion Arquitectonica/notebooks/datasets/nerfacto/frame_00441.jpg,frame_00398.jpg,frame_00441.jpg,frame_00441.jpg
398,/content/drive/MyDrive/Tesis: Tecnicas de CV para Reconstruccion Arquitectonica/notebooks/datasets/original/frame_00399.jpg,/content/drive/MyDrive/Tesis: Tecnicas de CV para Reconstruccion Arquitectonica/notebooks/datasets/splatfacto/frame_00442.jpg,/content/drive/MyDrive/Tesis: Tecnicas de CV para Reconstruccion Arquitectonica/notebooks/datasets/nerfacto/frame_00442.jpg,frame_00399.jpg,frame_00442.jpg,frame_00442.jpg
399,/content/drive/MyDrive/Tesis: Tecnicas de CV para Reconstruccion Arquitectonica/notebooks/datasets/original/frame_00400.jpg,/content/drive/MyDrive/Tesis: Tecnicas de CV para Reconstruccion Arquitectonica/notebooks/datasets/splatfacto/frame_00443.jpg,/content/drive/MyDrive/Tesis: Tecnicas de CV para Reconstruccion Arquitectonica/notebooks/datasets/nerfacto/frame_00443.jpg,frame_00400.jpg,frame_00443.jpg,frame_00443.jpg
400,/content/drive/MyDrive/Tesis: Tecnicas de CV para Reconstruccion Arquitectonica/notebooks/datasets/original/frame_00401.jpg,/content/drive/MyDrive/Tesis: Tecnicas de CV para Reconstruccion Arquitectonica/notebooks/datasets/splatfacto/frame_00445.jpg,/content/drive/MyDrive/Tesis: Tecnicas de CV para Reconstruccion Arquitectonica/notebooks/datasets/nerfacto/frame_00445.jpg,frame_00401.jpg,frame_00445.jpg,frame_00445.jpg
401,/content/drive/MyDrive/Tesis: Tecnicas de CV para Reconstruccion Arquitectonica/notebooks/datasets/original/frame_00402.jpg,/content/drive/MyDrive/Tesis: Tecnicas de CV para Reconstruccion Arquitectonica/notebooks/datasets/splatfacto/frame_00446.jpg,/content/drive/MyDrive/Tesis: Tecnicas de CV para Reconstruccion Arquitectonica/notebooks/datasets/nerfacto/frame_00446.jpg,frame_00402.jpg,frame_00446.jpg,frame_00446.jpg
402,/content/drive/MyDrive/Tesis: Tecnicas de CV para Reconstruccion Arquitectonica/notebooks/datasets/original/frame_00403.jpg,/content/drive/MyDrive/Tesis: Tecnicas de CV para Reconstruccion Arquitectonica/notebooks/datasets/splatfacto/frame_00447.jpg,/content/drive/MyDrive/Tesis: Tecnicas de CV para Reconstruccion Arquitectonica/notebooks/datasets/nerfacto/frame_00447.jpg,frame_00403.jpg,frame_00447.jpg,frame_00447.jpg
403,/content/drive/MyDrive/Tesis: Tecnicas de CV para Reconstruccion Arquitectonica/notebooks/datasets/original/frame_00404.jpg,/content/drive/MyDrive/Tesis: Tecnicas de CV para Reconstruccion Arquitectonica/notebooks/datasets/splatfacto/frame_00448.jpg,/content/drive/MyDrive/Tesis: Tecnicas de CV para Reconstruccion Arquitectonica/notebooks/datasets/nerfacto/frame_00448.jpg,frame_00404.jpg,frame_00448.jpg,frame_00448.jpg
404,/content/drive/MyDrive/Tesis: Tecnicas de CV para Reconstruccion Arquitectonica/notebooks/datasets/original/frame_00405.jpg,/content/drive/MyDrive/Tesis: Tecnicas de CV para Reconstruccion Arquitectonica/notebooks/datasets/splatfacto/frame_00449.jpg,/content/drive/MyDrive/Tesis: Tecnicas de CV para Reconstruccion Arquitectonica/notebooks/datasets/nerfacto/frame_00449.jpg,frame_00405.jpg,frame_00449.jpg,frame_00449.jpg
405,/content/drive/MyDrive/Tesis: Tecnicas de CV para Reconstruccion Arquitectonica/notebooks/datasets/original/frame_00406.jpg,/content/drive/MyDrive/Tesis: Tecnicas de CV para Reconstruccion Arquitectonica/notebooks/datasets/splatfacto/frame_00450.jpg,/content/drive/MyDrive/Tesis: Tecnicas de CV para Reconstruccion Arquitectonica/notebooks/datasets/nerfacto/frame_00450.jpg,frame_00406.jpg,frame_00450.jpg,frame_00450.jpg
406,/content/drive/MyDrive/Tesis: Tecnicas de CV para Reconstruccion Arquitectonica/notebooks/datasets/original/frame_00407.jpg,/content/drive/MyDrive/Tesis: Tecnicas de CV para Reconstruccion Arquitectonica/notebooks/datasets/splatfacto/frame_00451.jpg,/content/drive/MyDrive/Tesis: Tecnicas de CV para Reconstruccion Arquitectonica/notebooks/datasets/nerfacto/frame_00451.jpg,frame_00407.jpg,frame_00451.jpg,frame_00451.jpg
407,/content/drive/MyDrive/Tesis: Tecnicas de CV para Reconstruccion Arquitectonica/notebooks/datasets/original/frame_00408.jpg,/content/drive/MyDrive/Tesis: Tecnicas de CV para Reconstruccion Arquitectonica/notebooks/datasets/splatfacto/frame_00452.jpg,/content/drive/MyDrive/Tesis: Tecnicas de CV para Reconstruccion Arquitectonica/notebooks/datasets/nerfacto/frame_00452.jpg,frame_00408.jpg,frame_00452.jpg,frame_00452.jpg
408,/content/drive/MyDrive/Tesis: Tecnicas de CV para Reconstruccion Arquitectonica/notebooks/datasets/original/frame_00409.jpg,/content/drive/MyDrive/Tesis: Tecnicas de CV para Reconstruccion Arquitectonica/notebooks/datasets/splatfacto/frame_00453.jpg,/content/drive/MyDrive/Tesis: Tecnicas de CV para Reconstruccion Arquitectonica/notebooks/datasets/nerfacto/frame_00453.jpg,frame_00409.jpg,frame_00453.jpg,frame_00453.jpg
409,/content/drive/MyDrive/Tesis: Tecnicas de CV para Reconstruccion Arquitectonica/notebooks/datasets/original/frame_00410.jpg,/content/drive/MyDrive/Tesis: Tecnicas de CV para Reconstruccion Arquitectonica/notebooks/datasets/splatfacto/frame_00455.jpg,/content/drive/MyDrive/Tesis: Tecnicas de CV para Reconstruccion Arquitectonica/notebooks/datasets/nerfacto/frame_00455.jpg,frame_00410.jpg,frame_00455.jpg,frame_00455.jpg
410,/content/drive/MyDrive/Tesis: Tecnicas de CV para Reconstruccion Arquitectonica/notebooks/datasets/original/frame_00411.jpg,/content/drive/MyDrive/Tesis: Tecnicas de CV para Reconstruccion Arquitectonica/notebooks/datasets/splatfacto/frame_00456.jpg,/content/drive/MyDrive/Tesis: Tecnicas de CV para Reconstruccion Arquitectonica/notebooks/datasets/nerfacto/frame_00456.jpg,frame_00411.jpg,frame_00456.jpg,frame_00456.jpg
411,/content/drive/MyDrive/Tesis: Tecnicas de CV para Reconstruccion Arquitectonica/notebooks/datasets/original/frame_00412.jpg,/content/drive/MyDrive/Tesis: Tecnicas de CV para Reconstruccion Arquitectonica/notebooks/datasets/splatfacto/frame_00457.jpg,/content/drive/MyDrive/Tesis: Tecnicas de CV para Reconstruccion Arquitectonica/notebooks/datasets/nerfacto/frame_00457.jpg,frame_00412.jpg,frame_00457.jpg,frame_00457.jpg
412,/content/drive/MyDrive/Tesis: Tecnicas de CV para Reconstruccion Arquitectonica/notebooks/datasets/original/frame_00413.jpg,/content/drive/MyDrive/Tesis: Tecnicas de CV para Reconstruccion Arquitectonica/notebooks/datasets/splatfacto/frame_00458.jpg,/content/drive/MyDrive/Tesis: Tecnicas de CV para Reconstruccion Arquitectonica/notebooks/datasets/nerfacto/frame_00458.jpg,frame_00413.jpg,frame_00458.jpg,frame_00458.jpg
413,/content/drive/MyDrive/Tesis: Tecnicas de CV para Reconstruccion Arquitectonica/notebooks/datasets/original/frame_00414.jpg,/content/drive/MyDrive/Tesis: Tecnicas de CV para Reconstruccion Arquitectonica/notebooks/datasets/splatfacto/frame_00459.jpg,/content/drive/MyDrive/Tesis: Tecnicas de CV para Reconstruccion Arquitectonica/notebooks/datasets/nerfacto/frame_00459.jpg,frame_00414.jpg,frame_00459.jpg,frame_00459.jpg
414,/content/drive/MyDrive/Tesis: Tecnicas de CV para Reconstruccion Arquitectonica/notebooks/datasets/original/frame_00415.jpg,/content/drive/MyDrive/Tesis: Tecnicas de CV para Reconstruccion Arquitectonica/notebooks/datasets/splatfacto/frame_00460.jpg,/content/drive/MyDrive/Tesis: Tecnicas de CV para Reconstruccion Arquitectonica/notebooks/datasets/nerfacto/frame_00460.jpg,frame_00415.jpg,frame_00460.jpg,frame_00460.jpg
415,/content/drive/MyDrive/Tesis: Tecnicas de CV para Reconstruccion Arquitectonica/notebooks/datasets/original/frame_00416.jpg,/content/drive/MyDrive/Tesis: Tecnicas de CV para Reconstruccion Arquitectonica/notebooks/datasets/splatfacto/frame_00461.jpg,/content/drive/MyDrive/Tesis: Tecnicas de CV para Reconstruccion Arquitectonica/notebooks/datasets/nerfacto/frame_00461.jpg,frame_00416.jpg,frame_00461.jpg,frame_00461.jpg
416,/content/drive/MyDrive/Tesis: Tecnicas de CV para Reconstruccion Arquitectonica/notebooks/datasets/original/frame_00417.jpg,/content/drive/MyDrive/Tesis: Tecnicas de CV para Reconstruccion Arquitectonica/notebooks/datasets/splatfacto/frame_00462.jpg,/content/drive/MyDrive/Tesis: Tecnicas de CV para Reconstruccion Arquitectonica/notebooks/datasets/nerfacto/frame_00462.jpg,frame_00417.jpg,frame_00462.jpg,frame_00462.jpg
417,/content/drive/MyDrive/Tesis: Tecnicas de CV para Reconstruccion Arquitectonica/notebooks/datasets/original/frame_00418.jpg,/content/drive/MyDrive/Tesis: Tecnicas de CV para Reconstruccion Arquitectonica/notebooks/datasets/splatfacto/frame_00463.jpg,/content/drive/MyDrive/Tesis: Tecnicas de CV para Reconstruccion Arquitectonica/notebooks/datasets/nerfacto/frame_00463.jpg,frame_00418.jpg,frame_00463.jpg,frame_00463.jpg
418,/content/drive/MyDrive/Tesis: Tecnicas de CV para Reconstruccion Arquitectonica/notebooks/datasets/original/frame_00419.jpg,/content/drive/MyDrive/Tesis: Tecnicas de CV para Reconstruccion Arquitectonica/notebooks/datasets/splatfacto/frame_00465.jpg,/content/drive/MyDrive/Tesis: Tecnicas de CV para Reconstruccion Arquitectonica/notebooks/datasets/nerfacto/frame_00465.jpg,frame_00419.jpg,frame_00465.jpg,frame_00465.jpg
419,/content/drive/MyDrive/Tesis: Tecnicas de CV para Reconstruccion Arquitectonica/notebooks/datasets/original/frame_00420.jpg,/content/drive/MyDrive/Tesis: Tecnicas de CV para Reconstruccion Arquitectonica/notebooks/datasets/splatfacto/frame_00466.jpg,/content/drive/MyDrive/Tesis: Tecnicas de CV para Reconstruccion Arquitectonica/notebooks/datasets/nerfacto/frame_00466.jpg,frame_00420.jpg,frame_00466.jpg,frame_00466.jpg
420,/content/drive/MyDrive/Tesis: Tecnicas de CV para Reconstruccion Arquitectonica/notebooks/datasets/original/frame_00421.jpg,/content/drive/MyDrive/Tesis: Tecnicas de CV para Reconstruccion Arquitectonica/notebooks/datasets/splatfacto/frame_00467.jpg,/content/drive/MyDrive/Tesis: Tecnicas de CV para Reconstruccion Arquitectonica/notebooks/datasets/nerfacto/frame_00467.jpg,frame_00421.jpg,frame_00467.jpg,frame_00467.jpg
421,/content/drive/MyDrive/Tesis: Tecnicas de CV para Reconstruccion Arquitectonica/notebooks/datasets/original/frame_00422.jpg,/content/drive/MyDrive/Tesis: Tecnicas de CV para Reconstruccion Arquitectonica/notebooks/datasets/splatfacto/frame_00468.jpg,/content/drive/MyDrive/Tesis: Tecnicas de CV para Reconstruccion Arquitectonica/notebooks/datasets/nerfacto/frame_00468.jpg,frame_00422.jpg,frame_00468.jpg,frame_00468.jpg
422,/content/drive/MyDrive/Tesis: Tecnicas de CV para Reconstruccion Arquitectonica/notebooks/datasets/original/frame_00423.jpg,/content/drive/MyDrive/Tesis: Tecnicas de CV para Reconstruccion Arquitectonica/notebooks/datasets/splatfacto/frame_00469.jpg,/content/drive/MyDrive/Tesis: Tecnicas de CV para Reconstruccion Arquitectonica/notebooks/datasets/nerfacto/frame_00469.jpg,frame_00423.jpg,frame_00469.jpg,frame_00469.jpg
423,/content/drive/MyDrive/Tesis: Tecnicas de CV para Reconstruccion Arquitectonica/notebooks/datasets/original/frame_00424.jpg,/content/drive/MyDrive/Tesis: Tecnicas de CV para Reconstruccion Arquitectonica/notebooks/datasets/splatfacto/frame_00470.jpg,/content/drive/MyDrive/Tesis: Tecnicas de CV para Reconstruccion Arquitectonica/notebooks/datasets/nerfacto/frame_00470.jpg,frame_00424.jpg,frame_00470.jpg,frame_00470.jpg
424,/content/drive/MyDrive/Tesis: Tecnicas de CV para Reconstruccion Arquitectonica/notebooks/datasets/original/frame_00425.jpg,/content/drive/MyDrive/Tesis: Tecnicas de CV para Reconstruccion Arquitectonica/notebooks/datasets/splatfacto/frame_00471.jpg,/content/drive/MyDrive/Tesis: Tecnicas de CV para Reconstruccion Arquitectonica/notebooks/datasets/nerfacto/frame_00471.jpg,frame_00425.jpg,frame_00471.jpg,frame_00471.jpg
425,/content/drive/MyDrive/Tesis: Tecnicas de CV para Reconstruccion Arquitectonica/notebooks/datasets/original/frame_00426.jpg,/content/drive/MyDrive/Tesis: Tecnicas de CV para Reconstruccion Arquitectonica/notebooks/datasets/splatfacto/frame_00472.jpg,/content/drive/MyDrive/Tesis: Tecnicas de CV para Reconstruccion Arquitectonica/notebooks/datasets/nerfacto/frame_00472.jpg,frame_00426.jpg,frame_00472.jpg,frame_00472.jpg
426,/content/drive/MyDrive/Tesis: Tecnicas de CV para Reconstruccion Arquitectonica/notebooks/datasets/original/frame_00427.jpg,/content/drive/MyDrive/Tesis: Tecnicas de CV para Reconstruccion Arquitectonica/notebooks/datasets/splatfacto/frame_00473.jpg,/content/drive/MyDrive/Tesis: Tecnicas de CV para Reconstruccion Arquitectonica/notebooks/datasets/nerfacto/frame_00473.jpg,frame_00427.jpg,frame_00473.jpg,frame_00473.jpg
427,/content/drive/MyDrive/Tesis: Tecnicas de CV para Reconstruccion Arquitectonica/notebooks/datasets/original/frame_00428.jpg,/content/drive/MyDrive/Tesis: Tecnicas de CV para Reconstruccion Arquitectonica/notebooks/datasets/splatfacto/frame_00474.jpg,/content/drive/MyDrive/Tesis: Tecnicas de CV para Reconstruccion Arquitectonica/notebooks/datasets/nerfacto/frame_00474.jpg,frame_00428.jpg,frame_00474.jpg,frame_00474.jpg
428,/content/drive/MyDrive/Tesis: Tecnicas de CV para Reconstruccion Arquitectonica/notebooks/datasets/original/frame_00429.jpg,/content/drive/MyDrive/Tesis: Tecnicas de CV para Reconstruccion Arquitectonica/notebooks/datasets/splatfacto/frame_00476.jpg,/content/drive/MyDrive/Tesis: Tecnicas de CV para Reconstruccion Arquitectonica/notebooks/datasets/nerfacto/frame_00476.jpg,frame_00429.jpg,frame_00476.jpg,frame_00476.jpg
429,/content/drive/MyDrive/Tesis: Tecnicas de CV para Reconstruccion Arquitectonica/notebooks/datasets/original/frame_00430.jpg,/content/drive/MyDrive/Tesis: Tecnicas de CV para Reconstruccion Arquitectonica/notebooks/datasets/splatfacto/frame_00477.jpg,/content/drive/MyDrive/Tesis: Tecnicas de CV para Reconstruccion Arquitectonica/notebooks/datasets/nerfacto/frame_00477.jpg,frame_00430.jpg,frame_00477.jpg,frame_00477.jpg
430,/content/drive/MyDrive/Tesis: Tecnicas de CV para Reconstruccion Arquitectonica/notebooks/datasets/original/frame_00431.jpg,/content/drive/MyDrive/Tesis: Tecnicas de CV para Reconstruccion Arquitectonica/notebooks/datasets/splatfacto/frame_00478.jpg,/content/drive/MyDrive/Tesis: Tecnicas de CV para Reconstruccion Arquitectonica/notebooks/datasets/nerfacto/frame_00478.jpg,frame_00431.jpg,frame_00478.jpg,frame_00478.jpg
431,/content/drive/MyDrive/Tesis: Tecnicas de CV para Reconstruccion Arquitectonica/notebooks/datasets/original/frame_00432.jpg,/content/drive/MyDrive/Tesis: Tecnicas de CV para Reconstruccion Arquitectonica/notebooks/datasets/splatfacto/frame_00479.jpg,/content/drive/MyDrive/Tesis: Tecnicas de CV para Reconstruccion Arquitectonica/notebooks/datasets/nerfacto/frame_00479.jpg,frame_00432.jpg,frame_00479.jpg,frame_00479.jpg
432,/content/drive/MyDrive/Tesis: Tecnicas de CV para Reconstruccion Arquitectonica/notebooks/datasets/original/frame_00433.jpg,/content/drive/MyDrive/Tesis: Tecnicas de CV para Reconstruccion Arquitectonica/notebooks/datasets/splatfacto/frame_00480.jpg,/content/drive/MyDrive/Tesis: Tecnicas de CV para Reconstruccion Arquitectonica/notebooks/datasets/nerfacto/frame_00480.jpg,frame_00433.jpg,frame_00480.jpg,frame_00480.jpg
433,/content/drive/MyDrive/Tesis: Tecnicas de CV para Reconstruccion Arquitectonica/notebooks/datasets/original/frame_00434.jpg,/content/drive/MyDrive/Tesis: Tecnicas de CV para Reconstruccion Arquitectonica/notebooks/datasets/splatfacto/frame_00481.jpg,/content/drive/MyDrive/Tesis: Tecnicas de CV para Reconstruccion Arquitectonica/notebooks/datasets/nerfacto/frame_00481.jpg,frame_00434.jpg,frame_00481.jpg,frame_00481.jpg
434,/content/drive/MyDrive/Tesis: Tecnicas de CV para Reconstruccion Arquitectonica/notebooks/datasets/original/frame_00435.jpg,/content/drive/MyDrive/Tesis: Tecnicas de CV para Reconstruccion Arquitectonica/notebooks/datasets/splatfacto/frame_00482.jpg,/content/drive/MyDrive/Tesis: Tecnicas de CV para Reconstruccion Arquitectonica/notebooks/datasets/nerfacto/frame_00482.jpg,frame_00435.jpg,frame_00482.jpg,frame_00482.jpg
435,/content/drive/MyDrive/Tesis: Tecnicas de CV para Reconstruccion Arquitectonica/notebooks/datasets/original/frame_00436.jpg,/content/drive/MyDrive/Tesis: Tecnicas de CV para Reconstruccion Arquitectonica/notebooks/datasets/splatfacto/frame_00483.jpg,/content/drive/MyDrive/Tesis: Tecnicas de CV para Reconstruccion Arquitectonica/notebooks/datasets/nerfacto/frame_00483.jpg,frame_00436.jpg,frame_00483.jpg,frame_00483.jpg
436,/content/drive/MyDrive/Tesis: Tecnicas de CV para Reconstruccion Arquitectonica/notebooks/datasets/original/frame_00437.jpg,/content/drive/MyDrive/Tesis: Tecnicas de CV para Reconstruccion Arquitectonica/notebooks/datasets/splatfacto/frame_00484.jpg,/content/drive/MyDrive/Tesis: Tecnicas de CV para Reconstruccion Arquitectonica/notebooks/datasets/nerfacto/frame_00484.jpg,frame_00437.jpg,frame_00484.jpg,frame_00484.jpg
437,/content/drive/MyDrive/Tesis: Tecnicas de CV para Reconstruccion Arquitectonica/notebooks/datasets/original/frame_00438.jpg,/content/drive/MyDrive/Tesis: Tecnicas de CV para Reconstruccion Arquitectonica/notebooks/datasets/splatfacto/frame_00486.jpg,/content/drive/MyDrive/Tesis: Tecnicas de CV para Reconstruccion Arquitectonica/notebooks/datasets/nerfacto/frame_00486.jpg,frame_00438.jpg,frame_00486.jpg,frame_00486.jpg
438,/content/drive/MyDrive/Tesis: Tecnicas de CV para Reconstruccion Arquitectonica/notebooks/datasets/original/frame_00439.jpg,/content/drive/MyDrive/Tesis: Tecnicas de CV para Reconstruccion Arquitectonica/notebooks/datasets/splatfacto/frame_00487.jpg,/content/drive/MyDrive/Tesis: Tecnicas de CV para Reconstruccion Arquitectonica/notebooks/datasets/nerfacto/frame_00487.jpg,frame_00439.jpg,frame_00487.jpg,frame_00487.jpg
439,/content/drive/MyDrive/Tesis: Tecnicas de CV para Reconstruccion Arquitectonica/notebooks/datasets/original/frame_00440.jpg,/content/drive/MyDrive/Tesis: Tecnicas de CV para Reconstruccion Arquitectonica/notebooks/datasets/splatfacto/frame_00488.jpg,/content/drive/MyDrive/Tesis: Tecnicas de CV para Reconstruccion Arquitectonica/notebooks/datasets/nerfacto/frame_00488.jpg,frame_00440.jpg,frame_00488.jpg,frame_00488.jpg
440,/content/drive/MyDrive/Tesis: Tecnicas de CV para Reconstruccion Arquitectonica/notebooks/datasets/original/frame_00441.jpg,/content/drive/MyDrive/Tesis: Tecnicas de CV para Reconstruccion Arquitectonica/notebooks/datasets/splatfacto/frame_00489.jpg,/content/drive/MyDrive/Tesis: Tecnicas de CV para Reconstruccion Arquitectonica/notebooks/datasets/nerfacto/frame_00489.jpg,frame_00441.jpg,frame_00489.jpg,frame_00489.jpg
441,/content/drive/MyDrive/Tesis: Tecnicas de CV para Reconstruccion Arquitectonica/notebooks/datasets/original/frame_00442.jpg,/content/drive/MyDrive/Tesis: Tecnicas de CV para Reconstruccion Arquitectonica/notebooks/datasets/splatfacto/frame_00490.jpg,/content/drive/MyDrive/Tesis: Tecnicas de CV para Reconstruccion Arquitectonica/notebooks/datasets/nerfacto/frame_00490.jpg,frame_00442.jpg,frame_00490.jpg,frame_00490.jpg
442,/content/drive/MyDrive/Tesis: Tecnicas de CV para Reconstruccion Arquitectonica/notebooks/datasets/original/frame_00443.jpg,/content/drive/MyDrive/Tesis: Tecnicas de CV para Reconstruccion Arquitectonica/notebooks/datasets/splatfacto/frame_00491.jpg,/content/drive/MyDrive/Tesis: Tecnicas de CV para Reconstruccion Arquitectonica/notebooks/datasets/nerfacto/frame_00491.jpg,frame_00443.jpg,frame_00491.jpg,frame_00491.jpg
443,/content/drive/MyDrive/Tesis: Tecnicas de CV para Reconstruccion Arquitectonica/notebooks/datasets/original/frame_00444.jpg,/content/drive/MyDrive/Tesis: Tecnicas de CV para Reconstruccion Arquitectonica/notebooks/datasets/splatfacto/frame_00492.jpg,/content/drive/MyDrive/Tesis: Tecnicas de CV para Reconstruccion Arquitectonica/notebooks/datasets/nerfacto/frame_00492.jpg,frame_00444.jpg,frame_00492.jpg,frame_00492.jpg
444,/content/drive/MyDrive/Tesis: Tecnicas de CV para Reconstruccion Arquitectonica/notebooks/datasets/original/frame_00445.jpg,/content/drive/MyDrive/Tesis: Tecnicas de CV para Reconstruccion Arquitectonica/notebooks/datasets/splatfacto/frame_00493.jpg,/content/drive/MyDrive/Tesis: Tecnicas de CV para Reconstruccion Arquitectonica/notebooks/datasets/nerfacto/frame_00493.jpg,frame_00445.jpg,frame_00493.jpg,frame_00493.jpg
445,/content/drive/MyDrive/Tesis: Tecnicas de CV para Reconstruccion Arquitectonica/notebooks/datasets/original/frame_00446.jpg,/content/drive/MyDrive/Tesis: Tecnicas de CV para Reconstruccion Arquitectonica/notebooks/datasets/splatfacto/frame_00494.jpg,/content/drive/MyDrive/Tesis: Tecnicas de CV para Reconstruccion Arquitectonica/notebooks/datasets/nerfacto/frame_00494.jpg,frame_00446.jpg,frame_00494.jpg,frame_00494.jpg
446,/content/drive/MyDrive/Tesis: Tecnicas de CV para Reconstruccion Arquitectonica/notebooks/datasets/original/frame_00447.jpg,/content/drive/MyDrive/Tesis: Tecnicas de CV para Reconstruccion Arquitectonica/notebooks/datasets/splatfacto/frame_00496.jpg,/content/drive/MyDrive/Tesis: Tecnicas de CV para Reconstruccion Arquitectonica/notebooks/datasets/nerfacto/frame_00496.jpg,frame_00447.jpg,frame_00496.jpg,frame_00496.jpg
447,/content/drive/MyDrive/Tesis: Tecnicas de CV para Reconstruccion Arquitectonica/notebooks/datasets/original/frame_00448.jpg,/content/drive/MyDrive/Tesis: Tecnicas de CV para Reconstruccion Arquitectonica/notebooks/datasets/splatfacto/frame_00497.jpg,/content/drive/MyDrive/Tesis: Tecnicas de CV para Reconstruccion Arquitectonica/notebooks/datasets/nerfacto/frame_00497.jpg,frame_00448.jpg,frame_00497.jpg,frame_00497.jpg
448,/content/drive/MyDrive/Tesis: Tecnicas de CV para Reconstruccion Arquitectonica/notebooks/datasets/original/frame_00449.jpg,/content/drive/MyDrive/Tesis: Tecnicas de CV para Reconstruccion Arquitectonica/notebooks/datasets/splatfacto/frame_00498.jpg,/content/drive/MyDrive/Tesis: Tecnicas de CV para Reconstruccion Arquitectonica/notebooks/datasets/nerfacto/frame_00498.jpg,frame_00449.jpg,frame_00498.jpg,frame_00498.jpg
449,/content/drive/MyDrive/Tesis: Tecnicas de CV para Reconstruccion Arquitectonica/notebooks/datasets/original/frame_00450.jpg,/content/drive/MyDrive/Tesis: Tecnicas de CV para Reconstruccion Arquitectonica/notebooks/datasets/splatfacto/frame_00499.jpg,/content/drive/MyDrive/Tesis: Tecnicas de CV para Reconstruccion Arquitectonica/notebooks/datasets/nerfacto/frame_00499.jpg,frame_00450.jpg,frame_00499.jpg,frame_00499.jpg
450,/content/drive/MyDrive/Tesis: Tecnicas de CV para Reconstruccion Arquitectonica/notebooks/datasets/original/frame_00451.jpg,/content/drive/MyDrive/Tesis: Tecnicas de CV para Reconstruccion Arquitectonica/notebooks/datasets/splatfacto/frame_00500.jpg,/content/drive/MyDrive/Tesis: Tecnicas de CV para Reconstruccion Arquitectonica/notebooks/datasets/nerfacto/frame_00500.jpg,frame_00451.jpg,frame_00500.jpg,frame_00500.jpg
451,/content/drive/MyDrive/Tesis: Tecnicas de CV para Reconstruccion Arquitectonica/notebooks/datasets/original/frame_00452.jpg,/content/drive/MyDrive/Tesis: Tecnicas de CV para Reconstruccion Arquitectonica/notebooks/datasets/splatfacto/frame_00501.jpg,/content/drive/MyDrive/Tesis: Tecnicas de CV para Reconstruccion Arquitectonica/notebooks/datasets/nerfacto/frame_00501.jpg,frame_00452.jpg,frame_00501.jpg,frame_00501.jpg
452,/content/drive/MyDrive/Tesis: Tecnicas de CV para Reconstruccion Arquitectonica/notebooks/datasets/original/frame_00453.jpg,/content/drive/MyDrive/Tesis: Tecnicas de CV para Reconstruccion Arquitectonica/notebooks/datasets/splatfacto/frame_00502.jpg,/content/drive/MyDrive/Tesis: Tecnicas de CV para Reconstruccion Arquitectonica/notebooks/datasets/nerfacto/frame_00502.jpg,frame_00453.jpg,frame_00502.jpg,frame_00502.jpg
453,/content/drive/MyDrive/Tesis: Tecnicas de CV para Reconstruccion Arquitectonica/notebooks/datasets/original/frame_00454.jpg,/content/drive/MyDrive/Tesis: Tecnicas de CV para Reconstruccion Arquitectonica/notebooks/datasets/splatfacto/frame_00503.jpg,/content/drive/MyDrive/Tesis: Tecnicas de CV para Reconstruccion Arquitectonica/notebooks/datasets/nerfacto/frame_00503.jpg,frame_00454.jpg,frame_00503.jpg,frame_00503.jpg
454,/content/drive/MyDrive/Tesis: Tecnicas de CV para Reconstruccion Arquitectonica/notebooks/datasets/original/frame_00455.jpg,/content/drive/MyDrive/Tesis: Tecnicas de CV para Reconstruccion Arquitectonica/notebooks/datasets/splatfacto/frame_00504.jpg,/content/drive/MyDrive/Tesis: Tecnicas de CV para Reconstruccion Arquitectonica/notebooks/datasets/nerfacto/frame_00504.jpg,frame_00455.jpg,frame_00504.jpg,frame_00504.jpg
455,/content/drive/MyDrive/Tesis: Tecnicas de CV para Reconstruccion Arquitectonica/notebooks/datasets/original/frame_00456.jpg,/content/drive/MyDrive/Tesis: Tecnicas de CV para Reconstruccion Arquitectonica/notebooks/datasets/splatfacto/frame_00506.jpg,/content/drive/MyDrive/Tesis: Tecnicas de CV para Reconstruccion Arquitectonica/notebooks/datasets/nerfacto/frame_00506.jpg,frame_00456.jpg,frame_00506.jpg,frame_00506.jpg
456,/content/drive/MyDrive/Tesis: Tecnicas de CV para Reconstruccion Arquitectonica/notebooks/datasets/original/frame_00457.jpg,/content/drive/MyDrive/Tesis: Tecnicas de CV para Reconstruccion Arquitectonica/notebooks/datasets/splatfacto/frame_00507.jpg,/content/drive/MyDrive/Tesis: Tecnicas de CV para Reconstruccion Arquitectonica/notebooks/datasets/nerfacto/frame_00507.jpg,frame_00457.jpg,frame_00507.jpg,frame_00507.jpg
457,/content/drive/MyDrive/Tesis: Tecnicas de CV para Reconstruccion Arquitectonica/notebooks/datasets/original/frame_00458.jpg,/content/drive/MyDrive/Tesis: Tecnicas de CV para Reconstruccion Arquitectonica/notebooks/datasets/splatfacto/frame_00508.jpg,/content/drive/MyDrive/Tesis: Tecnicas de CV para Reconstruccion Arquitectonica/notebooks/datasets/nerfacto/frame_00508.jpg,frame_00458.jpg,frame_00508.jpg,frame_00508.jpg
458,/content/drive/MyDrive/Tesis: Tecnicas de CV para Reconstruccion Arquitectonica/notebooks/datasets/original/frame_00459.jpg,/content/drive/MyDrive/Tesis: Tecnicas de CV para Reconstruccion Arquitectonica/notebooks/datasets/splatfacto/frame_00509.jpg,/content/drive/MyDrive/Tesis: Tecnicas de CV para Reconstruccion Arquitectonica/notebooks/datasets/nerfacto/frame_00509.jpg,frame_00459.jpg,frame_00509.jpg,frame_00509.jpg
459,/content/drive/MyDrive/Tesis: Tecnicas de CV para Reconstruccion Arquitectonica/notebooks/datasets/original/frame_00460.jpg,/content/drive/MyDrive/Tesis: Tecnicas de CV para Reconstruccion Arquitectonica/notebooks/datasets/splatfacto/frame_00510.jpg,/content/drive/MyDrive/Tesis: Tecnicas de CV para Reconstruccion Arquitectonica/notebooks/datasets/nerfacto/frame_00510.jpg,frame_00460.jpg,frame_00510.jpg,frame_00510.jpg
460,/content/drive/MyDrive/Tesis: Tecnicas de CV para Reconstruccion Arquitectonica/notebooks/datasets/original/frame_00461.jpg,/content/drive/MyDrive/Tesis: Tecnicas de CV para Reconstruccion Arquitectonica/notebooks/datasets/splatfacto/frame_00511.jpg,/content/drive/MyDrive/Tesis: Tecnicas de CV para Reconstruccion Arquitectonica/notebooks/datasets/nerfacto/frame_00511.jpg,frame_00461.jpg,frame_00511.jpg,frame_00511.jpg
461,/content/drive/MyDrive/Tesis: Tecnicas de CV para Reconstruccion Arquitectonica/notebooks/datasets/original/frame_00462.jpg,/content/drive/MyDrive/Tesis: Tecnicas de CV para Reconstruccion Arquitectonica/notebooks/datasets/splatfacto/frame_00512.jpg,/content/drive/MyDrive/Tesis: Tecnicas de CV para Reconstruccion Arquitectonica/notebooks/datasets/nerfacto/frame_00512.jpg,frame_00462.jpg,frame_00512.jpg,frame_00512.jpg
462,/content/drive/MyDrive/Tesis: Tecnicas de CV para Reconstruccion Arquitectonica/notebooks/datasets/original/frame_00463.jpg,/content/drive/MyDrive/Tesis: Tecnicas de CV para Reconstruccion Arquitectonica/notebooks/datasets/splatfacto/frame_00513.jpg,/content/drive/MyDrive/Tesis: Tecnicas de CV para Reconstruccion Arquitectonica/notebooks/datasets/nerfacto/frame_00513.jpg,frame_00463.jpg,frame_00513.jpg,frame_00513.jpg
463,/content/drive/MyDrive/Tesis: Tecnicas de CV para Reconstruccion Arquitectonica/notebooks/datasets/original/frame_00464.jpg,/content/drive/MyDrive/Tesis: Tecnicas de CV para Reconstruccion Arquitectonica/notebooks/datasets/splatfacto/frame_00514.jpg,/content/drive/MyDrive/Tesis: Tecnicas de CV para Reconstruccion Arquitectonica/notebooks/datasets/nerfacto/frame_00514.jpg,frame_00464.jpg,frame_00514.jpg,frame_00514.jpg
464,/content/drive/MyDrive/Tesis: Tecnicas de CV para Reconstruccion Arquitectonica/notebooks/datasets/original/frame_00465.jpg,/content/drive/MyDrive/Tesis: Tecnicas de CV para Reconstruccion Arquitectonica/notebooks/datasets/splatfacto/frame_00516.jpg,/content/drive/MyDrive/Tesis: Tecnicas de CV para Reconstruccion Arquitectonica/notebooks/datasets/nerfacto/frame_00516.jpg,frame_00465.jpg,frame_00516.jpg,frame_00516.jpg
465,/content/drive/MyDrive/Tesis: Tecnicas de CV para Reconstruccion Arquitectonica/notebooks/datasets/original/frame_00466.jpg,/content/drive/MyDrive/Tesis: Tecnicas de CV para Reconstruccion Arquitectonica/notebooks/datasets/splatfacto/frame_00517.jpg,/content/drive/MyDrive/Tesis: Tecnicas de CV para Reconstruccion Arquitectonica/notebooks/datasets/nerfacto/frame_00517.jpg,frame_00466.jpg,frame_00517.jpg,frame_00517.jpg
466,/content/drive/MyDrive/Tesis: Tecnicas de CV para Reconstruccion Arquitectonica/notebooks/datasets/original/frame_00467.jpg,/content/drive/MyDrive/Tesis: Tecnicas de CV para Reconstruccion Arquitectonica/notebooks/datasets/splatfacto/frame_00518.jpg,/content/drive/MyDrive/Tesis: Tecnicas de CV para Reconstruccion Arquitectonica/notebooks/datasets/nerfacto/frame_00518.jpg,frame_00467.jpg,frame_00518.jpg,frame_00518.jpg
467,/content/drive/MyDrive/Tesis: Tecnicas de CV para Reconstruccion Arquitectonica/notebooks/datasets/original/frame_00468.jpg,/content/drive/MyDrive/Tesis: Tecnicas de CV para Reconstruccion Arquitectonica/notebooks/datasets/splatfacto/frame_00519.jpg,/content/drive/MyDrive/Tesis: Tecnicas de CV para Reconstruccion Arquitectonica/notebooks/datasets/nerfacto/frame_00519.jpg,frame_00468.jpg,frame_00519.jpg,frame_00519.jpg
468,/content/drive/MyDrive/Tesis: Tecnicas de CV para Reconstruccion Arquitectonica/notebooks/datasets/original/frame_00469.jpg,/content/drive/MyDrive/Tesis: Tecnicas de CV para Reconstruccion Arquitectonica/notebooks/datasets/splatfacto/frame_00520.jpg,/content/drive/MyDrive/Tesis: Tecnicas de CV para Reconstruccion Arquitectonica/notebooks/datasets/nerfacto/frame_00520.jpg,frame_00469.jpg,frame_00520.jpg,frame_00520.jpg
469,/content/drive/MyDrive/Tesis: Tecnicas de CV para Reconstruccion Arquitectonica/notebooks/datasets/original/frame_00470.jpg,/content/drive/MyDrive/Tesis: Tecnicas de CV para Reconstruccion Arquitectonica/notebooks/datasets/splatfacto/frame_00521.jpg,/content/drive/MyDrive/Tesis: Tecnicas de CV para Reconstruccion Arquitectonica/notebooks/datasets/nerfacto/frame_00521.jpg,frame_00470.jpg,frame_00521.jpg,frame_00521.jpg
470,/content/drive/MyDrive/Tesis: Tecnicas de CV para Reconstruccion Arquitectonica/notebooks/datasets/original/frame_00471.jpg,/content/drive/MyDrive/Tesis: Tecnicas de CV para Reconstruccion Arquitectonica/notebooks/datasets/splatfacto/frame_00522.jpg,/content/drive/MyDrive/Tesis: Tecnicas de CV para Reconstruccion Arquitectonica/notebooks/datasets/nerfacto/frame_00522.jpg,frame_00471.jpg,frame_00522.jpg,frame_00522.jpg
471,/content/drive/MyDrive/Tesis: Tecnicas de CV para Reconstruccion Arquitectonica/notebooks/datasets/original/frame_00472.jpg,/content/drive/MyDrive/Tesis: Tecnicas de CV para Reconstruccion Arquitectonica/notebooks/datasets/splatfacto/frame_00523.jpg,/content/drive/MyDrive/Tesis: Tecnicas de CV para Reconstruccion Arquitectonica/notebooks/datasets/nerfacto/frame_00523.jpg,frame_00472.jpg,frame_00523.jpg,frame_00523.jpg
472,/content/drive/MyDrive/Tesis: Tecnicas de CV para Reconstruccion Arquitectonica/notebooks/datasets/original/frame_00473.jpg,/content/drive/MyDrive/Tesis: Tecnicas de CV para Reconstruccion Arquitectonica/notebooks/datasets/splatfacto/frame_00524.jpg,/content/drive/MyDrive/Tesis: Tecnicas de CV para Reconstruccion Arquitectonica/notebooks/datasets/nerfacto/frame_00524.jpg,frame_00473.jpg,frame_00524.jpg,frame_00524.jpg
473,/content/drive/MyDrive/Tesis: Tecnicas de CV para Reconstruccion Arquitectonica/notebooks/datasets/original/frame_00474.jpg,/content/drive/MyDrive/Tesis: Tecnicas de CV para Reconstruccion Arquitectonica/notebooks/datasets/splatfacto/frame_00526.jpg,/content/drive/MyDrive/Tesis: Tecnicas de CV para Reconstruccion Arquitectonica/notebooks/datasets/nerfacto/frame_00526.jpg,frame_00474.jpg,frame_00526.jpg,frame_00526.jpg
474,/content/drive/MyDrive/Tesis: Tecnicas de CV para Reconstruccion Arquitectonica/notebooks/datasets/original/frame_00475.jpg,/content/drive/MyDrive/Tesis: Tecnicas de CV para Reconstruccion Arquitectonica/notebooks/datasets/splatfacto/frame_00527.jpg,/content/drive/MyDrive/Tesis: Tecnicas de CV para Reconstruccion Arquitectonica/notebooks/datasets/nerfacto/frame_00527.jpg,frame_00475.jpg,frame_00527.jpg,frame_00527.jpg
475,/content/drive/MyDrive/Tesis: Tecnicas de CV para Reconstruccion Arquitectonica/notebooks/datasets/original/frame_00476.jpg,/content/drive/MyDrive/Tesis: Tecnicas de CV para Reconstruccion Arquitectonica/notebooks/datasets/splatfacto/frame_00528.jpg,/content/drive/MyDrive/Tesis: Tecnicas de CV para Reconstruccion Arquitectonica/notebooks/datasets/nerfacto/frame_00528.jpg,frame_00476.jpg,frame_00528.jpg,frame_00528.jpg
476,/content/drive/MyDrive/Tesis: Tecnicas de CV para Reconstruccion Arquitectonica/notebooks/datasets/original/frame_00477.jpg,/content/drive/MyDrive/Tesis: Tecnicas de CV para Reconstruccion Arquitectonica/notebooks/datasets/splatfacto/frame_00529.jpg,/content/drive/MyDrive/Tesis: Tecnicas de CV para Reconstruccion Arquitectonica/notebooks/datasets/nerfacto/frame_00529.jpg,frame_00477.jpg,frame_00529.jpg,frame_00529.jpg
477,/content/drive/MyDrive/Tesis: Tecnicas de CV para Reconstruccion Arquitectonica/notebooks/datasets/original/frame_00478.jpg,/content/drive/MyDrive/Tesis: Tecnicas de CV para Reconstruccion Arquitectonica/notebooks/datasets/splatfacto/frame_00530.jpg,/content/drive/MyDrive/Tesis: Tecnicas de CV para Reconstruccion Arquitectonica/notebooks/datasets/nerfacto/frame_00530.jpg,frame_00478.jpg,frame_00530.jpg,frame_00530.jpg
478,/content/drive/MyDrive/Tesis: Tecnicas de CV para Reconstruccion Arquitectonica/notebooks/datasets/original/frame_00479.jpg,/content/drive/MyDrive/Tesis: Tecnicas de CV para Reconstruccion Arquitectonica/notebooks/datasets/splatfacto/frame_00531.jpg,/content/drive/MyDrive/Tesis: Tecnicas de CV para Reconstruccion Arquitectonica/notebooks/datasets/nerfacto/frame_00531.jpg,frame_00479.jpg,frame_00531.jpg,frame_00531.jpg
479,/content/drive/MyDrive/Tesis: Tecnicas de CV para Reconstruccion Arquitectonica/notebooks/datasets/original/frame_00480.jpg,/content/drive/MyDrive/Tesis: Tecnicas de CV para Reconstruccion Arquitectonica/notebooks/datasets/splatfacto/frame_00532.jpg,/content/drive/MyDrive/Tesis: Tecnicas de CV para Reconstruccion Arquitectonica/notebooks/datasets/nerfacto/frame_00532.jpg,frame_00480.jpg,frame_00532.jpg,frame_00532.jpg
480,/content/drive/MyDrive/Tesis: Tecnicas de CV para Reconstruccion Arquitectonica/notebooks/datasets/original/frame_00481.jpg,/content/drive/MyDrive/Tesis: Tecnicas de CV para Reconstruccion Arquitectonica/notebooks/datasets/splatfacto/frame_00533.jpg,/content/drive/MyDrive/Tesis: Tecnicas de CV para Reconstruccion Arquitectonica/notebooks/datasets/nerfacto/frame_00533.jpg,frame_00481.jpg,frame_00533.jpg,frame_00533.jpg
481,/content/drive/MyDrive/Tesis: Tecnicas de CV para Reconstruccion Arquitectonica/notebooks/datasets/original/frame_00482.jpg,/content/drive/MyDrive/Tesis: Tecnicas de CV para Reconstruccion Arquitectonica/notebooks/datasets/splatfacto/frame_00534.jpg,/content/drive/MyDrive/Tesis: Tecnicas de CV para Reconstruccion Arquitectonica/notebooks/datasets/nerfacto/frame_00534.jpg,frame_00482.jpg,frame_00534.jpg,frame_00534.jpg
482,/content/drive/MyDrive/Tesis: Tecnicas de CV para Reconstruccion Arquitectonica/notebooks/datasets/original/frame_00483.jpg,/content/drive/MyDrive/Tesis: Tecnicas de CV para Reconstruccion Arquitectonica/notebooks/datasets/splatfacto/frame_00536.jpg,/content/drive/MyDrive/Tesis: Tecnicas de CV para Reconstruccion Arquitectonica/notebooks/datasets/nerfacto/frame_00536.jpg,frame_00483.jpg,frame_00536.jpg,frame_00536.jpg
483,/content/drive/MyDrive/Tesis: Tecnicas de CV para Reconstruccion Arquitectonica/notebooks/datasets/original/frame_00484.jpg,/content/drive/MyDrive/Tesis: Tecnicas de CV para Reconstruccion Arquitectonica/notebooks/datasets/splatfacto/frame_00537.jpg,/content/drive/MyDrive/Tesis: Tecnicas de CV para Reconstruccion Arquitectonica/notebooks/datasets/nerfacto/frame_00537.jpg,frame_00484.jpg,frame_00537.jpg,frame_00537.jpg
484,/content/drive/MyDrive/Tesis: Tecnicas de CV para Reconstruccion Arquitectonica/notebooks/datasets/original/frame_00485.jpg,/content/drive/MyDrive/Tesis: Tecnicas de CV para Reconstruccion Arquitectonica/notebooks/datasets/splatfacto/frame_00538.jpg,/content/drive/MyDrive/Tesis: Tecnicas de CV para Reconstruccion Arquitectonica/notebooks/datasets/nerfacto/frame_00538.jpg,frame_00485.jpg,frame_00538.jpg,frame_00538.jpg
485,/content/drive/MyDrive/Tesis: Tecnicas de CV para Reconstruccion Arquitectonica/notebooks/datasets/original/frame_00486.jpg,/content/drive/MyDrive/Tesis: Tecnicas de CV para Reconstruccion Arquitectonica/notebooks/datasets/splatfacto/frame_00539.jpg,/content/drive/MyDrive/Tesis: Tecnicas de CV para Reconstruccion Arquitectonica/notebooks/datasets/nerfacto/frame_00539.jpg,frame_00486.jpg,frame_00539.jpg,frame_00539.jpg
486,/content/drive/MyDrive/Tesis: Tecnicas de CV para Reconstruccion Arquitectonica/notebooks/datasets/original/frame_00487.jpg,/content/drive/MyDrive/Tesis: Tecnicas de CV para Reconstruccion Arquitectonica/notebooks/datasets/splatfacto/frame_00540.jpg,/content/drive/MyDrive/Tesis: Tecnicas de CV para Reconstruccion Arquitectonica/notebooks/datasets/nerfacto/frame_00540.jpg,frame_00487.jpg,frame_00540.jpg,frame_00540.jpg
487,/content/drive/MyDrive/Tesis: Tecnicas de CV para Reconstruccion Arquitectonica/notebooks/datasets/original/frame_00488.jpg,/content/drive/MyDrive/Tesis: Tecnicas de CV para Reconstruccion Arquitectonica/notebooks/datasets/splatfacto/frame_00541.jpg,/content/drive/MyDrive/Tesis: Tecnicas de CV para Reconstruccion Arquitectonica/notebooks/datasets/nerfacto/frame_00541.jpg,frame_00488.jpg,frame_00541.jpg,frame_00541.jpg
488,/content/drive/MyDrive/Tesis: Tecnicas de CV para Reconstruccion Arquitectonica/notebooks/datasets/original/frame_00489.jpg,/content/drive/MyDrive/Tesis: Tecnicas de CV para Reconstruccion Arquitectonica/notebooks/datasets/splatfacto/frame_00542.jpg,/content/drive/MyDrive/Tesis: Tecnicas de CV para Reconstruccion Arquitectonica/notebooks/datasets/nerfacto/frame_00542.jpg,frame_00489.jpg,frame_00542.jpg,frame_00542.jpg
489,/content/drive/MyDrive/Tesis: Tecnicas de CV para Reconstruccion Arquitectonica/notebooks/datasets/original/frame_00490.jpg,/content/drive/MyDrive/Tesis: Tecnicas de CV para Reconstruccion Arquitectonica/notebooks/datasets/splatfacto/frame_00543.jpg,/content/drive/MyDrive/Tesis: Tecnicas de CV para Reconstruccion Arquitectonica/notebooks/datasets/nerfacto/frame_00543.jpg,frame_00490.jpg,frame_00543.jpg,frame_00543.jpg
490,/content/drive/MyDrive/Tesis: Tecnicas de CV para Reconstruccion Arquitectonica/notebooks/datasets/original/frame_00491.jpg,/content/drive/MyDrive/Tesis: Tecnicas de CV para Reconstruccion Arquitectonica/notebooks/datasets/splatfacto/frame_00544.jpg,/content/drive/MyDrive/Tesis: Tecnicas de CV para Reconstruccion Arquitectonica/notebooks/datasets/nerfacto/frame_00544.jpg,frame_00491.jpg,frame_00544.jpg,frame_00544.jpg
491,/content/drive/MyDrive/Tesis: Tecnicas de CV para Reconstruccion Arquitectonica/notebooks/datasets/original/frame_00492.jpg,/content/drive/MyDrive/Tesis: Tecnicas de CV para Reconstruccion Arquitectonica/notebooks/datasets/splatfacto/frame_00546.jpg,/content/drive/MyDrive/Tesis: Tecnicas de CV para Reconstruccion Arquitectonica/notebooks/datasets/nerfacto/frame_00546.jpg,frame_00492.jpg,frame_00546.jpg,frame_00546.jpg
492,/content/drive/MyDrive/Tesis: Tecnicas de CV para Reconstruccion Arquitectonica/notebooks/datasets/original/frame_00493.jpg,/content/drive/MyDrive/Tesis: Tecnicas de CV para Reconstruccion Arquitectonica/notebooks/datasets/splatfacto/frame_00547.jpg,/content/drive/MyDrive/Tesis: Tecnicas de CV para Reconstruccion Arquitectonica/notebooks/datasets/nerfacto/frame_00547.jpg,frame_00493.jpg,frame_00547.jpg,frame_00547.jpg
493,/content/drive/MyDrive/Tesis: Tecnicas de CV para Reconstruccion Arquitectonica/notebooks/datasets/original/frame_00494.jpg,/content/drive/MyDrive/Tesis: Tecnicas de CV para Reconstruccion Arquitectonica/notebooks/datasets/splatfacto/frame_00548.jpg,/content/drive/MyDrive/Tesis: Tecnicas de CV para Reconstruccion Arquitectonica/notebooks/datasets/nerfacto/frame_00548.jpg,frame_00494.jpg,frame_00548.jpg,frame_00548.jpg
494,/content/drive/MyDrive/Tesis: Tecnicas de CV para Reconstruccion Arquitectonica/notebooks/datasets/original/frame_00495.jpg,/content/drive/MyDrive/Tesis: Tecnicas de CV para Reconstruccion Arquitectonica/notebooks/datasets/splatfacto/frame_00549.jpg,/content/drive/MyDrive/Tesis: Tecnicas de CV para Reconstruccion Arquitectonica/notebooks/datasets/nerfacto/frame_00549.jpg,frame_00495.jpg,frame_00549.jpg,frame_00549.jpg
495,/content/drive/MyDrive/Tesis: Tecnicas de CV para Reconstruccion Arquitectonica/notebooks/datasets/original/frame_00496.jpg,/content/drive/MyDrive/Tesis: Tecnicas de CV para Reconstruccion Arquitectonica/notebooks/datasets/splatfacto/frame_00550.jpg,/content/drive/MyDrive/Tesis: Tecnicas de CV para Reconstruccion Arquitectonica/notebooks/datasets/nerfacto/frame_00550.jpg,frame_00496.jpg,frame_00550.jpg,frame_00550.jpg
496,/content/drive/MyDrive/Tesis: Tecnicas de CV para Reconstruccion Arquitectonica/notebooks/datasets/original/frame_00497.jpg,/content/drive/MyDrive/Tesis: Tecnicas de CV para Reconstruccion Arquitectonica/notebooks/datasets/splatfacto/frame_00551.jpg,/content/drive/MyDrive/Tesis: Tecnicas de CV para Reconstruccion Arquitectonica/notebooks/datasets/nerfacto/frame_00551.jpg,frame_00497.jpg,frame_00551.jpg,frame_00551.jpg
497,/content/drive/MyDrive/Tesis: Tecnicas de CV para Reconstruccion Arquitectonica/notebooks/datasets/original/frame_00498.jpg,/content/drive/MyDrive/Tesis: Tecnicas de CV para Reconstruccion Arquitectonica/notebooks/datasets/splatfacto/frame_00552.jpg,/content/drive/MyDrive/Tesis: Tecnicas de CV para Reconstruccion Arquitectonica/notebooks/datasets/nerfacto/frame_00552.jpg,frame_00498.jpg,frame_00552.jpg,frame_00552.jpg
498,/content/drive/MyDrive/Tesis: Tecnicas de CV para Reconstruccion Arquitectonica/notebooks/datasets/original/frame_00499.jpg,/content/drive/MyDrive/Tesis: Tecnicas de CV para Reconstruccion Arquitectonica/notebooks/datasets/splatfacto/frame_00553.jpg,/content/drive/MyDrive/Tesis: Tecnicas de CV para Reconstruccion Arquitectonica/notebooks/datasets/nerfacto/frame_00553.jpg,frame_00499.jpg,frame_00553.jpg,frame_00553.jpg
499,/content/drive/MyDrive/Tesis: Tecnicas de CV para Reconstruccion Arquitectonica/notebooks/datasets/original/frame_00500.jpg,/content/drive/MyDrive/Tesis: Tecnicas de CV para Reconstruccion Arquitectonica/notebooks/datasets/splatfacto/frame_00554.jpg,/content/drive/MyDrive/Tesis: Tecnicas de CV para Reconstruccion Arquitectonica/notebooks/datasets/nerfacto/frame_00554.jpg,frame_00500.jpg,frame_00554.jpg,frame_00554.jpg
500,/content/drive/MyDrive/Tesis: Tecnicas de CV para Reconstruccion Arquitectonica/notebooks/datasets/original/frame_00501.jpg,/content/drive/MyDrive/Tesis: Tecnicas de CV para Reconstruccion Arquitectonica/notebooks/datasets/splatfacto/frame_00556.jpg,/content/drive/MyDrive/Tesis: Tecnicas de CV para Reconstruccion Arquitectonica/notebooks/datasets/nerfacto/frame_00556.jpg,frame_00501.jpg,frame_00556.jpg,frame_00556.jpg
501,/content/drive/MyDrive/Tesis: Tecnicas de CV para Reconstruccion Arquitectonica/notebooks/datasets/original/frame_00502.jpg,/content/drive/MyDrive/Tesis: Tecnicas de CV para Reconstruccion Arquitectonica/notebooks/datasets/splatfacto/frame_00557.jpg,/content/drive/MyDrive/Tesis: Tecnicas de CV para Reconstruccion Arquitectonica/notebooks/datasets/nerfacto/frame_00557.jpg,frame_00502.jpg,frame_00557.jpg,frame_00557.jpg
502,/content/drive/MyDrive/Tesis: Tecnicas de CV para Reconstruccion Arquitectonica/notebooks/datasets/original/frame_00503.jpg,/content/drive/MyDrive/Tesis: Tecnicas de CV para Reconstruccion Arquitectonica/notebooks/datasets/splatfacto/frame_00558.jpg,/content/drive/MyDrive/Tesis: Tecnicas de CV para Reconstruccion Arquitectonica/notebooks/datasets/nerfacto/frame_00558.jpg,frame_00503.jpg,frame_00558.jpg,frame_00558.jpg
503,/content/drive/MyDrive/Tesis: Tecnicas de CV para Reconstruccion Arquitectonica/notebooks/datasets/original/frame_00504.jpg,/content/drive/MyDrive/Tesis: Tecnicas de CV para Reconstruccion Arquitectonica/notebooks/datasets/splatfacto/frame_00559.jpg,/content/drive/MyDrive/Tesis: Tecnicas de CV para Reconstruccion Arquitectonica/notebooks/datasets/nerfacto/frame_00559.jpg,frame_00504.jpg,frame_00559.jpg,frame_00559.jpg
504,/content/drive/MyDrive/Tesis: Tecnicas de CV para Reconstruccion Arquitectonica/notebooks/datasets/original/frame_00505.jpg,/content/drive/MyDrive/Tesis: Tecnicas de CV para Reconstruccion Arquitectonica/notebooks/datasets/splatfacto/frame_00560.jpg,/content/drive/MyDrive/Tesis: Tecnicas de CV para Reconstruccion Arquitectonica/notebooks/datasets/nerfacto/frame_00560.jpg,frame_00505.jpg,frame_00560.jpg,frame_00560.jpg
505,/content/drive/MyDrive/Tesis: Tecnicas de CV para Reconstruccion Arquitectonica/notebooks/datasets/original/frame_00506.jpg,/content/drive/MyDrive/Tesis: Tecnicas de CV para Reconstruccion Arquitectonica/notebooks/datasets/splatfacto/frame_00561.jpg,/content/drive/MyDrive/Tesis: Tecnicas de CV para Reconstruccion Arquitectonica/notebooks/datasets/nerfacto/frame_00561.jpg,frame_00506.jpg,frame_00561.jpg,frame_00561.jpg
506,/content/drive/MyDrive/Tesis: Tecnicas de CV para Reconstruccion Arquitectonica/notebooks/datasets/original/frame_00507.jpg,/content/drive/MyDrive/Tesis: Tecnicas de CV para Reconstruccion Arquitectonica/notebooks/datasets/splatfacto/frame_00562.jpg,/content/drive/MyDrive/Tesis: Tecnicas de CV para Reconstruccion Arquitectonica/notebooks/datasets/nerfacto/frame_00562.jpg,frame_00507.jpg,frame_00562.jpg,frame_00562.jpg
507,/content/drive/MyDrive/Tesis: Tecnicas de CV para Reconstruccion Arquitectonica/notebooks/datasets/original/frame_00508.jpg,/content/drive/MyDrive/Tesis: Tecnicas de CV para Reconstruccion Arquitectonica/notebooks/datasets/splatfacto/frame_00563.jpg,/content/drive/MyDrive/Tesis: Tecnicas de CV para Reconstruccion Arquitectonica/notebooks/datasets/nerfacto/frame_00563.jpg,frame_00508.jpg,frame_00563.jpg,frame_00563.jpg
508,/content/drive/MyDrive/Tesis: Tecnicas de CV para Reconstruccion Arquitectonica/notebooks/datasets/original/frame_00509.jpg,/content/drive/MyDrive/Tesis: Tecnicas de CV para Reconstruccion Arquitectonica/notebooks/datasets/splatfacto/frame_00564.jpg,/content/drive/MyDrive/Tesis: Tecnicas de CV para Reconstruccion Arquitectonica/notebooks/datasets/nerfacto/frame_00564.jpg,frame_00509.jpg,frame_00564.jpg,frame_00564.jpg
509,/content/drive/MyDrive/Tesis: Tecnicas de CV para Reconstruccion Arquitectonica/notebooks/datasets/original/frame_00510.jpg,/content/drive/MyDrive/Tesis: Tecnicas de CV para Reconstruccion Arquitectonica/notebooks/datasets/splatfacto/frame_00566.jpg,/content/drive/MyDrive/Tesis: Tecnicas de CV para Reconstruccion Arquitectonica/notebooks/datasets/nerfacto/frame_00566.jpg,frame_00510.jpg,frame_00566.jpg,frame_00566.jpg
510,/content/drive/MyDrive/Tesis: Tecnicas de CV para Reconstruccion Arquitectonica/notebooks/datasets/original/frame_00511.jpg,/content/drive/MyDrive/Tesis: Tecnicas de CV para Reconstruccion Arquitectonica/notebooks/datasets/splatfacto/frame_00567.jpg,/content/drive/MyDrive/Tesis: Tecnicas de CV para Reconstruccion Arquitectonica/notebooks/datasets/nerfacto/frame_00567.jpg,frame_00511.jpg,frame_00567.jpg,frame_00567.jpg
511,/content/drive/MyDrive/Tesis: Tecnicas de CV para Reconstruccion Arquitectonica/notebooks/datasets/original/frame_00512.jpg,/content/drive/MyDrive/Tesis: Tecnicas de CV para Reconstruccion Arquitectonica/notebooks/datasets/splatfacto/frame_00568.jpg,/content/drive/MyDrive/Tesis: Tecnicas de CV para Reconstruccion Arquitectonica/notebooks/datasets/nerfacto/frame_00568.jpg,frame_00512.jpg,frame_00568.jpg,frame_00568.jpg
512,/content/drive/MyDrive/Tesis: Tecnicas de CV para Reconstruccion Arquitectonica/notebooks/datasets/original/frame_00513.jpg,/content/drive/MyDrive/Tesis: Tecnicas de CV para Reconstruccion Arquitectonica/notebooks/datasets/splatfacto/frame_00569.jpg,/content/drive/MyDrive/Tesis: Tecnicas de CV para Reconstruccion Arquitectonica/notebooks/datasets/nerfacto/frame_00569.jpg,frame_00513.jpg,frame_00569.jpg,frame_00569.jpg
513,/content/drive/MyDrive/Tesis: Tecnicas de CV para Reconstruccion Arquitectonica/notebooks/datasets/original/frame_00514.jpg,/content/drive/MyDrive/Tesis: Tecnicas de CV para Reconstruccion Arquitectonica/notebooks/datasets/splatfacto/frame_00570.jpg,/content/drive/MyDrive/Tesis: Tecnicas de CV para Reconstruccion Arquitectonica/notebooks/datasets/nerfacto/frame_00570.jpg,frame_00514.jpg,frame_00570.jpg,frame_00570.jpg
514,/content/drive/MyDrive/Tesis: Tecnicas de CV para Reconstruccion Arquitectonica/notebooks/datasets/original/frame_00515.jpg,/content/drive/MyDrive/Tesis: Tecnicas de CV para Reconstruccion Arquitectonica/notebooks/datasets/splatfacto/frame_00571.jpg,/content/drive/MyDrive/Tesis: Tecnicas de CV para Reconstruccion Arquitectonica/notebooks/datasets/nerfacto/frame_00571.jpg,frame_00515.jpg,frame_00571.jpg,frame_00571.jpg
515,/content/drive/MyDrive/Tesis: Tecnicas de CV para Reconstruccion Arquitectonica/notebooks/datasets/original/frame_00516.jpg,/content/drive/MyDrive/Tesis: Tecnicas de CV para Reconstruccion Arquitectonica/notebooks/datasets/splatfacto/frame_00572.jpg,/content/drive/MyDrive/Tesis: Tecnicas de CV para Reconstruccion Arquitectonica/notebooks/datasets/nerfacto/frame_00572.jpg,frame_00516.jpg,frame_00572.jpg,frame_00572.jpg
516,/content/drive/MyDrive/Tesis: Tecnicas de CV para Reconstruccion Arquitectonica/notebooks/datasets/original/frame_00517.jpg,/content/drive/MyDrive/Tesis: Tecnicas de CV para Reconstruccion Arquitectonica/notebooks/datasets/splatfacto/frame_00573.jpg,/content/drive/MyDrive/Tesis: Tecnicas de CV para Reconstruccion Arquitectonica/notebooks/datasets/nerfacto/frame_00573.jpg,frame_00517.jpg,frame_00573.jpg,frame_00573.jpg
517,/content/drive/MyDrive/Tesis: Tecnicas de CV para Reconstruccion Arquitectonica/notebooks/datasets/original/frame_00518.jpg,/content/drive/MyDrive/Tesis: Tecnicas de CV para Reconstruccion Arquitectonica/notebooks/datasets/splatfacto/frame_00574.jpg,/content/drive/MyDrive/Tesis: Tecnicas de CV para Reconstruccion Arquitectonica/notebooks/datasets/nerfacto/frame_00574.jpg,frame_00518.jpg,frame_00574.jpg,frame_00574.jpg
518,/content/drive/MyDrive/Tesis: Tecnicas de CV para Reconstruccion Arquitectonica/notebooks/datasets/original/frame_00519.jpg,/content/drive/MyDrive/Tesis: Tecnicas de CV para Reconstruccion Arquitectonica/notebooks/datasets/splatfacto/frame_00576.jpg,/content/drive/MyDrive/Tesis: Tecnicas de CV para Reconstruccion Arquitectonica/notebooks/datasets/nerfacto/frame_00576.jpg,frame_00519.jpg,frame_00576.jpg,frame_00576.jpg
519,/content/drive/MyDrive/Tesis: Tecnicas de CV para Reconstruccion Arquitectonica/notebooks/datasets/original/frame_00520.jpg,/content/drive/MyDrive/Tesis: Tecnicas de CV para Reconstruccion Arquitectonica/notebooks/datasets/splatfacto/frame_00577.jpg,/content/drive/MyDrive/Tesis: Tecnicas de CV para Reconstruccion Arquitectonica/notebooks/datasets/nerfacto/frame_00577.jpg,frame_00520.jpg,frame_00577.jpg,frame_00577.jpg
520,/content/drive/MyDrive/Tesis: Tecnicas de CV para Reconstruccion Arquitectonica/notebooks/datasets/original/frame_00521.jpg,/content/drive/MyDrive/Tesis: Tecnicas de CV para Reconstruccion Arquitectonica/notebooks/datasets/splatfacto/frame_00578.jpg,/content/drive/MyDrive/Tesis: Tecnicas de CV para Reconstruccion Arquitectonica/notebooks/datasets/nerfacto/frame_00578.jpg,frame_00521.jpg,frame_00578.jpg,frame_00578.jpg
521,/content/drive/MyDrive/Tesis: Tecnicas de CV para Reconstruccion Arquitectonica/notebooks/datasets/original/frame_00522.jpg,/content/drive/MyDrive/Tesis: Tecnicas de CV para Reconstruccion Arquitectonica/notebooks/datasets/splatfacto/frame_00579.jpg,/content/drive/MyDrive/Tesis: Tecnicas de CV para Reconstruccion Arquitectonica/notebooks/datasets/nerfacto/frame_00579.jpg,frame_00522.jpg,frame_00579.jpg,frame_00579.jpg
522,/content/drive/MyDrive/Tesis: Tecnicas de CV para Reconstruccion Arquitectonica/notebooks/datasets/original/frame_00523.jpg,/content/drive/MyDrive/Tesis: Tecnicas de CV para Reconstruccion Arquitectonica/notebooks/datasets/splatfacto/frame_00580.jpg,/content/drive/MyDrive/Tesis: Tecnicas de CV para Reconstruccion Arquitectonica/notebooks/datasets/nerfacto/frame_00580.jpg,frame_00523.jpg,frame_00580.jpg,frame_00580.jpg
523,/content/drive/MyDrive/Tesis: Tecnicas de CV para Reconstruccion Arquitectonica/notebooks/datasets/original/frame_00524.jpg,/content/drive/MyDrive/Tesis: Tecnicas de CV para Reconstruccion Arquitectonica/notebooks/datasets/splatfacto/frame_00581.jpg,/content/drive/MyDrive/Tesis: Tecnicas de CV para Reconstruccion Arquitectonica/notebooks/datasets/nerfacto/frame_00581.jpg,frame_00524.jpg,frame_00581.jpg,frame_00581.jpg
524,/content/drive/MyDrive/Tesis: Tecnicas de CV para Reconstruccion Arquitectonica/notebooks/datasets/original/frame_00525.jpg,/content/drive/MyDrive/Tesis: Tecnicas de CV para Reconstruccion Arquitectonica/notebooks/datasets/splatfacto/frame_00582.jpg,/content/drive/MyDrive/Tesis: Tecnicas de CV para Reconstruccion Arquitectonica/notebooks/datasets/nerfacto/frame_00582.jpg,frame_00525.jpg,frame_00582.jpg,frame_00582.jpg
525,/content/drive/MyDrive/Tesis: Tecnicas de CV para Reconstruccion Arquitectonica/notebooks/datasets/original/frame_00526.jpg,/content/drive/MyDrive/Tesis: Tecnicas de CV para Reconstruccion Arquitectonica/notebooks/datasets/splatfacto/frame_00583.jpg,/content/drive/MyDrive/Tesis: Tecnicas de CV para Reconstruccion Arquitectonica/notebooks/datasets/nerfacto/frame_00583.jpg,frame_00526.jpg,frame_00583.jpg,frame_00583.jpg
526,/content/drive/MyDrive/Tesis: Tecnicas de CV para Reconstruccion Arquitectonica/notebooks/datasets/original/frame_00527.jpg,/content/drive/MyDrive/Tesis: Tecnicas de CV para Reconstruccion Arquitectonica/notebooks/datasets/splatfacto/frame_00584.jpg,/content/drive/MyDrive/Tesis: Tecnicas de CV para Reconstruccion Arquitectonica/notebooks/datasets/nerfacto/frame_00584.jpg,frame_00527.jpg,frame_00584.jpg,frame_00584.jpg
527,/content/drive/MyDrive/Tesis: Tecnicas de CV para Reconstruccion Arquitectonica/notebooks/datasets/original/frame_00528.jpg,/content/drive/MyDrive/Tesis: Tecnicas de CV para Reconstruccion Arquitectonica/notebooks/datasets/splatfacto/frame_00586.jpg,/content/drive/MyDrive/Tesis: Tecnicas de CV para Reconstruccion Arquitectonica/notebooks/datasets/nerfacto/frame_00586.jpg,frame_00528.jpg,frame_00586.jpg,frame_00586.jpg
528,/content/drive/MyDrive/Tesis: Tecnicas de CV para Reconstruccion Arquitectonica/notebooks/datasets/original/frame_00529.jpg,/content/drive/MyDrive/Tesis: Tecnicas de CV para Reconstruccion Arquitectonica/notebooks/datasets/splatfacto/frame_00587.jpg,/content/drive/MyDrive/Tesis: Tecnicas de CV para Reconstruccion Arquitectonica/notebooks/datasets/nerfacto/frame_00587.jpg,frame_00529.jpg,frame_00587.jpg,frame_00587.jpg
529,/content/drive/MyDrive/Tesis: Tecnicas de CV para Reconstruccion Arquitectonica/notebooks/datasets/original/frame_00530.jpg,/content/drive/MyDrive/Tesis: Tecnicas de CV para Reconstruccion Arquitectonica/notebooks/datasets/splatfacto/frame_00588.jpg,/content/drive/MyDrive/Tesis: Tecnicas de CV para Reconstruccion Arquitectonica/notebooks/datasets/nerfacto/frame_00588.jpg,frame_00530.jpg,frame_00588.jpg,frame_00588.jpg
530,/content/drive/MyDrive/Tesis: Tecnicas de CV para Reconstruccion Arquitectonica/notebooks/datasets/original/frame_00531.jpg,/content/drive/MyDrive/Tesis: Tecnicas de CV para Reconstruccion Arquitectonica/notebooks/datasets/splatfacto/frame_00589.jpg,/content/drive/MyDrive/Tesis: Tecnicas de CV para Reconstruccion Arquitectonica/notebooks/datasets/nerfacto/frame_00589.jpg,frame_00531.jpg,frame_00589.jpg,frame_00589.jpg
531,/content/drive/MyDrive/Tesis: Tecnicas de CV para Reconstruccion Arquitectonica/notebooks/datasets/original/frame_00532.jpg,/content/drive/MyDrive/Tesis: Tecnicas de CV para Reconstruccion Arquitectonica/notebooks/datasets/splatfacto/frame_00590.jpg,/content/drive/MyDrive/Tesis: Tecnicas de CV para Reconstruccion Arquitectonica/notebooks/datasets/nerfacto/frame_00590.jpg,frame_00532.jpg,frame_00590.jpg,frame_00590.jpg
532,/content/drive/MyDrive/Tesis: Tecnicas de CV para Reconstruccion Arquitectonica/notebooks/datasets/original/frame_00533.jpg,/content/drive/MyDrive/Tesis: Tecnicas de CV para Reconstruccion Arquitectonica/notebooks/datasets/splatfacto/frame_00591.jpg,/content/drive/MyDrive/Tesis: Tecnicas de CV para Reconstruccion Arquitectonica/notebooks/datasets/nerfacto/frame_00591.jpg,frame_00533.jpg,frame_00591.jpg,frame_00591.jpg
533,/content/drive/MyDrive/Tesis: Tecnicas de CV para Reconstruccion Arquitectonica/notebooks/datasets/original/frame_00534.jpg,/content/drive/MyDrive/Tesis: Tecnicas de CV para Reconstruccion Arquitectonica/notebooks/datasets/splatfacto/frame_00592.jpg,/content/drive/MyDrive/Tesis: Tecnicas de CV para Reconstruccion Arquitectonica/notebooks/datasets/nerfacto/frame_00592.jpg,frame_00534.jpg,frame_00592.jpg,frame_00592.jpg
534,/content/drive/MyDrive/Tesis: Tecnicas de CV para Reconstruccion Arquitectonica/notebooks/datasets/original/frame_00535.jpg,/content/drive/MyDrive/Tesis: Tecnicas de CV para Reconstruccion Arquitectonica/notebooks/datasets/splatfacto/frame_00593.jpg,/content/drive/MyDrive/Tesis: Tecnicas de CV para Reconstruccion Arquitectonica/notebooks/datasets/nerfacto/frame_00593.jpg,frame_00535.jpg,frame_00593.jpg,frame_00593.jpg
535,/content/drive/MyDrive/Tesis: Tecnicas de CV para Reconstruccion Arquitectonica/notebooks/datasets/original/frame_00536.jpg,/content/drive/MyDrive/Tesis: Tecnicas de CV para Reconstruccion Arquitectonica/notebooks/datasets/splatfacto/frame_00594.jpg,/content/drive/MyDrive/Tesis: Tecnicas de CV para Reconstruccion Arquitectonica/notebooks/datasets/nerfacto/frame_00594.jpg,frame_00536.jpg,frame_00594.jpg,frame_00594.jpg
536,/content/drive/MyDrive/Tesis: Tecnicas de CV para Reconstruccion Arquitectonica/notebooks/datasets/original/frame_00537.jpg,/content/drive/MyDrive/Tesis: Tecnicas de CV para Reconstruccion Arquitectonica/notebooks/datasets/splatfacto/frame_00595.jpg,/content/drive/MyDrive/Tesis: Tecnicas de CV para Reconstruccion Arquitectonica/notebooks/datasets/nerfacto/frame_00595.jpg,frame_00537.jpg,frame_00595.jpg,frame_00595.jpg
537,/content/drive/MyDrive/Tesis: Tecnicas de CV para Reconstruccion Arquitectonica/notebooks/datasets/original/frame_00538.jpg,/content/drive/MyDrive/Tesis: Tecnicas de CV para Reconstruccion Arquitectonica/notebooks/datasets/splatfacto/frame_00597.jpg,/content/drive/MyDrive/Tesis: Tecnicas de CV para Reconstruccion Arquitectonica/notebooks/datasets/nerfacto/frame_00597.jpg,frame_00538.jpg,frame_00597.jpg,frame_00597.jpg
538,/content/drive/MyDrive/Tesis: Tecnicas de CV para Reconstruccion Arquitectonica/notebooks/datasets/original/frame_00539.jpg,/content/drive/MyDrive/Tesis: Tecnicas de CV para Reconstruccion Arquitectonica/notebooks/datasets/splatfacto/frame_00598.jpg,/content/drive/MyDrive/Tesis: Tecnicas de CV para Reconstruccion Arquitectonica/notebooks/datasets/nerfacto/frame_00598.jpg,frame_00539.jpg,frame_00598.jpg,frame_00598.jpg
539,/content/drive/MyDrive/Tesis: Tecnicas de CV para Reconstruccion Arquitectonica/notebooks/datasets/original/frame_00540.jpg,/content/drive/MyDrive/Tesis: Tecnicas de CV para Reconstruccion Arquitectonica/notebooks/datasets/splatfacto/frame_00599.jpg,/content/drive/MyDrive/Tesis: Tecnicas de CV para Reconstruccion Arquitectonica/notebooks/datasets/nerfacto/frame_00599.jpg,frame_00540.jpg,frame_00599.jpg,frame_00599.jpg
540,/content/drive/MyDrive/Tesis: Tecnicas de CV para Reconstruccion Arquitectonica/notebooks/datasets/original/frame_00541.jpg,/content/drive/MyDrive/Tesis: Tecnicas de CV para Reconstruccion Arquitectonica/notebooks/datasets/splatfacto/frame_00600.jpg,/content/drive/MyDrive/Tesis: Tecnicas de CV para Reconstruccion Arquitectonica/notebooks/datasets/nerfacto/frame_00600.jpg,frame_00541.jpg,frame_00600.jpg,frame_00600.jpg
541,/content/drive/MyDrive/Tesis: Tecnicas de CV para Reconstruccion Arquitectonica/notebooks/datasets/original/frame_00542.jpg,/content/drive/MyDrive/Tesis: Tecnicas de CV para Reconstruccion Arquitectonica/notebooks/datasets/splatfacto/frame_00601.jpg,/content/drive/MyDrive/Tesis: Tecnicas de CV para Reconstruccion Arquitectonica/notebooks/datasets/nerfacto/frame_00601.jpg,frame_00542.jpg,frame_00601.jpg,frame_00601.jpg
542,/content/drive/MyDrive/Tesis: Tecnicas de CV para Reconstruccion Arquitectonica/notebooks/datasets/original/frame_00543.jpg,/content/drive/MyDrive/Tesis: Tecnicas de CV para Reconstruccion Arquitectonica/notebooks/datasets/splatfacto/frame_00602.jpg,/content/drive/MyDrive/Tesis: Tecnicas de CV para Reconstruccion Arquitectonica/notebooks/datasets/nerfacto/frame_00602.jpg,frame_00543.jpg,frame_00602.jpg,frame_00602.jpg
543,/content/drive/MyDrive/Tesis: Tecnicas de CV para Reconstruccion Arquitectonica/notebooks/datasets/original/frame_00544.jpg,/content/drive/MyDrive/Tesis: Tecnicas de CV para Reconstruccion Arquitectonica/notebooks/datasets/splatfacto/frame_00603.jpg,/content/drive/MyDrive/Tesis: Tecnicas de CV para Reconstruccion Arquitectonica/notebooks/datasets/nerfacto/frame_00603.jpg,frame_00544.jpg,frame_00603.jpg,frame_00603.jpg
544,/content/drive/MyDrive/Tesis: Tecnicas de CV para Reconstruccion Arquitectonica/notebooks/datasets/original/frame_00545.jpg,/content/drive/MyDrive/Tesis: Tecnicas de CV para Reconstruccion Arquitectonica/notebooks/datasets/splatfacto/frame_00604.jpg,/content/drive/MyDrive/Tesis: Tecnicas de CV para Reconstruccion Arquitectonica/notebooks/datasets/nerfacto/frame_00604.jpg,frame_00545.jpg,frame_00604.jpg,frame_00604.jpg
545,/content/drive/MyDrive/Tesis: Tecnicas de CV para Reconstruccion Arquitectonica/notebooks/datasets/original/frame_00546.jpg,/content/drive/MyDrive/Tesis: Tecnicas de CV para Reconstruccion Arquitectonica/notebooks/datasets/splatfacto/frame_00605.jpg,/content/drive/MyDrive/Tesis: Tecnicas de CV para Reconstruccion Arquitectonica/notebooks/datasets/nerfacto/frame_00605.jpg,frame_00546.jpg,frame_00605.jpg,frame_00605.jpg
546,/content/drive/MyDrive/Tesis: Tecnicas de CV para Reconstruccion Arquitectonica/notebooks/datasets/original/frame_00547.jpg,/content/drive/MyDrive/Tesis: Tecnicas de CV para Reconstruccion Arquitectonica/notebooks/datasets/splatfacto/frame_00607.jpg,/content/drive/MyDrive/Tesis: Tecnicas de CV para Reconstruccion Arquitectonica/notebooks/datasets/nerfacto/frame_00607.jpg,frame_00547.jpg,frame_00607.jpg,frame_00607.jpg
547,/content/drive/MyDrive/Tesis: Tecnicas de CV para Reconstruccion Arquitectonica/notebooks/datasets/original/frame_00548.jpg,/content/drive/MyDrive/Tesis: Tecnicas de CV para Reconstruccion Arquitectonica/notebooks/datasets/splatfacto/frame_00608.jpg,/content/drive/MyDrive/Tesis: Tecnicas de CV para Reconstruccion Arquitectonica/notebooks/datasets/nerfacto/frame_00608.jpg,frame_00548.jpg,frame_00608.jpg,frame_00608.jpg
548,/content/drive/MyDrive/Tesis: Tecnicas de CV para Reconstruccion Arquitectonica/notebooks/datasets/original/frame_00549.jpg,/content/drive/MyDrive/Tesis: Tecnicas de CV para Reconstruccion Arquitectonica/notebooks/datasets/splatfacto/frame_00609.jpg,/content/drive/MyDrive/Tesis: Tecnicas de CV para Reconstruccion Arquitectonica/notebooks/datasets/nerfacto/frame_00609.jpg,frame_00549.jpg,frame_00609.jpg,frame_00609.jpg
549,/content/drive/MyDrive/Tesis: Tecnicas de CV para Reconstruccion Arquitectonica/notebooks/datasets/original/frame_00550.jpg,/content/drive/MyDrive/Tesis: Tecnicas de CV para Reconstruccion Arquitectonica/notebooks/datasets/splatfacto/frame_00610.jpg,/content/drive/MyDrive/Tesis: Tecnicas de CV para Reconstruccion Arquitectonica/notebooks/datasets/nerfacto/frame_00610.jpg,frame_00550.jpg,frame_00610.jpg,frame_00610.jpg
550,/content/drive/MyDrive/Tesis: Tecnicas de CV para Reconstruccion Arquitectonica/notebooks/datasets/original/frame_00551.jpg,/content/drive/MyDrive/Tesis: Tecnicas de CV para Reconstruccion Arquitectonica/notebooks/datasets/splatfacto/frame_00611.jpg,/content/drive/MyDrive/Tesis: Tecnicas de CV para Reconstruccion Arquitectonica/notebooks/datasets/nerfacto/frame_00611.jpg,frame_00551.jpg,frame_00611.jpg,frame_00611.jpg
551,/content/drive/MyDrive/Tesis: Tecnicas de CV para Reconstruccion Arquitectonica/notebooks/datasets/original/frame_00552.jpg,/content/drive/MyDrive/Tesis: Tecnicas de CV para Reconstruccion Arquitectonica/notebooks/datasets/splatfacto/frame_00612.jpg,/content/drive/MyDrive/Tesis: Tecnicas de CV para Reconstruccion Arquitectonica/notebooks/datasets/nerfacto/frame_00612.jpg,frame_00552.jpg,frame_00612.jpg,frame_00612.jpg
552,/content/drive/MyDrive/Tesis: Tecnicas de CV para Reconstruccion Arquitectonica/notebooks/datasets/original/frame_00553.jpg,/content/drive/MyDrive/Tesis: Tecnicas de CV para Reconstruccion Arquitectonica/notebooks/datasets/splatfacto/frame_00613.jpg,/content/drive/MyDrive/Tesis: Tecnicas de CV para Reconstruccion Arquitectonica/notebooks/datasets/nerfacto/frame_00613.jpg,frame_00553.jpg,frame_00613.jpg,frame_00613.jpg
553,/content/drive/MyDrive/Tesis: Tecnicas de CV para Reconstruccion Arquitectonica/notebooks/datasets/original/frame_00554.jpg,/content/drive/MyDrive/Tesis: Tecnicas de CV para Reconstruccion Arquitectonica/notebooks/datasets/splatfacto/frame_00614.jpg,/content/drive/MyDrive/Tesis: Tecnicas de CV para Reconstruccion Arquitectonica/notebooks/datasets/nerfacto/frame_00614.jpg,frame_00554.jpg,frame_00614.jpg,frame_00614.jpg
554,/content/drive/MyDrive/Tesis: Tecnicas de CV para Reconstruccion Arquitectonica/notebooks/datasets/original/frame_00555.jpg,/content/drive/MyDrive/Tesis: Tecnicas de CV para Reconstruccion Arquitectonica/notebooks/datasets/splatfacto/frame_00615.jpg,/content/drive/MyDrive/Tesis: Tecnicas de CV para Reconstruccion Arquitectonica/notebooks/datasets/nerfacto/frame_00615.jpg,frame_00555.jpg,frame_00615.jpg,frame_00615.jpg
555,/content/drive/MyDrive/Tesis: Tecnicas de CV para Reconstruccion Arquitectonica/notebooks/datasets/original/frame_00556.jpg,/content/drive/MyDrive/Tesis: Tecnicas de CV para Reconstruccion Arquitectonica/notebooks/datasets/splatfacto/frame_00617.jpg,/content/drive/MyDrive/Tesis: Tecnicas de CV para Reconstruccion Arquitectonica/notebooks/datasets/nerfacto/frame_00617.jpg,frame_00556.jpg,frame_00617.jpg,frame_00617.jpg
556,/content/drive/MyDrive/Tesis: Tecnicas de CV para Reconstruccion Arquitectonica/notebooks/datasets/original/frame_00557.jpg,/content/drive/MyDrive/Tesis: Tecnicas de CV para Reconstruccion Arquitectonica/notebooks/datasets/splatfacto/frame_00618.jpg,/content/drive/MyDrive/Tesis: Tecnicas de CV para Reconstruccion Arquitectonica/notebooks/datasets/nerfacto/frame_00618.jpg,frame_00557.jpg,frame_00618.jpg,frame_00618.jpg
557,/content/drive/MyDrive/Tesis: Tecnicas de CV para Reconstruccion Arquitectonica/notebooks/datasets/original/frame_00558.jpg,/content/drive/MyDrive/Tesis: Tecnicas de CV para Reconstruccion Arquitectonica/notebooks/datasets/splatfacto/frame_00619.jpg,/content/drive/MyDrive/Tesis: Tecnicas de CV para Reconstruccion Arquitectonica/notebooks/datasets/nerfacto/frame_00619.jpg,frame_00558.jpg,frame_00619.jpg,frame_00619.jpg
558,/content/drive/MyDrive/Tesis: Tecnicas de CV para Reconstruccion Arquitectonica/notebooks/datasets/original/frame_00559.jpg,/content/drive/MyDrive/Tesis: Tecnicas de CV para Reconstruccion Arquitectonica/notebooks/datasets/splatfacto/frame_00620.jpg,/content/drive/MyDrive/Tesis: Tecnicas de CV para Reconstruccion Arquitectonica/notebooks/datasets/nerfacto/frame_00620.jpg,frame_00559.jpg,frame_00620.jpg,frame_00620.jpg
559,/content/drive/MyDrive/Tesis: Tecnicas de CV para Reconstruccion Arquitectonica/notebooks/datasets/original/frame_00560.jpg,/content/drive/MyDrive/Tesis: Tecnicas de CV para Reconstruccion Arquitectonica/notebooks/datasets/splatfacto/frame_00621.jpg,/content/drive/MyDrive/Tesis: Tecnicas de CV para Reconstruccion Arquitectonica/notebooks/datasets/nerfacto/frame_00621.jpg,frame_00560.jpg,frame_00621.jpg,frame_00621.jpg
560,/content/drive/MyDrive/Tesis: Tecnicas de CV para Reconstruccion Arquitectonica/notebooks/datasets/original/frame_00561.jpg,/content/drive/MyDrive/Tesis: Tecnicas de CV para Reconstruccion Arquitectonica/notebooks/datasets/splatfacto/frame_00622.jpg,/content/drive/MyDrive/Tesis: Tecnicas de CV para Reconstruccion Arquitectonica/notebooks/datasets/nerfacto/frame_00622.jpg,frame_00561.jpg,frame_00622.jpg,frame_00622.jpg
561,/content/drive/MyDrive/Tesis: Tecnicas de CV para Reconstruccion Arquitectonica/notebooks/datasets/original/frame_00562.jpg,/content/drive/MyDrive/Tesis: Tecnicas de CV para Reconstruccion Arquitectonica/notebooks/datasets/splatfacto/frame_00623.jpg,/content/drive/MyDrive/Tesis: Tecnicas de CV para Reconstruccion Arquitectonica/notebooks/datasets/nerfacto/frame_00623.jpg,frame_00562.jpg,frame_00623.jpg,frame_00623.jpg
562,/content/drive/MyDrive/Tesis: Tecnicas de CV para Reconstruccion Arquitectonica/notebooks/datasets/original/frame_00563.jpg,/content/drive/MyDrive/Tesis: Tecnicas de CV para Reconstruccion Arquitectonica/notebooks/datasets/splatfacto/frame_00624.jpg,/content/drive/MyDrive/Tesis: Tecnicas de CV para Reconstruccion Arquitectonica/notebooks/datasets/nerfacto/frame_00624.jpg,frame_00563.jpg,frame_00624.jpg,frame_00624.jpg
563,/content/drive/MyDrive/Tesis: Tecnicas de CV para Reconstruccion Arquitectonica/notebooks/datasets/original/frame_00564.jpg,/content/drive/MyDrive/Tesis: Tecnicas de CV para Reconstruccion Arquitectonica/notebooks/datasets/splatfacto/frame_00625.jpg,/content/drive/MyDrive/Tesis: Tecnicas de CV para Reconstruccion Arquitectonica/notebooks/datasets/nerfacto/frame_00625.jpg,frame_00564.jpg,frame_00625.jpg,frame_00625.jpg
564,/content/drive/MyDrive/Tesis: Tecnicas de CV para Reconstruccion Arquitectonica/notebooks/datasets/original/frame_00565.jpg,/content/drive/MyDrive/Tesis: Tecnicas de CV para Reconstruccion Arquitectonica/notebooks/datasets/splatfacto/frame_00627.jpg,/content/drive/MyDrive/Tesis: Tecnicas de CV para Reconstruccion Arquitectonica/notebooks/datasets/nerfacto/frame_00627.jpg,frame_00565.jpg,frame_00627.jpg,frame_00627.jpg
565,/content/drive/MyDrive/Tesis: Tecnicas de CV para Reconstruccion Arquitectonica/notebooks/datasets/original/frame_00566.jpg,/content/drive/MyDrive/Tesis: Tecnicas de CV para Reconstruccion Arquitectonica/notebooks/datasets/splatfacto/frame_00628.jpg,/content/drive/MyDrive/Tesis: Tecnicas de CV para Reconstruccion Arquitectonica/notebooks/datasets/nerfacto/frame_00628.jpg,frame_00566.jpg,frame_00628.jpg,frame_00628.jpg
566,/content/drive/MyDrive/Tesis: Tecnicas de CV para Reconstruccion Arquitectonica/notebooks/datasets/original/frame_00567.jpg,/content/drive/MyDrive/Tesis: Tecnicas de CV para Reconstruccion Arquitectonica/notebooks/datasets/splatfacto/frame_00629.jpg,/content/drive/MyDrive/Tesis: Tecnicas de CV para Reconstruccion Arquitectonica/notebooks/datasets/nerfacto/frame_00629.jpg,frame_00567.jpg,frame_00629.jpg,frame_00629.jpg
567,/content/drive/MyDrive/Tesis: Tecnicas de CV para Reconstruccion Arquitectonica/notebooks/datasets/original/frame_00568.jpg,/content/drive/MyDrive/Tesis: Tecnicas de CV para Reconstruccion Arquitectonica/notebooks/datasets/splatfacto/frame_00630.jpg,/content/drive/MyDrive/Tesis: Tecnicas de CV para Reconstruccion Arquitectonica/notebooks/datasets/nerfacto/frame_00630.jpg,frame_00568.jpg,frame_00630.jpg,frame_00630.jpg
568,/content/drive/MyDrive/Tesis: Tecnicas de CV para Reconstruccion Arquitectonica/notebooks/datasets/original/frame_00569.jpg,/content/drive/MyDrive/Tesis: Tecnicas de CV para Reconstruccion Arquitectonica/notebooks/datasets/splatfacto/frame_00631.jpg,/content/drive/MyDrive/Tesis: Tecnicas de CV para Reconstruccion Arquitectonica/notebooks/datasets/nerfacto/frame_00631.jpg,frame_00569.jpg,frame_00631.jpg,frame_00631.jpg
569,/content/drive/MyDrive/Tesis: Tecnicas de CV para Reconstruccion Arquitectonica/notebooks/datasets/original/frame_00570.jpg,/content/drive/MyDrive/Tesis: Tecnicas de CV para Reconstruccion Arquitectonica/notebooks/datasets/splatfacto/frame_00632.jpg,/content/drive/MyDrive/Tesis: Tecnicas de CV para Reconstruccion Arquitectonica/notebooks/datasets/nerfacto/frame_00632.jpg,frame_00570.jpg,frame_00632.jpg,frame_00632.jpg
570,/content/drive/MyDrive/Tesis: Tecnicas de CV para Reconstruccion Arquitectonica/notebooks/datasets/original/frame_00571.jpg,/content/drive/MyDrive/Tesis: Tecnicas de CV para Reconstruccion Arquitectonica/notebooks/datasets/splatfacto/frame_00633.jpg,/content/drive/MyDrive/Tesis: Tecnicas de CV para Reconstruccion Arquitectonica/notebooks/datasets/nerfacto/frame_00633.jpg,frame_00571.jpg,frame_00633.jpg,frame_00633.jpg
571,/content/drive/MyDrive/Tesis: Tecnicas de CV para Reconstruccion Arquitectonica/notebooks/datasets/original/frame_00572.jpg,/content/drive/MyDrive/Tesis: Tecnicas de CV para Reconstruccion Arquitectonica/notebooks/datasets/splatfacto/frame_00634.jpg,/content/drive/MyDrive/Tesis: Tecnicas de CV para Reconstruccion Arquitectonica/notebooks/datasets/nerfacto/frame_00634.jpg,frame_00572.jpg,frame_00634.jpg,frame_00634.jpg
572,/content/drive/MyDrive/Tesis: Tecnicas de CV para Reconstruccion Arquitectonica/notebooks/datasets/original/frame_00573.jpg,/content/drive/MyDrive/Tesis: Tecnicas de CV para Reconstruccion Arquitectonica/notebooks/datasets/splatfacto/frame_00635.jpg,/content/drive/MyDrive/Tesis: Tecnicas de CV para Reconstruccion Arquitectonica/notebooks/datasets/nerfacto/frame_00635.jpg,frame_00573.jpg,frame_00635.jpg,frame_00635.jpg
573,/content/drive/MyDrive/Tesis: Tecnicas de CV para Reconstruccion Arquitectonica/notebooks/datasets/original/frame_00574.jpg,/content/drive/MyDrive/Tesis: Tecnicas de CV para Reconstruccion Arquitectonica/notebooks/datasets/splatfacto/frame_00637.jpg,/content/drive/MyDrive/Tesis: Tecnicas de CV para Reconstruccion Arquitectonica/notebooks/datasets/nerfacto/frame_00637.jpg,frame_00574.jpg,frame_00637.jpg,frame_00637.jpg
574,/content/drive/MyDrive/Tesis: Tecnicas de CV para Reconstruccion Arquitectonica/notebooks/datasets/original/frame_00575.jpg,/content/drive/MyDrive/Tesis: Tecnicas de CV para Reconstruccion Arquitectonica/notebooks/datasets/splatfacto/frame_00638.jpg,/content/drive/MyDrive/Tesis: Tecnicas de CV para Reconstruccion Arquitectonica/notebooks/datasets/nerfacto/frame_00638.jpg,frame_00575.jpg,frame_00638.jpg,frame_00638.jpg
575,/content/drive/MyDrive/Tesis: Tecnicas de CV para Reconstruccion Arquitectonica/notebooks/datasets/original/frame_00576.jpg,/content/drive/MyDrive/Tesis: Tecnicas de CV para Reconstruccion Arquitectonica/notebooks/datasets/splatfacto/frame_00639.jpg,/content/drive/MyDrive/Tesis: Tecnicas de CV para Reconstruccion Arquitectonica/notebooks/datasets/nerfacto/frame_00639.jpg,frame_00576.jpg,frame_00639.jpg,frame_00639.jpg
576,/content/drive/MyDrive/Tesis: Tecnicas de CV para Reconstruccion Arquitectonica/notebooks/datasets/original/frame_00577.jpg,/content/drive/MyDrive/Tesis: Tecnicas de CV para Reconstruccion Arquitectonica/notebooks/datasets/splatfacto/frame_00640.jpg,/content/drive/MyDrive/Tesis: Tecnicas de CV para Reconstruccion Arquitectonica/notebooks/datasets/nerfacto/frame_00640.jpg,frame_00577.jpg,frame_00640.jpg,frame_00640.jpg
577,/content/drive/MyDrive/Tesis: Tecnicas de CV para Reconstruccion Arquitectonica/notebooks/datasets/original/frame_00578.jpg,/content/drive/MyDrive/Tesis: Tecnicas de CV para Reconstruccion Arquitectonica/notebooks/datasets/splatfacto/frame_00641.jpg,/content/drive/MyDrive/Tesis: Tecnicas de CV para Reconstruccion Arquitectonica/notebooks/datasets/nerfacto/frame_00641.jpg,frame_00578.jpg,frame_00641.jpg,frame_00641.jpg
578,/content/drive/MyDrive/Tesis: Tecnicas de CV para Reconstruccion Arquitectonica/notebooks/datasets/original/frame_00579.jpg,/content/drive/MyDrive/Tesis: Tecnicas de CV para Reconstruccion Arquitectonica/notebooks/datasets/splatfacto/frame_00642.jpg,/content/drive/MyDrive/Tesis: Tecnicas de CV para Reconstruccion Arquitectonica/notebooks/datasets/nerfacto/frame_00642.jpg,frame_00579.jpg,frame_00642.jpg,frame_00642.jpg
579,/content/drive/MyDrive/Tesis: Tecnicas de CV para Reconstruccion Arquitectonica/notebooks/datasets/original/frame_00580.jpg,/content/drive/MyDrive/Tesis: Tecnicas de CV para Reconstruccion Arquitectonica/notebooks/datasets/splatfacto/frame_00643.jpg,/content/drive/MyDrive/Tesis: Tecnicas de CV para Reconstruccion Arquitectonica/notebooks/datasets/nerfacto/frame_00643.jpg,frame_00580.jpg,frame_00643.jpg,frame_00643.jpg
580,/content/drive/MyDrive/Tesis: Tecnicas de CV para Reconstruccion Arquitectonica/notebooks/datasets/original/frame_00581.jpg,/content/drive/MyDrive/Tesis: Tecnicas de CV para Reconstruccion Arquitectonica/notebooks/datasets/splatfacto/frame_00644.jpg,/content/drive/MyDrive/Tesis: Tecnicas de CV para Reconstruccion Arquitectonica/notebooks/datasets/nerfacto/frame_00644.jpg,frame_00581.jpg,frame_00644.jpg,frame_00644.jpg
581,/content/drive/MyDrive/Tesis: Tecnicas de CV para Reconstruccion Arquitectonica/notebooks/datasets/original/frame_00582.jpg,/content/drive/MyDrive/Tesis: Tecnicas de CV para Reconstruccion Arquitectonica/notebooks/datasets/splatfacto/frame_00645.jpg,/content/drive/MyDrive/Tesis: Tecnicas de CV para Reconstruccion Arquitectonica/notebooks/datasets/nerfacto/frame_00645.jpg,frame_00582.jpg,frame_00645.jpg,frame_00645.jpg
582,/content/drive/MyDrive/Tesis: Tecnicas de CV para Reconstruccion Arquitectonica/notebooks/datasets/original/frame_00583.jpg,/content/drive/MyDrive/Tesis: Tecnicas de CV para Reconstruccion Arquitectonica/notebooks/datasets/splatfacto/frame_00647.jpg,/content/drive/MyDrive/Tesis: Tecnicas de CV para Reconstruccion Arquitectonica/notebooks/datasets/nerfacto/frame_00647.jpg,frame_00583.jpg,frame_00647.jpg,frame_00647.jpg
583,/content/drive/MyDrive/Tesis: Tecnicas de CV para Reconstruccion Arquitectonica/notebooks/datasets/original/frame_00584.jpg,/content/drive/MyDrive/Tesis: Tecnicas de CV para Reconstruccion Arquitectonica/notebooks/datasets/splatfacto/frame_00648.jpg,/content/drive/MyDrive/Tesis: Tecnicas de CV para Reconstruccion Arquitectonica/notebooks/datasets/nerfacto/frame_00648.jpg,frame_00584.jpg,frame_00648.jpg,frame_00648.jpg
584,/content/drive/MyDrive/Tesis: Tecnicas de CV para Reconstruccion Arquitectonica/notebooks/datasets/original/frame_00585.jpg,/content/drive/MyDrive/Tesis: Tecnicas de CV para Reconstruccion Arquitectonica/notebooks/datasets/splatfacto/frame_00649.jpg,/content/drive/MyDrive/Tesis: Tecnicas de CV para Reconstruccion Arquitectonica/notebooks/datasets/nerfacto/frame_00649.jpg,frame_00585.jpg,frame_00649.jpg,frame_00649.jpg
585,/content/drive/MyDrive/Tesis: Tecnicas de CV para Reconstruccion Arquitectonica/notebooks/datasets/original/frame_00586.jpg,/content/drive/MyDrive/Tesis: Tecnicas de CV para Reconstruccion Arquitectonica/notebooks/datasets/splatfacto/frame_00650.jpg,/content/drive/MyDrive/Tesis: Tecnicas de CV para Reconstruccion Arquitectonica/notebooks/datasets/nerfacto/frame_00650.jpg,frame_00586.jpg,frame_00650.jpg,frame_00650.jpg
586,/content/drive/MyDrive/Tesis: Tecnicas de CV para Reconstruccion Arquitectonica/notebooks/datasets/original/frame_00587.jpg,/content/drive/MyDrive/Tesis: Tecnicas de CV para Reconstruccion Arquitectonica/notebooks/datasets/splatfacto/frame_00651.jpg,/content/drive/MyDrive/Tesis: Tecnicas de CV para Reconstruccion Arquitectonica/notebooks/datasets/nerfacto/frame_00651.jpg,frame_00587.jpg,frame_00651.jpg,frame_00651.jpg
587,/content/drive/MyDrive/Tesis: Tecnicas de CV para Reconstruccion Arquitectonica/notebooks/datasets/original/frame_00588.jpg,/content/drive/MyDrive/Tesis: Tecnicas de CV para Reconstruccion Arquitectonica/notebooks/datasets/splatfacto/frame_00652.jpg,/content/drive/MyDrive/Tesis: Tecnicas de CV para Reconstruccion Arquitectonica/notebooks/datasets/nerfacto/frame_00652.jpg,frame_00588.jpg,frame_00652.jpg,frame_00652.jpg
588,/content/drive/MyDrive/Tesis: Tecnicas de CV para Reconstruccion Arquitectonica/notebooks/datasets/original/frame_00589.jpg,/content/drive/MyDrive/Tesis: Tecnicas de CV para Reconstruccion Arquitectonica/notebooks/datasets/splatfacto/frame_00653.jpg,/content/drive/MyDrive/Tesis: Tecnicas de CV para Reconstruccion Arquitectonica/notebooks/datasets/nerfacto/frame_00653.jpg,frame_00589.jpg,frame_00653.jpg,frame_00653.jpg
589,/content/drive/MyDrive/Tesis: Tecnicas de CV para Reconstruccion Arquitectonica/notebooks/datasets/original/frame_00590.jpg,/content/drive/MyDrive/Tesis: Tecnicas de CV para Reconstruccion Arquitectonica/notebooks/datasets/splatfacto/frame_00654.jpg,/content/drive/MyDrive/Tesis: Tecnicas de CV para Reconstruccion Arquitectonica/notebooks/datasets/nerfacto/frame_00654.jpg,frame_00590.jpg,frame_00654.jpg,frame_00654.jpg
590,/content/drive/MyDrive/Tesis: Tecnicas de CV para Reconstruccion Arquitectonica/notebooks/datasets/original/frame_00591.jpg,/content/drive/MyDrive/Tesis: Tecnicas de CV para Reconstruccion Arquitectonica/notebooks/datasets/splatfacto/frame_00655.jpg,/content/drive/MyDrive/Tesis: Tecnicas de CV para Reconstruccion Arquitectonica/notebooks/datasets/nerfacto/frame_00655.jpg,frame_00591.jpg,frame_00655.jpg,frame_00655.jpg
591,/content/drive/MyDrive/Tesis: Tecnicas de CV para Reconstruccion Arquitectonica/notebooks/datasets/original/frame_00592.jpg,/content/drive/MyDrive/Tesis: Tecnicas de CV para Reconstruccion Arquitectonica/notebooks/datasets/splatfacto/frame_00657.jpg,/content/drive/MyDrive/Tesis: Tecnicas de CV para Reconstruccion Arquitectonica/notebooks/datasets/nerfacto/frame_00657.jpg,frame_00592.jpg,frame_00657.jpg,frame_00657.jpg
592,/content/drive/MyDrive/Tesis: Tecnicas de CV para Reconstruccion Arquitectonica/notebooks/datasets/original/frame_00593.jpg,/content/drive/MyDrive/Tesis: Tecnicas de CV para Reconstruccion Arquitectonica/notebooks/datasets/splatfacto/frame_00658.jpg,/content/drive/MyDrive/Tesis: Tecnicas de CV para Reconstruccion Arquitectonica/notebooks/datasets/nerfacto/frame_00658.jpg,frame_00593.jpg,frame_00658.jpg,frame_00658.jpg
593,/content/drive/MyDrive/Tesis: Tecnicas de CV para Reconstruccion Arquitectonica/notebooks/datasets/original/frame_00594.jpg,/content/drive/MyDrive/Tesis: Tecnicas de CV para Reconstruccion Arquitectonica/notebooks/datasets/splatfacto/frame_00659.jpg,/content/drive/MyDrive/Tesis: Tecnicas de CV para Reconstruccion Arquitectonica/notebooks/datasets/nerfacto/frame_00659.jpg,frame_00594.jpg,frame_00659.jpg,frame_00659.jpg
594,/content/drive/MyDrive/Tesis: Tecnicas de CV para Reconstruccion Arquitectonica/notebooks/datasets/original/frame_00595.jpg,/content/drive/MyDrive/Tesis: Tecnicas de CV para Reconstruccion Arquitectonica/notebooks/datasets/splatfacto/frame_00660.jpg,/content/drive/MyDrive/Tesis: Tecnicas de CV para Reconstruccion Arquitectonica/notebooks/datasets/nerfacto/frame_00660.jpg,frame_00595.jpg,frame_00660.jpg,frame_00660.jpg
595,/content/drive/MyDrive/Tesis: Tecnicas de CV para Reconstruccion Arquitectonica/notebooks/datasets/original/frame_00596.jpg,/content/drive/MyDrive/Tesis: Tecnicas de CV para Reconstruccion Arquitectonica/notebooks/datasets/splatfacto/frame_00661.jpg,/content/drive/MyDrive/Tesis: Tecnicas de CV para Reconstruccion Arquitectonica/notebooks/datasets/nerfacto/frame_00661.jpg,frame_00596.jpg,frame_00661.jpg,frame_00661.jpg
596,/content/drive/MyDrive/Tesis: Tecnicas de CV para Reconstruccion Arquitectonica/notebooks/datasets/original/frame_00597.jpg,/content/drive/MyDrive/Tesis: Tecnicas de CV para Reconstruccion Arquitectonica/notebooks/datasets/splatfacto/frame_00662.jpg,/content/drive/MyDrive/Tesis: Tecnicas de CV para Reconstruccion Arquitectonica/notebooks/datasets/nerfacto/frame_00662.jpg,frame_00597.jpg,frame_00662.jpg,frame_00662.jpg
597,/content/drive/MyDrive/Tesis: Tecnicas de CV para Reconstruccion Arquitectonica/notebooks/datasets/original/frame_00598.jpg,/content/drive/MyDrive/Tesis: Tecnicas de CV para Reconstruccion Arquitectonica/notebooks/datasets/splatfacto/frame_00663.jpg,/content/drive/MyDrive/Tesis: Tecnicas de CV para Reconstruccion Arquitectonica/notebooks/datasets/nerfacto/frame_00663.jpg,frame_00598.jpg,frame_00663.jpg,frame_00663.jpg
598,/content/drive/MyDrive/Tesis: Tecnicas de CV para Reconstruccion Arquitectonica/notebooks/datasets/original/frame_00599.jpg,/content/drive/MyDrive/Tesis: Tecnicas de CV para Reconstruccion Arquitectonica/notebooks/datasets/splatfacto/frame_00664.jpg,/content/drive/MyDrive/Tesis: Tecnicas de CV para Reconstruccion Arquitectonica/notebooks/datasets/nerfacto/frame_00664.jpg,frame_00599.jpg,frame_00664.jpg,frame_00664.jpg
599,/content/drive/MyDrive/Tesis: Tecnicas de CV para Reconstruccion Arquitectonica/notebooks/datasets/original/frame_00600.jpg,/content/drive/MyDrive/Tesis: Tecnicas de CV para Reconstruccion Arquitectonica/notebooks/datasets/splatfacto/frame_00665.jpg,/content/drive/MyDrive/Tesis: Tecnicas de CV para Reconstruccion Arquitectonica/notebooks/datasets/nerfacto/frame_00665.jpg,frame_00600.jpg,frame_00665.jpg,frame_00665.jpg
600,/content/drive/MyDrive/Tesis: Tecnicas de CV para Reconstruccion Arquitectonica/notebooks/datasets/original/frame_00601.jpg,/content/drive/MyDrive/Tesis: Tecnicas de CV para Reconstruccion Arquitectonica/notebooks/datasets/splatfacto/frame_00667.jpg,/content/drive/MyDrive/Tesis: Tecnicas de CV para Reconstruccion Arquitectonica/notebooks/datasets/nerfacto/frame_00667.jpg,frame_00601.jpg,frame_00667.jpg,frame_00667.jpg
601,/content/drive/MyDrive/Tesis: Tecnicas de CV para Reconstruccion Arquitectonica/notebooks/datasets/original/frame_00602.jpg,/content/drive/MyDrive/Tesis: Tecnicas de CV para Reconstruccion Arquitectonica/notebooks/datasets/splatfacto/frame_00668.jpg,/content/drive/MyDrive/Tesis: Tecnicas de CV para Reconstruccion Arquitectonica/notebooks/datasets/nerfacto/frame_00668.jpg,frame_00602.jpg,frame_00668.jpg,frame_00668.jpg
602,/content/drive/MyDrive/Tesis: Tecnicas de CV para Reconstruccion Arquitectonica/notebooks/datasets/original/frame_00603.jpg,/content/drive/MyDrive/Tesis: Tecnicas de CV para Reconstruccion Arquitectonica/notebooks/datasets/splatfacto/frame_00669.jpg,/content/drive/MyDrive/Tesis: Tecnicas de CV para Reconstruccion Arquitectonica/notebooks/datasets/nerfacto/frame_00669.jpg,frame_00603.jpg,frame_00669.jpg,frame_00669.jpg
603,/content/drive/MyDrive/Tesis: Tecnicas de CV para Reconstruccion Arquitectonica/notebooks/datasets/original/frame_00604.jpg,/content/drive/MyDrive/Tesis: Tecnicas de CV para Reconstruccion Arquitectonica/notebooks/datasets/splatfacto/frame_00670.jpg,/content/drive/MyDrive/Tesis: Tecnicas de CV para Reconstruccion Arquitectonica/notebooks/datasets/nerfacto/frame_00670.jpg,frame_00604.jpg,frame_00670.jpg,frame_00670.jpg
604,/content/drive/MyDrive/Tesis: Tecnicas de CV para Reconstruccion Arquitectonica/notebooks/datasets/original/frame_00605.jpg,/content/drive/MyDrive/Tesis: Tecnicas de CV para Reconstruccion Arquitectonica/notebooks/datasets/splatfacto/frame_00671.jpg,/content/drive/MyDrive/Tesis: Tecnicas de CV para Reconstruccion Arquitectonica/notebooks/datasets/nerfacto/frame_00671.jpg,frame_00605.jpg,frame_00671.jpg,frame_00671.jpg
605,/content/drive/MyDrive/Tesis: Tecnicas de CV para Reconstruccion Arquitectonica/notebooks/datasets/original/frame_00606.jpg,/content/drive/MyDrive/Tesis: Tecnicas de CV para Reconstruccion Arquitectonica/notebooks/datasets/splatfacto/frame_00672.jpg,/content/drive/MyDrive/Tesis: Tecnicas de CV para Reconstruccion Arquitectonica/notebooks/datasets/nerfacto/frame_00672.jpg,frame_00606.jpg,frame_00672.jpg,frame_00672.jpg
606,/content/drive/MyDrive/Tesis: Tecnicas de CV para Reconstruccion Arquitectonica/notebooks/datasets/original/frame_00607.jpg,/content/drive/MyDrive/Tesis: Tecnicas de CV para Reconstruccion Arquitectonica/notebooks/datasets/splatfacto/frame_00673.jpg,/content/drive/MyDrive/Tesis: Tecnicas de CV para Reconstruccion Arquitectonica/notebooks/datasets/nerfacto/frame_00673.jpg,frame_00607.jpg,frame_00673.jpg,frame_00673.jpg
607,/content/drive/MyDrive/Tesis: Tecnicas de CV para Reconstruccion Arquitectonica/notebooks/datasets/original/frame_00608.jpg,/content/drive/MyDrive/Tesis: Tecnicas de CV para Reconstruccion Arquitectonica/notebooks/datasets/splatfacto/frame_00674.jpg,/content/drive/MyDrive/Tesis: Tecnicas de CV para Reconstruccion Arquitectonica/notebooks/datasets/nerfacto/frame_00674.jpg,frame_00608.jpg,frame_00674.jpg,frame_00674.jpg
608,/content/drive/MyDrive/Tesis: Tecnicas de CV para Reconstruccion Arquitectonica/notebooks/datasets/original/frame_00609.jpg,/content/drive/MyDrive/Tesis: Tecnicas de CV para Reconstruccion Arquitectonica/notebooks/datasets/splatfacto/frame_00675.jpg,/content/drive/MyDrive/Tesis: Tecnicas de CV para Reconstruccion Arquitectonica/notebooks/datasets/nerfacto/frame_00675.jpg,frame_00609.jpg,frame_00675.jpg,frame_00675.jpg
609,/content/drive/MyDrive/Tesis: Tecnicas de CV para Reconstruccion Arquitectonica/notebooks/datasets/original/frame_00610.jpg,/content/drive/MyDrive/Tesis: Tecnicas de CV para Reconstruccion Arquitectonica/notebooks/datasets/splatfacto/frame_00677.jpg,/content/drive/MyDrive/Tesis: Tecnicas de CV para Reconstruccion Arquitectonica/notebooks/datasets/nerfacto/frame_00677.jpg,frame_00610.jpg,frame_00677.jpg,frame_00677.jpg
610,/content/drive/MyDrive/Tesis: Tecnicas de CV para Reconstruccion Arquitectonica/notebooks/datasets/original/frame_00611.jpg,/content/drive/MyDrive/Tesis: Tecnicas de CV para Reconstruccion Arquitectonica/notebooks/datasets/splatfacto/frame_00678.jpg,/content/drive/MyDrive/Tesis: Tecnicas de CV para Reconstruccion Arquitectonica/notebooks/datasets/nerfacto/frame_00678.jpg,frame_00611.jpg,frame_00678.jpg,frame_00678.jpg
611,/content/drive/MyDrive/Tesis: Tecnicas de CV para Reconstruccion Arquitectonica/notebooks/datasets/original/frame_00612.jpg,/content/drive/MyDrive/Tesis: Tecnicas de CV para Reconstruccion Arquitectonica/notebooks/datasets/splatfacto/frame_00679.jpg,/content/drive/MyDrive/Tesis: Tecnicas de CV para Reconstruccion Arquitectonica/notebooks/datasets/nerfacto/frame_00679.jpg,frame_00612.jpg,frame_00679.jpg,frame_00679.jpg
612,/content/drive/MyDrive/Tesis: Tecnicas de CV para Reconstruccion Arquitectonica/notebooks/datasets/original/frame_00613.jpg,/content/drive/MyDrive/Tesis: Tecnicas de CV para Reconstruccion Arquitectonica/notebooks/datasets/splatfacto/frame_00680.jpg,/content/drive/MyDrive/Tesis: Tecnicas de CV para Reconstruccion Arquitectonica/notebooks/datasets/nerfacto/frame_00680.jpg,frame_00613.jpg,frame_00680.jpg,frame_00680.jpg
613,/content/drive/MyDrive/Tesis: Tecnicas de CV para Reconstruccion Arquitectonica/notebooks/datasets/original/frame_00614.jpg,/content/drive/MyDrive/Tesis: Tecnicas de CV para Reconstruccion Arquitectonica/notebooks/datasets/splatfacto/frame_00681.jpg,/content/drive/MyDrive/Tesis: Tecnicas de CV para Reconstruccion Arquitectonica/notebooks/datasets/nerfacto/frame_00681.jpg,frame_00614.jpg,frame_00681.jpg,frame_00681.jpg
614,/content/drive/MyDrive/Tesis: Tecnicas de CV para Reconstruccion Arquitectonica/notebooks/datasets/original/frame_00615.jpg,/content/drive/MyDrive/Tesis: Tecnicas de CV para Reconstruccion Arquitectonica/notebooks/datasets/splatfacto/frame_00682.jpg,/content/drive/MyDrive/Tesis: Tecnicas de CV para Reconstruccion Arquitectonica/notebooks/datasets/nerfacto/frame_00682.jpg,frame_00615.jpg,frame_00682.jpg,frame_00682.jpg
615,/content/drive/MyDrive/Tesis: Tecnicas de CV para Reconstruccion Arquitectonica/notebooks/datasets/original/frame_00616.jpg,/content/drive/MyDrive/Tesis: Tecnicas de CV para Reconstruccion Arquitectonica/notebooks/datasets/splatfacto/frame_00683.jpg,/content/drive/MyDrive/Tesis: Tecnicas de CV para Reconstruccion Arquitectonica/notebooks/datasets/nerfacto/frame_00683.jpg,frame_00616.jpg,frame_00683.jpg,frame_00683.jpg
616,/content/drive/MyDrive/Tesis: Tecnicas de CV para Reconstruccion Arquitectonica/notebooks/datasets/original/frame_00617.jpg,/content/drive/MyDrive/Tesis: Tecnicas de CV para Reconstruccion Arquitectonica/notebooks/datasets/splatfacto/frame_00684.jpg,/content/drive/MyDrive/Tesis: Tecnicas de CV para Reconstruccion Arquitectonica/notebooks/datasets/nerfacto/frame_00684.jpg,frame_00617.jpg,frame_00684.jpg,frame_00684.jpg
617,/content/drive/MyDrive/Tesis: Tecnicas de CV para Reconstruccion Arquitectonica/notebooks/datasets/original/frame_00618.jpg,/content/drive/MyDrive/Tesis: Tecnicas de CV para Reconstruccion Arquitectonica/notebooks/datasets/splatfacto/frame_00685.jpg,/content/drive/MyDrive/Tesis: Tecnicas de CV para Reconstruccion Arquitectonica/notebooks/datasets/nerfacto/frame_00685.jpg,frame_00618.jpg,frame_00685.jpg,frame_00685.jpg
618,/content/drive/MyDrive/Tesis: Tecnicas de CV para Reconstruccion Arquitectonica/notebooks/datasets/original/frame_00619.jpg,/content/drive/MyDrive/Tesis: Tecnicas de CV para Reconstruccion Arquitectonica/notebooks/datasets/splatfacto/frame_00687.jpg,/content/drive/MyDrive/Tesis: Tecnicas de CV para Reconstruccion Arquitectonica/notebooks/datasets/nerfacto/frame_00687.jpg,frame_00619.jpg,frame_00687.jpg,frame_00687.jpg
619,/content/drive/MyDrive/Tesis: Tecnicas de CV para Reconstruccion Arquitectonica/notebooks/datasets/original/frame_00620.jpg,/content/drive/MyDrive/Tesis: Tecnicas de CV para Reconstruccion Arquitectonica/notebooks/datasets/splatfacto/frame_00688.jpg,/content/drive/MyDrive/Tesis: Tecnicas de CV para Reconstruccion Arquitectonica/notebooks/datasets/nerfacto/frame_00688.jpg,frame_00620.jpg,frame_00688.jpg,frame_00688.jpg
620,/content/drive/MyDrive/Tesis: Tecnicas de CV para Reconstruccion Arquitectonica/notebooks/datasets/original/frame_00621.jpg,/content/drive/MyDrive/Tesis: Tecnicas de CV para Reconstruccion Arquitectonica/notebooks/datasets/splatfacto/frame_00689.jpg,/content/drive/MyDrive/Tesis: Tecnicas de CV para Reconstruccion Arquitectonica/notebooks/datasets/nerfacto/frame_00689.jpg,frame_00621.jpg,frame_00689.jpg,frame_00689.jpg
621,/content/drive/MyDrive/Tesis: Tecnicas de CV para Reconstruccion Arquitectonica/notebooks/datasets/original/frame_00622.jpg,/content/drive/MyDrive/Tesis: Tecnicas de CV para Reconstruccion Arquitectonica/notebooks/datasets/splatfacto/frame_00690.jpg,/content/drive/MyDrive/Tesis: Tecnicas de CV para Reconstruccion Arquitectonica/notebooks/datasets/nerfacto/frame_00690.jpg,frame_00622.jpg,frame_00690.jpg,frame_00690.jpg
622,/content/drive/MyDrive/Tesis: Tecnicas de CV para Reconstruccion Arquitectonica/notebooks/datasets/original/frame_00623.jpg,/content/drive/MyDrive/Tesis: Tecnicas de CV para Reconstruccion Arquitectonica/notebooks/datasets/splatfacto/frame_00691.jpg,/content/drive/MyDrive/Tesis: Tecnicas de CV para Reconstruccion Arquitectonica/notebooks/datasets/nerfacto/frame_00691.jpg,frame_00623.jpg,frame_00691.jpg,frame_00691.jpg
623,/content/drive/MyDrive/Tesis: Tecnicas de CV para Reconstruccion Arquitectonica/notebooks/datasets/original/frame_00624.jpg,/content/drive/MyDrive/Tesis: Tecnicas de CV para Reconstruccion Arquitectonica/notebooks/datasets/splatfacto/frame_00692.jpg,/content/drive/MyDrive/Tesis: Tecnicas de CV para Reconstruccion Arquitectonica/notebooks/datasets/nerfacto/frame_00692.jpg,frame_00624.jpg,frame_00692.jpg,frame_00692.jpg
624,/content/drive/MyDrive/Tesis: Tecnicas de CV para Reconstruccion Arquitectonica/notebooks/datasets/original/frame_00625.jpg,/content/drive/MyDrive/Tesis: Tecnicas de CV para Reconstruccion Arquitectonica/notebooks/datasets/splatfacto/frame_00693.jpg,/content/drive/MyDrive/Tesis: Tecnicas de CV para Reconstruccion Arquitectonica/notebooks/datasets/nerfacto/frame_00693.jpg,frame_00625.jpg,frame_00693.jpg,frame_00693.jpg
625,/content/drive/MyDrive/Tesis: Tecnicas de CV para Reconstruccion Arquitectonica/notebooks/datasets/original/frame_00626.jpg,/content/drive/MyDrive/Tesis: Tecnicas de CV para Reconstruccion Arquitectonica/notebooks/datasets/splatfacto/frame_00694.jpg,/content/drive/MyDrive/Tesis: Tecnicas de CV para Reconstruccion Arquitectonica/notebooks/datasets/nerfacto/frame_00694.jpg,frame_00626.jpg,frame_00694.jpg,frame_00694.jpg
626,/content/drive/MyDrive/Tesis: Tecnicas de CV para Reconstruccion Arquitectonica/notebooks/datasets/original/frame_00627.jpg,/content/drive/MyDrive/Tesis: Tecnicas de CV para Reconstruccion Arquitectonica/notebooks/datasets/splatfacto/frame_00695.jpg,/content/drive/MyDrive/Tesis: Tecnicas de CV para Reconstruccion Arquitectonica/notebooks/datasets/nerfacto/frame_00695.jpg,frame_00627.jpg,frame_00695.jpg,frame_00695.jpg
627,/content/drive/MyDrive/Tesis: Tecnicas de CV para Reconstruccion Arquitectonica/notebooks/datasets/original/frame_00628.jpg,/content/drive/MyDrive/Tesis: Tecnicas de CV para Reconstruccion Arquitectonica/notebooks/datasets/splatfacto/frame_00697.jpg,/content/drive/MyDrive/Tesis: Tecnicas de CV para Reconstruccion Arquitectonica/notebooks/datasets/nerfacto/frame_00697.jpg,frame_00628.jpg,frame_00697.jpg,frame_00697.jpg
628,/content/drive/MyDrive/Tesis: Tecnicas de CV para Reconstruccion Arquitectonica/notebooks/datasets/original/frame_00629.jpg,/content/drive/MyDrive/Tesis: Tecnicas de CV para Reconstruccion Arquitectonica/notebooks/datasets/splatfacto/frame_00698.jpg,/content/drive/MyDrive/Tesis: Tecnicas de CV para Reconstruccion Arquitectonica/notebooks/datasets/nerfacto/frame_00698.jpg,frame_00629.jpg,frame_00698.jpg,frame_00698.jpg
629,/content/drive/MyDrive/Tesis: Tecnicas de CV para Reconstruccion Arquitectonica/notebooks/datasets/original/frame_00630.jpg,/content/drive/MyDrive/Tesis: Tecnicas de CV para Reconstruccion Arquitectonica/notebooks/datasets/splatfacto/frame_00699.jpg,/content/drive/MyDrive/Tesis: Tecnicas de CV para Reconstruccion Arquitectonica/notebooks/datasets/nerfacto/frame_00699.jpg,frame_00630.jpg,frame_00699.jpg,frame_00699.jpg
630,/content/drive/MyDrive/Tesis: Tecnicas de CV para Reconstruccion Arquitectonica/notebooks/datasets/original/frame_00631.jpg,/content/drive/MyDrive/Tesis: Tecnicas de CV para Reconstruccion Arquitectonica/notebooks/datasets/splatfacto/frame_00700.jpg,/content/drive/MyDrive/Tesis: Tecnicas de CV para Reconstruccion Arquitectonica/notebooks/datasets/nerfacto/frame_00700.jpg,frame_00631.jpg,frame_00700.jpg,frame_00700.jpg
631,/content/drive/MyDrive/Tesis: Tecnicas de CV para Reconstruccion Arquitectonica/notebooks/datasets/original/frame_00632.jpg,/content/drive/MyDrive/Tesis: Tecnicas de CV para Reconstruccion Arquitectonica/notebooks/datasets/splatfacto/frame_00701.jpg,/content/drive/MyDrive/Tesis: Tecnicas de CV para Reconstruccion Arquitectonica/notebooks/datasets/nerfacto/frame_00701.jpg,frame_00632.jpg,frame_00701.jpg,frame_00701.jpg
632,/content/drive/MyDrive/Tesis: Tecnicas de CV para Reconstruccion Arquitectonica/notebooks/datasets/original/frame_00633.jpg,/content/drive/MyDrive/Tesis: Tecnicas de CV para Reconstruccion Arquitectonica/notebooks/datasets/splatfacto/frame_00702.jpg,/content/drive/MyDrive/Tesis: Tecnicas de CV para Reconstruccion Arquitectonica/notebooks/datasets/nerfacto/frame_00702.jpg,frame_00633.jpg,frame_00702.jpg,frame_00702.jpg
633,/content/drive/MyDrive/Tesis: Tecnicas de CV para Reconstruccion Arquitectonica/notebooks/datasets/original/frame_00634.jpg,/content/drive/MyDrive/Tesis: Tecnicas de CV para Reconstruccion Arquitectonica/notebooks/datasets/splatfacto/frame_00703.jpg,/content/drive/MyDrive/Tesis: Tecnicas de CV para Reconstruccion Arquitectonica/notebooks/datasets/nerfacto/frame_00703.jpg,frame_00634.jpg,frame_00703.jpg,frame_00703.jpg
634,/content/drive/MyDrive/Tesis: Tecnicas de CV para Reconstruccion Arquitectonica/notebooks/datasets/original/frame_00635.jpg,/content/drive/MyDrive/Tesis: Tecnicas de CV para Reconstruccion Arquitectonica/notebooks/datasets/splatfacto/frame_00704.jpg,/content/drive/MyDrive/Tesis: Tecnicas de CV para Reconstruccion Arquitectonica/notebooks/datasets/nerfacto/frame_00704.jpg,frame_00635.jpg,frame_00704.jpg,frame_00704.jpg
635,/content/drive/MyDrive/Tesis: Tecnicas de CV para Reconstruccion Arquitectonica/notebooks/datasets/original/frame_00636.jpg,/content/drive/MyDrive/Tesis: Tecnicas de CV para Reconstruccion Arquitectonica/notebooks/datasets/splatfacto/frame_00705.jpg,/content/drive/MyDrive/Tesis: Tecnicas de CV para Reconstruccion Arquitectonica/notebooks/datasets/nerfacto/frame_00705.jpg,frame_00636.jpg,frame_00705.jpg,frame_00705.jpg
636,/content/drive/MyDrive/Tesis: Tecnicas de CV para Reconstruccion Arquitectonica/notebooks/datasets/original/frame_00637.jpg,/content/drive/MyDrive/Tesis: Tecnicas de CV para Reconstruccion Arquitectonica/notebooks/datasets/splatfacto/frame_00707.jpg,/content/drive/MyDrive/Tesis: Tecnicas de CV para Reconstruccion Arquitectonica/notebooks/datasets/nerfacto/frame_00707.jpg,frame_00637.jpg,frame_00707.jpg,frame_00707.jpg
