
==========
== CUDA ==
==========

CUDA Version 11.8.0

Container image Copyright (c) 2016-2023, NVIDIA CORPORATION & AFFILIATES. All rights reserved.

This container image and its contents are governed by the NVIDIA Deep Learning Container License.
By pulling and using the container, you accept the terms and conditions of this license:
https://developer.nvidia.com/ngc/nvidia-deep-learning-container-license

A copy of this license is made available in this container at /NGC-DL-CONTAINER-LICENSE for your convenience.

I0825 21:36:10.893007    29 misc.cc:198] 
==============================================================================
Feature extraction
==============================================================================
I0825 21:36:12.055745    47 feature_extraction.cc:254] Processed file [1/795]
I0825 21:36:12.055811    47 feature_extraction.cc:257]   Name:            frame_000001.jpg
I0825 21:36:12.055819    47 feature_extraction.cc:283]   Dimensions:      3840 x 2160
I0825 21:36:12.055821    47 feature_extraction.cc:286]   Camera:          #1 - SIMPLE_RADIAL
I0825 21:36:12.055825    47 feature_extraction.cc:289]   Focal Length:    4608.00px
I0825 21:36:12.055836    47 feature_extraction.cc:302]   Features:        11508
I0825 21:36:12.689157    47 feature_extraction.cc:254] Processed file [2/795]
I0825 21:36:12.689199    47 feature_extraction.cc:257]   Name:            frame_000002.jpg
I0825 21:36:12.689205    47 feature_extraction.cc:283]   Dimensions:      3840 x 2160
I0825 21:36:12.689208    47 feature_extraction.cc:286]   Camera:          #2 - SIMPLE_RADIAL
I0825 21:36:12.689211    47 feature_extraction.cc:289]   Focal Length:    4608.00px
I0825 21:36:12.689219    47 feature_extraction.cc:302]   Features:        8256
I0825 21:36:13.246425    47 feature_extraction.cc:254] Processed file [3/795]
I0825 21:36:13.246469    47 feature_extraction.cc:257]   Name:            frame_000003.jpg
I0825 21:36:13.246475    47 feature_extraction.cc:283]   Dimensions:      3840 x 2160
I0825 21:36:13.246479    47 feature_extraction.cc:286]   Camera:          #3 - SIMPLE_RADIAL
I0825 21:36:13.246483    47 feature_extraction.cc:289]   Focal Length:    4608.00px
I0825 21:36:13.246492    47 feature_extraction.cc:302]   Features:        8640
I0825 21:36:14.844429    47 feature_extraction.cc:254] Processed file [4/795]
I0825 21:36:14.844480    47 feature_extraction.cc:257]   Name:            frame_000004.jpg
I0825 21:36:14.844485    47 feature_extraction.cc:283]   Dimensions:      3840 x 2160
I0825 21:36:14.844488    47 feature_extraction.cc:286]   Camera:          #4 - SIMPLE_RADIAL
I0825 21:36:14.844492    47 feature_extraction.cc:289]   Focal Length:    4608.00px
I0825 21:36:14.844503    47 feature_extraction.cc:302]   Features:        8839
I0825 21:36:15.601468    47 feature_extraction.cc:254] Processed file [5/795]
I0825 21:36:15.601511    47 feature_extraction.cc:257]   Name:            frame_000005.jpg
I0825 21:36:15.601517    47 feature_extraction.cc:283]   Dimensions:      3840 x 2160
I0825 21:36:15.601521    47 feature_extraction.cc:286]   Camera:          #5 - SIMPLE_RADIAL
I0825 21:36:15.601524    47 feature_extraction.cc:289]   Focal Length:    4608.00px
I0825 21:36:15.601533    47 feature_extraction.cc:302]   Features:        9000
I0825 21:36:16.203780    47 feature_extraction.cc:254] Processed file [6/795]
I0825 21:36:16.203835    47 feature_extraction.cc:257]   Name:            frame_000006.jpg
I0825 21:36:16.203843    47 feature_extraction.cc:283]   Dimensions:      3840 x 2160
I0825 21:36:16.203846    47 feature_extraction.cc:286]   Camera:          #6 - SIMPLE_RADIAL
I0825 21:36:16.203850    47 feature_extraction.cc:289]   Focal Length:    4608.00px
I0825 21:36:16.203860    47 feature_extraction.cc:302]   Features:        9189
I0825 21:36:17.742835    47 feature_extraction.cc:254] Processed file [7/795]
I0825 21:36:17.742910    47 feature_extraction.cc:257]   Name:            frame_000007.jpg
I0825 21:36:17.742923    47 feature_extraction.cc:283]   Dimensions:      3840 x 2160
I0825 21:36:17.742928    47 feature_extraction.cc:286]   Camera:          #7 - SIMPLE_RADIAL
I0825 21:36:17.742934    47 feature_extraction.cc:289]   Focal Length:    4608.00px
I0825 21:36:17.742946    47 feature_extraction.cc:302]   Features:        9196
I0825 21:36:18.583972    47 feature_extraction.cc:254] Processed file [8/795]
I0825 21:36:18.584020    47 feature_extraction.cc:257]   Name:            frame_000008.jpg
I0825 21:36:18.584028    47 feature_extraction.cc:283]   Dimensions:      3840 x 2160
I0825 21:36:18.584029    47 feature_extraction.cc:286]   Camera:          #8 - SIMPLE_RADIAL
I0825 21:36:18.584033    47 feature_extraction.cc:289]   Focal Length:    4608.00px
I0825 21:36:18.584044    47 feature_extraction.cc:302]   Features:        9317
I0825 21:36:19.865289    47 feature_extraction.cc:254] Processed file [9/795]
I0825 21:36:19.865335    47 feature_extraction.cc:257]   Name:            frame_000009.jpg
I0825 21:36:19.865342    47 feature_extraction.cc:283]   Dimensions:      3840 x 2160
I0825 21:36:19.865345    47 feature_extraction.cc:286]   Camera:          #9 - SIMPLE_RADIAL
I0825 21:36:19.865350    47 feature_extraction.cc:289]   Focal Length:    4608.00px
I0825 21:36:19.865370    47 feature_extraction.cc:302]   Features:        9428
I0825 21:36:23.758293    47 feature_extraction.cc:254] Processed file [10/795]
I0825 21:36:23.758368    47 feature_extraction.cc:257]   Name:            frame_000010.jpg
I0825 21:36:23.758380    47 feature_extraction.cc:283]   Dimensions:      3840 x 2160
I0825 21:36:23.758386    47 feature_extraction.cc:286]   Camera:          #10 - SIMPLE_RADIAL
I0825 21:36:23.758392    47 feature_extraction.cc:289]   Focal Length:    4608.00px
I0825 21:36:23.758405    47 feature_extraction.cc:302]   Features:        9361
I0825 21:36:24.135708    47 feature_extraction.cc:254] Processed file [11/795]
I0825 21:36:24.135751    47 feature_extraction.cc:257]   Name:            frame_000011.jpg
I0825 21:36:24.135757    47 feature_extraction.cc:283]   Dimensions:      3840 x 2160
I0825 21:36:24.135759    47 feature_extraction.cc:286]   Camera:          #11 - SIMPLE_RADIAL
I0825 21:36:24.135763    47 feature_extraction.cc:289]   Focal Length:    4608.00px
I0825 21:36:24.135773    47 feature_extraction.cc:302]   Features:        9092
I0825 21:36:24.775265    47 feature_extraction.cc:254] Processed file [12/795]
I0825 21:36:24.775306    47 feature_extraction.cc:257]   Name:            frame_000012.jpg
I0825 21:36:24.775313    47 feature_extraction.cc:283]   Dimensions:      3840 x 2160
I0825 21:36:24.775315    47 feature_extraction.cc:286]   Camera:          #12 - SIMPLE_RADIAL
I0825 21:36:24.775318    47 feature_extraction.cc:289]   Focal Length:    4608.00px
I0825 21:36:24.775326    47 feature_extraction.cc:302]   Features:        8790
I0825 21:36:25.963193    47 feature_extraction.cc:254] Processed file [13/795]
I0825 21:36:25.963243    47 feature_extraction.cc:257]   Name:            frame_000013.jpg
I0825 21:36:25.963249    47 feature_extraction.cc:283]   Dimensions:      3840 x 2160
I0825 21:36:25.963251    47 feature_extraction.cc:286]   Camera:          #13 - SIMPLE_RADIAL
I0825 21:36:25.963255    47 feature_extraction.cc:289]   Focal Length:    4608.00px
I0825 21:36:25.963265    47 feature_extraction.cc:302]   Features:        8490
I0825 21:36:26.590979    47 feature_extraction.cc:254] Processed file [14/795]
I0825 21:36:26.591020    47 feature_extraction.cc:257]   Name:            frame_000014.jpg
I0825 21:36:26.591027    47 feature_extraction.cc:283]   Dimensions:      3840 x 2160
I0825 21:36:26.591029    47 feature_extraction.cc:286]   Camera:          #14 - SIMPLE_RADIAL
I0825 21:36:26.591033    47 feature_extraction.cc:289]   Focal Length:    4608.00px
I0825 21:36:26.591040    47 feature_extraction.cc:302]   Features:        8370
I0825 21:36:26.951998    47 feature_extraction.cc:254] Processed file [15/795]
I0825 21:36:26.952044    47 feature_extraction.cc:257]   Name:            frame_000015.jpg
I0825 21:36:26.952050    47 feature_extraction.cc:283]   Dimensions:      3840 x 2160
I0825 21:36:26.952054    47 feature_extraction.cc:286]   Camera:          #15 - SIMPLE_RADIAL
I0825 21:36:26.952056    47 feature_extraction.cc:289]   Focal Length:    4608.00px
I0825 21:36:26.952064    47 feature_extraction.cc:302]   Features:        8561
I0825 21:36:27.615487    47 feature_extraction.cc:254] Processed file [16/795]
I0825 21:36:27.615532    47 feature_extraction.cc:257]   Name:            frame_000016.jpg
I0825 21:36:27.615538    47 feature_extraction.cc:283]   Dimensions:      3840 x 2160
I0825 21:36:27.615540    47 feature_extraction.cc:286]   Camera:          #16 - SIMPLE_RADIAL
I0825 21:36:27.615545    47 feature_extraction.cc:289]   Focal Length:    4608.00px
I0825 21:36:27.615553    47 feature_extraction.cc:302]   Features:        8541
I0825 21:36:29.106024    47 feature_extraction.cc:254] Processed file [17/795]
I0825 21:36:29.106069    47 feature_extraction.cc:257]   Name:            frame_000017.jpg
I0825 21:36:29.106076    47 feature_extraction.cc:283]   Dimensions:      3840 x 2160
I0825 21:36:29.106078    47 feature_extraction.cc:286]   Camera:          #17 - SIMPLE_RADIAL
I0825 21:36:29.106081    47 feature_extraction.cc:289]   Focal Length:    4608.00px
I0825 21:36:29.106091    47 feature_extraction.cc:302]   Features:        8771
I0825 21:36:29.759614    47 feature_extraction.cc:254] Processed file [18/795]
I0825 21:36:29.759657    47 feature_extraction.cc:257]   Name:            frame_000018.jpg
I0825 21:36:29.759663    47 feature_extraction.cc:283]   Dimensions:      3840 x 2160
I0825 21:36:29.759665    47 feature_extraction.cc:286]   Camera:          #18 - SIMPLE_RADIAL
I0825 21:36:29.759670    47 feature_extraction.cc:289]   Focal Length:    4608.00px
I0825 21:36:29.759676    47 feature_extraction.cc:302]   Features:        8715
I0825 21:36:30.120193    47 feature_extraction.cc:254] Processed file [19/795]
I0825 21:36:30.120235    47 feature_extraction.cc:257]   Name:            frame_000019.jpg
I0825 21:36:30.120241    47 feature_extraction.cc:283]   Dimensions:      3840 x 2160
I0825 21:36:30.120244    47 feature_extraction.cc:286]   Camera:          #19 - SIMPLE_RADIAL
I0825 21:36:30.120247    47 feature_extraction.cc:289]   Focal Length:    4608.00px
I0825 21:36:30.120255    47 feature_extraction.cc:302]   Features:        8753
I0825 21:36:31.425375    47 feature_extraction.cc:254] Processed file [20/795]
I0825 21:36:31.425418    47 feature_extraction.cc:257]   Name:            frame_000020.jpg
I0825 21:36:31.425424    47 feature_extraction.cc:283]   Dimensions:      3840 x 2160
I0825 21:36:31.425427    47 feature_extraction.cc:286]   Camera:          #20 - SIMPLE_RADIAL
I0825 21:36:31.425431    47 feature_extraction.cc:289]   Focal Length:    4608.00px
I0825 21:36:31.425438    47 feature_extraction.cc:302]   Features:        8841
I0825 21:36:31.810907    47 feature_extraction.cc:254] Processed file [21/795]
I0825 21:36:31.810953    47 feature_extraction.cc:257]   Name:            frame_000021.jpg
I0825 21:36:31.810961    47 feature_extraction.cc:283]   Dimensions:      3840 x 2160
I0825 21:36:31.810963    47 feature_extraction.cc:286]   Camera:          #21 - SIMPLE_RADIAL
I0825 21:36:31.810966    47 feature_extraction.cc:289]   Focal Length:    4608.00px
I0825 21:36:31.810974    47 feature_extraction.cc:302]   Features:        8679
I0825 21:36:32.435884    47 feature_extraction.cc:254] Processed file [22/795]
I0825 21:36:32.435925    47 feature_extraction.cc:257]   Name:            frame_000022.jpg
I0825 21:36:32.435930    47 feature_extraction.cc:283]   Dimensions:      3840 x 2160
I0825 21:36:32.435933    47 feature_extraction.cc:286]   Camera:          #22 - SIMPLE_RADIAL
I0825 21:36:32.435936    47 feature_extraction.cc:289]   Focal Length:    4608.00px
I0825 21:36:32.435945    47 feature_extraction.cc:302]   Features:        8664
I0825 21:36:32.891954    47 feature_extraction.cc:254] Processed file [23/795]
I0825 21:36:32.892004    47 feature_extraction.cc:257]   Name:            frame_000023.jpg
I0825 21:36:32.892010    47 feature_extraction.cc:283]   Dimensions:      3840 x 2160
I0825 21:36:32.892012    47 feature_extraction.cc:286]   Camera:          #23 - SIMPLE_RADIAL
I0825 21:36:32.892019    47 feature_extraction.cc:289]   Focal Length:    4608.00px
I0825 21:36:32.892030    47 feature_extraction.cc:302]   Features:        8660
I0825 21:36:34.436650    47 feature_extraction.cc:254] Processed file [24/795]
I0825 21:36:34.436691    47 feature_extraction.cc:257]   Name:            frame_000024.jpg
I0825 21:36:34.436697    47 feature_extraction.cc:283]   Dimensions:      3840 x 2160
I0825 21:36:34.436699    47 feature_extraction.cc:286]   Camera:          #24 - SIMPLE_RADIAL
I0825 21:36:34.436703    47 feature_extraction.cc:289]   Focal Length:    4608.00px
I0825 21:36:34.436710    47 feature_extraction.cc:302]   Features:        8558
I0825 21:36:34.794639    47 feature_extraction.cc:254] Processed file [25/795]
I0825 21:36:34.794682    47 feature_extraction.cc:257]   Name:            frame_000025.jpg
I0825 21:36:34.794687    47 feature_extraction.cc:283]   Dimensions:      3840 x 2160
I0825 21:36:34.794689    47 feature_extraction.cc:286]   Camera:          #25 - SIMPLE_RADIAL
I0825 21:36:34.794692    47 feature_extraction.cc:289]   Focal Length:    4608.00px
I0825 21:36:34.794700    47 feature_extraction.cc:302]   Features:        8539
I0825 21:36:35.412353    47 feature_extraction.cc:254] Processed file [26/795]
I0825 21:36:35.412395    47 feature_extraction.cc:257]   Name:            frame_000026.jpg
I0825 21:36:35.412401    47 feature_extraction.cc:283]   Dimensions:      3840 x 2160
I0825 21:36:35.412405    47 feature_extraction.cc:286]   Camera:          #26 - SIMPLE_RADIAL
I0825 21:36:35.412407    47 feature_extraction.cc:289]   Focal Length:    4608.00px
I0825 21:36:35.412415    47 feature_extraction.cc:302]   Features:        8639
I0825 21:36:36.911891    47 feature_extraction.cc:254] Processed file [27/795]
I0825 21:36:36.911955    47 feature_extraction.cc:257]   Name:            frame_000027.jpg
I0825 21:36:36.911968    47 feature_extraction.cc:283]   Dimensions:      3840 x 2160
I0825 21:36:36.911972    47 feature_extraction.cc:286]   Camera:          #27 - SIMPLE_RADIAL
I0825 21:36:36.911978    47 feature_extraction.cc:289]   Focal Length:    4608.00px
I0825 21:36:36.911993    47 feature_extraction.cc:302]   Features:        8376
I0825 21:36:37.621676    47 feature_extraction.cc:254] Processed file [28/795]
I0825 21:36:37.621723    47 feature_extraction.cc:257]   Name:            frame_000028.jpg
I0825 21:36:37.621729    47 feature_extraction.cc:283]   Dimensions:      3840 x 2160
I0825 21:36:37.621732    47 feature_extraction.cc:286]   Camera:          #28 - SIMPLE_RADIAL
I0825 21:36:37.621735    47 feature_extraction.cc:289]   Focal Length:    4608.00px
I0825 21:36:37.621744    47 feature_extraction.cc:302]   Features:        8456
I0825 21:36:37.969769    47 feature_extraction.cc:254] Processed file [29/795]
I0825 21:36:37.969825    47 feature_extraction.cc:257]   Name:            frame_000029.jpg
I0825 21:36:37.969830    47 feature_extraction.cc:283]   Dimensions:      3840 x 2160
I0825 21:36:37.969832    47 feature_extraction.cc:286]   Camera:          #29 - SIMPLE_RADIAL
I0825 21:36:37.969836    47 feature_extraction.cc:289]   Focal Length:    4608.00px
I0825 21:36:37.969844    47 feature_extraction.cc:302]   Features:        13509
I0825 21:36:39.623867    47 feature_extraction.cc:254] Processed file [30/795]
I0825 21:36:39.623914    47 feature_extraction.cc:257]   Name:            frame_000030.jpg
I0825 21:36:39.623919    47 feature_extraction.cc:283]   Dimensions:      3840 x 2160
I0825 21:36:39.623922    47 feature_extraction.cc:286]   Camera:          #30 - SIMPLE_RADIAL
I0825 21:36:39.623925    47 feature_extraction.cc:289]   Focal Length:    4608.00px
I0825 21:36:39.623935    47 feature_extraction.cc:302]   Features:        12476
I0825 21:36:40.177832    47 feature_extraction.cc:254] Processed file [31/795]
I0825 21:36:40.177879    47 feature_extraction.cc:257]   Name:            frame_000031.jpg
I0825 21:36:40.177886    47 feature_extraction.cc:283]   Dimensions:      3840 x 2160
I0825 21:36:40.177888    47 feature_extraction.cc:286]   Camera:          #31 - SIMPLE_RADIAL
I0825 21:36:40.177891    47 feature_extraction.cc:289]   Focal Length:    4608.00px
I0825 21:36:40.177898    47 feature_extraction.cc:302]   Features:        11733
I0825 21:36:40.830442    47 feature_extraction.cc:254] Processed file [32/795]
I0825 21:36:40.830487    47 feature_extraction.cc:257]   Name:            frame_000032.jpg
I0825 21:36:40.830494    47 feature_extraction.cc:283]   Dimensions:      3840 x 2160
I0825 21:36:40.830497    47 feature_extraction.cc:286]   Camera:          #32 - SIMPLE_RADIAL
I0825 21:36:40.830500    47 feature_extraction.cc:289]   Focal Length:    4608.00px
I0825 21:36:40.830507    47 feature_extraction.cc:302]   Features:        10664
I0825 21:36:42.239907    47 feature_extraction.cc:254] Processed file [33/795]
I0825 21:36:42.239957    47 feature_extraction.cc:257]   Name:            frame_000033.jpg
I0825 21:36:42.239964    47 feature_extraction.cc:283]   Dimensions:      3840 x 2160
I0825 21:36:42.239967    47 feature_extraction.cc:286]   Camera:          #33 - SIMPLE_RADIAL
I0825 21:36:42.239970    47 feature_extraction.cc:289]   Focal Length:    4608.00px
I0825 21:36:42.239979    47 feature_extraction.cc:302]   Features:        10556
I0825 21:36:42.846588    47 feature_extraction.cc:254] Processed file [34/795]
I0825 21:36:42.846629    47 feature_extraction.cc:257]   Name:            frame_000034.jpg
I0825 21:36:42.846637    47 feature_extraction.cc:283]   Dimensions:      3840 x 2160
I0825 21:36:42.846638    47 feature_extraction.cc:286]   Camera:          #34 - SIMPLE_RADIAL
I0825 21:36:42.846642    47 feature_extraction.cc:289]   Focal Length:    4608.00px
I0825 21:36:42.846649    47 feature_extraction.cc:302]   Features:        9155
I0825 21:36:43.203557    47 feature_extraction.cc:254] Processed file [35/795]
I0825 21:36:43.203603    47 feature_extraction.cc:257]   Name:            frame_000035.jpg
I0825 21:36:43.203610    47 feature_extraction.cc:283]   Dimensions:      3840 x 2160
I0825 21:36:43.203613    47 feature_extraction.cc:286]   Camera:          #35 - SIMPLE_RADIAL
I0825 21:36:43.203616    47 feature_extraction.cc:289]   Focal Length:    4608.00px
I0825 21:36:43.203625    47 feature_extraction.cc:302]   Features:        9331
I0825 21:36:44.590463    47 feature_extraction.cc:254] Processed file [36/795]
I0825 21:36:44.590508    47 feature_extraction.cc:257]   Name:            frame_000036.jpg
I0825 21:36:44.590515    47 feature_extraction.cc:283]   Dimensions:      3840 x 2160
I0825 21:36:44.590517    47 feature_extraction.cc:286]   Camera:          #36 - SIMPLE_RADIAL
I0825 21:36:44.590520    47 feature_extraction.cc:289]   Focal Length:    4608.00px
I0825 21:36:44.590529    47 feature_extraction.cc:302]   Features:        9937
I0825 21:36:44.954380    47 feature_extraction.cc:254] Processed file [37/795]
I0825 21:36:44.954422    47 feature_extraction.cc:257]   Name:            frame_000037.jpg
I0825 21:36:44.954428    47 feature_extraction.cc:283]   Dimensions:      3840 x 2160
I0825 21:36:44.954432    47 feature_extraction.cc:286]   Camera:          #37 - SIMPLE_RADIAL
I0825 21:36:44.954434    47 feature_extraction.cc:289]   Focal Length:    4608.00px
I0825 21:36:44.954442    47 feature_extraction.cc:302]   Features:        8844
I0825 21:36:45.581553    47 feature_extraction.cc:254] Processed file [38/795]
I0825 21:36:45.581604    47 feature_extraction.cc:257]   Name:            frame_000038.jpg
I0825 21:36:45.581610    47 feature_extraction.cc:283]   Dimensions:      3840 x 2160
I0825 21:36:45.581612    47 feature_extraction.cc:286]   Camera:          #38 - SIMPLE_RADIAL
I0825 21:36:45.581616    47 feature_extraction.cc:289]   Focal Length:    4608.00px
I0825 21:36:45.581624    47 feature_extraction.cc:302]   Features:        8504
I0825 21:36:46.851970    47 feature_extraction.cc:254] Processed file [39/795]
I0825 21:36:46.852037    47 feature_extraction.cc:257]   Name:            frame_000039.jpg
I0825 21:36:46.852046    47 feature_extraction.cc:283]   Dimensions:      3840 x 2160
I0825 21:36:46.852048    47 feature_extraction.cc:286]   Camera:          #39 - SIMPLE_RADIAL
I0825 21:36:46.852053    47 feature_extraction.cc:289]   Focal Length:    4608.00px
I0825 21:36:46.852063    47 feature_extraction.cc:302]   Features:        8346
I0825 21:36:47.498832    47 feature_extraction.cc:254] Processed file [40/795]
I0825 21:36:47.498876    47 feature_extraction.cc:257]   Name:            frame_000040.jpg
I0825 21:36:47.498883    47 feature_extraction.cc:283]   Dimensions:      3840 x 2160
I0825 21:36:47.498884    47 feature_extraction.cc:286]   Camera:          #40 - SIMPLE_RADIAL
I0825 21:36:47.498888    47 feature_extraction.cc:289]   Focal Length:    4608.00px
I0825 21:36:47.498896    47 feature_extraction.cc:302]   Features:        12784
I0825 21:36:48.079771    47 feature_extraction.cc:254] Processed file [41/795]
I0825 21:36:48.079819    47 feature_extraction.cc:257]   Name:            frame_000041.jpg
I0825 21:36:48.079825    47 feature_extraction.cc:283]   Dimensions:      3840 x 2160
I0825 21:36:48.079831    47 feature_extraction.cc:286]   Camera:          #41 - SIMPLE_RADIAL
I0825 21:36:48.079834    47 feature_extraction.cc:289]   Focal Length:    4608.00px
I0825 21:36:48.079843    47 feature_extraction.cc:302]   Features:        12690
I0825 21:36:50.287266    47 feature_extraction.cc:254] Processed file [42/795]
I0825 21:36:50.287310    47 feature_extraction.cc:257]   Name:            frame_000042.jpg
I0825 21:36:50.287317    47 feature_extraction.cc:283]   Dimensions:      3840 x 2160
I0825 21:36:50.287319    47 feature_extraction.cc:286]   Camera:          #42 - SIMPLE_RADIAL
I0825 21:36:50.287322    47 feature_extraction.cc:289]   Focal Length:    4608.00px
I0825 21:36:50.287329    47 feature_extraction.cc:302]   Features:        12079
I0825 21:36:50.808598    47 feature_extraction.cc:254] Processed file [43/795]
I0825 21:36:50.808655    47 feature_extraction.cc:257]   Name:            frame_000043.jpg
I0825 21:36:50.808663    47 feature_extraction.cc:283]   Dimensions:      3840 x 2160
I0825 21:36:50.808667    47 feature_extraction.cc:286]   Camera:          #43 - SIMPLE_RADIAL
I0825 21:36:50.808674    47 feature_extraction.cc:289]   Focal Length:    4608.00px
I0825 21:36:50.808689    47 feature_extraction.cc:302]   Features:        9055
I0825 21:36:51.466480    47 feature_extraction.cc:254] Processed file [44/795]
I0825 21:36:51.466529    47 feature_extraction.cc:257]   Name:            frame_000044.jpg
I0825 21:36:51.466536    47 feature_extraction.cc:283]   Dimensions:      3840 x 2160
I0825 21:36:51.466538    47 feature_extraction.cc:286]   Camera:          #44 - SIMPLE_RADIAL
I0825 21:36:51.466542    47 feature_extraction.cc:289]   Focal Length:    4608.00px
I0825 21:36:51.466550    47 feature_extraction.cc:302]   Features:        11533
I0825 21:36:52.906409    47 feature_extraction.cc:254] Processed file [45/795]
I0825 21:36:52.906476    47 feature_extraction.cc:257]   Name:            frame_000045.jpg
I0825 21:36:52.906490    47 feature_extraction.cc:283]   Dimensions:      3840 x 2160
I0825 21:36:52.906494    47 feature_extraction.cc:286]   Camera:          #45 - SIMPLE_RADIAL
I0825 21:36:52.906499    47 feature_extraction.cc:289]   Focal Length:    4608.00px
I0825 21:36:52.906517    47 feature_extraction.cc:302]   Features:        11825
I0825 21:36:53.814195    47 feature_extraction.cc:254] Processed file [46/795]
I0825 21:36:53.814239    47 feature_extraction.cc:257]   Name:            frame_000046.jpg
I0825 21:36:53.814244    47 feature_extraction.cc:283]   Dimensions:      3840 x 2160
I0825 21:36:53.814246    47 feature_extraction.cc:286]   Camera:          #46 - SIMPLE_RADIAL
I0825 21:36:53.814250    47 feature_extraction.cc:289]   Focal Length:    4608.00px
I0825 21:36:53.814258    47 feature_extraction.cc:302]   Features:        12471
I0825 21:36:54.363641    47 feature_extraction.cc:254] Processed file [47/795]
I0825 21:36:54.363685    47 feature_extraction.cc:257]   Name:            frame_000047.jpg
I0825 21:36:54.363694    47 feature_extraction.cc:283]   Dimensions:      3840 x 2160
I0825 21:36:54.363698    47 feature_extraction.cc:286]   Camera:          #47 - SIMPLE_RADIAL
I0825 21:36:54.363700    47 feature_extraction.cc:289]   Focal Length:    4608.00px
I0825 21:36:54.363711    47 feature_extraction.cc:302]   Features:        9952
I0825 21:36:56.202617    47 feature_extraction.cc:254] Processed file [48/795]
I0825 21:36:56.202665    47 feature_extraction.cc:257]   Name:            frame_000048.jpg
I0825 21:36:56.202672    47 feature_extraction.cc:283]   Dimensions:      3840 x 2160
I0825 21:36:56.202675    47 feature_extraction.cc:286]   Camera:          #48 - SIMPLE_RADIAL
I0825 21:36:56.202678    47 feature_extraction.cc:289]   Focal Length:    4608.00px
I0825 21:36:56.202687    47 feature_extraction.cc:302]   Features:        12604
I0825 21:36:56.794351    47 feature_extraction.cc:254] Processed file [49/795]
I0825 21:36:56.794399    47 feature_extraction.cc:257]   Name:            frame_000049.jpg
I0825 21:36:56.794410    47 feature_extraction.cc:283]   Dimensions:      3840 x 2160
I0825 21:36:56.794413    47 feature_extraction.cc:286]   Camera:          #49 - SIMPLE_RADIAL
I0825 21:36:56.794417    47 feature_extraction.cc:289]   Focal Length:    4608.00px
I0825 21:36:56.794425    47 feature_extraction.cc:302]   Features:        12517
I0825 21:36:57.685497    47 feature_extraction.cc:254] Processed file [50/795]
I0825 21:36:57.685541    47 feature_extraction.cc:257]   Name:            frame_000050.jpg
I0825 21:36:57.685547    47 feature_extraction.cc:283]   Dimensions:      3840 x 2160
I0825 21:36:57.685549    47 feature_extraction.cc:286]   Camera:          #50 - SIMPLE_RADIAL
I0825 21:36:57.685554    47 feature_extraction.cc:289]   Focal Length:    4608.00px
I0825 21:36:57.685561    47 feature_extraction.cc:302]   Features:        12361
I0825 21:36:59.469221    47 feature_extraction.cc:254] Processed file [51/795]
I0825 21:36:59.469272    47 feature_extraction.cc:257]   Name:            frame_000051.jpg
I0825 21:36:59.469282    47 feature_extraction.cc:283]   Dimensions:      3840 x 2160
I0825 21:36:59.469285    47 feature_extraction.cc:286]   Camera:          #51 - SIMPLE_RADIAL
I0825 21:36:59.469288    47 feature_extraction.cc:289]   Focal Length:    4608.00px
I0825 21:36:59.469297    47 feature_extraction.cc:302]   Features:        12225
I0825 21:37:00.259126    47 feature_extraction.cc:254] Processed file [52/795]
I0825 21:37:00.259171    47 feature_extraction.cc:257]   Name:            frame_000052.jpg
I0825 21:37:00.259176    47 feature_extraction.cc:283]   Dimensions:      3840 x 2160
I0825 21:37:00.259179    47 feature_extraction.cc:286]   Camera:          #52 - SIMPLE_RADIAL
I0825 21:37:00.259182    47 feature_extraction.cc:289]   Focal Length:    4608.00px
I0825 21:37:00.259189    47 feature_extraction.cc:302]   Features:        11398
I0825 21:37:00.780435    47 feature_extraction.cc:254] Processed file [53/795]
I0825 21:37:00.780480    47 feature_extraction.cc:257]   Name:            frame_000053.jpg
I0825 21:37:00.780488    47 feature_extraction.cc:283]   Dimensions:      3840 x 2160
I0825 21:37:00.780489    47 feature_extraction.cc:286]   Camera:          #53 - SIMPLE_RADIAL
I0825 21:37:00.780493    47 feature_extraction.cc:289]   Focal Length:    4608.00px
I0825 21:37:00.780501    47 feature_extraction.cc:302]   Features:        9539
I0825 21:37:02.429977    47 feature_extraction.cc:254] Processed file [54/795]
I0825 21:37:02.430023    47 feature_extraction.cc:257]   Name:            frame_000054.jpg
I0825 21:37:02.430029    47 feature_extraction.cc:283]   Dimensions:      3840 x 2160
I0825 21:37:02.430032    47 feature_extraction.cc:286]   Camera:          #54 - SIMPLE_RADIAL
I0825 21:37:02.430035    47 feature_extraction.cc:289]   Focal Length:    4608.00px
I0825 21:37:02.430044    47 feature_extraction.cc:302]   Features:        9965
I0825 21:37:02.831609    47 feature_extraction.cc:254] Processed file [55/795]
I0825 21:37:02.831658    47 feature_extraction.cc:257]   Name:            frame_000055.jpg
I0825 21:37:02.831667    47 feature_extraction.cc:283]   Dimensions:      3840 x 2160
I0825 21:37:02.831671    47 feature_extraction.cc:286]   Camera:          #55 - SIMPLE_RADIAL
I0825 21:37:02.831677    47 feature_extraction.cc:289]   Focal Length:    4608.00px
I0825 21:37:02.831684    47 feature_extraction.cc:302]   Features:        9635
I0825 21:37:03.465739    47 feature_extraction.cc:254] Processed file [56/795]
I0825 21:37:03.465785    47 feature_extraction.cc:257]   Name:            frame_000056.jpg
I0825 21:37:03.465790    47 feature_extraction.cc:283]   Dimensions:      3840 x 2160
I0825 21:37:03.465793    47 feature_extraction.cc:286]   Camera:          #56 - SIMPLE_RADIAL
I0825 21:37:03.465796    47 feature_extraction.cc:289]   Focal Length:    4608.00px
I0825 21:37:03.465804    47 feature_extraction.cc:302]   Features:        10207
I0825 21:37:04.980922    47 feature_extraction.cc:254] Processed file [57/795]
I0825 21:37:04.980973    47 feature_extraction.cc:257]   Name:            frame_000057.jpg
I0825 21:37:04.980979    47 feature_extraction.cc:283]   Dimensions:      3840 x 2160
I0825 21:37:04.980983    47 feature_extraction.cc:286]   Camera:          #57 - SIMPLE_RADIAL
I0825 21:37:04.980985    47 feature_extraction.cc:289]   Focal Length:    4608.00px
I0825 21:37:04.980995    47 feature_extraction.cc:302]   Features:        10200
I0825 21:37:05.626170    47 feature_extraction.cc:254] Processed file [58/795]
I0825 21:37:05.626214    47 feature_extraction.cc:257]   Name:            frame_000058.jpg
I0825 21:37:05.626221    47 feature_extraction.cc:283]   Dimensions:      3840 x 2160
I0825 21:37:05.626223    47 feature_extraction.cc:286]   Camera:          #58 - SIMPLE_RADIAL
I0825 21:37:05.626226    47 feature_extraction.cc:289]   Focal Length:    4608.00px
I0825 21:37:05.626235    47 feature_extraction.cc:302]   Features:        10587
I0825 21:37:06.083858    47 feature_extraction.cc:254] Processed file [59/795]
I0825 21:37:06.083902    47 feature_extraction.cc:257]   Name:            frame_000059.jpg
I0825 21:37:06.083909    47 feature_extraction.cc:283]   Dimensions:      3840 x 2160
I0825 21:37:06.083910    47 feature_extraction.cc:286]   Camera:          #59 - SIMPLE_RADIAL
I0825 21:37:06.083914    47 feature_extraction.cc:289]   Focal Length:    4608.00px
I0825 21:37:06.083926    47 feature_extraction.cc:302]   Features:        10522
I0825 21:37:07.726553    47 feature_extraction.cc:254] Processed file [60/795]
I0825 21:37:07.726601    47 feature_extraction.cc:257]   Name:            frame_000060.jpg
I0825 21:37:07.726608    47 feature_extraction.cc:283]   Dimensions:      3840 x 2160
I0825 21:37:07.726610    47 feature_extraction.cc:286]   Camera:          #60 - SIMPLE_RADIAL
I0825 21:37:07.726614    47 feature_extraction.cc:289]   Focal Length:    4608.00px
I0825 21:37:07.726622    47 feature_extraction.cc:302]   Features:        10124
I0825 21:37:08.239665    47 feature_extraction.cc:254] Processed file [61/795]
I0825 21:37:08.239722    47 feature_extraction.cc:257]   Name:            frame_000061.jpg
I0825 21:37:08.239728    47 feature_extraction.cc:283]   Dimensions:      3840 x 2160
I0825 21:37:08.239732    47 feature_extraction.cc:286]   Camera:          #61 - SIMPLE_RADIAL
I0825 21:37:08.239735    47 feature_extraction.cc:289]   Focal Length:    4608.00px
I0825 21:37:08.239745    47 feature_extraction.cc:302]   Features:        10450
I0825 21:37:09.031773    47 feature_extraction.cc:254] Processed file [62/795]
I0825 21:37:09.031816    47 feature_extraction.cc:257]   Name:            frame_000062.jpg
I0825 21:37:09.031823    47 feature_extraction.cc:283]   Dimensions:      3840 x 2160
I0825 21:37:09.031826    47 feature_extraction.cc:286]   Camera:          #62 - SIMPLE_RADIAL
I0825 21:37:09.031828    47 feature_extraction.cc:289]   Focal Length:    4608.00px
I0825 21:37:09.031836    47 feature_extraction.cc:302]   Features:        10976
I0825 21:37:10.761533    47 feature_extraction.cc:254] Processed file [63/795]
I0825 21:37:10.761584    47 feature_extraction.cc:257]   Name:            frame_000063.jpg
I0825 21:37:10.761591    47 feature_extraction.cc:283]   Dimensions:      3840 x 2160
I0825 21:37:10.761595    47 feature_extraction.cc:286]   Camera:          #63 - SIMPLE_RADIAL
I0825 21:37:10.761598    47 feature_extraction.cc:289]   Focal Length:    4608.00px
I0825 21:37:10.761607    47 feature_extraction.cc:302]   Features:        10700
I0825 21:37:11.550995    47 feature_extraction.cc:254] Processed file [64/795]
I0825 21:37:11.551043    47 feature_extraction.cc:257]   Name:            frame_000064.jpg
I0825 21:37:11.551049    47 feature_extraction.cc:283]   Dimensions:      3840 x 2160
I0825 21:37:11.551052    47 feature_extraction.cc:286]   Camera:          #64 - SIMPLE_RADIAL
I0825 21:37:11.551055    47 feature_extraction.cc:289]   Focal Length:    4608.00px
I0825 21:37:11.551064    47 feature_extraction.cc:302]   Features:        10590
I0825 21:37:11.979297    47 feature_extraction.cc:254] Processed file [65/795]
I0825 21:37:11.979346    47 feature_extraction.cc:257]   Name:            frame_000065.jpg
I0825 21:37:11.979353    47 feature_extraction.cc:283]   Dimensions:      3840 x 2160
I0825 21:37:11.979357    47 feature_extraction.cc:286]   Camera:          #65 - SIMPLE_RADIAL
I0825 21:37:11.979360    47 feature_extraction.cc:289]   Focal Length:    4608.00px
I0825 21:37:11.979372    47 feature_extraction.cc:302]   Features:        10541
I0825 21:37:13.656411    47 feature_extraction.cc:254] Processed file [66/795]
I0825 21:37:13.656455    47 feature_extraction.cc:257]   Name:            frame_000066.jpg
I0825 21:37:13.656462    47 feature_extraction.cc:283]   Dimensions:      3840 x 2160
I0825 21:37:13.656464    47 feature_extraction.cc:286]   Camera:          #66 - SIMPLE_RADIAL
I0825 21:37:13.656468    47 feature_extraction.cc:289]   Focal Length:    4608.00px
I0825 21:37:13.656476    47 feature_extraction.cc:302]   Features:        11078
I0825 21:37:14.158463    47 feature_extraction.cc:254] Processed file [67/795]
I0825 21:37:14.158509    47 feature_extraction.cc:257]   Name:            frame_000067.jpg
I0825 21:37:14.158515    47 feature_extraction.cc:283]   Dimensions:      3840 x 2160
I0825 21:37:14.158517    47 feature_extraction.cc:286]   Camera:          #67 - SIMPLE_RADIAL
I0825 21:37:14.158521    47 feature_extraction.cc:289]   Focal Length:    4608.00px
I0825 21:37:14.158530    47 feature_extraction.cc:302]   Features:        11368
I0825 21:37:14.924225    47 feature_extraction.cc:254] Processed file [68/795]
I0825 21:37:14.924268    47 feature_extraction.cc:257]   Name:            frame_000068.jpg
I0825 21:37:14.924273    47 feature_extraction.cc:283]   Dimensions:      3840 x 2160
I0825 21:37:14.924275    47 feature_extraction.cc:286]   Camera:          #68 - SIMPLE_RADIAL
I0825 21:37:14.924279    47 feature_extraction.cc:289]   Focal Length:    4608.00px
I0825 21:37:14.924288    47 feature_extraction.cc:302]   Features:        10680
I0825 21:37:16.344069    47 feature_extraction.cc:254] Processed file [69/795]
I0825 21:37:16.344120    47 feature_extraction.cc:257]   Name:            frame_000069.jpg
I0825 21:37:16.344126    47 feature_extraction.cc:283]   Dimensions:      3840 x 2160
I0825 21:37:16.344129    47 feature_extraction.cc:286]   Camera:          #69 - SIMPLE_RADIAL
I0825 21:37:16.344133    47 feature_extraction.cc:289]   Focal Length:    4608.00px
I0825 21:37:16.344142    47 feature_extraction.cc:302]   Features:        10999
I0825 21:37:17.126626    47 feature_extraction.cc:254] Processed file [70/795]
I0825 21:37:17.126672    47 feature_extraction.cc:257]   Name:            frame_000070.jpg
I0825 21:37:17.126679    47 feature_extraction.cc:283]   Dimensions:      3840 x 2160
I0825 21:37:17.126681    47 feature_extraction.cc:286]   Camera:          #70 - SIMPLE_RADIAL
I0825 21:37:17.126684    47 feature_extraction.cc:289]   Focal Length:    4608.00px
I0825 21:37:17.126693    47 feature_extraction.cc:302]   Features:        11674
I0825 21:37:17.701587    47 feature_extraction.cc:254] Processed file [71/795]
I0825 21:37:17.701633    47 feature_extraction.cc:257]   Name:            frame_000071.jpg
I0825 21:37:17.701642    47 feature_extraction.cc:283]   Dimensions:      3840 x 2160
I0825 21:37:17.701644    47 feature_extraction.cc:286]   Camera:          #71 - SIMPLE_RADIAL
I0825 21:37:17.701648    47 feature_extraction.cc:289]   Focal Length:    4608.00px
I0825 21:37:17.701658    47 feature_extraction.cc:302]   Features:        11042
I0825 21:37:19.670583    47 feature_extraction.cc:254] Processed file [72/795]
I0825 21:37:19.670631    47 feature_extraction.cc:257]   Name:            frame_000072.jpg
I0825 21:37:19.670637    47 feature_extraction.cc:283]   Dimensions:      3840 x 2160
I0825 21:37:19.670639    47 feature_extraction.cc:286]   Camera:          #72 - SIMPLE_RADIAL
I0825 21:37:19.670643    47 feature_extraction.cc:289]   Focal Length:    4608.00px
I0825 21:37:19.670652    47 feature_extraction.cc:302]   Features:        10855
I0825 21:37:20.215639    47 feature_extraction.cc:254] Processed file [73/795]
I0825 21:37:20.215688    47 feature_extraction.cc:257]   Name:            frame_000073.jpg
I0825 21:37:20.215699    47 feature_extraction.cc:283]   Dimensions:      3840 x 2160
I0825 21:37:20.215703    47 feature_extraction.cc:286]   Camera:          #73 - SIMPLE_RADIAL
I0825 21:37:20.215709    47 feature_extraction.cc:289]   Focal Length:    4608.00px
I0825 21:37:20.215718    47 feature_extraction.cc:302]   Features:        10904
I0825 21:37:21.073127    47 feature_extraction.cc:254] Processed file [74/795]
I0825 21:37:21.073174    47 feature_extraction.cc:257]   Name:            frame_000074.jpg
I0825 21:37:21.073180    47 feature_extraction.cc:283]   Dimensions:      3840 x 2160
I0825 21:37:21.073184    47 feature_extraction.cc:286]   Camera:          #74 - SIMPLE_RADIAL
I0825 21:37:21.073186    47 feature_extraction.cc:289]   Focal Length:    4608.00px
I0825 21:37:21.073195    47 feature_extraction.cc:302]   Features:        11004
I0825 21:37:22.903868    47 feature_extraction.cc:254] Processed file [75/795]
I0825 21:37:22.903925    47 feature_extraction.cc:257]   Name:            frame_000075.jpg
I0825 21:37:22.903932    47 feature_extraction.cc:283]   Dimensions:      3840 x 2160
I0825 21:37:22.903934    47 feature_extraction.cc:286]   Camera:          #75 - SIMPLE_RADIAL
I0825 21:37:22.903939    47 feature_extraction.cc:289]   Focal Length:    4608.00px
I0825 21:37:22.903949    47 feature_extraction.cc:302]   Features:        10838
I0825 21:37:23.779871    47 feature_extraction.cc:254] Processed file [76/795]
I0825 21:37:23.779928    47 feature_extraction.cc:257]   Name:            frame_000076.jpg
I0825 21:37:23.779935    47 feature_extraction.cc:283]   Dimensions:      3840 x 2160
I0825 21:37:23.779938    47 feature_extraction.cc:286]   Camera:          #76 - SIMPLE_RADIAL
I0825 21:37:23.779942    47 feature_extraction.cc:289]   Focal Length:    4608.00px
I0825 21:37:23.779953    47 feature_extraction.cc:302]   Features:        11104
I0825 21:37:24.278088    47 feature_extraction.cc:254] Processed file [77/795]
I0825 21:37:24.278134    47 feature_extraction.cc:257]   Name:            frame_000077.jpg
I0825 21:37:24.278141    47 feature_extraction.cc:283]   Dimensions:      3840 x 2160
I0825 21:37:24.278142    47 feature_extraction.cc:286]   Camera:          #77 - SIMPLE_RADIAL
I0825 21:37:24.278146    47 feature_extraction.cc:289]   Focal Length:    4608.00px
I0825 21:37:24.278153    47 feature_extraction.cc:302]   Features:        11205
I0825 21:37:26.057608    47 feature_extraction.cc:254] Processed file [78/795]
I0825 21:37:26.057653    47 feature_extraction.cc:257]   Name:            frame_000078.jpg
I0825 21:37:26.057659    47 feature_extraction.cc:283]   Dimensions:      3840 x 2160
I0825 21:37:26.057662    47 feature_extraction.cc:286]   Camera:          #78 - SIMPLE_RADIAL
I0825 21:37:26.057664    47 feature_extraction.cc:289]   Focal Length:    4608.00px
I0825 21:37:26.057674    47 feature_extraction.cc:302]   Features:        11584
I0825 21:37:26.498528    47 feature_extraction.cc:254] Processed file [79/795]
I0825 21:37:26.498574    47 feature_extraction.cc:257]   Name:            frame_000079.jpg
I0825 21:37:26.498581    47 feature_extraction.cc:283]   Dimensions:      3840 x 2160
I0825 21:37:26.498585    47 feature_extraction.cc:286]   Camera:          #79 - SIMPLE_RADIAL
I0825 21:37:26.498590    47 feature_extraction.cc:289]   Focal Length:    4608.00px
I0825 21:37:26.498603    47 feature_extraction.cc:302]   Features:        11304
I0825 21:37:27.192170    47 feature_extraction.cc:254] Processed file [80/795]
I0825 21:37:27.192214    47 feature_extraction.cc:257]   Name:            frame_000080.jpg
I0825 21:37:27.192219    47 feature_extraction.cc:283]   Dimensions:      3840 x 2160
I0825 21:37:27.192222    47 feature_extraction.cc:286]   Camera:          #80 - SIMPLE_RADIAL
I0825 21:37:27.192225    47 feature_extraction.cc:289]   Focal Length:    4608.00px
I0825 21:37:27.192233    47 feature_extraction.cc:302]   Features:        11159
I0825 21:37:28.548784    47 feature_extraction.cc:254] Processed file [81/795]
I0825 21:37:28.548835    47 feature_extraction.cc:257]   Name:            frame_000081.jpg
I0825 21:37:28.548842    47 feature_extraction.cc:283]   Dimensions:      3840 x 2160
I0825 21:37:28.548844    47 feature_extraction.cc:286]   Camera:          #81 - SIMPLE_RADIAL
I0825 21:37:28.548848    47 feature_extraction.cc:289]   Focal Length:    4608.00px
I0825 21:37:28.548858    47 feature_extraction.cc:302]   Features:        12051
I0825 21:37:29.498252    47 feature_extraction.cc:254] Processed file [82/795]
I0825 21:37:29.498297    47 feature_extraction.cc:257]   Name:            frame_000082.jpg
I0825 21:37:29.498303    47 feature_extraction.cc:283]   Dimensions:      3840 x 2160
I0825 21:37:29.498306    47 feature_extraction.cc:286]   Camera:          #82 - SIMPLE_RADIAL
I0825 21:37:29.498309    47 feature_extraction.cc:289]   Focal Length:    4608.00px
I0825 21:37:29.498317    47 feature_extraction.cc:302]   Features:        12568
I0825 21:37:30.056645    47 feature_extraction.cc:254] Processed file [83/795]
I0825 21:37:30.056694    47 feature_extraction.cc:257]   Name:            frame_000083.jpg
I0825 21:37:30.056701    47 feature_extraction.cc:283]   Dimensions:      3840 x 2160
I0825 21:37:30.056703    47 feature_extraction.cc:286]   Camera:          #83 - SIMPLE_RADIAL
I0825 21:37:30.056707    47 feature_extraction.cc:289]   Focal Length:    4608.00px
I0825 21:37:30.056717    47 feature_extraction.cc:302]   Features:        12426
I0825 21:37:32.370767    47 feature_extraction.cc:254] Processed file [84/795]
I0825 21:37:32.370795    47 feature_extraction.cc:257]   Name:            frame_000084.jpg
I0825 21:37:32.370797    47 feature_extraction.cc:283]   Dimensions:      3840 x 2160
I0825 21:37:32.370800    47 feature_extraction.cc:286]   Camera:          #84 - SIMPLE_RADIAL
I0825 21:37:32.370802    47 feature_extraction.cc:289]   Focal Length:    4608.00px
I0825 21:37:32.370810    47 feature_extraction.cc:302]   Features:        12112
I0825 21:37:32.942752    47 feature_extraction.cc:254] Processed file [85/795]
I0825 21:37:32.942806    47 feature_extraction.cc:257]   Name:            frame_000085.jpg
I0825 21:37:32.942816    47 feature_extraction.cc:283]   Dimensions:      3840 x 2160
I0825 21:37:32.942821    47 feature_extraction.cc:286]   Camera:          #85 - SIMPLE_RADIAL
I0825 21:37:32.942827    47 feature_extraction.cc:289]   Focal Length:    4608.00px
I0825 21:37:32.942838    47 feature_extraction.cc:302]   Features:        12745
I0825 21:37:33.843940    47 feature_extraction.cc:254] Processed file [86/795]
I0825 21:37:33.843986    47 feature_extraction.cc:257]   Name:            frame_000086.jpg
I0825 21:37:33.843991    47 feature_extraction.cc:283]   Dimensions:      3840 x 2160
I0825 21:37:33.843994    47 feature_extraction.cc:286]   Camera:          #86 - SIMPLE_RADIAL
I0825 21:37:33.843997    47 feature_extraction.cc:289]   Focal Length:    4608.00px
I0825 21:37:33.844007    47 feature_extraction.cc:302]   Features:        13081
I0825 21:37:35.741449    47 feature_extraction.cc:254] Processed file [87/795]
I0825 21:37:35.741495    47 feature_extraction.cc:257]   Name:            frame_000087.jpg
I0825 21:37:35.741501    47 feature_extraction.cc:283]   Dimensions:      3840 x 2160
I0825 21:37:35.741503    47 feature_extraction.cc:286]   Camera:          #87 - SIMPLE_RADIAL
I0825 21:37:35.741508    47 feature_extraction.cc:289]   Focal Length:    4608.00px
I0825 21:37:35.741514    47 feature_extraction.cc:302]   Features:        8194
I0825 21:37:36.316116    47 feature_extraction.cc:254] Processed file [88/795]
I0825 21:37:36.316159    47 feature_extraction.cc:257]   Name:            frame_000088.jpg
I0825 21:37:36.316165    47 feature_extraction.cc:283]   Dimensions:      3840 x 2160
I0825 21:37:36.316169    47 feature_extraction.cc:286]   Camera:          #88 - SIMPLE_RADIAL
I0825 21:37:36.316171    47 feature_extraction.cc:289]   Focal Length:    4608.00px
I0825 21:37:36.316179    47 feature_extraction.cc:302]   Features:        13195
I0825 21:37:36.797263    47 feature_extraction.cc:254] Processed file [89/795]
I0825 21:37:36.797307    47 feature_extraction.cc:257]   Name:            frame_000089.jpg
I0825 21:37:36.797313    47 feature_extraction.cc:283]   Dimensions:      3840 x 2160
I0825 21:37:36.797315    47 feature_extraction.cc:286]   Camera:          #89 - SIMPLE_RADIAL
I0825 21:37:36.797319    47 feature_extraction.cc:289]   Focal Length:    4608.00px
I0825 21:37:36.797327    47 feature_extraction.cc:302]   Features:        12388
I0825 21:37:38.396772    47 feature_extraction.cc:254] Processed file [90/795]
I0825 21:37:38.396816    47 feature_extraction.cc:257]   Name:            frame_000090.jpg
I0825 21:37:38.396822    47 feature_extraction.cc:283]   Dimensions:      3840 x 2160
I0825 21:37:38.396826    47 feature_extraction.cc:286]   Camera:          #90 - SIMPLE_RADIAL
I0825 21:37:38.396828    47 feature_extraction.cc:289]   Focal Length:    4608.00px
I0825 21:37:38.396836    47 feature_extraction.cc:302]   Features:        12253
I0825 21:37:38.956964    47 feature_extraction.cc:254] Processed file [91/795]
I0825 21:37:38.957007    47 feature_extraction.cc:257]   Name:            frame_000091.jpg
I0825 21:37:38.957017    47 feature_extraction.cc:283]   Dimensions:      3840 x 2160
I0825 21:37:38.957022    47 feature_extraction.cc:286]   Camera:          #91 - SIMPLE_RADIAL
I0825 21:37:38.957027    47 feature_extraction.cc:289]   Focal Length:    4608.00px
I0825 21:37:38.957041    47 feature_extraction.cc:302]   Features:        12144
I0825 21:37:39.761680    47 feature_extraction.cc:254] Processed file [92/795]
I0825 21:37:39.761760    47 feature_extraction.cc:257]   Name:            frame_000092.jpg
I0825 21:37:39.761766    47 feature_extraction.cc:283]   Dimensions:      3840 x 2160
I0825 21:37:39.761770    47 feature_extraction.cc:286]   Camera:          #92 - SIMPLE_RADIAL
I0825 21:37:39.761772    47 feature_extraction.cc:289]   Focal Length:    4608.00px
I0825 21:37:39.761780    47 feature_extraction.cc:302]   Features:        12250
I0825 21:37:41.228147    47 feature_extraction.cc:254] Processed file [93/795]
I0825 21:37:41.228191    47 feature_extraction.cc:257]   Name:            frame_000093.jpg
I0825 21:37:41.228199    47 feature_extraction.cc:283]   Dimensions:      3840 x 2160
I0825 21:37:41.228200    47 feature_extraction.cc:286]   Camera:          #93 - SIMPLE_RADIAL
I0825 21:37:41.228204    47 feature_extraction.cc:289]   Focal Length:    4608.00px
I0825 21:37:41.228214    47 feature_extraction.cc:302]   Features:        12176
I0825 21:37:42.024559    47 feature_extraction.cc:254] Processed file [94/795]
I0825 21:37:42.024602    47 feature_extraction.cc:257]   Name:            frame_000094.jpg
I0825 21:37:42.024608    47 feature_extraction.cc:283]   Dimensions:      3840 x 2160
I0825 21:37:42.024611    47 feature_extraction.cc:286]   Camera:          #94 - SIMPLE_RADIAL
I0825 21:37:42.024614    47 feature_extraction.cc:289]   Focal Length:    4608.00px
I0825 21:37:42.024622    47 feature_extraction.cc:302]   Features:        12163
I0825 21:37:42.535971    47 feature_extraction.cc:254] Processed file [95/795]
I0825 21:37:42.536015    47 feature_extraction.cc:257]   Name:            frame_000095.jpg
I0825 21:37:42.536024    47 feature_extraction.cc:283]   Dimensions:      3840 x 2160
I0825 21:37:42.536027    47 feature_extraction.cc:286]   Camera:          #95 - SIMPLE_RADIAL
I0825 21:37:42.536031    47 feature_extraction.cc:289]   Focal Length:    4608.00px
I0825 21:37:42.536038    47 feature_extraction.cc:302]   Features:        12200
I0825 21:37:44.608441    47 feature_extraction.cc:254] Processed file [96/795]
I0825 21:37:44.608486    47 feature_extraction.cc:257]   Name:            frame_000096.jpg
I0825 21:37:44.608492    47 feature_extraction.cc:283]   Dimensions:      3840 x 2160
I0825 21:37:44.608494    47 feature_extraction.cc:286]   Camera:          #96 - SIMPLE_RADIAL
I0825 21:37:44.608498    47 feature_extraction.cc:289]   Focal Length:    4608.00px
I0825 21:37:44.608508    47 feature_extraction.cc:302]   Features:        12299
I0825 21:37:45.113978    47 feature_extraction.cc:254] Processed file [97/795]
I0825 21:37:45.114020    47 feature_extraction.cc:257]   Name:            frame_000097.jpg
I0825 21:37:45.114032    47 feature_extraction.cc:283]   Dimensions:      3840 x 2160
I0825 21:37:45.114035    47 feature_extraction.cc:286]   Camera:          #97 - SIMPLE_RADIAL
I0825 21:37:45.114040    47 feature_extraction.cc:289]   Focal Length:    4608.00px
I0825 21:37:45.114049    47 feature_extraction.cc:302]   Features:        12134
I0825 21:37:45.910670    47 feature_extraction.cc:254] Processed file [98/795]
I0825 21:37:45.910713    47 feature_extraction.cc:257]   Name:            frame_000098.jpg
I0825 21:37:45.910720    47 feature_extraction.cc:283]   Dimensions:      3840 x 2160
I0825 21:37:45.910722    47 feature_extraction.cc:286]   Camera:          #98 - SIMPLE_RADIAL
I0825 21:37:45.910727    47 feature_extraction.cc:289]   Focal Length:    4608.00px
I0825 21:37:45.910733    47 feature_extraction.cc:302]   Features:        12165
I0825 21:37:47.446447    47 feature_extraction.cc:254] Processed file [99/795]
I0825 21:37:47.446499    47 feature_extraction.cc:257]   Name:            frame_000099.jpg
I0825 21:37:47.446506    47 feature_extraction.cc:283]   Dimensions:      3840 x 2160
I0825 21:37:47.446507    47 feature_extraction.cc:286]   Camera:          #99 - SIMPLE_RADIAL
I0825 21:37:47.446511    47 feature_extraction.cc:289]   Focal Length:    4608.00px
I0825 21:37:47.446521    47 feature_extraction.cc:302]   Features:        12620
I0825 21:37:48.460891    47 feature_extraction.cc:254] Processed file [100/795]
I0825 21:37:48.460933    47 feature_extraction.cc:257]   Name:            frame_000100.jpg
I0825 21:37:48.460939    47 feature_extraction.cc:283]   Dimensions:      3840 x 2160
I0825 21:37:48.460942    47 feature_extraction.cc:286]   Camera:          #100 - SIMPLE_RADIAL
I0825 21:37:48.460944    47 feature_extraction.cc:289]   Focal Length:    4608.00px
I0825 21:37:48.460953    47 feature_extraction.cc:302]   Features:        12480
I0825 21:37:49.051937    47 feature_extraction.cc:254] Processed file [101/795]
I0825 21:37:49.051992    47 feature_extraction.cc:257]   Name:            frame_000101.jpg
I0825 21:37:49.051999    47 feature_extraction.cc:283]   Dimensions:      3840 x 2160
I0825 21:37:49.052002    47 feature_extraction.cc:286]   Camera:          #101 - SIMPLE_RADIAL
I0825 21:37:49.052006    47 feature_extraction.cc:289]   Focal Length:    4608.00px
I0825 21:37:49.052026    47 feature_extraction.cc:302]   Features:        12899
I0825 21:37:51.022461    47 feature_extraction.cc:254] Processed file [102/795]
I0825 21:37:51.022505    47 feature_extraction.cc:257]   Name:            frame_000102.jpg
I0825 21:37:51.022511    47 feature_extraction.cc:283]   Dimensions:      3840 x 2160
I0825 21:37:51.022514    47 feature_extraction.cc:286]   Camera:          #102 - SIMPLE_RADIAL
I0825 21:37:51.022517    47 feature_extraction.cc:289]   Focal Length:    4608.00px
I0825 21:37:51.022526    47 feature_extraction.cc:302]   Features:        12780
I0825 21:37:51.569423    47 feature_extraction.cc:254] Processed file [103/795]
I0825 21:37:51.569464    47 feature_extraction.cc:257]   Name:            frame_000103.jpg
I0825 21:37:51.569470    47 feature_extraction.cc:283]   Dimensions:      3840 x 2160
I0825 21:37:51.569473    47 feature_extraction.cc:286]   Camera:          #103 - SIMPLE_RADIAL
I0825 21:37:51.569475    47 feature_extraction.cc:289]   Focal Length:    4608.00px
I0825 21:37:51.569484    47 feature_extraction.cc:302]   Features:        13124
I0825 21:37:52.434816    47 feature_extraction.cc:254] Processed file [104/795]
I0825 21:37:52.434859    47 feature_extraction.cc:257]   Name:            frame_000104.jpg
I0825 21:37:52.434864    47 feature_extraction.cc:283]   Dimensions:      3840 x 2160
I0825 21:37:52.434866    47 feature_extraction.cc:286]   Camera:          #104 - SIMPLE_RADIAL
I0825 21:37:52.434870    47 feature_extraction.cc:289]   Focal Length:    4608.00px
I0825 21:37:52.434878    47 feature_extraction.cc:302]   Features:        13610
I0825 21:37:54.294045    47 feature_extraction.cc:254] Processed file [105/795]
I0825 21:37:54.294088    47 feature_extraction.cc:257]   Name:            frame_000105.jpg
I0825 21:37:54.294095    47 feature_extraction.cc:283]   Dimensions:      3840 x 2160
I0825 21:37:54.294100    47 feature_extraction.cc:286]   Camera:          #105 - SIMPLE_RADIAL
I0825 21:37:54.294104    47 feature_extraction.cc:289]   Focal Length:    4608.00px
I0825 21:37:54.294113    47 feature_extraction.cc:302]   Features:        13663
I0825 21:37:55.378335    47 feature_extraction.cc:254] Processed file [106/795]
I0825 21:37:55.378377    47 feature_extraction.cc:257]   Name:            frame_000106.jpg
I0825 21:37:55.378383    47 feature_extraction.cc:283]   Dimensions:      3840 x 2160
I0825 21:37:55.378386    47 feature_extraction.cc:286]   Camera:          #106 - SIMPLE_RADIAL
I0825 21:37:55.378389    47 feature_extraction.cc:289]   Focal Length:    4608.00px
I0825 21:37:55.378396    47 feature_extraction.cc:302]   Features:        13561
I0825 21:37:56.700457    47 feature_extraction.cc:254] Processed file [107/795]
I0825 21:37:56.700500    47 feature_extraction.cc:257]   Name:            frame_000107.jpg
I0825 21:37:56.700506    47 feature_extraction.cc:283]   Dimensions:      3840 x 2160
I0825 21:37:56.700508    47 feature_extraction.cc:286]   Camera:          #107 - SIMPLE_RADIAL
I0825 21:37:56.700512    47 feature_extraction.cc:289]   Focal Length:    4608.00px
I0825 21:37:56.700521    47 feature_extraction.cc:302]   Features:        13259
I0825 21:37:57.504515    47 feature_extraction.cc:254] Processed file [108/795]
I0825 21:37:57.504565    47 feature_extraction.cc:257]   Name:            frame_000108.jpg
I0825 21:37:57.504572    47 feature_extraction.cc:283]   Dimensions:      3840 x 2160
I0825 21:37:57.504575    47 feature_extraction.cc:286]   Camera:          #108 - SIMPLE_RADIAL
I0825 21:37:57.504580    47 feature_extraction.cc:289]   Focal Length:    4608.00px
I0825 21:37:57.504606    47 feature_extraction.cc:302]   Features:        8215
I0825 21:37:58.150139    47 feature_extraction.cc:254] Processed file [109/795]
I0825 21:37:58.150197    47 feature_extraction.cc:257]   Name:            frame_000109.jpg
I0825 21:37:58.150203    47 feature_extraction.cc:283]   Dimensions:      3840 x 2160
I0825 21:37:58.150206    47 feature_extraction.cc:286]   Camera:          #109 - SIMPLE_RADIAL
I0825 21:37:58.150210    47 feature_extraction.cc:289]   Focal Length:    4608.00px
I0825 21:37:58.150223    47 feature_extraction.cc:302]   Features:        13721
I0825 21:37:59.888167    47 feature_extraction.cc:254] Processed file [110/795]
I0825 21:37:59.888245    47 feature_extraction.cc:257]   Name:            frame_000110.jpg
I0825 21:37:59.888259    47 feature_extraction.cc:283]   Dimensions:      3840 x 2160
I0825 21:37:59.888264    47 feature_extraction.cc:286]   Camera:          #110 - SIMPLE_RADIAL
I0825 21:37:59.888271    47 feature_extraction.cc:289]   Focal Length:    4608.00px
I0825 21:37:59.888283    47 feature_extraction.cc:302]   Features:        13381
I0825 21:38:00.754436    47 feature_extraction.cc:254] Processed file [111/795]
I0825 21:38:00.754477    47 feature_extraction.cc:257]   Name:            frame_000111.jpg
I0825 21:38:00.754484    47 feature_extraction.cc:283]   Dimensions:      3840 x 2160
I0825 21:38:00.754487    47 feature_extraction.cc:286]   Camera:          #111 - SIMPLE_RADIAL
I0825 21:38:00.754490    47 feature_extraction.cc:289]   Focal Length:    4608.00px
I0825 21:38:00.754498    47 feature_extraction.cc:302]   Features:        13299
I0825 21:38:02.247635    47 feature_extraction.cc:254] Processed file [112/795]
I0825 21:38:02.247686    47 feature_extraction.cc:257]   Name:            frame_000112.jpg
I0825 21:38:02.247695    47 feature_extraction.cc:283]   Dimensions:      3840 x 2160
I0825 21:38:02.247697    47 feature_extraction.cc:286]   Camera:          #112 - SIMPLE_RADIAL
I0825 21:38:02.247701    47 feature_extraction.cc:289]   Focal Length:    4608.00px
I0825 21:38:02.247710    47 feature_extraction.cc:302]   Features:        8274
I0825 21:38:02.845521    47 feature_extraction.cc:254] Processed file [113/795]
I0825 21:38:02.845563    47 feature_extraction.cc:257]   Name:            frame_000113.jpg
I0825 21:38:02.845569    47 feature_extraction.cc:283]   Dimensions:      3840 x 2160
I0825 21:38:02.845572    47 feature_extraction.cc:286]   Camera:          #113 - SIMPLE_RADIAL
I0825 21:38:02.845575    47 feature_extraction.cc:289]   Focal Length:    4608.00px
I0825 21:38:02.845583    47 feature_extraction.cc:302]   Features:        8238
I0825 21:38:03.199199    47 feature_extraction.cc:254] Processed file [114/795]
I0825 21:38:03.199247    47 feature_extraction.cc:257]   Name:            frame_000114.jpg
I0825 21:38:03.199256    47 feature_extraction.cc:283]   Dimensions:      3840 x 2160
I0825 21:38:03.199259    47 feature_extraction.cc:286]   Camera:          #114 - SIMPLE_RADIAL
I0825 21:38:03.199263    47 feature_extraction.cc:289]   Focal Length:    4608.00px
I0825 21:38:03.199272    47 feature_extraction.cc:302]   Features:        8292
I0825 21:38:03.820179    47 feature_extraction.cc:254] Processed file [115/795]
I0825 21:38:03.820221    47 feature_extraction.cc:257]   Name:            frame_000115.jpg
I0825 21:38:03.820227    47 feature_extraction.cc:283]   Dimensions:      3840 x 2160
I0825 21:38:03.820230    47 feature_extraction.cc:286]   Camera:          #115 - SIMPLE_RADIAL
I0825 21:38:03.820233    47 feature_extraction.cc:289]   Focal Length:    4608.00px
I0825 21:38:03.820241    47 feature_extraction.cc:302]   Features:        8324
I0825 21:38:05.080411    47 feature_extraction.cc:254] Processed file [116/795]
I0825 21:38:05.080457    47 feature_extraction.cc:257]   Name:            frame_000116.jpg
I0825 21:38:05.080463    47 feature_extraction.cc:283]   Dimensions:      3840 x 2160
I0825 21:38:05.080466    47 feature_extraction.cc:286]   Camera:          #116 - SIMPLE_RADIAL
I0825 21:38:05.080469    47 feature_extraction.cc:289]   Focal Length:    4608.00px
I0825 21:38:05.080478    47 feature_extraction.cc:302]   Features:        8333
I0825 21:38:05.691706    47 feature_extraction.cc:254] Processed file [117/795]
I0825 21:38:05.691749    47 feature_extraction.cc:257]   Name:            frame_000117.jpg
I0825 21:38:05.691756    47 feature_extraction.cc:283]   Dimensions:      3840 x 2160
I0825 21:38:05.691758    47 feature_extraction.cc:286]   Camera:          #117 - SIMPLE_RADIAL
I0825 21:38:05.691761    47 feature_extraction.cc:289]   Focal Length:    4608.00px
I0825 21:38:05.691769    47 feature_extraction.cc:302]   Features:        8410
I0825 21:38:06.040206    47 feature_extraction.cc:254] Processed file [118/795]
I0825 21:38:06.040249    47 feature_extraction.cc:257]   Name:            frame_000118.jpg
I0825 21:38:06.040259    47 feature_extraction.cc:283]   Dimensions:      3840 x 2160
I0825 21:38:06.040262    47 feature_extraction.cc:286]   Camera:          #118 - SIMPLE_RADIAL
I0825 21:38:06.040266    47 feature_extraction.cc:289]   Focal Length:    4608.00px
I0825 21:38:06.040273    47 feature_extraction.cc:302]   Features:        8259
I0825 21:38:06.724887    47 feature_extraction.cc:254] Processed file [119/795]
I0825 21:38:06.724931    47 feature_extraction.cc:257]   Name:            frame_000119.jpg
I0825 21:38:06.724936    47 feature_extraction.cc:283]   Dimensions:      3840 x 2160
I0825 21:38:06.724939    47 feature_extraction.cc:286]   Camera:          #119 - SIMPLE_RADIAL
I0825 21:38:06.724942    47 feature_extraction.cc:289]   Focal Length:    4608.00px
I0825 21:38:06.724949    47 feature_extraction.cc:302]   Features:        8492
I0825 21:38:08.060690    47 feature_extraction.cc:254] Processed file [120/795]
I0825 21:38:08.060734    47 feature_extraction.cc:257]   Name:            frame_000120.jpg
I0825 21:38:08.060741    47 feature_extraction.cc:283]   Dimensions:      3840 x 2160
I0825 21:38:08.060743    47 feature_extraction.cc:286]   Camera:          #120 - SIMPLE_RADIAL
I0825 21:38:08.060747    47 feature_extraction.cc:289]   Focal Length:    4608.00px
I0825 21:38:08.060755    47 feature_extraction.cc:302]   Features:        8570
I0825 21:38:08.702018    47 feature_extraction.cc:254] Processed file [121/795]
I0825 21:38:08.702090    47 feature_extraction.cc:257]   Name:            frame_000121.jpg
I0825 21:38:08.702103    47 feature_extraction.cc:283]   Dimensions:      3840 x 2160
I0825 21:38:08.702108    47 feature_extraction.cc:286]   Camera:          #121 - SIMPLE_RADIAL
I0825 21:38:08.702116    47 feature_extraction.cc:289]   Focal Length:    4608.00px
I0825 21:38:08.702128    47 feature_extraction.cc:302]   Features:        8553
I0825 21:38:09.229097    47 feature_extraction.cc:254] Processed file [122/795]
I0825 21:38:09.229141    47 feature_extraction.cc:257]   Name:            frame_000122.jpg
I0825 21:38:09.229147    47 feature_extraction.cc:283]   Dimensions:      3840 x 2160
I0825 21:38:09.229151    47 feature_extraction.cc:286]   Camera:          #122 - SIMPLE_RADIAL
I0825 21:38:09.229153    47 feature_extraction.cc:289]   Focal Length:    4608.00px
I0825 21:38:09.229161    47 feature_extraction.cc:302]   Features:        8574
I0825 21:38:09.594147    47 feature_extraction.cc:254] Processed file [123/795]
I0825 21:38:09.594195    47 feature_extraction.cc:257]   Name:            frame_000123.jpg
I0825 21:38:09.594203    47 feature_extraction.cc:283]   Dimensions:      3840 x 2160
I0825 21:38:09.594205    47 feature_extraction.cc:286]   Camera:          #123 - SIMPLE_RADIAL
I0825 21:38:09.594209    47 feature_extraction.cc:289]   Focal Length:    4608.00px
I0825 21:38:09.594218    47 feature_extraction.cc:302]   Features:        8595
I0825 21:38:11.325651    47 feature_extraction.cc:254] Processed file [124/795]
I0825 21:38:11.325699    47 feature_extraction.cc:257]   Name:            frame_000124.jpg
I0825 21:38:11.325706    47 feature_extraction.cc:283]   Dimensions:      3840 x 2160
I0825 21:38:11.325709    47 feature_extraction.cc:286]   Camera:          #124 - SIMPLE_RADIAL
I0825 21:38:11.325712    47 feature_extraction.cc:289]   Focal Length:    4608.00px
I0825 21:38:11.325721    47 feature_extraction.cc:302]   Features:        8571
I0825 21:38:11.714708    47 feature_extraction.cc:254] Processed file [125/795]
I0825 21:38:11.714752    47 feature_extraction.cc:257]   Name:            frame_000125.jpg
I0825 21:38:11.714762    47 feature_extraction.cc:283]   Dimensions:      3840 x 2160
I0825 21:38:11.714764    47 feature_extraction.cc:286]   Camera:          #125 - SIMPLE_RADIAL
I0825 21:38:11.714771    47 feature_extraction.cc:289]   Focal Length:    4608.00px
I0825 21:38:11.714781    47 feature_extraction.cc:302]   Features:        8520
I0825 21:38:12.413347    47 feature_extraction.cc:254] Processed file [126/795]
I0825 21:38:12.413393    47 feature_extraction.cc:257]   Name:            frame_000126.jpg
I0825 21:38:12.413398    47 feature_extraction.cc:283]   Dimensions:      3840 x 2160
I0825 21:38:12.413401    47 feature_extraction.cc:286]   Camera:          #126 - SIMPLE_RADIAL
I0825 21:38:12.413404    47 feature_extraction.cc:289]   Focal Length:    4608.00px
I0825 21:38:12.413414    47 feature_extraction.cc:302]   Features:        8762
I0825 21:38:12.812542    47 feature_extraction.cc:254] Processed file [127/795]
I0825 21:38:12.812590    47 feature_extraction.cc:257]   Name:            frame_000127.jpg
I0825 21:38:12.812598    47 feature_extraction.cc:283]   Dimensions:      3840 x 2160
I0825 21:38:12.812601    47 feature_extraction.cc:286]   Camera:          #127 - SIMPLE_RADIAL
I0825 21:38:12.812606    47 feature_extraction.cc:289]   Focal Length:    4608.00px
I0825 21:38:12.812615    47 feature_extraction.cc:302]   Features:        8615
I0825 21:38:14.434386    47 feature_extraction.cc:254] Processed file [128/795]
I0825 21:38:14.434432    47 feature_extraction.cc:257]   Name:            frame_000128.jpg
I0825 21:38:14.434437    47 feature_extraction.cc:283]   Dimensions:      3840 x 2160
I0825 21:38:14.434440    47 feature_extraction.cc:286]   Camera:          #128 - SIMPLE_RADIAL
I0825 21:38:14.434443    47 feature_extraction.cc:289]   Focal Length:    4608.00px
I0825 21:38:14.434453    47 feature_extraction.cc:302]   Features:        8673
I0825 21:38:14.797534    47 feature_extraction.cc:254] Processed file [129/795]
I0825 21:38:14.797580    47 feature_extraction.cc:257]   Name:            frame_000129.jpg
I0825 21:38:14.797590    47 feature_extraction.cc:283]   Dimensions:      3840 x 2160
I0825 21:38:14.797595    47 feature_extraction.cc:286]   Camera:          #129 - SIMPLE_RADIAL
I0825 21:38:14.797600    47 feature_extraction.cc:289]   Focal Length:    4608.00px
I0825 21:38:14.797611    47 feature_extraction.cc:302]   Features:        8741
I0825 21:38:15.576128    47 feature_extraction.cc:254] Processed file [130/795]
I0825 21:38:15.576232    47 feature_extraction.cc:257]   Name:            frame_000130.jpg
I0825 21:38:15.576249    47 feature_extraction.cc:283]   Dimensions:      3840 x 2160
I0825 21:38:15.576257    47 feature_extraction.cc:286]   Camera:          #130 - SIMPLE_RADIAL
I0825 21:38:15.576267    47 feature_extraction.cc:289]   Focal Length:    4608.00px
I0825 21:38:15.576294    47 feature_extraction.cc:302]   Features:        8643
I0825 21:38:15.942982    47 feature_extraction.cc:254] Processed file [131/795]
I0825 21:38:15.943032    47 feature_extraction.cc:257]   Name:            frame_000131.jpg
I0825 21:38:15.943041    47 feature_extraction.cc:283]   Dimensions:      3840 x 2160
I0825 21:38:15.943044    47 feature_extraction.cc:286]   Camera:          #131 - SIMPLE_RADIAL
I0825 21:38:15.943048    47 feature_extraction.cc:289]   Focal Length:    4608.00px
I0825 21:38:15.943055    47 feature_extraction.cc:302]   Features:        8668
I0825 21:38:17.624606    47 feature_extraction.cc:254] Processed file [132/795]
I0825 21:38:17.624650    47 feature_extraction.cc:257]   Name:            frame_000132.jpg
I0825 21:38:17.624656    47 feature_extraction.cc:283]   Dimensions:      3840 x 2160
I0825 21:38:17.624660    47 feature_extraction.cc:286]   Camera:          #132 - SIMPLE_RADIAL
I0825 21:38:17.624662    47 feature_extraction.cc:289]   Focal Length:    4608.00px
I0825 21:38:17.624670    47 feature_extraction.cc:302]   Features:        8924
I0825 21:38:18.000860    47 feature_extraction.cc:254] Processed file [133/795]
I0825 21:38:18.000903    47 feature_extraction.cc:257]   Name:            frame_000133.jpg
I0825 21:38:18.000912    47 feature_extraction.cc:283]   Dimensions:      3840 x 2160
I0825 21:38:18.000916    47 feature_extraction.cc:286]   Camera:          #133 - SIMPLE_RADIAL
I0825 21:38:18.000922    47 feature_extraction.cc:289]   Focal Length:    4608.00px
I0825 21:38:18.000934    47 feature_extraction.cc:302]   Features:        8677
I0825 21:38:18.734112    47 feature_extraction.cc:254] Processed file [134/795]
I0825 21:38:18.734153    47 feature_extraction.cc:257]   Name:            frame_000134.jpg
I0825 21:38:18.734158    47 feature_extraction.cc:283]   Dimensions:      3840 x 2160
I0825 21:38:18.734161    47 feature_extraction.cc:286]   Camera:          #134 - SIMPLE_RADIAL
I0825 21:38:18.734164    47 feature_extraction.cc:289]   Focal Length:    4608.00px
I0825 21:38:18.734171    47 feature_extraction.cc:302]   Features:        8568
I0825 21:38:19.104310    47 feature_extraction.cc:254] Processed file [135/795]
I0825 21:38:19.104352    47 feature_extraction.cc:257]   Name:            frame_000135.jpg
I0825 21:38:19.104360    47 feature_extraction.cc:283]   Dimensions:      3840 x 2160
I0825 21:38:19.104364    47 feature_extraction.cc:286]   Camera:          #135 - SIMPLE_RADIAL
I0825 21:38:19.104368    47 feature_extraction.cc:289]   Focal Length:    4608.00px
I0825 21:38:19.104377    47 feature_extraction.cc:302]   Features:        8732
I0825 21:38:20.574626    47 feature_extraction.cc:254] Processed file [136/795]
I0825 21:38:20.574669    47 feature_extraction.cc:257]   Name:            frame_000136.jpg
I0825 21:38:20.574676    47 feature_extraction.cc:283]   Dimensions:      3840 x 2160
I0825 21:38:20.574678    47 feature_extraction.cc:286]   Camera:          #136 - SIMPLE_RADIAL
I0825 21:38:20.574681    47 feature_extraction.cc:289]   Focal Length:    4608.00px
I0825 21:38:20.574689    47 feature_extraction.cc:302]   Features:        8443
I0825 21:38:21.021463    47 feature_extraction.cc:254] Processed file [137/795]
I0825 21:38:21.021519    47 feature_extraction.cc:257]   Name:            frame_000137.jpg
I0825 21:38:21.021528    47 feature_extraction.cc:283]   Dimensions:      3840 x 2160
I0825 21:38:21.021531    47 feature_extraction.cc:286]   Camera:          #137 - SIMPLE_RADIAL
I0825 21:38:21.021536    47 feature_extraction.cc:289]   Focal Length:    4608.00px
I0825 21:38:21.021544    47 feature_extraction.cc:302]   Features:        8628
I0825 21:38:22.211129    47 feature_extraction.cc:254] Processed file [138/795]
I0825 21:38:22.211198    47 feature_extraction.cc:257]   Name:            frame_000138.jpg
I0825 21:38:22.211206    47 feature_extraction.cc:283]   Dimensions:      3840 x 2160
I0825 21:38:22.211210    47 feature_extraction.cc:286]   Camera:          #138 - SIMPLE_RADIAL
I0825 21:38:22.211213    47 feature_extraction.cc:289]   Focal Length:    4608.00px
I0825 21:38:22.211225    47 feature_extraction.cc:302]   Features:        8662
I0825 21:38:23.816761    47 feature_extraction.cc:254] Processed file [139/795]
I0825 21:38:23.816850    47 feature_extraction.cc:257]   Name:            frame_000139.jpg
I0825 21:38:23.816859    47 feature_extraction.cc:283]   Dimensions:      3840 x 2160
I0825 21:38:23.816861    47 feature_extraction.cc:286]   Camera:          #139 - SIMPLE_RADIAL
I0825 21:38:23.816865    47 feature_extraction.cc:289]   Focal Length:    4608.00px
I0825 21:38:23.816874    47 feature_extraction.cc:302]   Features:        8615
I0825 21:38:24.754043    47 feature_extraction.cc:254] Processed file [140/795]
I0825 21:38:24.754190    47 feature_extraction.cc:257]   Name:            frame_000140.jpg
I0825 21:38:24.754199    47 feature_extraction.cc:283]   Dimensions:      3840 x 2160
I0825 21:38:24.754202    47 feature_extraction.cc:286]   Camera:          #140 - SIMPLE_RADIAL
I0825 21:38:24.754205    47 feature_extraction.cc:289]   Focal Length:    4608.00px
I0825 21:38:24.754220    47 feature_extraction.cc:302]   Features:        8551
I0825 21:38:25.172174    47 feature_extraction.cc:254] Processed file [141/795]
I0825 21:38:25.172225    47 feature_extraction.cc:257]   Name:            frame_000141.jpg
I0825 21:38:25.172231    47 feature_extraction.cc:283]   Dimensions:      3840 x 2160
I0825 21:38:25.172235    47 feature_extraction.cc:286]   Camera:          #141 - SIMPLE_RADIAL
I0825 21:38:25.172240    47 feature_extraction.cc:289]   Focal Length:    4608.00px
I0825 21:38:25.172250    47 feature_extraction.cc:302]   Features:        8985
I0825 21:38:26.752183    47 feature_extraction.cc:254] Processed file [142/795]
I0825 21:38:26.752285    47 feature_extraction.cc:257]   Name:            frame_000142.jpg
I0825 21:38:26.752290    47 feature_extraction.cc:283]   Dimensions:      3840 x 2160
I0825 21:38:26.752293    47 feature_extraction.cc:286]   Camera:          #142 - SIMPLE_RADIAL
I0825 21:38:26.752296    47 feature_extraction.cc:289]   Focal Length:    4608.00px
I0825 21:38:26.752305    47 feature_extraction.cc:302]   Features:        9000
I0825 21:38:27.212127    47 feature_extraction.cc:254] Processed file [143/795]
I0825 21:38:27.212172    47 feature_extraction.cc:257]   Name:            frame_000143.jpg
I0825 21:38:27.212180    47 feature_extraction.cc:283]   Dimensions:      3840 x 2160
I0825 21:38:27.212185    47 feature_extraction.cc:286]   Camera:          #143 - SIMPLE_RADIAL
I0825 21:38:27.212190    47 feature_extraction.cc:289]   Focal Length:    4608.00px
I0825 21:38:27.212203    47 feature_extraction.cc:302]   Features:        11091
I0825 21:38:28.019469    47 feature_extraction.cc:254] Processed file [144/795]
I0825 21:38:28.019510    47 feature_extraction.cc:257]   Name:            frame_000144.jpg
I0825 21:38:28.019515    47 feature_extraction.cc:283]   Dimensions:      3840 x 2160
I0825 21:38:28.019518    47 feature_extraction.cc:286]   Camera:          #144 - SIMPLE_RADIAL
I0825 21:38:28.019521    47 feature_extraction.cc:289]   Focal Length:    4608.00px
I0825 21:38:28.019529    47 feature_extraction.cc:302]   Features:        9516
I0825 21:38:29.242096    47 feature_extraction.cc:254] Processed file [145/795]
I0825 21:38:29.242153    47 feature_extraction.cc:257]   Name:            frame_000145.jpg
I0825 21:38:29.242161    47 feature_extraction.cc:283]   Dimensions:      3840 x 2160
I0825 21:38:29.242163    47 feature_extraction.cc:286]   Camera:          #145 - SIMPLE_RADIAL
I0825 21:38:29.242167    47 feature_extraction.cc:289]   Focal Length:    4608.00px
I0825 21:38:29.242178    47 feature_extraction.cc:302]   Features:        10106
I0825 21:38:29.959272    47 feature_extraction.cc:254] Processed file [146/795]
I0825 21:38:29.959318    47 feature_extraction.cc:257]   Name:            frame_000146.jpg
I0825 21:38:29.959324    47 feature_extraction.cc:283]   Dimensions:      3840 x 2160
I0825 21:38:29.959327    47 feature_extraction.cc:286]   Camera:          #146 - SIMPLE_RADIAL
I0825 21:38:29.959331    47 feature_extraction.cc:289]   Focal Length:    4608.00px
I0825 21:38:29.959338    47 feature_extraction.cc:302]   Features:        10152
I0825 21:38:30.380927    47 feature_extraction.cc:254] Processed file [147/795]
I0825 21:38:30.380968    47 feature_extraction.cc:257]   Name:            frame_000147.jpg
I0825 21:38:30.380975    47 feature_extraction.cc:283]   Dimensions:      3840 x 2160
I0825 21:38:30.380976    47 feature_extraction.cc:286]   Camera:          #147 - SIMPLE_RADIAL
I0825 21:38:30.380980    47 feature_extraction.cc:289]   Focal Length:    4608.00px
I0825 21:38:30.380987    47 feature_extraction.cc:302]   Features:        10251
I0825 21:38:32.160297    47 feature_extraction.cc:254] Processed file [148/795]
I0825 21:38:32.160342    47 feature_extraction.cc:257]   Name:            frame_000148.jpg
I0825 21:38:32.160349    47 feature_extraction.cc:283]   Dimensions:      3840 x 2160
I0825 21:38:32.160352    47 feature_extraction.cc:286]   Camera:          #148 - SIMPLE_RADIAL
I0825 21:38:32.160356    47 feature_extraction.cc:289]   Focal Length:    4608.00px
I0825 21:38:32.160364    47 feature_extraction.cc:302]   Features:        9460
I0825 21:38:32.584616    47 feature_extraction.cc:254] Processed file [149/795]
I0825 21:38:32.584663    47 feature_extraction.cc:257]   Name:            frame_000149.jpg
I0825 21:38:32.584669    47 feature_extraction.cc:283]   Dimensions:      3840 x 2160
I0825 21:38:32.584671    47 feature_extraction.cc:286]   Camera:          #149 - SIMPLE_RADIAL
I0825 21:38:32.584676    47 feature_extraction.cc:289]   Focal Length:    4608.00px
I0825 21:38:32.584682    47 feature_extraction.cc:302]   Features:        10354
I0825 21:38:33.349272    47 feature_extraction.cc:254] Processed file [150/795]
I0825 21:38:33.349316    47 feature_extraction.cc:257]   Name:            frame_000150.jpg
I0825 21:38:33.349323    47 feature_extraction.cc:283]   Dimensions:      3840 x 2160
I0825 21:38:33.349324    47 feature_extraction.cc:286]   Camera:          #150 - SIMPLE_RADIAL
I0825 21:38:33.349328    47 feature_extraction.cc:289]   Focal Length:    4608.00px
I0825 21:38:33.349335    47 feature_extraction.cc:302]   Features:        10669
I0825 21:38:34.714251    47 feature_extraction.cc:254] Processed file [151/795]
I0825 21:38:34.714298    47 feature_extraction.cc:257]   Name:            frame_000151.jpg
I0825 21:38:34.714304    47 feature_extraction.cc:283]   Dimensions:      3840 x 2160
I0825 21:38:34.714308    47 feature_extraction.cc:286]   Camera:          #151 - SIMPLE_RADIAL
I0825 21:38:34.714310    47 feature_extraction.cc:289]   Focal Length:    4608.00px
I0825 21:38:34.714319    47 feature_extraction.cc:302]   Features:        10214
I0825 21:38:35.452939    47 feature_extraction.cc:254] Processed file [152/795]
I0825 21:38:35.452986    47 feature_extraction.cc:257]   Name:            frame_000152.jpg
I0825 21:38:35.452991    47 feature_extraction.cc:283]   Dimensions:      3840 x 2160
I0825 21:38:35.452993    47 feature_extraction.cc:286]   Camera:          #152 - SIMPLE_RADIAL
I0825 21:38:35.452996    47 feature_extraction.cc:289]   Focal Length:    4608.00px
I0825 21:38:35.453004    47 feature_extraction.cc:302]   Features:        9702
I0825 21:38:35.874408    47 feature_extraction.cc:254] Processed file [153/795]
I0825 21:38:35.874455    47 feature_extraction.cc:257]   Name:            frame_000153.jpg
I0825 21:38:35.874466    47 feature_extraction.cc:283]   Dimensions:      3840 x 2160
I0825 21:38:35.874470    47 feature_extraction.cc:286]   Camera:          #153 - SIMPLE_RADIAL
I0825 21:38:35.874476    47 feature_extraction.cc:289]   Focal Length:    4608.00px
I0825 21:38:35.874485    47 feature_extraction.cc:302]   Features:        10527
I0825 21:38:37.666723    47 feature_extraction.cc:254] Processed file [154/795]
I0825 21:38:37.666769    47 feature_extraction.cc:257]   Name:            frame_000154.jpg
I0825 21:38:37.666774    47 feature_extraction.cc:283]   Dimensions:      3840 x 2160
I0825 21:38:37.666776    47 feature_extraction.cc:286]   Camera:          #154 - SIMPLE_RADIAL
I0825 21:38:37.666780    47 feature_extraction.cc:289]   Focal Length:    4608.00px
I0825 21:38:37.666787    47 feature_extraction.cc:302]   Features:        10838
I0825 21:38:38.124617    47 feature_extraction.cc:254] Processed file [155/795]
I0825 21:38:38.124670    47 feature_extraction.cc:257]   Name:            frame_000155.jpg
I0825 21:38:38.124678    47 feature_extraction.cc:283]   Dimensions:      3840 x 2160
I0825 21:38:38.124680    47 feature_extraction.cc:286]   Camera:          #155 - SIMPLE_RADIAL
I0825 21:38:38.124684    47 feature_extraction.cc:289]   Focal Length:    4608.00px
I0825 21:38:38.124692    47 feature_extraction.cc:302]   Features:        9450
I0825 21:38:38.852725    47 feature_extraction.cc:254] Processed file [156/795]
I0825 21:38:38.852769    47 feature_extraction.cc:257]   Name:            frame_000156.jpg
I0825 21:38:38.852775    47 feature_extraction.cc:283]   Dimensions:      3840 x 2160
I0825 21:38:38.852777    47 feature_extraction.cc:286]   Camera:          #156 - SIMPLE_RADIAL
I0825 21:38:38.852782    47 feature_extraction.cc:289]   Focal Length:    4608.00px
I0825 21:38:38.852789    47 feature_extraction.cc:302]   Features:        11184
I0825 21:38:40.196925    47 feature_extraction.cc:254] Processed file [157/795]
I0825 21:38:40.196969    47 feature_extraction.cc:257]   Name:            frame_000157.jpg
I0825 21:38:40.196977    47 feature_extraction.cc:283]   Dimensions:      3840 x 2160
I0825 21:38:40.196979    47 feature_extraction.cc:286]   Camera:          #157 - SIMPLE_RADIAL
I0825 21:38:40.196983    47 feature_extraction.cc:289]   Focal Length:    4608.00px
I0825 21:38:40.196991    47 feature_extraction.cc:302]   Features:        11278
I0825 21:38:40.997951    47 feature_extraction.cc:254] Processed file [158/795]
I0825 21:38:40.997993    47 feature_extraction.cc:257]   Name:            frame_000158.jpg
I0825 21:38:40.997999    47 feature_extraction.cc:283]   Dimensions:      3840 x 2160
I0825 21:38:40.998001    47 feature_extraction.cc:286]   Camera:          #158 - SIMPLE_RADIAL
I0825 21:38:40.998005    47 feature_extraction.cc:289]   Focal Length:    4608.00px
I0825 21:38:40.998013    47 feature_extraction.cc:302]   Features:        11500
I0825 21:38:41.526451    47 feature_extraction.cc:254] Processed file [159/795]
I0825 21:38:41.526507    47 feature_extraction.cc:257]   Name:            frame_000159.jpg
I0825 21:38:41.526513    47 feature_extraction.cc:283]   Dimensions:      3840 x 2160
I0825 21:38:41.526520    47 feature_extraction.cc:286]   Camera:          #159 - SIMPLE_RADIAL
I0825 21:38:41.526523    47 feature_extraction.cc:289]   Focal Length:    4608.00px
I0825 21:38:41.526532    47 feature_extraction.cc:302]   Features:        11536
I0825 21:38:43.351850    47 feature_extraction.cc:254] Processed file [160/795]
I0825 21:38:43.351895    47 feature_extraction.cc:257]   Name:            frame_000160.jpg
I0825 21:38:43.351902    47 feature_extraction.cc:283]   Dimensions:      3840 x 2160
I0825 21:38:43.351904    47 feature_extraction.cc:286]   Camera:          #160 - SIMPLE_RADIAL
I0825 21:38:43.351908    47 feature_extraction.cc:289]   Focal Length:    4608.00px
I0825 21:38:43.351917    47 feature_extraction.cc:302]   Features:        12041
I0825 21:38:43.876070    47 feature_extraction.cc:254] Processed file [161/795]
I0825 21:38:43.876114    47 feature_extraction.cc:257]   Name:            frame_000161.jpg
I0825 21:38:43.876122    47 feature_extraction.cc:283]   Dimensions:      3840 x 2160
I0825 21:38:43.876125    47 feature_extraction.cc:286]   Camera:          #161 - SIMPLE_RADIAL
I0825 21:38:43.876128    47 feature_extraction.cc:289]   Focal Length:    4608.00px
I0825 21:38:43.876140    47 feature_extraction.cc:302]   Features:        12492
I0825 21:38:44.755367    47 feature_extraction.cc:254] Processed file [162/795]
I0825 21:38:44.755410    47 feature_extraction.cc:257]   Name:            frame_000162.jpg
I0825 21:38:44.755416    47 feature_extraction.cc:283]   Dimensions:      3840 x 2160
I0825 21:38:44.755419    47 feature_extraction.cc:286]   Camera:          #162 - SIMPLE_RADIAL
I0825 21:38:44.755422    47 feature_extraction.cc:289]   Focal Length:    4608.00px
I0825 21:38:44.755430    47 feature_extraction.cc:302]   Features:        12148
I0825 21:38:46.361506    47 feature_extraction.cc:254] Processed file [163/795]
I0825 21:38:46.361594    47 feature_extraction.cc:257]   Name:            frame_000163.jpg
I0825 21:38:46.361603    47 feature_extraction.cc:283]   Dimensions:      3840 x 2160
I0825 21:38:46.361606    47 feature_extraction.cc:286]   Camera:          #163 - SIMPLE_RADIAL
I0825 21:38:46.361614    47 feature_extraction.cc:289]   Focal Length:    4608.00px
I0825 21:38:46.361627    47 feature_extraction.cc:302]   Features:        12242
I0825 21:38:47.223155    47 feature_extraction.cc:254] Processed file [164/795]
I0825 21:38:47.223197    47 feature_extraction.cc:257]   Name:            frame_000164.jpg
I0825 21:38:47.223203    47 feature_extraction.cc:283]   Dimensions:      3840 x 2160
I0825 21:38:47.223206    47 feature_extraction.cc:286]   Camera:          #164 - SIMPLE_RADIAL
I0825 21:38:47.223209    47 feature_extraction.cc:289]   Focal Length:    4608.00px
I0825 21:38:47.223217    47 feature_extraction.cc:302]   Features:        12833
I0825 21:38:47.791958    47 feature_extraction.cc:254] Processed file [165/795]
I0825 21:38:47.792002    47 feature_extraction.cc:257]   Name:            frame_000165.jpg
I0825 21:38:47.792009    47 feature_extraction.cc:283]   Dimensions:      3840 x 2160
I0825 21:38:47.792012    47 feature_extraction.cc:286]   Camera:          #165 - SIMPLE_RADIAL
I0825 21:38:47.792016    47 feature_extraction.cc:289]   Focal Length:    4608.00px
I0825 21:38:47.792023    47 feature_extraction.cc:302]   Features:        12505
I0825 21:38:49.755761    47 feature_extraction.cc:254] Processed file [166/795]
I0825 21:38:49.755805    47 feature_extraction.cc:257]   Name:            frame_000166.jpg
I0825 21:38:49.755813    47 feature_extraction.cc:283]   Dimensions:      3840 x 2160
I0825 21:38:49.755815    47 feature_extraction.cc:286]   Camera:          #166 - SIMPLE_RADIAL
I0825 21:38:49.755820    47 feature_extraction.cc:289]   Focal Length:    4608.00px
I0825 21:38:49.755829    47 feature_extraction.cc:302]   Features:        11987
I0825 21:38:50.283806    47 feature_extraction.cc:254] Processed file [167/795]
I0825 21:38:50.283851    47 feature_extraction.cc:257]   Name:            frame_000167.jpg
I0825 21:38:50.283865    47 feature_extraction.cc:283]   Dimensions:      3840 x 2160
I0825 21:38:50.283871    47 feature_extraction.cc:286]   Camera:          #167 - SIMPLE_RADIAL
I0825 21:38:50.283878    47 feature_extraction.cc:289]   Focal Length:    4608.00px
I0825 21:38:50.283886    47 feature_extraction.cc:302]   Features:        11754
I0825 21:38:51.089970    47 feature_extraction.cc:254] Processed file [168/795]
I0825 21:38:51.090011    47 feature_extraction.cc:257]   Name:            frame_000168.jpg
I0825 21:38:51.090018    47 feature_extraction.cc:283]   Dimensions:      3840 x 2160
I0825 21:38:51.090021    47 feature_extraction.cc:286]   Camera:          #168 - SIMPLE_RADIAL
I0825 21:38:51.090024    47 feature_extraction.cc:289]   Focal Length:    4608.00px
I0825 21:38:51.090032    47 feature_extraction.cc:302]   Features:        11160
I0825 21:38:52.908154    47 feature_extraction.cc:254] Processed file [169/795]
I0825 21:38:52.908195    47 feature_extraction.cc:257]   Name:            frame_000169.jpg
I0825 21:38:52.908205    47 feature_extraction.cc:283]   Dimensions:      3840 x 2160
I0825 21:38:52.908207    47 feature_extraction.cc:286]   Camera:          #169 - SIMPLE_RADIAL
I0825 21:38:52.908211    47 feature_extraction.cc:289]   Focal Length:    4608.00px
I0825 21:38:52.908219    47 feature_extraction.cc:302]   Features:        10932
I0825 21:38:53.775975    47 feature_extraction.cc:254] Processed file [170/795]
I0825 21:38:53.776018    47 feature_extraction.cc:257]   Name:            frame_000170.jpg
I0825 21:38:53.776024    47 feature_extraction.cc:283]   Dimensions:      3840 x 2160
I0825 21:38:53.776027    47 feature_extraction.cc:286]   Camera:          #170 - SIMPLE_RADIAL
I0825 21:38:53.776031    47 feature_extraction.cc:289]   Focal Length:    4608.00px
I0825 21:38:53.776038    47 feature_extraction.cc:302]   Features:        10606
I0825 21:38:54.211686    47 feature_extraction.cc:254] Processed file [171/795]
I0825 21:38:54.211735    47 feature_extraction.cc:257]   Name:            frame_000171.jpg
I0825 21:38:54.211771    47 feature_extraction.cc:283]   Dimensions:      3840 x 2160
I0825 21:38:54.211774    47 feature_extraction.cc:286]   Camera:          #171 - SIMPLE_RADIAL
I0825 21:38:54.211779    47 feature_extraction.cc:289]   Focal Length:    4608.00px
I0825 21:38:54.211790    47 feature_extraction.cc:302]   Features:        10354
I0825 21:38:56.321053    47 feature_extraction.cc:254] Processed file [172/795]
I0825 21:38:56.321097    47 feature_extraction.cc:257]   Name:            frame_000172.jpg
I0825 21:38:56.321105    47 feature_extraction.cc:283]   Dimensions:      3840 x 2160
I0825 21:38:56.321106    47 feature_extraction.cc:286]   Camera:          #172 - SIMPLE_RADIAL
I0825 21:38:56.321110    47 feature_extraction.cc:289]   Focal Length:    4608.00px
I0825 21:38:56.321118    47 feature_extraction.cc:302]   Features:        10271
I0825 21:38:56.823285    47 feature_extraction.cc:254] Processed file [173/795]
I0825 21:38:56.823330    47 feature_extraction.cc:257]   Name:            frame_000173.jpg
I0825 21:38:56.823336    47 feature_extraction.cc:283]   Dimensions:      3840 x 2160
I0825 21:38:56.823341    47 feature_extraction.cc:286]   Camera:          #173 - SIMPLE_RADIAL
I0825 21:38:56.823345    47 feature_extraction.cc:289]   Focal Length:    4608.00px
I0825 21:38:56.823354    47 feature_extraction.cc:302]   Features:        10754
I0825 21:38:57.592013    47 feature_extraction.cc:254] Processed file [174/795]
I0825 21:38:57.592068    47 feature_extraction.cc:257]   Name:            frame_000174.jpg
I0825 21:38:57.592077    47 feature_extraction.cc:283]   Dimensions:      3840 x 2160
I0825 21:38:57.592079    47 feature_extraction.cc:286]   Camera:          #174 - SIMPLE_RADIAL
I0825 21:38:57.592082    47 feature_extraction.cc:289]   Focal Length:    4608.00px
I0825 21:38:57.592094    47 feature_extraction.cc:302]   Features:        9258
I0825 21:38:59.355228    47 feature_extraction.cc:254] Processed file [175/795]
I0825 21:38:59.355270    47 feature_extraction.cc:257]   Name:            frame_000175.jpg
I0825 21:38:59.355276    47 feature_extraction.cc:283]   Dimensions:      3840 x 2160
I0825 21:38:59.355279    47 feature_extraction.cc:286]   Camera:          #175 - SIMPLE_RADIAL
I0825 21:38:59.355283    47 feature_extraction.cc:289]   Focal Length:    4608.00px
I0825 21:38:59.355290    47 feature_extraction.cc:302]   Features:        10996
I0825 21:38:59.932320    47 feature_extraction.cc:254] Processed file [176/795]
I0825 21:38:59.932379    47 feature_extraction.cc:257]   Name:            frame_000176.jpg
I0825 21:38:59.932390    47 feature_extraction.cc:283]   Dimensions:      3840 x 2160
I0825 21:38:59.932395    47 feature_extraction.cc:286]   Camera:          #176 - SIMPLE_RADIAL
I0825 21:38:59.932401    47 feature_extraction.cc:289]   Focal Length:    4608.00px
I0825 21:38:59.932418    47 feature_extraction.cc:302]   Features:        10939
I0825 21:39:01.023320    47 feature_extraction.cc:254] Processed file [177/795]
I0825 21:39:01.023367    47 feature_extraction.cc:257]   Name:            frame_000177.jpg
I0825 21:39:01.023375    47 feature_extraction.cc:283]   Dimensions:      3840 x 2160
I0825 21:39:01.023378    47 feature_extraction.cc:286]   Camera:          #177 - SIMPLE_RADIAL
I0825 21:39:01.023382    47 feature_extraction.cc:289]   Focal Length:    4608.00px
I0825 21:39:01.023391    47 feature_extraction.cc:302]   Features:        11092
I0825 21:39:02.506886    47 feature_extraction.cc:254] Processed file [178/795]
I0825 21:39:02.506942    47 feature_extraction.cc:257]   Name:            frame_000178.jpg
I0825 21:39:02.506948    47 feature_extraction.cc:283]   Dimensions:      3840 x 2160
I0825 21:39:02.506951    47 feature_extraction.cc:286]   Camera:          #178 - SIMPLE_RADIAL
I0825 21:39:02.506955    47 feature_extraction.cc:289]   Focal Length:    4608.00px
I0825 21:39:02.506966    47 feature_extraction.cc:302]   Features:        10263
I0825 21:39:03.290050    47 feature_extraction.cc:254] Processed file [179/795]
I0825 21:39:03.290097    47 feature_extraction.cc:257]   Name:            frame_000179.jpg
I0825 21:39:03.290104    47 feature_extraction.cc:283]   Dimensions:      3840 x 2160
I0825 21:39:03.290107    47 feature_extraction.cc:286]   Camera:          #179 - SIMPLE_RADIAL
I0825 21:39:03.290110    47 feature_extraction.cc:289]   Focal Length:    4608.00px
I0825 21:39:03.290118    47 feature_extraction.cc:302]   Features:        11475
I0825 21:39:03.780961    47 feature_extraction.cc:254] Processed file [180/795]
I0825 21:39:03.781005    47 feature_extraction.cc:257]   Name:            frame_000180.jpg
I0825 21:39:03.781013    47 feature_extraction.cc:283]   Dimensions:      3840 x 2160
I0825 21:39:03.781015    47 feature_extraction.cc:286]   Camera:          #180 - SIMPLE_RADIAL
I0825 21:39:03.781018    47 feature_extraction.cc:289]   Focal Length:    4608.00px
I0825 21:39:03.781028    47 feature_extraction.cc:302]   Features:        11594
I0825 21:39:05.827598    47 feature_extraction.cc:254] Processed file [181/795]
I0825 21:39:05.827641    47 feature_extraction.cc:257]   Name:            frame_000181.jpg
I0825 21:39:05.827647    47 feature_extraction.cc:283]   Dimensions:      3840 x 2160
I0825 21:39:05.827651    47 feature_extraction.cc:286]   Camera:          #181 - SIMPLE_RADIAL
I0825 21:39:05.827653    47 feature_extraction.cc:289]   Focal Length:    4608.00px
I0825 21:39:05.827661    47 feature_extraction.cc:302]   Features:        11413
I0825 21:39:06.378651    47 feature_extraction.cc:254] Processed file [182/795]
I0825 21:39:06.378693    47 feature_extraction.cc:257]   Name:            frame_000182.jpg
I0825 21:39:06.378700    47 feature_extraction.cc:283]   Dimensions:      3840 x 2160
I0825 21:39:06.378702    47 feature_extraction.cc:286]   Camera:          #182 - SIMPLE_RADIAL
I0825 21:39:06.378706    47 feature_extraction.cc:289]   Focal Length:    4608.00px
I0825 21:39:06.378715    47 feature_extraction.cc:302]   Features:        11636
I0825 21:39:07.256320    47 feature_extraction.cc:254] Processed file [183/795]
I0825 21:39:07.256364    47 feature_extraction.cc:257]   Name:            frame_000183.jpg
I0825 21:39:07.256371    47 feature_extraction.cc:283]   Dimensions:      3840 x 2160
I0825 21:39:07.256374    47 feature_extraction.cc:286]   Camera:          #183 - SIMPLE_RADIAL
I0825 21:39:07.256378    47 feature_extraction.cc:289]   Focal Length:    4608.00px
I0825 21:39:07.256387    47 feature_extraction.cc:302]   Features:        11641
I0825 21:39:08.957492    47 feature_extraction.cc:254] Processed file [184/795]
I0825 21:39:08.957562    47 feature_extraction.cc:257]   Name:            frame_000184.jpg
I0825 21:39:08.957574    47 feature_extraction.cc:283]   Dimensions:      3840 x 2160
I0825 21:39:08.957579    47 feature_extraction.cc:286]   Camera:          #184 - SIMPLE_RADIAL
I0825 21:39:08.957583    47 feature_extraction.cc:289]   Focal Length:    4608.00px
I0825 21:39:08.957595    47 feature_extraction.cc:302]   Features:        11441
I0825 21:39:10.134953    47 feature_extraction.cc:254] Processed file [185/795]
I0825 21:39:10.134999    47 feature_extraction.cc:257]   Name:            frame_000185.jpg
I0825 21:39:10.135005    47 feature_extraction.cc:283]   Dimensions:      3840 x 2160
I0825 21:39:10.135008    47 feature_extraction.cc:286]   Camera:          #185 - SIMPLE_RADIAL
I0825 21:39:10.135011    47 feature_extraction.cc:289]   Focal Length:    4608.00px
I0825 21:39:10.135020    47 feature_extraction.cc:302]   Features:        11435
I0825 21:39:10.664324    47 feature_extraction.cc:254] Processed file [186/795]
I0825 21:39:10.664376    47 feature_extraction.cc:257]   Name:            frame_000186.jpg
I0825 21:39:10.664382    47 feature_extraction.cc:283]   Dimensions:      3840 x 2160
I0825 21:39:10.664386    47 feature_extraction.cc:286]   Camera:          #186 - SIMPLE_RADIAL
I0825 21:39:10.664389    47 feature_extraction.cc:289]   Focal Length:    4608.00px
I0825 21:39:10.664397    47 feature_extraction.cc:302]   Features:        11614
I0825 21:39:12.746820    47 feature_extraction.cc:254] Processed file [187/795]
I0825 21:39:12.746877    47 feature_extraction.cc:257]   Name:            frame_000187.jpg
I0825 21:39:12.746886    47 feature_extraction.cc:283]   Dimensions:      3840 x 2160
I0825 21:39:12.746888    47 feature_extraction.cc:286]   Camera:          #187 - SIMPLE_RADIAL
I0825 21:39:12.746892    47 feature_extraction.cc:289]   Focal Length:    4608.00px
I0825 21:39:12.746902    47 feature_extraction.cc:302]   Features:        11750
I0825 21:39:13.445698    47 feature_extraction.cc:254] Processed file [188/795]
I0825 21:39:13.445761    47 feature_extraction.cc:257]   Name:            frame_000188.jpg
I0825 21:39:13.445775    47 feature_extraction.cc:283]   Dimensions:      3840 x 2160
I0825 21:39:13.445777    47 feature_extraction.cc:286]   Camera:          #188 - SIMPLE_RADIAL
I0825 21:39:13.445782    47 feature_extraction.cc:289]   Focal Length:    4608.00px
I0825 21:39:13.445801    47 feature_extraction.cc:302]   Features:        12044
I0825 21:39:14.593781    47 feature_extraction.cc:254] Processed file [189/795]
I0825 21:39:14.593827    47 feature_extraction.cc:257]   Name:            frame_000189.jpg
I0825 21:39:14.593833    47 feature_extraction.cc:283]   Dimensions:      3840 x 2160
I0825 21:39:14.593835    47 feature_extraction.cc:286]   Camera:          #189 - SIMPLE_RADIAL
I0825 21:39:14.593839    47 feature_extraction.cc:289]   Focal Length:    4608.00px
I0825 21:39:14.593848    47 feature_extraction.cc:302]   Features:        12179
I0825 21:39:16.257609    47 feature_extraction.cc:254] Processed file [190/795]
I0825 21:39:16.257670    47 feature_extraction.cc:257]   Name:            frame_000190.jpg
I0825 21:39:16.257678    47 feature_extraction.cc:283]   Dimensions:      3840 x 2160
I0825 21:39:16.257681    47 feature_extraction.cc:286]   Camera:          #190 - SIMPLE_RADIAL
I0825 21:39:16.257690    47 feature_extraction.cc:289]   Focal Length:    4608.00px
I0825 21:39:16.257700    47 feature_extraction.cc:302]   Features:        11584
I0825 21:39:17.179155    47 feature_extraction.cc:254] Processed file [191/795]
I0825 21:39:17.179203    47 feature_extraction.cc:257]   Name:            frame_000191.jpg
I0825 21:39:17.179208    47 feature_extraction.cc:283]   Dimensions:      3840 x 2160
I0825 21:39:17.179211    47 feature_extraction.cc:286]   Camera:          #191 - SIMPLE_RADIAL
I0825 21:39:17.179214    47 feature_extraction.cc:289]   Focal Length:    4608.00px
I0825 21:39:17.179224    47 feature_extraction.cc:302]   Features:        11277
I0825 21:39:17.690696    47 feature_extraction.cc:254] Processed file [192/795]
I0825 21:39:17.690750    47 feature_extraction.cc:257]   Name:            frame_000192.jpg
I0825 21:39:17.690760    47 feature_extraction.cc:283]   Dimensions:      3840 x 2160
I0825 21:39:17.690762    47 feature_extraction.cc:286]   Camera:          #192 - SIMPLE_RADIAL
I0825 21:39:17.690766    47 feature_extraction.cc:289]   Focal Length:    4608.00px
I0825 21:39:17.690775    47 feature_extraction.cc:302]   Features:        12246
I0825 21:39:19.488402    47 feature_extraction.cc:254] Processed file [193/795]
I0825 21:39:19.488446    47 feature_extraction.cc:257]   Name:            frame_000193.jpg
I0825 21:39:19.488452    47 feature_extraction.cc:283]   Dimensions:      3840 x 2160
I0825 21:39:19.488454    47 feature_extraction.cc:286]   Camera:          #193 - SIMPLE_RADIAL
I0825 21:39:19.488457    47 feature_extraction.cc:289]   Focal Length:    4608.00px
I0825 21:39:19.488466    47 feature_extraction.cc:302]   Features:        12213
I0825 21:39:20.062587    47 feature_extraction.cc:254] Processed file [194/795]
I0825 21:39:20.062630    47 feature_extraction.cc:257]   Name:            frame_000194.jpg
I0825 21:39:20.062637    47 feature_extraction.cc:283]   Dimensions:      3840 x 2160
I0825 21:39:20.062644    47 feature_extraction.cc:286]   Camera:          #194 - SIMPLE_RADIAL
I0825 21:39:20.062646    47 feature_extraction.cc:289]   Focal Length:    4608.00px
I0825 21:39:20.062657    47 feature_extraction.cc:302]   Features:        12302
I0825 21:39:21.132045    47 feature_extraction.cc:254] Processed file [195/795]
I0825 21:39:21.132089    47 feature_extraction.cc:257]   Name:            frame_000195.jpg
I0825 21:39:21.132097    47 feature_extraction.cc:283]   Dimensions:      3840 x 2160
I0825 21:39:21.132098    47 feature_extraction.cc:286]   Camera:          #195 - SIMPLE_RADIAL
I0825 21:39:21.132102    47 feature_extraction.cc:289]   Focal Length:    4608.00px
I0825 21:39:21.132112    47 feature_extraction.cc:302]   Features:        12176
I0825 21:39:22.987951    47 feature_extraction.cc:254] Processed file [196/795]
I0825 21:39:22.987999    47 feature_extraction.cc:257]   Name:            frame_000196.jpg
I0825 21:39:22.988005    47 feature_extraction.cc:283]   Dimensions:      3840 x 2160
I0825 21:39:22.988008    47 feature_extraction.cc:286]   Camera:          #196 - SIMPLE_RADIAL
I0825 21:39:22.988011    47 feature_extraction.cc:289]   Focal Length:    4608.00px
I0825 21:39:22.988019    47 feature_extraction.cc:302]   Features:        11666
I0825 21:39:23.889128    47 feature_extraction.cc:254] Processed file [197/795]
I0825 21:39:23.889170    47 feature_extraction.cc:257]   Name:            frame_000197.jpg
I0825 21:39:23.889176    47 feature_extraction.cc:283]   Dimensions:      3840 x 2160
I0825 21:39:23.889178    47 feature_extraction.cc:286]   Camera:          #197 - SIMPLE_RADIAL
I0825 21:39:23.889182    47 feature_extraction.cc:289]   Focal Length:    4608.00px
I0825 21:39:23.889190    47 feature_extraction.cc:302]   Features:        12090
I0825 21:39:24.428592    47 feature_extraction.cc:254] Processed file [198/795]
I0825 21:39:24.428645    47 feature_extraction.cc:257]   Name:            frame_000198.jpg
I0825 21:39:24.428653    47 feature_extraction.cc:283]   Dimensions:      3840 x 2160
I0825 21:39:24.428658    47 feature_extraction.cc:286]   Camera:          #198 - SIMPLE_RADIAL
I0825 21:39:24.428661    47 feature_extraction.cc:289]   Focal Length:    4608.00px
I0825 21:39:24.428670    47 feature_extraction.cc:302]   Features:        11770
I0825 21:39:26.379144    47 feature_extraction.cc:254] Processed file [199/795]
I0825 21:39:26.379194    47 feature_extraction.cc:257]   Name:            frame_000199.jpg
I0825 21:39:26.379201    47 feature_extraction.cc:283]   Dimensions:      3840 x 2160
I0825 21:39:26.379204    47 feature_extraction.cc:286]   Camera:          #199 - SIMPLE_RADIAL
I0825 21:39:26.379207    47 feature_extraction.cc:289]   Focal Length:    4608.00px
I0825 21:39:26.379216    47 feature_extraction.cc:302]   Features:        12197
I0825 21:39:26.935612    47 feature_extraction.cc:254] Processed file [200/795]
I0825 21:39:26.935662    47 feature_extraction.cc:257]   Name:            frame_000200.jpg
I0825 21:39:26.935671    47 feature_extraction.cc:283]   Dimensions:      3840 x 2160
I0825 21:39:26.935676    47 feature_extraction.cc:286]   Camera:          #200 - SIMPLE_RADIAL
I0825 21:39:26.935683    47 feature_extraction.cc:289]   Focal Length:    4608.00px
I0825 21:39:26.935690    47 feature_extraction.cc:302]   Features:        12009
I0825 21:39:27.753175    47 feature_extraction.cc:254] Processed file [201/795]
I0825 21:39:27.753222    47 feature_extraction.cc:257]   Name:            frame_000201.jpg
I0825 21:39:27.753230    47 feature_extraction.cc:283]   Dimensions:      3840 x 2160
I0825 21:39:27.753232    47 feature_extraction.cc:286]   Camera:          #201 - SIMPLE_RADIAL
I0825 21:39:27.753237    47 feature_extraction.cc:289]   Focal Length:    4608.00px
I0825 21:39:27.753244    47 feature_extraction.cc:302]   Features:        11870
I0825 21:39:29.401342    47 feature_extraction.cc:254] Processed file [202/795]
I0825 21:39:29.401391    47 feature_extraction.cc:257]   Name:            frame_000202.jpg
I0825 21:39:29.401397    47 feature_extraction.cc:283]   Dimensions:      3840 x 2160
I0825 21:39:29.401400    47 feature_extraction.cc:286]   Camera:          #202 - SIMPLE_RADIAL
I0825 21:39:29.401403    47 feature_extraction.cc:289]   Focal Length:    4608.00px
I0825 21:39:29.401412    47 feature_extraction.cc:302]   Features:        12012
I0825 21:39:30.292703    47 feature_extraction.cc:254] Processed file [203/795]
I0825 21:39:30.292750    47 feature_extraction.cc:257]   Name:            frame_000203.jpg
I0825 21:39:30.292757    47 feature_extraction.cc:283]   Dimensions:      3840 x 2160
I0825 21:39:30.292759    47 feature_extraction.cc:286]   Camera:          #203 - SIMPLE_RADIAL
I0825 21:39:30.292762    47 feature_extraction.cc:289]   Focal Length:    4608.00px
I0825 21:39:30.292771    47 feature_extraction.cc:302]   Features:        10974
I0825 21:39:30.843294    47 feature_extraction.cc:254] Processed file [204/795]
I0825 21:39:30.843338    47 feature_extraction.cc:257]   Name:            frame_000204.jpg
I0825 21:39:30.843348    47 feature_extraction.cc:283]   Dimensions:      3840 x 2160
I0825 21:39:30.843351    47 feature_extraction.cc:286]   Camera:          #204 - SIMPLE_RADIAL
I0825 21:39:30.843354    47 feature_extraction.cc:289]   Focal Length:    4608.00px
I0825 21:39:30.843362    47 feature_extraction.cc:302]   Features:        12186
I0825 21:39:32.747725    47 feature_extraction.cc:254] Processed file [205/795]
I0825 21:39:32.747768    47 feature_extraction.cc:257]   Name:            frame_000205.jpg
I0825 21:39:32.747776    47 feature_extraction.cc:283]   Dimensions:      3840 x 2160
I0825 21:39:32.747777    47 feature_extraction.cc:286]   Camera:          #205 - SIMPLE_RADIAL
I0825 21:39:32.747781    47 feature_extraction.cc:289]   Focal Length:    4608.00px
I0825 21:39:32.747789    47 feature_extraction.cc:302]   Features:        10829
I0825 21:39:33.267437    47 feature_extraction.cc:254] Processed file [206/795]
I0825 21:39:33.267482    47 feature_extraction.cc:257]   Name:            frame_000206.jpg
I0825 21:39:33.267488    47 feature_extraction.cc:283]   Dimensions:      3840 x 2160
I0825 21:39:33.267493    47 feature_extraction.cc:286]   Camera:          #206 - SIMPLE_RADIAL
I0825 21:39:33.267498    47 feature_extraction.cc:289]   Focal Length:    4608.00px
I0825 21:39:33.267506    47 feature_extraction.cc:302]   Features:        12020
I0825 21:39:34.208607    47 feature_extraction.cc:254] Processed file [207/795]
I0825 21:39:34.208679    47 feature_extraction.cc:257]   Name:            frame_000207.jpg
I0825 21:39:34.208688    47 feature_extraction.cc:283]   Dimensions:      3840 x 2160
I0825 21:39:34.208691    47 feature_extraction.cc:286]   Camera:          #207 - SIMPLE_RADIAL
I0825 21:39:34.208696    47 feature_extraction.cc:289]   Focal Length:    4608.00px
I0825 21:39:34.208709    47 feature_extraction.cc:302]   Features:        12162
I0825 21:39:36.235817    47 feature_extraction.cc:254] Processed file [208/795]
I0825 21:39:36.235869    47 feature_extraction.cc:257]   Name:            frame_000208.jpg
I0825 21:39:36.235880    47 feature_extraction.cc:283]   Dimensions:      3840 x 2160
I0825 21:39:36.235883    47 feature_extraction.cc:286]   Camera:          #208 - SIMPLE_RADIAL
I0825 21:39:36.235888    47 feature_extraction.cc:289]   Focal Length:    4608.00px
I0825 21:39:36.235896    47 feature_extraction.cc:302]   Features:        12039
I0825 21:39:37.352448    47 feature_extraction.cc:254] Processed file [209/795]
I0825 21:39:37.352492    47 feature_extraction.cc:257]   Name:            frame_000209.jpg
I0825 21:39:37.352499    47 feature_extraction.cc:283]   Dimensions:      3840 x 2160
I0825 21:39:37.352501    47 feature_extraction.cc:286]   Camera:          #209 - SIMPLE_RADIAL
I0825 21:39:37.352504    47 feature_extraction.cc:289]   Focal Length:    4608.00px
I0825 21:39:37.352512    47 feature_extraction.cc:302]   Features:        11968
I0825 21:39:38.073997    47 feature_extraction.cc:254] Processed file [210/795]
I0825 21:39:38.074051    47 feature_extraction.cc:257]   Name:            frame_000210.jpg
I0825 21:39:38.074059    47 feature_extraction.cc:283]   Dimensions:      3840 x 2160
I0825 21:39:38.074061    47 feature_extraction.cc:286]   Camera:          #210 - SIMPLE_RADIAL
I0825 21:39:38.074069    47 feature_extraction.cc:289]   Focal Length:    4608.00px
I0825 21:39:38.074080    47 feature_extraction.cc:302]   Features:        11885
I0825 21:39:40.102887    47 feature_extraction.cc:254] Processed file [211/795]
I0825 21:39:40.102962    47 feature_extraction.cc:257]   Name:            frame_000211.jpg
I0825 21:39:40.102968    47 feature_extraction.cc:283]   Dimensions:      3840 x 2160
I0825 21:39:40.102972    47 feature_extraction.cc:286]   Camera:          #211 - SIMPLE_RADIAL
I0825 21:39:40.102975    47 feature_extraction.cc:289]   Focal Length:    4608.00px
I0825 21:39:40.102984    47 feature_extraction.cc:302]   Features:        11973
I0825 21:39:40.685611    47 feature_extraction.cc:254] Processed file [212/795]
I0825 21:39:40.685654    47 feature_extraction.cc:257]   Name:            frame_000212.jpg
I0825 21:39:40.685662    47 feature_extraction.cc:283]   Dimensions:      3840 x 2160
I0825 21:39:40.685664    47 feature_extraction.cc:286]   Camera:          #212 - SIMPLE_RADIAL
I0825 21:39:40.685667    47 feature_extraction.cc:289]   Focal Length:    4608.00px
I0825 21:39:40.685676    47 feature_extraction.cc:302]   Features:        12043
I0825 21:39:41.494057    47 feature_extraction.cc:254] Processed file [213/795]
I0825 21:39:41.494102    47 feature_extraction.cc:257]   Name:            frame_000213.jpg
I0825 21:39:41.494109    47 feature_extraction.cc:283]   Dimensions:      3840 x 2160
I0825 21:39:41.494112    47 feature_extraction.cc:286]   Camera:          #213 - SIMPLE_RADIAL
I0825 21:39:41.494115    47 feature_extraction.cc:289]   Focal Length:    4608.00px
I0825 21:39:41.494123    47 feature_extraction.cc:302]   Features:        12094
I0825 21:39:43.045113    47 feature_extraction.cc:254] Processed file [214/795]
I0825 21:39:43.045157    47 feature_extraction.cc:257]   Name:            frame_000214.jpg
I0825 21:39:43.045164    47 feature_extraction.cc:283]   Dimensions:      3840 x 2160
I0825 21:39:43.045166    47 feature_extraction.cc:286]   Camera:          #214 - SIMPLE_RADIAL
I0825 21:39:43.045171    47 feature_extraction.cc:289]   Focal Length:    4608.00px
I0825 21:39:43.045179    47 feature_extraction.cc:302]   Features:        12055
I0825 21:39:43.971129    47 feature_extraction.cc:254] Processed file [215/795]
I0825 21:39:43.971181    47 feature_extraction.cc:257]   Name:            frame_000215.jpg
I0825 21:39:43.971189    47 feature_extraction.cc:283]   Dimensions:      3840 x 2160
I0825 21:39:43.971192    47 feature_extraction.cc:286]   Camera:          #215 - SIMPLE_RADIAL
I0825 21:39:43.971196    47 feature_extraction.cc:289]   Focal Length:    4608.00px
I0825 21:39:43.971206    47 feature_extraction.cc:302]   Features:        12094
I0825 21:39:44.475698    47 feature_extraction.cc:254] Processed file [216/795]
I0825 21:39:44.475740    47 feature_extraction.cc:257]   Name:            frame_000216.jpg
I0825 21:39:44.475747    47 feature_extraction.cc:283]   Dimensions:      3840 x 2160
I0825 21:39:44.475749    47 feature_extraction.cc:286]   Camera:          #216 - SIMPLE_RADIAL
I0825 21:39:44.475754    47 feature_extraction.cc:289]   Focal Length:    4608.00px
I0825 21:39:44.475761    47 feature_extraction.cc:302]   Features:        12173
I0825 21:39:46.853019    47 feature_extraction.cc:254] Processed file [217/795]
I0825 21:39:46.853068    47 feature_extraction.cc:257]   Name:            frame_000217.jpg
I0825 21:39:46.853075    47 feature_extraction.cc:283]   Dimensions:      3840 x 2160
I0825 21:39:46.853078    47 feature_extraction.cc:286]   Camera:          #217 - SIMPLE_RADIAL
I0825 21:39:46.853082    47 feature_extraction.cc:289]   Focal Length:    4608.00px
I0825 21:39:46.853091    47 feature_extraction.cc:302]   Features:        12114
I0825 21:39:47.697444    47 feature_extraction.cc:254] Processed file [218/795]
I0825 21:39:47.697499    47 feature_extraction.cc:257]   Name:            frame_000218.jpg
I0825 21:39:47.697513    47 feature_extraction.cc:283]   Dimensions:      3840 x 2160
I0825 21:39:47.697520    47 feature_extraction.cc:286]   Camera:          #218 - SIMPLE_RADIAL
I0825 21:39:47.697523    47 feature_extraction.cc:289]   Focal Length:    4608.00px
I0825 21:39:47.697533    47 feature_extraction.cc:302]   Features:        10961
I0825 21:39:49.035887    47 feature_extraction.cc:254] Processed file [219/795]
I0825 21:39:49.035936    47 feature_extraction.cc:257]   Name:            frame_000219.jpg
I0825 21:39:49.035944    47 feature_extraction.cc:283]   Dimensions:      3840 x 2160
I0825 21:39:49.035948    47 feature_extraction.cc:286]   Camera:          #219 - SIMPLE_RADIAL
I0825 21:39:49.035950    47 feature_extraction.cc:289]   Focal Length:    4608.00px
I0825 21:39:49.035959    47 feature_extraction.cc:302]   Features:        12315
I0825 21:39:51.515352    47 feature_extraction.cc:254] Processed file [220/795]
I0825 21:39:51.515412    47 feature_extraction.cc:257]   Name:            frame_000220.jpg
I0825 21:39:51.515421    47 feature_extraction.cc:283]   Dimensions:      3840 x 2160
I0825 21:39:51.515425    47 feature_extraction.cc:286]   Camera:          #220 - SIMPLE_RADIAL
I0825 21:39:51.515429    47 feature_extraction.cc:289]   Focal Length:    4608.00px
I0825 21:39:51.515440    47 feature_extraction.cc:302]   Features:        12184
I0825 21:39:52.697660    47 feature_extraction.cc:254] Processed file [221/795]
I0825 21:39:52.697712    47 feature_extraction.cc:257]   Name:            frame_000221.jpg
I0825 21:39:52.697719    47 feature_extraction.cc:283]   Dimensions:      3840 x 2160
I0825 21:39:52.697722    47 feature_extraction.cc:286]   Camera:          #221 - SIMPLE_RADIAL
I0825 21:39:52.697726    47 feature_extraction.cc:289]   Focal Length:    4608.00px
I0825 21:39:52.697736    47 feature_extraction.cc:302]   Features:        11758
I0825 21:39:53.403453    47 feature_extraction.cc:254] Processed file [222/795]
I0825 21:39:53.403504    47 feature_extraction.cc:257]   Name:            frame_000222.jpg
I0825 21:39:53.403512    47 feature_extraction.cc:283]   Dimensions:      3840 x 2160
I0825 21:39:53.403518    47 feature_extraction.cc:286]   Camera:          #222 - SIMPLE_RADIAL
I0825 21:39:53.403522    47 feature_extraction.cc:289]   Focal Length:    4608.00px
I0825 21:39:53.403532    47 feature_extraction.cc:302]   Features:        11703
I0825 21:39:55.797617    47 feature_extraction.cc:254] Processed file [223/795]
I0825 21:39:55.797675    47 feature_extraction.cc:257]   Name:            frame_000223.jpg
I0825 21:39:55.797683    47 feature_extraction.cc:283]   Dimensions:      3840 x 2160
I0825 21:39:55.797686    47 feature_extraction.cc:286]   Camera:          #223 - SIMPLE_RADIAL
I0825 21:39:55.797693    47 feature_extraction.cc:289]   Focal Length:    4608.00px
I0825 21:39:55.797703    47 feature_extraction.cc:302]   Features:        11557
I0825 21:39:56.399104    47 feature_extraction.cc:254] Processed file [224/795]
I0825 21:39:56.399204    47 feature_extraction.cc:257]   Name:            frame_000224.jpg
I0825 21:39:56.399214    47 feature_extraction.cc:283]   Dimensions:      3840 x 2160
I0825 21:39:56.399222    47 feature_extraction.cc:286]   Camera:          #224 - SIMPLE_RADIAL
I0825 21:39:56.399228    47 feature_extraction.cc:289]   Focal Length:    4608.00px
I0825 21:39:56.399247    47 feature_extraction.cc:302]   Features:        11248
I0825 21:39:57.474299    47 feature_extraction.cc:254] Processed file [225/795]
I0825 21:39:57.474354    47 feature_extraction.cc:257]   Name:            frame_000225.jpg
I0825 21:39:57.474361    47 feature_extraction.cc:283]   Dimensions:      3840 x 2160
I0825 21:39:57.474364    47 feature_extraction.cc:286]   Camera:          #225 - SIMPLE_RADIAL
I0825 21:39:57.474368    47 feature_extraction.cc:289]   Focal Length:    4608.00px
I0825 21:39:57.474376    47 feature_extraction.cc:302]   Features:        10967
I0825 21:39:59.281821    47 feature_extraction.cc:254] Processed file [226/795]
I0825 21:39:59.281891    47 feature_extraction.cc:257]   Name:            frame_000226.jpg
I0825 21:39:59.281903    47 feature_extraction.cc:283]   Dimensions:      3840 x 2160
I0825 21:39:59.281905    47 feature_extraction.cc:286]   Camera:          #226 - SIMPLE_RADIAL
I0825 21:39:59.281910    47 feature_extraction.cc:289]   Focal Length:    4608.00px
I0825 21:39:59.281924    47 feature_extraction.cc:302]   Features:        10696
I0825 21:40:00.331696    47 feature_extraction.cc:254] Processed file [227/795]
I0825 21:40:00.331777    47 feature_extraction.cc:257]   Name:            frame_000227.jpg
I0825 21:40:00.331789    47 feature_extraction.cc:283]   Dimensions:      3840 x 2160
I0825 21:40:00.331794    47 feature_extraction.cc:286]   Camera:          #227 - SIMPLE_RADIAL
I0825 21:40:00.331799    47 feature_extraction.cc:289]   Focal Length:    4608.00px
I0825 21:40:00.331813    47 feature_extraction.cc:302]   Features:        11412
I0825 21:40:00.991115    47 feature_extraction.cc:254] Processed file [228/795]
I0825 21:40:00.991199    47 feature_extraction.cc:257]   Name:            frame_000228.jpg
I0825 21:40:00.991207    47 feature_extraction.cc:283]   Dimensions:      3840 x 2160
I0825 21:40:00.991210    47 feature_extraction.cc:286]   Camera:          #228 - SIMPLE_RADIAL
I0825 21:40:00.991215    47 feature_extraction.cc:289]   Focal Length:    4608.00px
I0825 21:40:00.991225    47 feature_extraction.cc:302]   Features:        10620
I0825 21:40:03.060968    47 feature_extraction.cc:254] Processed file [229/795]
I0825 21:40:03.061020    47 feature_extraction.cc:257]   Name:            frame_000229.jpg
I0825 21:40:03.061028    47 feature_extraction.cc:283]   Dimensions:      3840 x 2160
I0825 21:40:03.061030    47 feature_extraction.cc:286]   Camera:          #229 - SIMPLE_RADIAL
I0825 21:40:03.061035    47 feature_extraction.cc:289]   Focal Length:    4608.00px
I0825 21:40:03.061043    47 feature_extraction.cc:302]   Features:        10045
I0825 21:40:03.758450    47 feature_extraction.cc:254] Processed file [230/795]
I0825 21:40:03.758553    47 feature_extraction.cc:257]   Name:            frame_000230.jpg
I0825 21:40:03.758566    47 feature_extraction.cc:283]   Dimensions:      3840 x 2160
I0825 21:40:03.758570    47 feature_extraction.cc:286]   Camera:          #230 - SIMPLE_RADIAL
I0825 21:40:03.758574    47 feature_extraction.cc:289]   Focal Length:    4608.00px
I0825 21:40:03.758584    47 feature_extraction.cc:302]   Features:        9454
I0825 21:40:04.751353    47 feature_extraction.cc:254] Processed file [231/795]
I0825 21:40:04.751406    47 feature_extraction.cc:257]   Name:            frame_000231.jpg
I0825 21:40:04.751415    47 feature_extraction.cc:283]   Dimensions:      3840 x 2160
I0825 21:40:04.751417    47 feature_extraction.cc:286]   Camera:          #231 - SIMPLE_RADIAL
I0825 21:40:04.751422    47 feature_extraction.cc:289]   Focal Length:    4608.00px
I0825 21:40:04.751430    47 feature_extraction.cc:302]   Features:        8941
I0825 21:40:06.251871    47 feature_extraction.cc:254] Processed file [232/795]
I0825 21:40:06.251927    47 feature_extraction.cc:257]   Name:            frame_000232.jpg
I0825 21:40:06.251936    47 feature_extraction.cc:283]   Dimensions:      3840 x 2160
I0825 21:40:06.251940    47 feature_extraction.cc:286]   Camera:          #232 - SIMPLE_RADIAL
I0825 21:40:06.251945    47 feature_extraction.cc:289]   Focal Length:    4608.00px
I0825 21:40:06.251957    47 feature_extraction.cc:302]   Features:        8843
I0825 21:40:07.124181    47 feature_extraction.cc:254] Processed file [233/795]
I0825 21:40:07.124250    47 feature_extraction.cc:257]   Name:            frame_000233.jpg
I0825 21:40:07.124257    47 feature_extraction.cc:283]   Dimensions:      3840 x 2160
I0825 21:40:07.124260    47 feature_extraction.cc:286]   Camera:          #233 - SIMPLE_RADIAL
I0825 21:40:07.124264    47 feature_extraction.cc:289]   Focal Length:    4608.00px
I0825 21:40:07.124274    47 feature_extraction.cc:302]   Features:        8839
I0825 21:40:07.596514    47 feature_extraction.cc:254] Processed file [234/795]
I0825 21:40:07.596557    47 feature_extraction.cc:257]   Name:            frame_000234.jpg
I0825 21:40:07.596563    47 feature_extraction.cc:283]   Dimensions:      3840 x 2160
I0825 21:40:07.596570    47 feature_extraction.cc:286]   Camera:          #234 - SIMPLE_RADIAL
I0825 21:40:07.596573    47 feature_extraction.cc:289]   Focal Length:    4608.00px
I0825 21:40:07.596583    47 feature_extraction.cc:302]   Features:        8704
I0825 21:40:09.566778    47 feature_extraction.cc:254] Processed file [235/795]
I0825 21:40:09.566869    47 feature_extraction.cc:257]   Name:            frame_000235.jpg
I0825 21:40:09.566880    47 feature_extraction.cc:283]   Dimensions:      3840 x 2160
I0825 21:40:09.566884    47 feature_extraction.cc:286]   Camera:          #235 - SIMPLE_RADIAL
I0825 21:40:09.566890    47 feature_extraction.cc:289]   Focal Length:    4608.00px
I0825 21:40:09.566905    47 feature_extraction.cc:302]   Features:        8586
I0825 21:40:10.051277    47 feature_extraction.cc:254] Processed file [236/795]
I0825 21:40:10.051343    47 feature_extraction.cc:257]   Name:            frame_000236.jpg
I0825 21:40:10.051357    47 feature_extraction.cc:283]   Dimensions:      3840 x 2160
I0825 21:40:10.051360    47 feature_extraction.cc:286]   Camera:          #236 - SIMPLE_RADIAL
I0825 21:40:10.051365    47 feature_extraction.cc:289]   Focal Length:    4608.00px
I0825 21:40:10.051385    47 feature_extraction.cc:302]   Features:        8884
I0825 21:40:10.921525    47 feature_extraction.cc:254] Processed file [237/795]
I0825 21:40:10.921577    47 feature_extraction.cc:257]   Name:            frame_000237.jpg
I0825 21:40:10.921586    47 feature_extraction.cc:283]   Dimensions:      3840 x 2160
I0825 21:40:10.921588    47 feature_extraction.cc:286]   Camera:          #237 - SIMPLE_RADIAL
I0825 21:40:10.921592    47 feature_extraction.cc:289]   Focal Length:    4608.00px
I0825 21:40:10.921602    47 feature_extraction.cc:302]   Features:        8787
I0825 21:40:12.406148    47 feature_extraction.cc:254] Processed file [238/795]
I0825 21:40:12.406237    47 feature_extraction.cc:257]   Name:            frame_000238.jpg
I0825 21:40:12.406250    47 feature_extraction.cc:283]   Dimensions:      3840 x 2160
I0825 21:40:12.406252    47 feature_extraction.cc:286]   Camera:          #238 - SIMPLE_RADIAL
I0825 21:40:12.406256    47 feature_extraction.cc:289]   Focal Length:    4608.00px
I0825 21:40:12.406265    47 feature_extraction.cc:302]   Features:        8815
I0825 21:40:13.284718    47 feature_extraction.cc:254] Processed file [239/795]
I0825 21:40:13.284765    47 feature_extraction.cc:257]   Name:            frame_000239.jpg
I0825 21:40:13.284772    47 feature_extraction.cc:283]   Dimensions:      3840 x 2160
I0825 21:40:13.284775    47 feature_extraction.cc:286]   Camera:          #239 - SIMPLE_RADIAL
I0825 21:40:13.284778    47 feature_extraction.cc:289]   Focal Length:    4608.00px
I0825 21:40:13.284786    47 feature_extraction.cc:302]   Features:        9290
I0825 21:40:13.806402    47 feature_extraction.cc:254] Processed file [240/795]
I0825 21:40:13.806453    47 feature_extraction.cc:257]   Name:            frame_000240.jpg
I0825 21:40:13.806461    47 feature_extraction.cc:283]   Dimensions:      3840 x 2160
I0825 21:40:13.806468    47 feature_extraction.cc:286]   Camera:          #240 - SIMPLE_RADIAL
I0825 21:40:13.806471    47 feature_extraction.cc:289]   Focal Length:    4608.00px
I0825 21:40:13.806481    47 feature_extraction.cc:302]   Features:        13763
I0825 21:40:16.058750    47 feature_extraction.cc:254] Processed file [241/795]
I0825 21:40:16.058852    47 feature_extraction.cc:257]   Name:            frame_000241.jpg
I0825 21:40:16.058863    47 feature_extraction.cc:283]   Dimensions:      3840 x 2160
I0825 21:40:16.058866    47 feature_extraction.cc:286]   Camera:          #241 - SIMPLE_RADIAL
I0825 21:40:16.058873    47 feature_extraction.cc:289]   Focal Length:    4608.00px
I0825 21:40:16.058899    47 feature_extraction.cc:302]   Features:        8616
I0825 21:40:16.554018    47 feature_extraction.cc:254] Processed file [242/795]
I0825 21:40:16.554067    47 feature_extraction.cc:257]   Name:            frame_000242.jpg
I0825 21:40:16.554075    47 feature_extraction.cc:283]   Dimensions:      3840 x 2160
I0825 21:40:16.554078    47 feature_extraction.cc:286]   Camera:          #242 - SIMPLE_RADIAL
I0825 21:40:16.554085    47 feature_extraction.cc:289]   Focal Length:    4608.00px
I0825 21:40:16.554096    47 feature_extraction.cc:302]   Features:        8343
I0825 21:40:17.410692    47 feature_extraction.cc:254] Processed file [243/795]
I0825 21:40:17.410742    47 feature_extraction.cc:257]   Name:            frame_000243.jpg
I0825 21:40:17.410750    47 feature_extraction.cc:283]   Dimensions:      3840 x 2160
I0825 21:40:17.410753    47 feature_extraction.cc:286]   Camera:          #243 - SIMPLE_RADIAL
I0825 21:40:17.410758    47 feature_extraction.cc:289]   Focal Length:    4608.00px
I0825 21:40:17.410766    47 feature_extraction.cc:302]   Features:        8413
I0825 21:40:17.863377    47 feature_extraction.cc:254] Processed file [244/795]
I0825 21:40:17.863428    47 feature_extraction.cc:257]   Name:            frame_000244.jpg
I0825 21:40:17.863436    47 feature_extraction.cc:283]   Dimensions:      3840 x 2160
I0825 21:40:17.863440    47 feature_extraction.cc:286]   Camera:          #244 - SIMPLE_RADIAL
I0825 21:40:17.863446    47 feature_extraction.cc:289]   Focal Length:    4608.00px
I0825 21:40:17.863454    47 feature_extraction.cc:302]   Features:        8265
I0825 21:40:19.816677    47 feature_extraction.cc:254] Processed file [245/795]
I0825 21:40:19.816726    47 feature_extraction.cc:257]   Name:            frame_000245.jpg
I0825 21:40:19.816733    47 feature_extraction.cc:283]   Dimensions:      3840 x 2160
I0825 21:40:19.816736    47 feature_extraction.cc:286]   Camera:          #245 - SIMPLE_RADIAL
I0825 21:40:19.816740    47 feature_extraction.cc:289]   Focal Length:    4608.00px
I0825 21:40:19.816748    47 feature_extraction.cc:302]   Features:        13496
I0825 21:40:20.557849    47 feature_extraction.cc:254] Processed file [246/795]
I0825 21:40:20.557905    47 feature_extraction.cc:257]   Name:            frame_000246.jpg
I0825 21:40:20.557914    47 feature_extraction.cc:283]   Dimensions:      3840 x 2160
I0825 21:40:20.557920    47 feature_extraction.cc:286]   Camera:          #246 - SIMPLE_RADIAL
I0825 21:40:20.557926    47 feature_extraction.cc:289]   Focal Length:    4608.00px
I0825 21:40:20.557941    47 feature_extraction.cc:302]   Features:        13637
I0825 21:40:22.520129    47 feature_extraction.cc:254] Processed file [247/795]
I0825 21:40:22.520183    47 feature_extraction.cc:257]   Name:            frame_000247.jpg
I0825 21:40:22.520191    47 feature_extraction.cc:283]   Dimensions:      3840 x 2160
I0825 21:40:22.520195    47 feature_extraction.cc:286]   Camera:          #247 - SIMPLE_RADIAL
I0825 21:40:22.520198    47 feature_extraction.cc:289]   Focal Length:    4608.00px
I0825 21:40:22.520207    47 feature_extraction.cc:302]   Features:        13787
I0825 21:40:23.244793    47 feature_extraction.cc:254] Processed file [248/795]
I0825 21:40:23.244846    47 feature_extraction.cc:257]   Name:            frame_000248.jpg
I0825 21:40:23.244858    47 feature_extraction.cc:283]   Dimensions:      3840 x 2160
I0825 21:40:23.244863    47 feature_extraction.cc:286]   Camera:          #248 - SIMPLE_RADIAL
I0825 21:40:23.244869    47 feature_extraction.cc:289]   Focal Length:    4608.00px
I0825 21:40:23.244880    47 feature_extraction.cc:302]   Features:        13944
I0825 21:40:25.470253    47 feature_extraction.cc:254] Processed file [249/795]
I0825 21:40:25.470319    47 feature_extraction.cc:257]   Name:            frame_000249.jpg
I0825 21:40:25.470329    47 feature_extraction.cc:283]   Dimensions:      3840 x 2160
I0825 21:40:25.470335    47 feature_extraction.cc:286]   Camera:          #249 - SIMPLE_RADIAL
I0825 21:40:25.470340    47 feature_extraction.cc:289]   Focal Length:    4608.00px
I0825 21:40:25.470352    47 feature_extraction.cc:302]   Features:        8808
I0825 21:40:26.213653    47 feature_extraction.cc:254] Processed file [250/795]
I0825 21:40:26.213735    47 feature_extraction.cc:257]   Name:            frame_000250.jpg
I0825 21:40:26.213747    47 feature_extraction.cc:283]   Dimensions:      3840 x 2160
I0825 21:40:26.213752    47 feature_extraction.cc:286]   Camera:          #250 - SIMPLE_RADIAL
I0825 21:40:26.213757    47 feature_extraction.cc:289]   Focal Length:    4608.00px
I0825 21:40:26.213771    47 feature_extraction.cc:302]   Features:        8310
I0825 21:40:27.562307    47 feature_extraction.cc:254] Processed file [251/795]
I0825 21:40:27.562374    47 feature_extraction.cc:257]   Name:            frame_000251.jpg
I0825 21:40:27.562383    47 feature_extraction.cc:283]   Dimensions:      3840 x 2160
I0825 21:40:27.562387    47 feature_extraction.cc:286]   Camera:          #251 - SIMPLE_RADIAL
I0825 21:40:27.562392    47 feature_extraction.cc:289]   Focal Length:    4608.00px
I0825 21:40:27.562407    47 feature_extraction.cc:302]   Features:        13857
I0825 21:40:30.031543    47 feature_extraction.cc:254] Processed file [252/795]
I0825 21:40:30.031603    47 feature_extraction.cc:257]   Name:            frame_000252.jpg
I0825 21:40:30.031611    47 feature_extraction.cc:283]   Dimensions:      3840 x 2160
I0825 21:40:30.031615    47 feature_extraction.cc:286]   Camera:          #252 - SIMPLE_RADIAL
I0825 21:40:30.031618    47 feature_extraction.cc:289]   Focal Length:    4608.00px
I0825 21:40:30.031631    47 feature_extraction.cc:302]   Features:        8401
I0825 21:40:31.009822    47 feature_extraction.cc:254] Processed file [253/795]
I0825 21:40:31.009871    47 feature_extraction.cc:257]   Name:            frame_000253.jpg
I0825 21:40:31.009878    47 feature_extraction.cc:283]   Dimensions:      3840 x 2160
I0825 21:40:31.009881    47 feature_extraction.cc:286]   Camera:          #253 - SIMPLE_RADIAL
I0825 21:40:31.009886    47 feature_extraction.cc:289]   Focal Length:    4608.00px
I0825 21:40:31.009895    47 feature_extraction.cc:302]   Features:        8441
I0825 21:40:31.617374    47 feature_extraction.cc:254] Processed file [254/795]
I0825 21:40:31.617432    47 feature_extraction.cc:257]   Name:            frame_000254.jpg
I0825 21:40:31.617440    47 feature_extraction.cc:283]   Dimensions:      3840 x 2160
I0825 21:40:31.617443    47 feature_extraction.cc:286]   Camera:          #254 - SIMPLE_RADIAL
I0825 21:40:31.617447    47 feature_extraction.cc:289]   Focal Length:    4608.00px
I0825 21:40:31.617458    47 feature_extraction.cc:302]   Features:        8455
I0825 21:40:32.548463    47 feature_extraction.cc:254] Processed file [255/795]
I0825 21:40:32.548527    47 feature_extraction.cc:257]   Name:            frame_000255.jpg
I0825 21:40:32.548537    47 feature_extraction.cc:283]   Dimensions:      3840 x 2160
I0825 21:40:32.548539    47 feature_extraction.cc:286]   Camera:          #255 - SIMPLE_RADIAL
I0825 21:40:32.548544    47 feature_extraction.cc:289]   Focal Length:    4608.00px
I0825 21:40:32.548558    47 feature_extraction.cc:302]   Features:        8384
I0825 21:40:34.297994    47 feature_extraction.cc:254] Processed file [256/795]
I0825 21:40:34.298127    47 feature_extraction.cc:257]   Name:            frame_000256.jpg
I0825 21:40:34.298141    47 feature_extraction.cc:283]   Dimensions:      3840 x 2160
I0825 21:40:34.298146    47 feature_extraction.cc:286]   Camera:          #256 - SIMPLE_RADIAL
I0825 21:40:34.298152    47 feature_extraction.cc:289]   Focal Length:    4608.00px
I0825 21:40:34.298174    47 feature_extraction.cc:302]   Features:        13925
I0825 21:40:35.449568    47 feature_extraction.cc:254] Processed file [257/795]
I0825 21:40:35.449620    47 feature_extraction.cc:257]   Name:            frame_000257.jpg
I0825 21:40:35.449627    47 feature_extraction.cc:283]   Dimensions:      3840 x 2160
I0825 21:40:35.449630    47 feature_extraction.cc:286]   Camera:          #257 - SIMPLE_RADIAL
I0825 21:40:35.449635    47 feature_extraction.cc:289]   Focal Length:    4608.00px
I0825 21:40:35.449643    47 feature_extraction.cc:302]   Features:        8396
I0825 21:40:35.934815    47 feature_extraction.cc:254] Processed file [258/795]
I0825 21:40:35.934871    47 feature_extraction.cc:257]   Name:            frame_000258.jpg
I0825 21:40:35.934881    47 feature_extraction.cc:283]   Dimensions:      3840 x 2160
I0825 21:40:35.934886    47 feature_extraction.cc:286]   Camera:          #258 - SIMPLE_RADIAL
I0825 21:40:35.934891    47 feature_extraction.cc:289]   Focal Length:    4608.00px
I0825 21:40:35.934923    47 feature_extraction.cc:302]   Features:        13665
I0825 21:40:38.682328    47 feature_extraction.cc:254] Processed file [259/795]
I0825 21:40:38.682524    47 feature_extraction.cc:257]   Name:            frame_000259.jpg
I0825 21:40:38.682533    47 feature_extraction.cc:283]   Dimensions:      3840 x 2160
I0825 21:40:38.682536    47 feature_extraction.cc:286]   Camera:          #259 - SIMPLE_RADIAL
I0825 21:40:38.682569    47 feature_extraction.cc:289]   Focal Length:    4608.00px
I0825 21:40:38.682649    47 feature_extraction.cc:302]   Features:        13465
I0825 21:40:39.529671    47 feature_extraction.cc:254] Processed file [260/795]
I0825 21:40:39.529824    47 feature_extraction.cc:257]   Name:            frame_000260.jpg
I0825 21:40:39.529832    47 feature_extraction.cc:283]   Dimensions:      3840 x 2160
I0825 21:40:39.529835    47 feature_extraction.cc:286]   Camera:          #260 - SIMPLE_RADIAL
I0825 21:40:39.529839    47 feature_extraction.cc:289]   Focal Length:    4608.00px
I0825 21:40:39.529924    47 feature_extraction.cc:302]   Features:        13704
I0825 21:40:41.724568    47 feature_extraction.cc:254] Processed file [261/795]
I0825 21:40:41.724619    47 feature_extraction.cc:257]   Name:            frame_000261.jpg
I0825 21:40:41.724627    47 feature_extraction.cc:283]   Dimensions:      3840 x 2160
I0825 21:40:41.724630    47 feature_extraction.cc:286]   Camera:          #261 - SIMPLE_RADIAL
I0825 21:40:41.724634    47 feature_extraction.cc:289]   Focal Length:    4608.00px
I0825 21:40:41.724643    47 feature_extraction.cc:302]   Features:        14188
I0825 21:40:42.587555    47 feature_extraction.cc:254] Processed file [262/795]
I0825 21:40:42.587602    47 feature_extraction.cc:257]   Name:            frame_000262.jpg
I0825 21:40:42.587612    47 feature_extraction.cc:283]   Dimensions:      3840 x 2160
I0825 21:40:42.587615    47 feature_extraction.cc:286]   Camera:          #262 - SIMPLE_RADIAL
I0825 21:40:42.587620    47 feature_extraction.cc:289]   Focal Length:    4608.00px
I0825 21:40:42.587631    47 feature_extraction.cc:302]   Features:        8335
I0825 21:40:43.450384    47 feature_extraction.cc:254] Processed file [263/795]
I0825 21:40:43.450431    47 feature_extraction.cc:257]   Name:            frame_000263.jpg
I0825 21:40:43.450438    47 feature_extraction.cc:283]   Dimensions:      3840 x 2160
I0825 21:40:43.450441    47 feature_extraction.cc:286]   Camera:          #263 - SIMPLE_RADIAL
I0825 21:40:43.450445    47 feature_extraction.cc:289]   Focal Length:    4608.00px
I0825 21:40:43.450453    47 feature_extraction.cc:302]   Features:        8587
I0825 21:40:45.062822    47 feature_extraction.cc:254] Processed file [264/795]
I0825 21:40:45.062878    47 feature_extraction.cc:257]   Name:            frame_000264.jpg
I0825 21:40:45.062887    47 feature_extraction.cc:283]   Dimensions:      3840 x 2160
I0825 21:40:45.062891    47 feature_extraction.cc:286]   Camera:          #264 - SIMPLE_RADIAL
I0825 21:40:45.062908    47 feature_extraction.cc:289]   Focal Length:    4608.00px
I0825 21:40:45.062918    47 feature_extraction.cc:302]   Features:        8642
I0825 21:40:46.002427    47 feature_extraction.cc:254] Processed file [265/795]
I0825 21:40:46.002480    47 feature_extraction.cc:257]   Name:            frame_000265.jpg
I0825 21:40:46.002487    47 feature_extraction.cc:283]   Dimensions:      3840 x 2160
I0825 21:40:46.002490    47 feature_extraction.cc:286]   Camera:          #265 - SIMPLE_RADIAL
I0825 21:40:46.002494    47 feature_extraction.cc:289]   Focal Length:    4608.00px
I0825 21:40:46.002502    47 feature_extraction.cc:302]   Features:        8865
I0825 21:40:46.502171    47 feature_extraction.cc:254] Processed file [266/795]
I0825 21:40:46.502223    47 feature_extraction.cc:257]   Name:            frame_000266.jpg
I0825 21:40:46.502230    47 feature_extraction.cc:283]   Dimensions:      3840 x 2160
I0825 21:40:46.502233    47 feature_extraction.cc:286]   Camera:          #266 - SIMPLE_RADIAL
I0825 21:40:46.502238    47 feature_extraction.cc:289]   Focal Length:    4608.00px
I0825 21:40:46.502246    47 feature_extraction.cc:302]   Features:        9395
I0825 21:40:48.511684    47 feature_extraction.cc:254] Processed file [267/795]
I0825 21:40:48.511739    47 feature_extraction.cc:257]   Name:            frame_000267.jpg
I0825 21:40:48.511747    47 feature_extraction.cc:283]   Dimensions:      3840 x 2160
I0825 21:40:48.511751    47 feature_extraction.cc:286]   Camera:          #267 - SIMPLE_RADIAL
I0825 21:40:48.511756    47 feature_extraction.cc:289]   Focal Length:    4608.00px
I0825 21:40:48.511767    47 feature_extraction.cc:302]   Features:        9459
I0825 21:40:49.066340    47 feature_extraction.cc:254] Processed file [268/795]
I0825 21:40:49.066394    47 feature_extraction.cc:257]   Name:            frame_000268.jpg
I0825 21:40:49.066404    47 feature_extraction.cc:283]   Dimensions:      3840 x 2160
I0825 21:40:49.066412    47 feature_extraction.cc:286]   Camera:          #268 - SIMPLE_RADIAL
I0825 21:40:49.066421    47 feature_extraction.cc:289]   Focal Length:    4608.00px
I0825 21:40:49.066435    47 feature_extraction.cc:302]   Features:        9650
I0825 21:40:49.997054    47 feature_extraction.cc:254] Processed file [269/795]
I0825 21:40:49.997146    47 feature_extraction.cc:257]   Name:            frame_000269.jpg
I0825 21:40:49.997161    47 feature_extraction.cc:283]   Dimensions:      3840 x 2160
I0825 21:40:49.997169    47 feature_extraction.cc:286]   Camera:          #269 - SIMPLE_RADIAL
I0825 21:40:49.997175    47 feature_extraction.cc:289]   Focal Length:    4608.00px
I0825 21:40:49.997190    47 feature_extraction.cc:302]   Features:        9557
I0825 21:40:51.601974    47 feature_extraction.cc:254] Processed file [270/795]
I0825 21:40:51.602023    47 feature_extraction.cc:257]   Name:            frame_000270.jpg
I0825 21:40:51.602035    47 feature_extraction.cc:283]   Dimensions:      3840 x 2160
I0825 21:40:51.602038    47 feature_extraction.cc:286]   Camera:          #270 - SIMPLE_RADIAL
I0825 21:40:51.602042    47 feature_extraction.cc:289]   Focal Length:    4608.00px
I0825 21:40:51.602051    47 feature_extraction.cc:302]   Features:        9549
I0825 21:40:52.625454    47 feature_extraction.cc:254] Processed file [271/795]
I0825 21:40:52.625511    47 feature_extraction.cc:257]   Name:            frame_000271.jpg
I0825 21:40:52.625519    47 feature_extraction.cc:283]   Dimensions:      3840 x 2160
I0825 21:40:52.625522    47 feature_extraction.cc:286]   Camera:          #271 - SIMPLE_RADIAL
I0825 21:40:52.625527    47 feature_extraction.cc:289]   Focal Length:    4608.00px
I0825 21:40:52.625536    47 feature_extraction.cc:302]   Features:        9509
I0825 21:40:53.178391    47 feature_extraction.cc:254] Processed file [272/795]
I0825 21:40:53.178445    47 feature_extraction.cc:257]   Name:            frame_000272.jpg
I0825 21:40:53.178457    47 feature_extraction.cc:283]   Dimensions:      3840 x 2160
I0825 21:40:53.178460    47 feature_extraction.cc:286]   Camera:          #272 - SIMPLE_RADIAL
I0825 21:40:53.178464    47 feature_extraction.cc:289]   Focal Length:    4608.00px
I0825 21:40:53.178473    47 feature_extraction.cc:302]   Features:        10083
I0825 21:40:55.450387    47 feature_extraction.cc:254] Processed file [273/795]
I0825 21:40:55.450451    47 feature_extraction.cc:257]   Name:            frame_000273.jpg
I0825 21:40:55.450461    47 feature_extraction.cc:283]   Dimensions:      3840 x 2160
I0825 21:40:55.450466    47 feature_extraction.cc:286]   Camera:          #273 - SIMPLE_RADIAL
I0825 21:40:55.450472    47 feature_extraction.cc:289]   Focal Length:    4608.00px
I0825 21:40:55.450484    47 feature_extraction.cc:302]   Features:        10287
I0825 21:40:56.081718    47 feature_extraction.cc:254] Processed file [274/795]
I0825 21:40:56.081775    47 feature_extraction.cc:257]   Name:            frame_000274.jpg
I0825 21:40:56.081784    47 feature_extraction.cc:283]   Dimensions:      3840 x 2160
I0825 21:40:56.081787    47 feature_extraction.cc:286]   Camera:          #274 - SIMPLE_RADIAL
I0825 21:40:56.081792    47 feature_extraction.cc:289]   Focal Length:    4608.00px
I0825 21:40:56.081805    47 feature_extraction.cc:302]   Features:        10711
I0825 21:40:57.079934    47 feature_extraction.cc:254] Processed file [275/795]
I0825 21:40:57.079988    47 feature_extraction.cc:257]   Name:            frame_000275.jpg
I0825 21:40:57.079994    47 feature_extraction.cc:283]   Dimensions:      3840 x 2160
I0825 21:40:57.079998    47 feature_extraction.cc:286]   Camera:          #275 - SIMPLE_RADIAL
I0825 21:40:57.080001    47 feature_extraction.cc:289]   Focal Length:    4608.00px
I0825 21:40:57.080011    47 feature_extraction.cc:302]   Features:        11100
I0825 21:40:58.982225    47 feature_extraction.cc:254] Processed file [276/795]
I0825 21:40:58.982293    47 feature_extraction.cc:257]   Name:            frame_000276.jpg
I0825 21:40:58.982303    47 feature_extraction.cc:283]   Dimensions:      3840 x 2160
I0825 21:40:58.982307    47 feature_extraction.cc:286]   Camera:          #276 - SIMPLE_RADIAL
I0825 21:40:58.982312    47 feature_extraction.cc:289]   Focal Length:    4608.00px
I0825 21:40:58.982324    47 feature_extraction.cc:302]   Features:        11214
I0825 21:40:59.995855    47 feature_extraction.cc:254] Processed file [277/795]
I0825 21:40:59.995900    47 feature_extraction.cc:257]   Name:            frame_000277.jpg
I0825 21:40:59.995908    47 feature_extraction.cc:283]   Dimensions:      3840 x 2160
I0825 21:40:59.995910    47 feature_extraction.cc:286]   Camera:          #277 - SIMPLE_RADIAL
I0825 21:40:59.995914    47 feature_extraction.cc:289]   Focal Length:    4608.00px
I0825 21:40:59.995922    47 feature_extraction.cc:302]   Features:        10950
I0825 21:41:00.605921    47 feature_extraction.cc:254] Processed file [278/795]
I0825 21:41:00.605973    47 feature_extraction.cc:257]   Name:            frame_000278.jpg
I0825 21:41:00.605981    47 feature_extraction.cc:283]   Dimensions:      3840 x 2160
I0825 21:41:00.605985    47 feature_extraction.cc:286]   Camera:          #278 - SIMPLE_RADIAL
I0825 21:41:00.605989    47 feature_extraction.cc:289]   Focal Length:    4608.00px
I0825 21:41:00.605997    47 feature_extraction.cc:302]   Features:        11340
I0825 21:41:02.796563    47 feature_extraction.cc:254] Processed file [279/795]
I0825 21:41:02.796609    47 feature_extraction.cc:257]   Name:            frame_000279.jpg
I0825 21:41:02.796617    47 feature_extraction.cc:283]   Dimensions:      3840 x 2160
I0825 21:41:02.796619    47 feature_extraction.cc:286]   Camera:          #279 - SIMPLE_RADIAL
I0825 21:41:02.796623    47 feature_extraction.cc:289]   Focal Length:    4608.00px
I0825 21:41:02.796633    47 feature_extraction.cc:302]   Features:        11275
I0825 21:41:03.399703    47 feature_extraction.cc:254] Processed file [280/795]
I0825 21:41:03.399752    47 feature_extraction.cc:257]   Name:            frame_000280.jpg
I0825 21:41:03.399763    47 feature_extraction.cc:283]   Dimensions:      3840 x 2160
I0825 21:41:03.399766    47 feature_extraction.cc:286]   Camera:          #280 - SIMPLE_RADIAL
I0825 21:41:03.399770    47 feature_extraction.cc:289]   Focal Length:    4608.00px
I0825 21:41:03.399780    47 feature_extraction.cc:302]   Features:        9482
I0825 21:41:04.310616    47 feature_extraction.cc:254] Processed file [281/795]
I0825 21:41:04.310676    47 feature_extraction.cc:257]   Name:            frame_000281.jpg
I0825 21:41:04.310683    47 feature_extraction.cc:283]   Dimensions:      3840 x 2160
I0825 21:41:04.310686    47 feature_extraction.cc:286]   Camera:          #281 - SIMPLE_RADIAL
I0825 21:41:04.310691    47 feature_extraction.cc:289]   Focal Length:    4608.00px
I0825 21:41:04.310701    47 feature_extraction.cc:302]   Features:        12413
I0825 21:41:06.215075    47 feature_extraction.cc:254] Processed file [282/795]
I0825 21:41:06.215126    47 feature_extraction.cc:257]   Name:            frame_000282.jpg
I0825 21:41:06.215133    47 feature_extraction.cc:283]   Dimensions:      3840 x 2160
I0825 21:41:06.215137    47 feature_extraction.cc:286]   Camera:          #282 - SIMPLE_RADIAL
I0825 21:41:06.215140    47 feature_extraction.cc:289]   Focal Length:    4608.00px
I0825 21:41:06.215148    47 feature_extraction.cc:302]   Features:        10013
I0825 21:41:07.155011    47 feature_extraction.cc:254] Processed file [283/795]
I0825 21:41:07.155072    47 feature_extraction.cc:257]   Name:            frame_000283.jpg
I0825 21:41:07.155081    47 feature_extraction.cc:283]   Dimensions:      3840 x 2160
I0825 21:41:07.155083    47 feature_extraction.cc:286]   Camera:          #283 - SIMPLE_RADIAL
I0825 21:41:07.155088    47 feature_extraction.cc:289]   Focal Length:    4608.00px
I0825 21:41:07.155097    47 feature_extraction.cc:302]   Features:        12047
I0825 21:41:07.755298    47 feature_extraction.cc:254] Processed file [284/795]
I0825 21:41:07.755355    47 feature_extraction.cc:257]   Name:            frame_000284.jpg
I0825 21:41:07.755364    47 feature_extraction.cc:283]   Dimensions:      3840 x 2160
I0825 21:41:07.755367    47 feature_extraction.cc:286]   Camera:          #284 - SIMPLE_RADIAL
I0825 21:41:07.755373    47 feature_extraction.cc:289]   Focal Length:    4608.00px
I0825 21:41:07.755381    47 feature_extraction.cc:302]   Features:        12101
I0825 21:41:10.193020    47 feature_extraction.cc:254] Processed file [285/795]
I0825 21:41:10.193109    47 feature_extraction.cc:257]   Name:            frame_000285.jpg
I0825 21:41:10.193118    47 feature_extraction.cc:283]   Dimensions:      3840 x 2160
I0825 21:41:10.193120    47 feature_extraction.cc:286]   Camera:          #285 - SIMPLE_RADIAL
I0825 21:41:10.193125    47 feature_extraction.cc:289]   Focal Length:    4608.00px
I0825 21:41:10.193140    47 feature_extraction.cc:302]   Features:        12048
I0825 21:41:10.882174    47 feature_extraction.cc:254] Processed file [286/795]
I0825 21:41:10.882227    47 feature_extraction.cc:257]   Name:            frame_000286.jpg
I0825 21:41:10.882238    47 feature_extraction.cc:283]   Dimensions:      3840 x 2160
I0825 21:41:10.882244    47 feature_extraction.cc:286]   Camera:          #286 - SIMPLE_RADIAL
I0825 21:41:10.882251    47 feature_extraction.cc:289]   Focal Length:    4608.00px
I0825 21:41:10.882265    47 feature_extraction.cc:302]   Features:        12255
I0825 21:41:11.930176    47 feature_extraction.cc:254] Processed file [287/795]
I0825 21:41:11.930223    47 feature_extraction.cc:257]   Name:            frame_000287.jpg
I0825 21:41:11.930229    47 feature_extraction.cc:283]   Dimensions:      3840 x 2160
I0825 21:41:11.930233    47 feature_extraction.cc:286]   Camera:          #287 - SIMPLE_RADIAL
I0825 21:41:11.930236    47 feature_extraction.cc:289]   Focal Length:    4608.00px
I0825 21:41:11.930243    47 feature_extraction.cc:302]   Features:        12619
I0825 21:41:14.110797    47 feature_extraction.cc:254] Processed file [288/795]
I0825 21:41:14.110844    47 feature_extraction.cc:257]   Name:            frame_000288.jpg
I0825 21:41:14.110852    47 feature_extraction.cc:283]   Dimensions:      3840 x 2160
I0825 21:41:14.110854    47 feature_extraction.cc:286]   Camera:          #288 - SIMPLE_RADIAL
I0825 21:41:14.110857    47 feature_extraction.cc:289]   Focal Length:    4608.00px
I0825 21:41:14.110867    47 feature_extraction.cc:302]   Features:        12475
I0825 21:41:15.153962    47 feature_extraction.cc:254] Processed file [289/795]
I0825 21:41:15.154060    47 feature_extraction.cc:257]   Name:            frame_000289.jpg
I0825 21:41:15.154078    47 feature_extraction.cc:283]   Dimensions:      3840 x 2160
I0825 21:41:15.154084    47 feature_extraction.cc:286]   Camera:          #289 - SIMPLE_RADIAL
I0825 21:41:15.154093    47 feature_extraction.cc:289]   Focal Length:    4608.00px
I0825 21:41:15.154110    47 feature_extraction.cc:302]   Features:        12543
I0825 21:41:15.838764    47 feature_extraction.cc:254] Processed file [290/795]
I0825 21:41:15.838814    47 feature_extraction.cc:257]   Name:            frame_000290.jpg
I0825 21:41:15.838820    47 feature_extraction.cc:283]   Dimensions:      3840 x 2160
I0825 21:41:15.838824    47 feature_extraction.cc:286]   Camera:          #290 - SIMPLE_RADIAL
I0825 21:41:15.838827    47 feature_extraction.cc:289]   Focal Length:    4608.00px
I0825 21:41:15.838836    47 feature_extraction.cc:302]   Features:        12553
I0825 21:41:18.246762    47 feature_extraction.cc:254] Processed file [291/795]
I0825 21:41:18.246809    47 feature_extraction.cc:257]   Name:            frame_000291.jpg
I0825 21:41:18.246815    47 feature_extraction.cc:283]   Dimensions:      3840 x 2160
I0825 21:41:18.246819    47 feature_extraction.cc:286]   Camera:          #291 - SIMPLE_RADIAL
I0825 21:41:18.246821    47 feature_extraction.cc:289]   Focal Length:    4608.00px
I0825 21:41:18.246830    47 feature_extraction.cc:302]   Features:        12869
I0825 21:41:18.991717    47 feature_extraction.cc:254] Processed file [292/795]
I0825 21:41:18.991770    47 feature_extraction.cc:257]   Name:            frame_000292.jpg
I0825 21:41:18.991780    47 feature_extraction.cc:283]   Dimensions:      3840 x 2160
I0825 21:41:18.991786    47 feature_extraction.cc:286]   Camera:          #292 - SIMPLE_RADIAL
I0825 21:41:18.991792    47 feature_extraction.cc:289]   Focal Length:    4608.00px
I0825 21:41:18.991806    47 feature_extraction.cc:302]   Features:        13122
I0825 21:41:20.094456    47 feature_extraction.cc:254] Processed file [293/795]
I0825 21:41:20.094503    47 feature_extraction.cc:257]   Name:            frame_000293.jpg
I0825 21:41:20.094511    47 feature_extraction.cc:283]   Dimensions:      3840 x 2160
I0825 21:41:20.094513    47 feature_extraction.cc:286]   Camera:          #293 - SIMPLE_RADIAL
I0825 21:41:20.094517    47 feature_extraction.cc:289]   Focal Length:    4608.00px
I0825 21:41:20.094525    47 feature_extraction.cc:302]   Features:        15892
I0825 21:41:22.377013    47 feature_extraction.cc:254] Processed file [294/795]
I0825 21:41:22.377060    47 feature_extraction.cc:257]   Name:            frame_000294.jpg
I0825 21:41:22.377068    47 feature_extraction.cc:283]   Dimensions:      3840 x 2160
I0825 21:41:22.377070    47 feature_extraction.cc:286]   Camera:          #294 - SIMPLE_RADIAL
I0825 21:41:22.377074    47 feature_extraction.cc:289]   Focal Length:    4608.00px
I0825 21:41:22.377082    47 feature_extraction.cc:302]   Features:        12745
I0825 21:41:23.487222    47 feature_extraction.cc:254] Processed file [295/795]
I0825 21:41:23.487279    47 feature_extraction.cc:257]   Name:            frame_000295.jpg
I0825 21:41:23.487286    47 feature_extraction.cc:283]   Dimensions:      3840 x 2160
I0825 21:41:23.487289    47 feature_extraction.cc:286]   Camera:          #295 - SIMPLE_RADIAL
I0825 21:41:23.487293    47 feature_extraction.cc:289]   Focal Length:    4608.00px
I0825 21:41:23.487303    47 feature_extraction.cc:302]   Features:        12768
I0825 21:41:24.157327    47 feature_extraction.cc:254] Processed file [296/795]
I0825 21:41:24.157375    47 feature_extraction.cc:257]   Name:            frame_000296.jpg
I0825 21:41:24.157382    47 feature_extraction.cc:283]   Dimensions:      3840 x 2160
I0825 21:41:24.157385    47 feature_extraction.cc:286]   Camera:          #296 - SIMPLE_RADIAL
I0825 21:41:24.157388    47 feature_extraction.cc:289]   Focal Length:    4608.00px
I0825 21:41:24.157397    47 feature_extraction.cc:302]   Features:        12444
I0825 21:41:26.759836    47 feature_extraction.cc:254] Processed file [297/795]
I0825 21:41:26.759913    47 feature_extraction.cc:257]   Name:            frame_000297.jpg
I0825 21:41:26.759924    47 feature_extraction.cc:283]   Dimensions:      3840 x 2160
I0825 21:41:26.759927    47 feature_extraction.cc:286]   Camera:          #297 - SIMPLE_RADIAL
I0825 21:41:26.759932    47 feature_extraction.cc:289]   Focal Length:    4608.00px
I0825 21:41:26.759946    47 feature_extraction.cc:302]   Features:        13123
I0825 21:41:27.501566    47 feature_extraction.cc:254] Processed file [298/795]
I0825 21:41:27.501726    47 feature_extraction.cc:257]   Name:            frame_000298.jpg
I0825 21:41:27.501737    47 feature_extraction.cc:283]   Dimensions:      3840 x 2160
I0825 21:41:27.501740    47 feature_extraction.cc:286]   Camera:          #298 - SIMPLE_RADIAL
I0825 21:41:27.501745    47 feature_extraction.cc:289]   Focal Length:    4608.00px
I0825 21:41:27.501757    47 feature_extraction.cc:302]   Features:        12902
I0825 21:41:28.569916    47 feature_extraction.cc:254] Processed file [299/795]
I0825 21:41:28.569962    47 feature_extraction.cc:257]   Name:            frame_000299.jpg
I0825 21:41:28.569968    47 feature_extraction.cc:283]   Dimensions:      3840 x 2160
I0825 21:41:28.569970    47 feature_extraction.cc:286]   Camera:          #299 - SIMPLE_RADIAL
I0825 21:41:28.569974    47 feature_extraction.cc:289]   Focal Length:    4608.00px
I0825 21:41:28.569981    47 feature_extraction.cc:302]   Features:        13205
I0825 21:41:30.656486    47 feature_extraction.cc:254] Processed file [300/795]
I0825 21:41:30.656535    47 feature_extraction.cc:257]   Name:            frame_000300.jpg
I0825 21:41:30.656543    47 feature_extraction.cc:283]   Dimensions:      3840 x 2160
I0825 21:41:30.656546    47 feature_extraction.cc:286]   Camera:          #300 - SIMPLE_RADIAL
I0825 21:41:30.656550    47 feature_extraction.cc:289]   Focal Length:    4608.00px
I0825 21:41:30.656559    47 feature_extraction.cc:302]   Features:        12843
I0825 21:41:31.772989    47 feature_extraction.cc:254] Processed file [301/795]
I0825 21:41:31.773036    47 feature_extraction.cc:257]   Name:            frame_000301.jpg
I0825 21:41:31.773044    47 feature_extraction.cc:283]   Dimensions:      3840 x 2160
I0825 21:41:31.773046    47 feature_extraction.cc:286]   Camera:          #301 - SIMPLE_RADIAL
I0825 21:41:31.773051    47 feature_extraction.cc:289]   Focal Length:    4608.00px
I0825 21:41:31.773058    47 feature_extraction.cc:302]   Features:        13078
I0825 21:41:32.407109    47 feature_extraction.cc:254] Processed file [302/795]
I0825 21:41:32.407159    47 feature_extraction.cc:257]   Name:            frame_000302.jpg
I0825 21:41:32.407166    47 feature_extraction.cc:283]   Dimensions:      3840 x 2160
I0825 21:41:32.407169    47 feature_extraction.cc:286]   Camera:          #302 - SIMPLE_RADIAL
I0825 21:41:32.407173    47 feature_extraction.cc:289]   Focal Length:    4608.00px
I0825 21:41:32.407181    47 feature_extraction.cc:302]   Features:        12954
I0825 21:41:35.113934    47 feature_extraction.cc:254] Processed file [303/795]
I0825 21:41:35.113987    47 feature_extraction.cc:257]   Name:            frame_000303.jpg
I0825 21:41:35.113996    47 feature_extraction.cc:283]   Dimensions:      3840 x 2160
I0825 21:41:35.113998    47 feature_extraction.cc:286]   Camera:          #303 - SIMPLE_RADIAL
I0825 21:41:35.114002    47 feature_extraction.cc:289]   Focal Length:    4608.00px
I0825 21:41:35.114012    47 feature_extraction.cc:302]   Features:        13353
I0825 21:41:35.812362    47 feature_extraction.cc:254] Processed file [304/795]
I0825 21:41:35.812412    47 feature_extraction.cc:257]   Name:            frame_000304.jpg
I0825 21:41:35.812423    47 feature_extraction.cc:283]   Dimensions:      3840 x 2160
I0825 21:41:35.812426    47 feature_extraction.cc:286]   Camera:          #304 - SIMPLE_RADIAL
I0825 21:41:35.812433    47 feature_extraction.cc:289]   Focal Length:    4608.00px
I0825 21:41:35.812448    47 feature_extraction.cc:302]   Features:        13420
I0825 21:41:37.898448    47 feature_extraction.cc:254] Processed file [305/795]
I0825 21:41:37.898506    47 feature_extraction.cc:257]   Name:            frame_000305.jpg
I0825 21:41:37.898514    47 feature_extraction.cc:283]   Dimensions:      3840 x 2160
I0825 21:41:37.898517    47 feature_extraction.cc:286]   Camera:          #305 - SIMPLE_RADIAL
I0825 21:41:37.898521    47 feature_extraction.cc:289]   Focal Length:    4608.00px
I0825 21:41:37.898530    47 feature_extraction.cc:302]   Features:        13097
I0825 21:41:38.605307    47 feature_extraction.cc:254] Processed file [306/795]
I0825 21:41:38.605355    47 feature_extraction.cc:257]   Name:            frame_000306.jpg
I0825 21:41:38.605366    47 feature_extraction.cc:283]   Dimensions:      3840 x 2160
I0825 21:41:38.605412    47 feature_extraction.cc:286]   Camera:          #306 - SIMPLE_RADIAL
I0825 21:41:38.605417    47 feature_extraction.cc:289]   Focal Length:    4608.00px
I0825 21:41:38.605427    47 feature_extraction.cc:302]   Features:        13675
I0825 21:41:40.637348    47 feature_extraction.cc:254] Processed file [307/795]
I0825 21:41:40.637428    47 feature_extraction.cc:257]   Name:            frame_000307.jpg
I0825 21:41:40.637434    47 feature_extraction.cc:283]   Dimensions:      3840 x 2160
I0825 21:41:40.637437    47 feature_extraction.cc:286]   Camera:          #307 - SIMPLE_RADIAL
I0825 21:41:40.637441    47 feature_extraction.cc:289]   Focal Length:    4608.00px
I0825 21:41:40.637449    47 feature_extraction.cc:302]   Features:        13476
I0825 21:41:41.335888    47 feature_extraction.cc:254] Processed file [308/795]
I0825 21:41:41.335945    47 feature_extraction.cc:257]   Name:            frame_000308.jpg
I0825 21:41:41.335959    47 feature_extraction.cc:283]   Dimensions:      3840 x 2160
I0825 21:41:41.335963    47 feature_extraction.cc:286]   Camera:          #308 - SIMPLE_RADIAL
I0825 21:41:41.335968    47 feature_extraction.cc:289]   Focal Length:    4608.00px
I0825 21:41:41.335978    47 feature_extraction.cc:302]   Features:        13479
I0825 21:41:43.338140    47 feature_extraction.cc:254] Processed file [309/795]
I0825 21:41:43.338243    47 feature_extraction.cc:257]   Name:            frame_000309.jpg
I0825 21:41:43.338251    47 feature_extraction.cc:283]   Dimensions:      3840 x 2160
I0825 21:41:43.338254    47 feature_extraction.cc:286]   Camera:          #309 - SIMPLE_RADIAL
I0825 21:41:43.338260    47 feature_extraction.cc:289]   Focal Length:    4608.00px
I0825 21:41:43.338279    47 feature_extraction.cc:302]   Features:        13819
I0825 21:41:44.064522    47 feature_extraction.cc:254] Processed file [310/795]
I0825 21:41:44.064571    47 feature_extraction.cc:257]   Name:            frame_000310.jpg
I0825 21:41:44.064581    47 feature_extraction.cc:283]   Dimensions:      3840 x 2160
I0825 21:41:44.064586    47 feature_extraction.cc:286]   Camera:          #310 - SIMPLE_RADIAL
I0825 21:41:44.064592    47 feature_extraction.cc:289]   Focal Length:    4608.00px
I0825 21:41:44.064601    47 feature_extraction.cc:302]   Features:        13644
I0825 21:41:46.065351    47 feature_extraction.cc:254] Processed file [311/795]
I0825 21:41:46.065411    47 feature_extraction.cc:257]   Name:            frame_000311.jpg
I0825 21:41:46.065418    47 feature_extraction.cc:283]   Dimensions:      3840 x 2160
I0825 21:41:46.065421    47 feature_extraction.cc:286]   Camera:          #311 - SIMPLE_RADIAL
I0825 21:41:46.065425    47 feature_extraction.cc:289]   Focal Length:    4608.00px
I0825 21:41:46.065438    47 feature_extraction.cc:302]   Features:        13968
I0825 21:41:46.877065    47 feature_extraction.cc:254] Processed file [312/795]
I0825 21:41:46.877424    47 feature_extraction.cc:257]   Name:            frame_000312.jpg
I0825 21:41:46.877468    47 feature_extraction.cc:283]   Dimensions:      3840 x 2160
I0825 21:41:46.877475    47 feature_extraction.cc:286]   Camera:          #312 - SIMPLE_RADIAL
I0825 21:41:46.877481    47 feature_extraction.cc:289]   Focal Length:    4608.00px
I0825 21:41:46.877499    47 feature_extraction.cc:302]   Features:        13779
I0825 21:41:49.058471    47 feature_extraction.cc:254] Processed file [313/795]
I0825 21:41:49.058516    47 feature_extraction.cc:257]   Name:            frame_000313.jpg
I0825 21:41:49.058522    47 feature_extraction.cc:283]   Dimensions:      3840 x 2160
I0825 21:41:49.058525    47 feature_extraction.cc:286]   Camera:          #313 - SIMPLE_RADIAL
I0825 21:41:49.058528    47 feature_extraction.cc:289]   Focal Length:    4608.00px
I0825 21:41:49.058537    47 feature_extraction.cc:302]   Features:        12365
I0825 21:41:49.716311    47 feature_extraction.cc:254] Processed file [314/795]
I0825 21:41:49.716359    47 feature_extraction.cc:257]   Name:            frame_000314.jpg
I0825 21:41:49.716370    47 feature_extraction.cc:283]   Dimensions:      3840 x 2160
I0825 21:41:49.716373    47 feature_extraction.cc:286]   Camera:          #314 - SIMPLE_RADIAL
I0825 21:41:49.716377    47 feature_extraction.cc:289]   Focal Length:    4608.00px
I0825 21:41:49.716385    47 feature_extraction.cc:302]   Features:        13661
I0825 21:41:50.758287    47 feature_extraction.cc:254] Processed file [315/795]
I0825 21:41:50.758333    47 feature_extraction.cc:257]   Name:            frame_000315.jpg
I0825 21:41:50.758340    47 feature_extraction.cc:283]   Dimensions:      3840 x 2160
I0825 21:41:50.758343    47 feature_extraction.cc:286]   Camera:          #315 - SIMPLE_RADIAL
I0825 21:41:50.758347    47 feature_extraction.cc:289]   Focal Length:    4608.00px
I0825 21:41:50.758354    47 feature_extraction.cc:302]   Features:        13319
I0825 21:41:52.860157    47 feature_extraction.cc:254] Processed file [316/795]
I0825 21:41:52.860205    47 feature_extraction.cc:257]   Name:            frame_000316.jpg
I0825 21:41:52.860212    47 feature_extraction.cc:283]   Dimensions:      3840 x 2160
I0825 21:41:52.860215    47 feature_extraction.cc:286]   Camera:          #316 - SIMPLE_RADIAL
I0825 21:41:52.860219    47 feature_extraction.cc:289]   Focal Length:    4608.00px
I0825 21:41:52.860226    47 feature_extraction.cc:302]   Features:        13425
I0825 21:41:53.905815    47 feature_extraction.cc:254] Processed file [317/795]
I0825 21:41:53.905862    47 feature_extraction.cc:257]   Name:            frame_000317.jpg
I0825 21:41:53.905870    47 feature_extraction.cc:283]   Dimensions:      3840 x 2160
I0825 21:41:53.905874    47 feature_extraction.cc:286]   Camera:          #317 - SIMPLE_RADIAL
I0825 21:41:53.905876    47 feature_extraction.cc:289]   Focal Length:    4608.00px
I0825 21:41:53.905885    47 feature_extraction.cc:302]   Features:        13654
I0825 21:41:55.526528    47 feature_extraction.cc:254] Processed file [318/795]
I0825 21:41:55.526575    47 feature_extraction.cc:257]   Name:            frame_000318.jpg
I0825 21:41:55.526582    47 feature_extraction.cc:283]   Dimensions:      3840 x 2160
I0825 21:41:55.526584    47 feature_extraction.cc:286]   Camera:          #318 - SIMPLE_RADIAL
I0825 21:41:55.526588    47 feature_extraction.cc:289]   Focal Length:    4608.00px
I0825 21:41:55.526600    47 feature_extraction.cc:302]   Features:        13500
I0825 21:41:56.597048    47 feature_extraction.cc:254] Processed file [319/795]
I0825 21:41:56.597093    47 feature_extraction.cc:257]   Name:            frame_000319.jpg
I0825 21:41:56.597100    47 feature_extraction.cc:283]   Dimensions:      3840 x 2160
I0825 21:41:56.597103    47 feature_extraction.cc:286]   Camera:          #319 - SIMPLE_RADIAL
I0825 21:41:56.597106    47 feature_extraction.cc:289]   Focal Length:    4608.00px
I0825 21:41:56.597114    47 feature_extraction.cc:302]   Features:        13734
I0825 21:41:58.369812    47 feature_extraction.cc:254] Processed file [320/795]
I0825 21:41:58.369861    47 feature_extraction.cc:257]   Name:            frame_000320.jpg
I0825 21:41:58.369868    47 feature_extraction.cc:283]   Dimensions:      3840 x 2160
I0825 21:41:58.369871    47 feature_extraction.cc:286]   Camera:          #320 - SIMPLE_RADIAL
I0825 21:41:58.369874    47 feature_extraction.cc:289]   Focal Length:    4608.00px
I0825 21:41:58.369882    47 feature_extraction.cc:302]   Features:        13564
I0825 21:41:59.464350    47 feature_extraction.cc:254] Processed file [321/795]
I0825 21:41:59.464411    47 feature_extraction.cc:257]   Name:            frame_000321.jpg
I0825 21:41:59.464419    47 feature_extraction.cc:283]   Dimensions:      3840 x 2160
I0825 21:41:59.464422    47 feature_extraction.cc:286]   Camera:          #321 - SIMPLE_RADIAL
I0825 21:41:59.464426    47 feature_extraction.cc:289]   Focal Length:    4608.00px
I0825 21:41:59.464437    47 feature_extraction.cc:302]   Features:        8250
I0825 21:41:59.954773    47 feature_extraction.cc:254] Processed file [322/795]
I0825 21:41:59.954823    47 feature_extraction.cc:257]   Name:            frame_000322.jpg
I0825 21:41:59.954830    47 feature_extraction.cc:283]   Dimensions:      3840 x 2160
I0825 21:41:59.954833    47 feature_extraction.cc:286]   Camera:          #322 - SIMPLE_RADIAL
I0825 21:41:59.954838    47 feature_extraction.cc:289]   Focal Length:    4608.00px
I0825 21:41:59.954846    47 feature_extraction.cc:302]   Features:        13469
I0825 21:42:02.321728    47 feature_extraction.cc:254] Processed file [323/795]
I0825 21:42:02.321782    47 feature_extraction.cc:257]   Name:            frame_000323.jpg
I0825 21:42:02.321789    47 feature_extraction.cc:283]   Dimensions:      3840 x 2160
I0825 21:42:02.321794    47 feature_extraction.cc:286]   Camera:          #323 - SIMPLE_RADIAL
I0825 21:42:02.321797    47 feature_extraction.cc:289]   Focal Length:    4608.00px
I0825 21:42:02.321807    47 feature_extraction.cc:302]   Features:        13385
I0825 21:42:03.038209    47 feature_extraction.cc:254] Processed file [324/795]
I0825 21:42:03.038298    47 feature_extraction.cc:257]   Name:            frame_000324.jpg
I0825 21:42:03.038308    47 feature_extraction.cc:283]   Dimensions:      3840 x 2160
I0825 21:42:03.038313    47 feature_extraction.cc:286]   Camera:          #324 - SIMPLE_RADIAL
I0825 21:42:03.038319    47 feature_extraction.cc:289]   Focal Length:    4608.00px
I0825 21:42:03.038333    47 feature_extraction.cc:302]   Features:        8198
I0825 21:42:03.847185    47 feature_extraction.cc:254] Processed file [325/795]
I0825 21:42:03.847230    47 feature_extraction.cc:257]   Name:            frame_000325.jpg
I0825 21:42:03.847237    47 feature_extraction.cc:283]   Dimensions:      3840 x 2160
I0825 21:42:03.847240    47 feature_extraction.cc:286]   Camera:          #325 - SIMPLE_RADIAL
I0825 21:42:03.847244    47 feature_extraction.cc:289]   Focal Length:    4608.00px
I0825 21:42:03.847252    47 feature_extraction.cc:302]   Features:        13435
I0825 21:42:05.866580    47 feature_extraction.cc:254] Processed file [326/795]
I0825 21:42:05.866631    47 feature_extraction.cc:257]   Name:            frame_000326.jpg
I0825 21:42:05.866639    47 feature_extraction.cc:283]   Dimensions:      3840 x 2160
I0825 21:42:05.866642    47 feature_extraction.cc:286]   Camera:          #326 - SIMPLE_RADIAL
I0825 21:42:05.866647    47 feature_extraction.cc:289]   Focal Length:    4608.00px
I0825 21:42:05.866655    47 feature_extraction.cc:302]   Features:        8203
I0825 21:42:06.709468    47 feature_extraction.cc:254] Processed file [327/795]
I0825 21:42:06.709511    47 feature_extraction.cc:257]   Name:            frame_000327.jpg
I0825 21:42:06.709518    47 feature_extraction.cc:283]   Dimensions:      3840 x 2160
I0825 21:42:06.709520    47 feature_extraction.cc:286]   Camera:          #327 - SIMPLE_RADIAL
I0825 21:42:06.709524    47 feature_extraction.cc:289]   Focal Length:    4608.00px
I0825 21:42:06.709532    47 feature_extraction.cc:302]   Features:        13471
I0825 21:42:07.401989    47 feature_extraction.cc:254] Processed file [328/795]
I0825 21:42:07.402050    47 feature_extraction.cc:257]   Name:            frame_000328.jpg
I0825 21:42:07.402058    47 feature_extraction.cc:283]   Dimensions:      3840 x 2160
I0825 21:42:07.402061    47 feature_extraction.cc:286]   Camera:          #328 - SIMPLE_RADIAL
I0825 21:42:07.402068    47 feature_extraction.cc:289]   Focal Length:    4608.00px
I0825 21:42:07.402081    47 feature_extraction.cc:302]   Features:        12957
I0825 21:42:09.702062    47 feature_extraction.cc:254] Processed file [329/795]
I0825 21:42:09.702116    47 feature_extraction.cc:257]   Name:            frame_000329.jpg
I0825 21:42:09.702124    47 feature_extraction.cc:283]   Dimensions:      3840 x 2160
I0825 21:42:09.702127    47 feature_extraction.cc:286]   Camera:          #329 - SIMPLE_RADIAL
I0825 21:42:09.702131    47 feature_extraction.cc:289]   Focal Length:    4608.00px
I0825 21:42:09.702140    47 feature_extraction.cc:302]   Features:        12391
I0825 21:42:10.417338    47 feature_extraction.cc:254] Processed file [330/795]
I0825 21:42:10.417400    47 feature_extraction.cc:257]   Name:            frame_000330.jpg
I0825 21:42:10.417415    47 feature_extraction.cc:283]   Dimensions:      3840 x 2160
I0825 21:42:10.417423    47 feature_extraction.cc:286]   Camera:          #330 - SIMPLE_RADIAL
I0825 21:42:10.417431    47 feature_extraction.cc:289]   Focal Length:    4608.00px
I0825 21:42:10.417445    47 feature_extraction.cc:302]   Features:        11733
I0825 21:42:11.599989    47 feature_extraction.cc:254] Processed file [331/795]
I0825 21:42:11.600083    47 feature_extraction.cc:257]   Name:            frame_000331.jpg
I0825 21:42:11.600095    47 feature_extraction.cc:283]   Dimensions:      3840 x 2160
I0825 21:42:11.600098    47 feature_extraction.cc:286]   Camera:          #331 - SIMPLE_RADIAL
I0825 21:42:11.600104    47 feature_extraction.cc:289]   Focal Length:    4608.00px
I0825 21:42:11.600116    47 feature_extraction.cc:302]   Features:        9098
I0825 21:42:13.859906    47 feature_extraction.cc:254] Processed file [332/795]
I0825 21:42:13.859982    47 feature_extraction.cc:257]   Name:            frame_000332.jpg
I0825 21:42:13.859992    47 feature_extraction.cc:283]   Dimensions:      3840 x 2160
I0825 21:42:13.859994    47 feature_extraction.cc:286]   Camera:          #332 - SIMPLE_RADIAL
I0825 21:42:13.860000    47 feature_extraction.cc:289]   Focal Length:    4608.00px
I0825 21:42:13.860013    47 feature_extraction.cc:302]   Features:        10241
I0825 21:42:15.026597    47 feature_extraction.cc:254] Processed file [333/795]
I0825 21:42:15.026736    47 feature_extraction.cc:257]   Name:            frame_000333.jpg
I0825 21:42:15.026758    47 feature_extraction.cc:283]   Dimensions:      3840 x 2160
I0825 21:42:15.026767    47 feature_extraction.cc:286]   Camera:          #333 - SIMPLE_RADIAL
I0825 21:42:15.026777    47 feature_extraction.cc:289]   Focal Length:    4608.00px
I0825 21:42:15.026794    47 feature_extraction.cc:302]   Features:        10106
I0825 21:42:15.666145    47 feature_extraction.cc:254] Processed file [334/795]
I0825 21:42:15.666205    47 feature_extraction.cc:257]   Name:            frame_000334.jpg
I0825 21:42:15.666215    47 feature_extraction.cc:283]   Dimensions:      3840 x 2160
I0825 21:42:15.666219    47 feature_extraction.cc:286]   Camera:          #334 - SIMPLE_RADIAL
I0825 21:42:15.666224    47 feature_extraction.cc:289]   Focal Length:    4608.00px
I0825 21:42:15.666232    47 feature_extraction.cc:302]   Features:        10519
I0825 21:42:18.125797    47 feature_extraction.cc:254] Processed file [335/795]
I0825 21:42:18.125849    47 feature_extraction.cc:257]   Name:            frame_000335.jpg
I0825 21:42:18.125859    47 feature_extraction.cc:283]   Dimensions:      3840 x 2160
I0825 21:42:18.125861    47 feature_extraction.cc:286]   Camera:          #335 - SIMPLE_RADIAL
I0825 21:42:18.125865    47 feature_extraction.cc:289]   Focal Length:    4608.00px
I0825 21:42:18.125874    47 feature_extraction.cc:302]   Features:        10241
I0825 21:42:18.815073    47 feature_extraction.cc:254] Processed file [336/795]
I0825 21:42:18.815132    47 feature_extraction.cc:257]   Name:            frame_000336.jpg
I0825 21:42:18.815146    47 feature_extraction.cc:283]   Dimensions:      3840 x 2160
I0825 21:42:18.815155    47 feature_extraction.cc:286]   Camera:          #336 - SIMPLE_RADIAL
I0825 21:42:18.815161    47 feature_extraction.cc:289]   Focal Length:    4608.00px
I0825 21:42:18.815171    47 feature_extraction.cc:302]   Features:        10235
I0825 21:42:19.818452    47 feature_extraction.cc:254] Processed file [337/795]
I0825 21:42:19.818576    47 feature_extraction.cc:257]   Name:            frame_000337.jpg
I0825 21:42:19.818596    47 feature_extraction.cc:283]   Dimensions:      3840 x 2160
I0825 21:42:19.818605    47 feature_extraction.cc:286]   Camera:          #337 - SIMPLE_RADIAL
I0825 21:42:19.818615    47 feature_extraction.cc:289]   Focal Length:    4608.00px
I0825 21:42:19.818634    47 feature_extraction.cc:302]   Features:        10532
I0825 21:42:21.954815    47 feature_extraction.cc:254] Processed file [338/795]
I0825 21:42:21.954908    47 feature_extraction.cc:257]   Name:            frame_000338.jpg
I0825 21:42:21.954919    47 feature_extraction.cc:283]   Dimensions:      3840 x 2160
I0825 21:42:21.954928    47 feature_extraction.cc:286]   Camera:          #338 - SIMPLE_RADIAL
I0825 21:42:21.954936    47 feature_extraction.cc:289]   Focal Length:    4608.00px
I0825 21:42:21.954947    47 feature_extraction.cc:302]   Features:        10384
I0825 21:42:23.088644    47 feature_extraction.cc:254] Processed file [339/795]
I0825 21:42:23.088704    47 feature_extraction.cc:257]   Name:            frame_000339.jpg
I0825 21:42:23.088713    47 feature_extraction.cc:283]   Dimensions:      3840 x 2160
I0825 21:42:23.088717    47 feature_extraction.cc:286]   Camera:          #339 - SIMPLE_RADIAL
I0825 21:42:23.088722    47 feature_extraction.cc:289]   Focal Length:    4608.00px
I0825 21:42:23.088732    47 feature_extraction.cc:302]   Features:        10468
I0825 21:42:23.764320    47 feature_extraction.cc:254] Processed file [340/795]
I0825 21:42:23.764374    47 feature_extraction.cc:257]   Name:            frame_000340.jpg
I0825 21:42:23.764384    47 feature_extraction.cc:283]   Dimensions:      3840 x 2160
I0825 21:42:23.764386    47 feature_extraction.cc:286]   Camera:          #340 - SIMPLE_RADIAL
I0825 21:42:23.764390    47 feature_extraction.cc:289]   Focal Length:    4608.00px
I0825 21:42:23.764400    47 feature_extraction.cc:302]   Features:        10530
I0825 21:42:26.444950    47 feature_extraction.cc:254] Processed file [341/795]
I0825 21:42:26.445003    47 feature_extraction.cc:257]   Name:            frame_000341.jpg
I0825 21:42:26.445012    47 feature_extraction.cc:283]   Dimensions:      3840 x 2160
I0825 21:42:26.445016    47 feature_extraction.cc:286]   Camera:          #341 - SIMPLE_RADIAL
I0825 21:42:26.445021    47 feature_extraction.cc:289]   Focal Length:    4608.00px
I0825 21:42:26.445032    47 feature_extraction.cc:302]   Features:        8892
I0825 21:42:26.937606    47 feature_extraction.cc:254] Processed file [342/795]
I0825 21:42:26.937655    47 feature_extraction.cc:257]   Name:            frame_000342.jpg
I0825 21:42:26.937662    47 feature_extraction.cc:283]   Dimensions:      3840 x 2160
I0825 21:42:26.937669    47 feature_extraction.cc:286]   Camera:          #342 - SIMPLE_RADIAL
I0825 21:42:26.937673    47 feature_extraction.cc:289]   Focal Length:    4608.00px
I0825 21:42:26.937683    47 feature_extraction.cc:302]   Features:        10517
I0825 21:42:27.786612    47 feature_extraction.cc:254] Processed file [343/795]
I0825 21:42:27.786655    47 feature_extraction.cc:257]   Name:            frame_000343.jpg
I0825 21:42:27.786662    47 feature_extraction.cc:283]   Dimensions:      3840 x 2160
I0825 21:42:27.786665    47 feature_extraction.cc:286]   Camera:          #343 - SIMPLE_RADIAL
I0825 21:42:27.786669    47 feature_extraction.cc:289]   Focal Length:    4608.00px
I0825 21:42:27.786677    47 feature_extraction.cc:302]   Features:        10631
I0825 21:42:29.487178    47 feature_extraction.cc:254] Processed file [344/795]
I0825 21:42:29.487227    47 feature_extraction.cc:257]   Name:            frame_000344.jpg
I0825 21:42:29.487234    47 feature_extraction.cc:283]   Dimensions:      3840 x 2160
I0825 21:42:29.487237    47 feature_extraction.cc:286]   Camera:          #344 - SIMPLE_RADIAL
I0825 21:42:29.487241    47 feature_extraction.cc:289]   Focal Length:    4608.00px
I0825 21:42:29.487249    47 feature_extraction.cc:302]   Features:        10457
I0825 21:42:30.399127    47 feature_extraction.cc:254] Processed file [345/795]
I0825 21:42:30.399173    47 feature_extraction.cc:257]   Name:            frame_000345.jpg
I0825 21:42:30.399181    47 feature_extraction.cc:283]   Dimensions:      3840 x 2160
I0825 21:42:30.399184    47 feature_extraction.cc:286]   Camera:          #345 - SIMPLE_RADIAL
I0825 21:42:30.399188    47 feature_extraction.cc:289]   Focal Length:    4608.00px
I0825 21:42:30.399196    47 feature_extraction.cc:302]   Features:        10463
I0825 21:42:30.944275    47 feature_extraction.cc:254] Processed file [346/795]
I0825 21:42:30.944329    47 feature_extraction.cc:257]   Name:            frame_000346.jpg
I0825 21:42:30.944337    47 feature_extraction.cc:283]   Dimensions:      3840 x 2160
I0825 21:42:30.944340    47 feature_extraction.cc:286]   Camera:          #346 - SIMPLE_RADIAL
I0825 21:42:30.944344    47 feature_extraction.cc:289]   Focal Length:    4608.00px
I0825 21:42:30.944353    47 feature_extraction.cc:302]   Features:        10406
I0825 21:42:33.073500    47 feature_extraction.cc:254] Processed file [347/795]
I0825 21:42:33.073581    47 feature_extraction.cc:257]   Name:            frame_000347.jpg
I0825 21:42:33.073596    47 feature_extraction.cc:283]   Dimensions:      3840 x 2160
I0825 21:42:33.073602    47 feature_extraction.cc:286]   Camera:          #347 - SIMPLE_RADIAL
I0825 21:42:33.073609    47 feature_extraction.cc:289]   Focal Length:    4608.00px
I0825 21:42:33.073623    47 feature_extraction.cc:302]   Features:        9886
I0825 21:42:33.667917    47 feature_extraction.cc:254] Processed file [348/795]
I0825 21:42:33.667968    47 feature_extraction.cc:257]   Name:            frame_000348.jpg
I0825 21:42:33.667979    47 feature_extraction.cc:283]   Dimensions:      3840 x 2160
I0825 21:42:33.667985    47 feature_extraction.cc:286]   Camera:          #348 - SIMPLE_RADIAL
I0825 21:42:33.667991    47 feature_extraction.cc:289]   Focal Length:    4608.00px
I0825 21:42:33.668006    47 feature_extraction.cc:302]   Features:        8813
I0825 21:42:34.470682    47 feature_extraction.cc:254] Processed file [349/795]
I0825 21:42:34.470734    47 feature_extraction.cc:257]   Name:            frame_000349.jpg
I0825 21:42:34.470743    47 feature_extraction.cc:283]   Dimensions:      3840 x 2160
I0825 21:42:34.470746    47 feature_extraction.cc:286]   Camera:          #349 - SIMPLE_RADIAL
I0825 21:42:34.470750    47 feature_extraction.cc:289]   Focal Length:    4608.00px
I0825 21:42:34.470760    47 feature_extraction.cc:302]   Features:        9248
I0825 21:42:36.010653    47 feature_extraction.cc:254] Processed file [350/795]
I0825 21:42:36.010737    47 feature_extraction.cc:257]   Name:            frame_000350.jpg
I0825 21:42:36.010746    47 feature_extraction.cc:283]   Dimensions:      3840 x 2160
I0825 21:42:36.010749    47 feature_extraction.cc:286]   Camera:          #350 - SIMPLE_RADIAL
I0825 21:42:36.010759    47 feature_extraction.cc:289]   Focal Length:    4608.00px
I0825 21:42:36.010776    47 feature_extraction.cc:302]   Features:        9515
I0825 21:42:36.895290    47 feature_extraction.cc:254] Processed file [351/795]
I0825 21:42:36.895337    47 feature_extraction.cc:257]   Name:            frame_000351.jpg
I0825 21:42:36.895344    47 feature_extraction.cc:283]   Dimensions:      3840 x 2160
I0825 21:42:36.895349    47 feature_extraction.cc:286]   Camera:          #351 - SIMPLE_RADIAL
I0825 21:42:36.895352    47 feature_extraction.cc:289]   Focal Length:    4608.00px
I0825 21:42:36.895360    47 feature_extraction.cc:302]   Features:        9995
I0825 21:42:37.456081    47 feature_extraction.cc:254] Processed file [352/795]
I0825 21:42:37.456127    47 feature_extraction.cc:257]   Name:            frame_000352.jpg
I0825 21:42:37.456135    47 feature_extraction.cc:283]   Dimensions:      3840 x 2160
I0825 21:42:37.456137    47 feature_extraction.cc:286]   Camera:          #352 - SIMPLE_RADIAL
I0825 21:42:37.456140    47 feature_extraction.cc:289]   Focal Length:    4608.00px
I0825 21:42:37.456148    47 feature_extraction.cc:302]   Features:        10386
I0825 21:42:39.670887    47 feature_extraction.cc:254] Processed file [353/795]
I0825 21:42:39.670949    47 feature_extraction.cc:257]   Name:            frame_000353.jpg
I0825 21:42:39.670957    47 feature_extraction.cc:283]   Dimensions:      3840 x 2160
I0825 21:42:39.670960    47 feature_extraction.cc:286]   Camera:          #353 - SIMPLE_RADIAL
I0825 21:42:39.670964    47 feature_extraction.cc:289]   Focal Length:    4608.00px
I0825 21:42:39.670974    47 feature_extraction.cc:302]   Features:        9927
I0825 21:42:40.258011    47 feature_extraction.cc:254] Processed file [354/795]
I0825 21:42:40.258059    47 feature_extraction.cc:257]   Name:            frame_000354.jpg
I0825 21:42:40.258065    47 feature_extraction.cc:283]   Dimensions:      3840 x 2160
I0825 21:42:40.258068    47 feature_extraction.cc:286]   Camera:          #354 - SIMPLE_RADIAL
I0825 21:42:40.258072    47 feature_extraction.cc:289]   Focal Length:    4608.00px
I0825 21:42:40.258080    47 feature_extraction.cc:302]   Features:        9974
I0825 21:42:40.795753    47 feature_extraction.cc:254] Processed file [355/795]
I0825 21:42:40.795799    47 feature_extraction.cc:257]   Name:            frame_000355.jpg
I0825 21:42:40.795809    47 feature_extraction.cc:283]   Dimensions:      3840 x 2160
I0825 21:42:40.795812    47 feature_extraction.cc:286]   Camera:          #355 - SIMPLE_RADIAL
I0825 21:42:40.795816    47 feature_extraction.cc:289]   Focal Length:    4608.00px
I0825 21:42:40.795825    47 feature_extraction.cc:302]   Features:        9707
I0825 21:42:42.882855    47 feature_extraction.cc:254] Processed file [356/795]
I0825 21:42:42.882900    47 feature_extraction.cc:257]   Name:            frame_000356.jpg
I0825 21:42:42.882907    47 feature_extraction.cc:283]   Dimensions:      3840 x 2160
I0825 21:42:42.882910    47 feature_extraction.cc:286]   Camera:          #356 - SIMPLE_RADIAL
I0825 21:42:42.882915    47 feature_extraction.cc:289]   Focal Length:    4608.00px
I0825 21:42:42.882922    47 feature_extraction.cc:302]   Features:        9985
I0825 21:42:43.442044    47 feature_extraction.cc:254] Processed file [357/795]
I0825 21:42:43.442116    47 feature_extraction.cc:257]   Name:            frame_000357.jpg
I0825 21:42:43.442123    47 feature_extraction.cc:283]   Dimensions:      3840 x 2160
I0825 21:42:43.442126    47 feature_extraction.cc:286]   Camera:          #357 - SIMPLE_RADIAL
I0825 21:42:43.442133    47 feature_extraction.cc:289]   Focal Length:    4608.00px
I0825 21:42:43.442148    47 feature_extraction.cc:302]   Features:        9965
I0825 21:42:44.319701    47 feature_extraction.cc:254] Processed file [358/795]
I0825 21:42:44.319756    47 feature_extraction.cc:257]   Name:            frame_000358.jpg
I0825 21:42:44.319763    47 feature_extraction.cc:283]   Dimensions:      3840 x 2160
I0825 21:42:44.319767    47 feature_extraction.cc:286]   Camera:          #358 - SIMPLE_RADIAL
I0825 21:42:44.319772    47 feature_extraction.cc:289]   Focal Length:    4608.00px
I0825 21:42:44.319782    47 feature_extraction.cc:302]   Features:        9883
I0825 21:42:46.034610    47 feature_extraction.cc:254] Processed file [359/795]
I0825 21:42:46.034659    47 feature_extraction.cc:257]   Name:            frame_000359.jpg
I0825 21:42:46.034667    47 feature_extraction.cc:283]   Dimensions:      3840 x 2160
I0825 21:42:46.034669    47 feature_extraction.cc:286]   Camera:          #359 - SIMPLE_RADIAL
I0825 21:42:46.034673    47 feature_extraction.cc:289]   Focal Length:    4608.00px
I0825 21:42:46.034682    47 feature_extraction.cc:302]   Features:        9998
I0825 21:42:47.011940    47 feature_extraction.cc:254] Processed file [360/795]
I0825 21:42:47.011989    47 feature_extraction.cc:257]   Name:            frame_000360.jpg
I0825 21:42:47.011997    47 feature_extraction.cc:283]   Dimensions:      3840 x 2160
I0825 21:42:47.012001    47 feature_extraction.cc:286]   Camera:          #360 - SIMPLE_RADIAL
I0825 21:42:47.012004    47 feature_extraction.cc:289]   Focal Length:    4608.00px
I0825 21:42:47.012012    47 feature_extraction.cc:302]   Features:        9809
I0825 21:42:47.560519    47 feature_extraction.cc:254] Processed file [361/795]
I0825 21:42:47.560564    47 feature_extraction.cc:257]   Name:            frame_000361.jpg
I0825 21:42:47.560572    47 feature_extraction.cc:283]   Dimensions:      3840 x 2160
I0825 21:42:47.560575    47 feature_extraction.cc:286]   Camera:          #361 - SIMPLE_RADIAL
I0825 21:42:47.560578    47 feature_extraction.cc:289]   Focal Length:    4608.00px
I0825 21:42:47.560588    47 feature_extraction.cc:302]   Features:        9875
I0825 21:42:49.530789    47 feature_extraction.cc:254] Processed file [362/795]
I0825 21:42:49.530845    47 feature_extraction.cc:257]   Name:            frame_000362.jpg
I0825 21:42:49.530854    47 feature_extraction.cc:283]   Dimensions:      3840 x 2160
I0825 21:42:49.530857    47 feature_extraction.cc:286]   Camera:          #362 - SIMPLE_RADIAL
I0825 21:42:49.530862    47 feature_extraction.cc:289]   Focal Length:    4608.00px
I0825 21:42:49.530871    47 feature_extraction.cc:302]   Features:        10016
I0825 21:42:50.113775    47 feature_extraction.cc:254] Processed file [363/795]
I0825 21:42:50.113826    47 feature_extraction.cc:257]   Name:            frame_000363.jpg
I0825 21:42:50.113833    47 feature_extraction.cc:283]   Dimensions:      3840 x 2160
I0825 21:42:50.113837    47 feature_extraction.cc:286]   Camera:          #363 - SIMPLE_RADIAL
I0825 21:42:50.113840    47 feature_extraction.cc:289]   Focal Length:    4608.00px
I0825 21:42:50.113852    47 feature_extraction.cc:302]   Features:        9191
I0825 21:42:50.986176    47 feature_extraction.cc:254] Processed file [364/795]
I0825 21:42:50.986248    47 feature_extraction.cc:257]   Name:            frame_000364.jpg
I0825 21:42:50.986255    47 feature_extraction.cc:283]   Dimensions:      3840 x 2160
I0825 21:42:50.986259    47 feature_extraction.cc:286]   Camera:          #364 - SIMPLE_RADIAL
I0825 21:42:50.986263    47 feature_extraction.cc:289]   Focal Length:    4608.00px
I0825 21:42:50.986277    47 feature_extraction.cc:302]   Features:        8745
I0825 21:42:52.575282    47 feature_extraction.cc:254] Processed file [365/795]
I0825 21:42:52.575341    47 feature_extraction.cc:257]   Name:            frame_000365.jpg
I0825 21:42:52.575350    47 feature_extraction.cc:283]   Dimensions:      3840 x 2160
I0825 21:42:52.575353    47 feature_extraction.cc:286]   Camera:          #365 - SIMPLE_RADIAL
I0825 21:42:52.575358    47 feature_extraction.cc:289]   Focal Length:    4608.00px
I0825 21:42:52.575371    47 feature_extraction.cc:302]   Features:        8470
I0825 21:42:53.391353    47 feature_extraction.cc:254] Processed file [366/795]
I0825 21:42:53.391400    47 feature_extraction.cc:257]   Name:            frame_000366.jpg
I0825 21:42:53.391407    47 feature_extraction.cc:283]   Dimensions:      3840 x 2160
I0825 21:42:53.391410    47 feature_extraction.cc:286]   Camera:          #366 - SIMPLE_RADIAL
I0825 21:42:53.391414    47 feature_extraction.cc:289]   Focal Length:    4608.00px
I0825 21:42:53.391422    47 feature_extraction.cc:302]   Features:        8613
I0825 21:42:53.832293    47 feature_extraction.cc:254] Processed file [367/795]
I0825 21:42:53.832343    47 feature_extraction.cc:257]   Name:            frame_000367.jpg
I0825 21:42:53.832351    47 feature_extraction.cc:283]   Dimensions:      3840 x 2160
I0825 21:42:53.832355    47 feature_extraction.cc:286]   Camera:          #367 - SIMPLE_RADIAL
I0825 21:42:53.832358    47 feature_extraction.cc:289]   Focal Length:    4608.00px
I0825 21:42:53.832367    47 feature_extraction.cc:302]   Features:        8549
I0825 21:42:54.637481    47 feature_extraction.cc:254] Processed file [368/795]
I0825 21:42:54.637530    47 feature_extraction.cc:257]   Name:            frame_000368.jpg
I0825 21:42:54.637537    47 feature_extraction.cc:283]   Dimensions:      3840 x 2160
I0825 21:42:54.637540    47 feature_extraction.cc:286]   Camera:          #368 - SIMPLE_RADIAL
I0825 21:42:54.637544    47 feature_extraction.cc:289]   Focal Length:    4608.00px
I0825 21:42:54.637553    47 feature_extraction.cc:302]   Features:        8711
I0825 21:42:56.529736    47 feature_extraction.cc:254] Processed file [369/795]
I0825 21:42:56.529789    47 feature_extraction.cc:257]   Name:            frame_000369.jpg
I0825 21:42:56.529798    47 feature_extraction.cc:283]   Dimensions:      3840 x 2160
I0825 21:42:56.529801    47 feature_extraction.cc:286]   Camera:          #369 - SIMPLE_RADIAL
I0825 21:42:56.529805    47 feature_extraction.cc:289]   Focal Length:    4608.00px
I0825 21:42:56.529815    47 feature_extraction.cc:302]   Features:        9026
I0825 21:42:57.417976    47 feature_extraction.cc:254] Processed file [370/795]
I0825 21:42:57.418041    47 feature_extraction.cc:257]   Name:            frame_000370.jpg
I0825 21:42:57.418051    47 feature_extraction.cc:283]   Dimensions:      3840 x 2160
I0825 21:42:57.418056    47 feature_extraction.cc:286]   Camera:          #370 - SIMPLE_RADIAL
I0825 21:42:57.418061    47 feature_extraction.cc:289]   Focal Length:    4608.00px
I0825 21:42:57.418076    47 feature_extraction.cc:302]   Features:        9001
I0825 21:42:57.897213    47 feature_extraction.cc:254] Processed file [371/795]
I0825 21:42:57.897310    47 feature_extraction.cc:257]   Name:            frame_000371.jpg
I0825 21:42:57.897320    47 feature_extraction.cc:283]   Dimensions:      3840 x 2160
I0825 21:42:57.897322    47 feature_extraction.cc:286]   Camera:          #371 - SIMPLE_RADIAL
I0825 21:42:57.897326    47 feature_extraction.cc:289]   Focal Length:    4608.00px
I0825 21:42:57.897336    47 feature_extraction.cc:302]   Features:        9193
I0825 21:43:00.450178    47 feature_extraction.cc:254] Processed file [372/795]
I0825 21:43:00.450241    47 feature_extraction.cc:257]   Name:            frame_000372.jpg
I0825 21:43:00.450251    47 feature_extraction.cc:283]   Dimensions:      3840 x 2160
I0825 21:43:00.450255    47 feature_extraction.cc:286]   Camera:          #372 - SIMPLE_RADIAL
I0825 21:43:00.450260    47 feature_extraction.cc:289]   Focal Length:    4608.00px
I0825 21:43:00.450271    47 feature_extraction.cc:302]   Features:        9429
I0825 21:43:01.085402    47 feature_extraction.cc:254] Processed file [373/795]
I0825 21:43:01.085457    47 feature_extraction.cc:257]   Name:            frame_000373.jpg
I0825 21:43:01.085470    47 feature_extraction.cc:283]   Dimensions:      3840 x 2160
I0825 21:43:01.085476    47 feature_extraction.cc:286]   Camera:          #373 - SIMPLE_RADIAL
I0825 21:43:01.085484    47 feature_extraction.cc:289]   Focal Length:    4608.00px
I0825 21:43:01.085498    47 feature_extraction.cc:302]   Features:        8924
I0825 21:43:02.193444    47 feature_extraction.cc:254] Processed file [374/795]
I0825 21:43:02.193534    47 feature_extraction.cc:257]   Name:            frame_000374.jpg
I0825 21:43:02.193545    47 feature_extraction.cc:283]   Dimensions:      3840 x 2160
I0825 21:43:02.193548    47 feature_extraction.cc:286]   Camera:          #374 - SIMPLE_RADIAL
I0825 21:43:02.193554    47 feature_extraction.cc:289]   Focal Length:    4608.00px
I0825 21:43:02.193570    47 feature_extraction.cc:302]   Features:        9307
I0825 21:43:04.204523    47 feature_extraction.cc:254] Processed file [375/795]
I0825 21:43:04.204584    47 feature_extraction.cc:257]   Name:            frame_000375.jpg
I0825 21:43:04.204594    47 feature_extraction.cc:283]   Dimensions:      3840 x 2160
I0825 21:43:04.204599    47 feature_extraction.cc:286]   Camera:          #375 - SIMPLE_RADIAL
I0825 21:43:04.204604    47 feature_extraction.cc:289]   Focal Length:    4608.00px
I0825 21:43:04.204614    47 feature_extraction.cc:302]   Features:        9317
I0825 21:43:05.183322    47 feature_extraction.cc:254] Processed file [376/795]
I0825 21:43:05.183372    47 feature_extraction.cc:257]   Name:            frame_000376.jpg
I0825 21:43:05.183379    47 feature_extraction.cc:283]   Dimensions:      3840 x 2160
I0825 21:43:05.183382    47 feature_extraction.cc:286]   Camera:          #376 - SIMPLE_RADIAL
I0825 21:43:05.183386    47 feature_extraction.cc:289]   Focal Length:    4608.00px
I0825 21:43:05.183394    47 feature_extraction.cc:302]   Features:        9494
I0825 21:43:05.801086    47 feature_extraction.cc:254] Processed file [377/795]
I0825 21:43:05.801143    47 feature_extraction.cc:257]   Name:            frame_000377.jpg
I0825 21:43:05.801155    47 feature_extraction.cc:283]   Dimensions:      3840 x 2160
I0825 21:43:05.801159    47 feature_extraction.cc:286]   Camera:          #377 - SIMPLE_RADIAL
I0825 21:43:05.801163    47 feature_extraction.cc:289]   Focal Length:    4608.00px
I0825 21:43:05.801174    47 feature_extraction.cc:302]   Features:        9428
I0825 21:43:07.989485    47 feature_extraction.cc:254] Processed file [378/795]
I0825 21:43:07.989573    47 feature_extraction.cc:257]   Name:            frame_000378.jpg
I0825 21:43:07.989590    47 feature_extraction.cc:283]   Dimensions:      3840 x 2160
I0825 21:43:07.989598    47 feature_extraction.cc:286]   Camera:          #378 - SIMPLE_RADIAL
I0825 21:43:07.989605    47 feature_extraction.cc:289]   Focal Length:    4608.00px
I0825 21:43:07.989621    47 feature_extraction.cc:302]   Features:        9289
I0825 21:43:08.788481    47 feature_extraction.cc:254] Processed file [379/795]
I0825 21:43:08.788534    47 feature_extraction.cc:257]   Name:            frame_000379.jpg
I0825 21:43:08.788543    47 feature_extraction.cc:283]   Dimensions:      3840 x 2160
I0825 21:43:08.788546    47 feature_extraction.cc:286]   Camera:          #379 - SIMPLE_RADIAL
I0825 21:43:08.788551    47 feature_extraction.cc:289]   Focal Length:    4608.00px
I0825 21:43:08.788560    47 feature_extraction.cc:302]   Features:        9151
I0825 21:43:09.427666    47 feature_extraction.cc:254] Processed file [380/795]
I0825 21:43:09.427726    47 feature_extraction.cc:257]   Name:            frame_000380.jpg
I0825 21:43:09.427735    47 feature_extraction.cc:283]   Dimensions:      3840 x 2160
I0825 21:43:09.427738    47 feature_extraction.cc:286]   Camera:          #380 - SIMPLE_RADIAL
I0825 21:43:09.427744    47 feature_extraction.cc:289]   Focal Length:    4608.00px
I0825 21:43:09.427753    47 feature_extraction.cc:302]   Features:        9278
I0825 21:43:11.647356    47 feature_extraction.cc:254] Processed file [381/795]
I0825 21:43:11.647418    47 feature_extraction.cc:257]   Name:            frame_000381.jpg
I0825 21:43:11.647426    47 feature_extraction.cc:283]   Dimensions:      3840 x 2160
I0825 21:43:11.647430    47 feature_extraction.cc:286]   Camera:          #381 - SIMPLE_RADIAL
I0825 21:43:11.647435    47 feature_extraction.cc:289]   Focal Length:    4608.00px
I0825 21:43:11.647446    47 feature_extraction.cc:302]   Features:        9227
I0825 21:43:12.292244    47 feature_extraction.cc:254] Processed file [382/795]
I0825 21:43:12.292311    47 feature_extraction.cc:257]   Name:            frame_000382.jpg
I0825 21:43:12.292328    47 feature_extraction.cc:283]   Dimensions:      3840 x 2160
I0825 21:43:12.292335    47 feature_extraction.cc:286]   Camera:          #382 - SIMPLE_RADIAL
I0825 21:43:12.292344    47 feature_extraction.cc:289]   Focal Length:    4608.00px
I0825 21:43:12.292357    47 feature_extraction.cc:302]   Features:        9196
I0825 21:43:13.303665    47 feature_extraction.cc:254] Processed file [383/795]
I0825 21:43:13.303718    47 feature_extraction.cc:257]   Name:            frame_000383.jpg
I0825 21:43:13.303726    47 feature_extraction.cc:283]   Dimensions:      3840 x 2160
I0825 21:43:13.303730    47 feature_extraction.cc:286]   Camera:          #383 - SIMPLE_RADIAL
I0825 21:43:13.303735    47 feature_extraction.cc:289]   Focal Length:    4608.00px
I0825 21:43:13.303743    47 feature_extraction.cc:302]   Features:        8974
I0825 21:43:14.985669    47 feature_extraction.cc:254] Processed file [384/795]
I0825 21:43:14.985718    47 feature_extraction.cc:257]   Name:            frame_000384.jpg
I0825 21:43:14.985726    47 feature_extraction.cc:283]   Dimensions:      3840 x 2160
I0825 21:43:14.985733    47 feature_extraction.cc:286]   Camera:          #384 - SIMPLE_RADIAL
I0825 21:43:14.985736    47 feature_extraction.cc:289]   Focal Length:    4608.00px
I0825 21:43:14.985745    47 feature_extraction.cc:302]   Features:        9133
I0825 21:43:16.102577    47 feature_extraction.cc:254] Processed file [385/795]
I0825 21:43:16.102634    47 feature_extraction.cc:257]   Name:            frame_000385.jpg
I0825 21:43:16.102643    47 feature_extraction.cc:283]   Dimensions:      3840 x 2160
I0825 21:43:16.102648    47 feature_extraction.cc:286]   Camera:          #385 - SIMPLE_RADIAL
I0825 21:43:16.102653    47 feature_extraction.cc:289]   Focal Length:    4608.00px
I0825 21:43:16.102662    47 feature_extraction.cc:302]   Features:        8832
I0825 21:43:16.680292    47 feature_extraction.cc:254] Processed file [386/795]
I0825 21:43:16.680348    47 feature_extraction.cc:257]   Name:            frame_000386.jpg
I0825 21:43:16.680357    47 feature_extraction.cc:283]   Dimensions:      3840 x 2160
I0825 21:43:16.680361    47 feature_extraction.cc:286]   Camera:          #386 - SIMPLE_RADIAL
I0825 21:43:16.680365    47 feature_extraction.cc:289]   Focal Length:    4608.00px
I0825 21:43:16.680375    47 feature_extraction.cc:302]   Features:        9157
I0825 21:43:19.028923    47 feature_extraction.cc:254] Processed file [387/795]
I0825 21:43:19.029021    47 feature_extraction.cc:257]   Name:            frame_000387.jpg
I0825 21:43:19.029040    47 feature_extraction.cc:283]   Dimensions:      3840 x 2160
I0825 21:43:19.029050    47 feature_extraction.cc:286]   Camera:          #387 - SIMPLE_RADIAL
I0825 21:43:19.029060    47 feature_extraction.cc:289]   Focal Length:    4608.00px
I0825 21:43:19.029091    47 feature_extraction.cc:302]   Features:        9160
I0825 21:43:19.681221    47 feature_extraction.cc:254] Processed file [388/795]
I0825 21:43:19.681299    47 feature_extraction.cc:257]   Name:            frame_000388.jpg
I0825 21:43:19.681308    47 feature_extraction.cc:283]   Dimensions:      3840 x 2160
I0825 21:43:19.681310    47 feature_extraction.cc:286]   Camera:          #388 - SIMPLE_RADIAL
I0825 21:43:19.681316    47 feature_extraction.cc:289]   Focal Length:    4608.00px
I0825 21:43:19.681329    47 feature_extraction.cc:302]   Features:        9339
I0825 21:43:20.624909    47 feature_extraction.cc:254] Processed file [389/795]
I0825 21:43:20.624969    47 feature_extraction.cc:257]   Name:            frame_000389.jpg
I0825 21:43:20.624976    47 feature_extraction.cc:283]   Dimensions:      3840 x 2160
I0825 21:43:20.624979    47 feature_extraction.cc:286]   Camera:          #389 - SIMPLE_RADIAL
I0825 21:43:20.624982    47 feature_extraction.cc:289]   Focal Length:    4608.00px
I0825 21:43:20.624992    47 feature_extraction.cc:302]   Features:        9251
I0825 21:43:22.346827    47 feature_extraction.cc:254] Processed file [390/795]
I0825 21:43:22.346885    47 feature_extraction.cc:257]   Name:            frame_000390.jpg
I0825 21:43:22.346894    47 feature_extraction.cc:283]   Dimensions:      3840 x 2160
I0825 21:43:22.346897    47 feature_extraction.cc:286]   Camera:          #390 - SIMPLE_RADIAL
I0825 21:43:22.346901    47 feature_extraction.cc:289]   Focal Length:    4608.00px
I0825 21:43:22.346911    47 feature_extraction.cc:302]   Features:        9114
I0825 21:43:23.219259    47 feature_extraction.cc:254] Processed file [391/795]
I0825 21:43:23.219306    47 feature_extraction.cc:257]   Name:            frame_000391.jpg
I0825 21:43:23.219312    47 feature_extraction.cc:283]   Dimensions:      3840 x 2160
I0825 21:43:23.219316    47 feature_extraction.cc:286]   Camera:          #391 - SIMPLE_RADIAL
I0825 21:43:23.219319    47 feature_extraction.cc:289]   Focal Length:    4608.00px
I0825 21:43:23.219327    47 feature_extraction.cc:302]   Features:        9184
I0825 21:43:23.662784    47 feature_extraction.cc:254] Processed file [392/795]
I0825 21:43:23.662834    47 feature_extraction.cc:257]   Name:            frame_000392.jpg
I0825 21:43:23.662842    47 feature_extraction.cc:283]   Dimensions:      3840 x 2160
I0825 21:43:23.662844    47 feature_extraction.cc:286]   Camera:          #392 - SIMPLE_RADIAL
I0825 21:43:23.662848    47 feature_extraction.cc:289]   Focal Length:    4608.00px
I0825 21:43:23.662856    47 feature_extraction.cc:302]   Features:        9318
I0825 21:43:25.659469    47 feature_extraction.cc:254] Processed file [393/795]
I0825 21:43:25.659519    47 feature_extraction.cc:257]   Name:            frame_000393.jpg
I0825 21:43:25.659526    47 feature_extraction.cc:283]   Dimensions:      3840 x 2160
I0825 21:43:25.659529    47 feature_extraction.cc:286]   Camera:          #393 - SIMPLE_RADIAL
I0825 21:43:25.659533    47 feature_extraction.cc:289]   Focal Length:    4608.00px
I0825 21:43:25.659541    47 feature_extraction.cc:302]   Features:        9396
I0825 21:43:26.229492    47 feature_extraction.cc:254] Processed file [394/795]
I0825 21:43:26.229543    47 feature_extraction.cc:257]   Name:            frame_000394.jpg
I0825 21:43:26.229550    47 feature_extraction.cc:283]   Dimensions:      3840 x 2160
I0825 21:43:26.229553    47 feature_extraction.cc:286]   Camera:          #394 - SIMPLE_RADIAL
I0825 21:43:26.229557    47 feature_extraction.cc:289]   Focal Length:    4608.00px
I0825 21:43:26.229564    47 feature_extraction.cc:302]   Features:        9749
I0825 21:43:27.092063    47 feature_extraction.cc:254] Processed file [395/795]
I0825 21:43:27.092108    47 feature_extraction.cc:257]   Name:            frame_000395.jpg
I0825 21:43:27.092114    47 feature_extraction.cc:283]   Dimensions:      3840 x 2160
I0825 21:43:27.092116    47 feature_extraction.cc:286]   Camera:          #395 - SIMPLE_RADIAL
I0825 21:43:27.092120    47 feature_extraction.cc:289]   Focal Length:    4608.00px
I0825 21:43:27.092128    47 feature_extraction.cc:302]   Features:        10072
I0825 21:43:28.706045    47 feature_extraction.cc:254] Processed file [396/795]
I0825 21:43:28.706106    47 feature_extraction.cc:257]   Name:            frame_000396.jpg
I0825 21:43:28.706115    47 feature_extraction.cc:283]   Dimensions:      3840 x 2160
I0825 21:43:28.706117    47 feature_extraction.cc:286]   Camera:          #396 - SIMPLE_RADIAL
I0825 21:43:28.706121    47 feature_extraction.cc:289]   Focal Length:    4608.00px
I0825 21:43:28.706133    47 feature_extraction.cc:302]   Features:        9872
I0825 21:43:29.585728    47 feature_extraction.cc:254] Processed file [397/795]
I0825 21:43:29.585774    47 feature_extraction.cc:257]   Name:            frame_000397.jpg
I0825 21:43:29.585781    47 feature_extraction.cc:283]   Dimensions:      3840 x 2160
I0825 21:43:29.585784    47 feature_extraction.cc:286]   Camera:          #397 - SIMPLE_RADIAL
I0825 21:43:29.585788    47 feature_extraction.cc:289]   Focal Length:    4608.00px
I0825 21:43:29.585795    47 feature_extraction.cc:302]   Features:        10214
I0825 21:43:30.171797    47 feature_extraction.cc:254] Processed file [398/795]
I0825 21:43:30.171850    47 feature_extraction.cc:257]   Name:            frame_000398.jpg
I0825 21:43:30.171861    47 feature_extraction.cc:283]   Dimensions:      3840 x 2160
I0825 21:43:30.171864    47 feature_extraction.cc:286]   Camera:          #398 - SIMPLE_RADIAL
I0825 21:43:30.172086    47 feature_extraction.cc:289]   Focal Length:    4608.00px
I0825 21:43:30.172123    47 feature_extraction.cc:302]   Features:        10810
I0825 21:43:32.361301    47 feature_extraction.cc:254] Processed file [399/795]
I0825 21:43:32.361349    47 feature_extraction.cc:257]   Name:            frame_000399.jpg
I0825 21:43:32.361356    47 feature_extraction.cc:283]   Dimensions:      3840 x 2160
I0825 21:43:32.361358    47 feature_extraction.cc:286]   Camera:          #399 - SIMPLE_RADIAL
I0825 21:43:32.361362    47 feature_extraction.cc:289]   Focal Length:    4608.00px
I0825 21:43:32.361369    47 feature_extraction.cc:302]   Features:        10756
I0825 21:43:32.928634    47 feature_extraction.cc:254] Processed file [400/795]
I0825 21:43:32.928685    47 feature_extraction.cc:257]   Name:            frame_000400.jpg
I0825 21:43:32.928697    47 feature_extraction.cc:283]   Dimensions:      3840 x 2160
I0825 21:43:32.928702    47 feature_extraction.cc:286]   Camera:          #400 - SIMPLE_RADIAL
I0825 21:43:32.928709    47 feature_extraction.cc:289]   Focal Length:    4608.00px
I0825 21:43:32.928719    47 feature_extraction.cc:302]   Features:        10746
I0825 21:43:33.859905    47 feature_extraction.cc:254] Processed file [401/795]
I0825 21:43:33.859953    47 feature_extraction.cc:257]   Name:            frame_000401.jpg
I0825 21:43:33.859961    47 feature_extraction.cc:283]   Dimensions:      3840 x 2160
I0825 21:43:33.859963    47 feature_extraction.cc:286]   Camera:          #401 - SIMPLE_RADIAL
I0825 21:43:33.859966    47 feature_extraction.cc:289]   Focal Length:    4608.00px
I0825 21:43:33.859977    47 feature_extraction.cc:302]   Features:        10864
I0825 21:43:35.676533    47 feature_extraction.cc:254] Processed file [402/795]
I0825 21:43:35.676589    47 feature_extraction.cc:257]   Name:            frame_000402.jpg
I0825 21:43:35.676595    47 feature_extraction.cc:283]   Dimensions:      3840 x 2160
I0825 21:43:35.676599    47 feature_extraction.cc:286]   Camera:          #402 - SIMPLE_RADIAL
I0825 21:43:35.676602    47 feature_extraction.cc:289]   Focal Length:    4608.00px
I0825 21:43:35.676613    47 feature_extraction.cc:302]   Features:        10758
I0825 21:43:36.646778    47 feature_extraction.cc:254] Processed file [403/795]
I0825 21:43:36.646826    47 feature_extraction.cc:257]   Name:            frame_000403.jpg
I0825 21:43:36.646832    47 feature_extraction.cc:283]   Dimensions:      3840 x 2160
I0825 21:43:36.646835    47 feature_extraction.cc:286]   Camera:          #403 - SIMPLE_RADIAL
I0825 21:43:36.646838    47 feature_extraction.cc:289]   Focal Length:    4608.00px
I0825 21:43:36.646847    47 feature_extraction.cc:302]   Features:        11002
I0825 21:43:37.248383    47 feature_extraction.cc:254] Processed file [404/795]
I0825 21:43:37.248468    47 feature_extraction.cc:257]   Name:            frame_000404.jpg
I0825 21:43:37.248479    47 feature_extraction.cc:283]   Dimensions:      3840 x 2160
I0825 21:43:37.248482    47 feature_extraction.cc:286]   Camera:          #404 - SIMPLE_RADIAL
I0825 21:43:37.248488    47 feature_extraction.cc:289]   Focal Length:    4608.00px
I0825 21:43:37.248504    47 feature_extraction.cc:302]   Features:        11511
I0825 21:43:39.397557    47 feature_extraction.cc:254] Processed file [405/795]
I0825 21:43:39.397639    47 feature_extraction.cc:257]   Name:            frame_000405.jpg
I0825 21:43:39.397647    47 feature_extraction.cc:283]   Dimensions:      3840 x 2160
I0825 21:43:39.397650    47 feature_extraction.cc:286]   Camera:          #405 - SIMPLE_RADIAL
I0825 21:43:39.397656    47 feature_extraction.cc:289]   Focal Length:    4608.00px
I0825 21:43:39.397668    47 feature_extraction.cc:302]   Features:        11332
I0825 21:43:39.970157    47 feature_extraction.cc:254] Processed file [406/795]
I0825 21:43:39.970204    47 feature_extraction.cc:257]   Name:            frame_000406.jpg
I0825 21:43:39.970211    47 feature_extraction.cc:283]   Dimensions:      3840 x 2160
I0825 21:43:39.970214    47 feature_extraction.cc:286]   Camera:          #406 - SIMPLE_RADIAL
I0825 21:43:39.970217    47 feature_extraction.cc:289]   Focal Length:    4608.00px
I0825 21:43:39.970225    47 feature_extraction.cc:302]   Features:        12063
I0825 21:43:41.011991    47 feature_extraction.cc:254] Processed file [407/795]
I0825 21:43:41.012048    47 feature_extraction.cc:257]   Name:            frame_000407.jpg
I0825 21:43:41.012056    47 feature_extraction.cc:283]   Dimensions:      3840 x 2160
I0825 21:43:41.012060    47 feature_extraction.cc:286]   Camera:          #407 - SIMPLE_RADIAL
I0825 21:43:41.012065    47 feature_extraction.cc:289]   Focal Length:    4608.00px
I0825 21:43:41.012074    47 feature_extraction.cc:302]   Features:        10016
I0825 21:43:42.812741    47 feature_extraction.cc:254] Processed file [408/795]
I0825 21:43:42.812790    47 feature_extraction.cc:257]   Name:            frame_000408.jpg
I0825 21:43:42.812798    47 feature_extraction.cc:283]   Dimensions:      3840 x 2160
I0825 21:43:42.812800    47 feature_extraction.cc:286]   Camera:          #408 - SIMPLE_RADIAL
I0825 21:43:42.812804    47 feature_extraction.cc:289]   Focal Length:    4608.00px
I0825 21:43:42.812813    47 feature_extraction.cc:302]   Features:        12178
I0825 21:43:43.829835    47 feature_extraction.cc:254] Processed file [409/795]
I0825 21:43:43.829883    47 feature_extraction.cc:257]   Name:            frame_000409.jpg
I0825 21:43:43.829890    47 feature_extraction.cc:283]   Dimensions:      3840 x 2160
I0825 21:43:43.829893    47 feature_extraction.cc:286]   Camera:          #409 - SIMPLE_RADIAL
I0825 21:43:43.829896    47 feature_extraction.cc:289]   Focal Length:    4608.00px
I0825 21:43:43.829905    47 feature_extraction.cc:302]   Features:        12349
I0825 21:43:44.499038    47 feature_extraction.cc:254] Processed file [410/795]
I0825 21:43:44.499150    47 feature_extraction.cc:257]   Name:            frame_000410.jpg
I0825 21:43:44.499166    47 feature_extraction.cc:283]   Dimensions:      3840 x 2160
I0825 21:43:44.499172    47 feature_extraction.cc:286]   Camera:          #410 - SIMPLE_RADIAL
I0825 21:43:44.499181    47 feature_extraction.cc:289]   Focal Length:    4608.00px
I0825 21:43:44.499198    47 feature_extraction.cc:302]   Features:        12443
I0825 21:43:46.779400    47 feature_extraction.cc:254] Processed file [411/795]
I0825 21:43:46.779453    47 feature_extraction.cc:257]   Name:            frame_000411.jpg
I0825 21:43:46.779461    47 feature_extraction.cc:283]   Dimensions:      3840 x 2160
I0825 21:43:46.779464    47 feature_extraction.cc:286]   Camera:          #411 - SIMPLE_RADIAL
I0825 21:43:46.779469    47 feature_extraction.cc:289]   Focal Length:    4608.00px
I0825 21:43:46.779477    47 feature_extraction.cc:302]   Features:        12580
I0825 21:43:47.504582    47 feature_extraction.cc:254] Processed file [412/795]
I0825 21:43:47.504629    47 feature_extraction.cc:257]   Name:            frame_000412.jpg
I0825 21:43:47.504637    47 feature_extraction.cc:283]   Dimensions:      3840 x 2160
I0825 21:43:47.504639    47 feature_extraction.cc:286]   Camera:          #412 - SIMPLE_RADIAL
I0825 21:43:47.504642    47 feature_extraction.cc:289]   Focal Length:    4608.00px
I0825 21:43:47.504652    47 feature_extraction.cc:302]   Features:        12699
I0825 21:43:48.592643    47 feature_extraction.cc:254] Processed file [413/795]
I0825 21:43:48.592691    47 feature_extraction.cc:257]   Name:            frame_000413.jpg
I0825 21:43:48.592698    47 feature_extraction.cc:283]   Dimensions:      3840 x 2160
I0825 21:43:48.592701    47 feature_extraction.cc:286]   Camera:          #413 - SIMPLE_RADIAL
I0825 21:43:48.592705    47 feature_extraction.cc:289]   Focal Length:    4608.00px
I0825 21:43:48.592712    47 feature_extraction.cc:302]   Features:        12882
I0825 21:43:50.529320    47 feature_extraction.cc:254] Processed file [414/795]
I0825 21:43:50.529366    47 feature_extraction.cc:257]   Name:            frame_000414.jpg
I0825 21:43:50.529374    47 feature_extraction.cc:283]   Dimensions:      3840 x 2160
I0825 21:43:50.529377    47 feature_extraction.cc:286]   Camera:          #414 - SIMPLE_RADIAL
I0825 21:43:50.529381    47 feature_extraction.cc:289]   Focal Length:    4608.00px
I0825 21:43:50.529389    47 feature_extraction.cc:302]   Features:        12699
I0825 21:43:51.570334    47 feature_extraction.cc:254] Processed file [415/795]
I0825 21:43:51.570384    47 feature_extraction.cc:257]   Name:            frame_000415.jpg
I0825 21:43:51.570392    47 feature_extraction.cc:283]   Dimensions:      3840 x 2160
I0825 21:43:51.570395    47 feature_extraction.cc:286]   Camera:          #415 - SIMPLE_RADIAL
I0825 21:43:51.570398    47 feature_extraction.cc:289]   Focal Length:    4608.00px
I0825 21:43:51.570407    47 feature_extraction.cc:302]   Features:        12090
I0825 21:43:52.259500    47 feature_extraction.cc:254] Processed file [416/795]
I0825 21:43:52.259552    47 feature_extraction.cc:257]   Name:            frame_000416.jpg
I0825 21:43:52.259562    47 feature_extraction.cc:283]   Dimensions:      3840 x 2160
I0825 21:43:52.259565    47 feature_extraction.cc:286]   Camera:          #416 - SIMPLE_RADIAL
I0825 21:43:52.259569    47 feature_extraction.cc:289]   Focal Length:    4608.00px
I0825 21:43:52.259578    47 feature_extraction.cc:302]   Features:        12253
I0825 21:43:54.742321    47 feature_extraction.cc:254] Processed file [417/795]
I0825 21:43:54.742386    47 feature_extraction.cc:257]   Name:            frame_000417.jpg
I0825 21:43:54.742395    47 feature_extraction.cc:283]   Dimensions:      3840 x 2160
I0825 21:43:54.742398    47 feature_extraction.cc:286]   Camera:          #417 - SIMPLE_RADIAL
I0825 21:43:54.742403    47 feature_extraction.cc:289]   Focal Length:    4608.00px
I0825 21:43:54.742413    47 feature_extraction.cc:302]   Features:        12545
I0825 21:43:55.445312    47 feature_extraction.cc:254] Processed file [418/795]
I0825 21:43:55.445466    47 feature_extraction.cc:257]   Name:            frame_000418.jpg
I0825 21:43:55.445485    47 feature_extraction.cc:283]   Dimensions:      3840 x 2160
I0825 21:43:55.445493    47 feature_extraction.cc:286]   Camera:          #418 - SIMPLE_RADIAL
I0825 21:43:55.445502    47 feature_extraction.cc:289]   Focal Length:    4608.00px
I0825 21:43:55.445521    47 feature_extraction.cc:302]   Features:        12437
I0825 21:43:56.536480    47 feature_extraction.cc:254] Processed file [419/795]
I0825 21:43:56.536525    47 feature_extraction.cc:257]   Name:            frame_000419.jpg
I0825 21:43:56.536530    47 feature_extraction.cc:283]   Dimensions:      3840 x 2160
I0825 21:43:56.536533    47 feature_extraction.cc:286]   Camera:          #419 - SIMPLE_RADIAL
I0825 21:43:56.536536    47 feature_extraction.cc:289]   Focal Length:    4608.00px
I0825 21:43:56.536545    47 feature_extraction.cc:302]   Features:        12399
I0825 21:43:58.385632    47 feature_extraction.cc:254] Processed file [420/795]
I0825 21:43:58.385679    47 feature_extraction.cc:257]   Name:            frame_000420.jpg
I0825 21:43:58.385685    47 feature_extraction.cc:283]   Dimensions:      3840 x 2160
I0825 21:43:58.385687    47 feature_extraction.cc:286]   Camera:          #420 - SIMPLE_RADIAL
I0825 21:43:58.385691    47 feature_extraction.cc:289]   Focal Length:    4608.00px
I0825 21:43:58.385700    47 feature_extraction.cc:302]   Features:        12535
I0825 21:43:59.323164    47 feature_extraction.cc:254] Processed file [421/795]
I0825 21:43:59.323213    47 feature_extraction.cc:257]   Name:            frame_000421.jpg
I0825 21:43:59.323220    47 feature_extraction.cc:283]   Dimensions:      3840 x 2160
I0825 21:43:59.323223    47 feature_extraction.cc:286]   Camera:          #421 - SIMPLE_RADIAL
I0825 21:43:59.323227    47 feature_extraction.cc:289]   Focal Length:    4608.00px
I0825 21:43:59.323236    47 feature_extraction.cc:302]   Features:        8305
I0825 21:43:59.737895    47 feature_extraction.cc:254] Processed file [422/795]
I0825 21:43:59.737998    47 feature_extraction.cc:257]   Name:            frame_000422.jpg
I0825 21:43:59.738013    47 feature_extraction.cc:283]   Dimensions:      3840 x 2160
I0825 21:43:59.738018    47 feature_extraction.cc:286]   Camera:          #422 - SIMPLE_RADIAL
I0825 21:43:59.738026    47 feature_extraction.cc:289]   Focal Length:    4608.00px
I0825 21:43:59.738046    47 feature_extraction.cc:302]   Features:        12994
I0825 21:44:01.824301    47 feature_extraction.cc:254] Processed file [423/795]
I0825 21:44:01.824352    47 feature_extraction.cc:257]   Name:            frame_000423.jpg
I0825 21:44:01.824358    47 feature_extraction.cc:283]   Dimensions:      3840 x 2160
I0825 21:44:01.824361    47 feature_extraction.cc:286]   Camera:          #423 - SIMPLE_RADIAL
I0825 21:44:01.824366    47 feature_extraction.cc:289]   Focal Length:    4608.00px
I0825 21:44:01.824376    47 feature_extraction.cc:302]   Features:        12665
I0825 21:44:02.617810    47 feature_extraction.cc:254] Processed file [424/795]
I0825 21:44:02.617858    47 feature_extraction.cc:257]   Name:            frame_000424.jpg
I0825 21:44:02.617869    47 feature_extraction.cc:283]   Dimensions:      3840 x 2160
I0825 21:44:02.617874    47 feature_extraction.cc:286]   Camera:          #424 - SIMPLE_RADIAL
I0825 21:44:02.617878    47 feature_extraction.cc:289]   Focal Length:    4608.00px
I0825 21:44:02.617887    47 feature_extraction.cc:302]   Features:        13089
I0825 21:44:03.567660    47 feature_extraction.cc:254] Processed file [425/795]
I0825 21:44:03.567704    47 feature_extraction.cc:257]   Name:            frame_000425.jpg
I0825 21:44:03.567710    47 feature_extraction.cc:283]   Dimensions:      3840 x 2160
I0825 21:44:03.567713    47 feature_extraction.cc:286]   Camera:          #425 - SIMPLE_RADIAL
I0825 21:44:03.567716    47 feature_extraction.cc:289]   Focal Length:    4608.00px
I0825 21:44:03.567725    47 feature_extraction.cc:302]   Features:        12770
I0825 21:44:05.479985    47 feature_extraction.cc:254] Processed file [426/795]
I0825 21:44:05.480067    47 feature_extraction.cc:257]   Name:            frame_000426.jpg
I0825 21:44:05.480077    47 feature_extraction.cc:283]   Dimensions:      3840 x 2160
I0825 21:44:05.480079    47 feature_extraction.cc:286]   Camera:          #426 - SIMPLE_RADIAL
I0825 21:44:05.480084    47 feature_extraction.cc:289]   Focal Length:    4608.00px
I0825 21:44:05.480098    47 feature_extraction.cc:302]   Features:        12854
I0825 21:44:06.353696    47 feature_extraction.cc:254] Processed file [427/795]
I0825 21:44:06.353739    47 feature_extraction.cc:257]   Name:            frame_000427.jpg
I0825 21:44:06.353745    47 feature_extraction.cc:283]   Dimensions:      3840 x 2160
I0825 21:44:06.353749    47 feature_extraction.cc:286]   Camera:          #427 - SIMPLE_RADIAL
I0825 21:44:06.353751    47 feature_extraction.cc:289]   Focal Length:    4608.00px
I0825 21:44:06.353758    47 feature_extraction.cc:302]   Features:        12788
I0825 21:44:06.979039    47 feature_extraction.cc:254] Processed file [428/795]
I0825 21:44:06.979087    47 feature_extraction.cc:257]   Name:            frame_000428.jpg
I0825 21:44:06.979095    47 feature_extraction.cc:283]   Dimensions:      3840 x 2160
I0825 21:44:06.979099    47 feature_extraction.cc:286]   Camera:          #428 - SIMPLE_RADIAL
I0825 21:44:06.979102    47 feature_extraction.cc:289]   Focal Length:    4608.00px
I0825 21:44:06.979111    47 feature_extraction.cc:302]   Features:        12897
I0825 21:44:09.199404    47 feature_extraction.cc:254] Processed file [429/795]
I0825 21:44:09.199451    47 feature_extraction.cc:257]   Name:            frame_000429.jpg
I0825 21:44:09.199458    47 feature_extraction.cc:283]   Dimensions:      3840 x 2160
I0825 21:44:09.199461    47 feature_extraction.cc:286]   Camera:          #429 - SIMPLE_RADIAL
I0825 21:44:09.199465    47 feature_extraction.cc:289]   Focal Length:    4608.00px
I0825 21:44:09.199473    47 feature_extraction.cc:302]   Features:        12881
I0825 21:44:09.885743    47 feature_extraction.cc:254] Processed file [430/795]
I0825 21:44:09.885795    47 feature_extraction.cc:257]   Name:            frame_000430.jpg
I0825 21:44:09.885807    47 feature_extraction.cc:283]   Dimensions:      3840 x 2160
I0825 21:44:09.885811    47 feature_extraction.cc:286]   Camera:          #430 - SIMPLE_RADIAL
I0825 21:44:09.885815    47 feature_extraction.cc:289]   Focal Length:    4608.00px
I0825 21:44:09.885824    47 feature_extraction.cc:302]   Features:        12967
I0825 21:44:10.726647    47 feature_extraction.cc:254] Processed file [431/795]
I0825 21:44:10.726724    47 feature_extraction.cc:257]   Name:            frame_000431.jpg
I0825 21:44:10.726732    47 feature_extraction.cc:283]   Dimensions:      3840 x 2160
I0825 21:44:10.726735    47 feature_extraction.cc:286]   Camera:          #431 - SIMPLE_RADIAL
I0825 21:44:10.726738    47 feature_extraction.cc:289]   Focal Length:    4608.00px
I0825 21:44:10.726747    47 feature_extraction.cc:302]   Features:        12564
I0825 21:44:12.547936    47 feature_extraction.cc:254] Processed file [432/795]
I0825 21:44:12.548005    47 feature_extraction.cc:257]   Name:            frame_000432.jpg
I0825 21:44:12.548019    47 feature_extraction.cc:283]   Dimensions:      3840 x 2160
I0825 21:44:12.548023    47 feature_extraction.cc:286]   Camera:          #432 - SIMPLE_RADIAL
I0825 21:44:12.548027    47 feature_extraction.cc:289]   Focal Length:    4608.00px
I0825 21:44:12.548044    47 feature_extraction.cc:302]   Features:        12890
I0825 21:44:13.442471    47 feature_extraction.cc:254] Processed file [433/795]
I0825 21:44:13.442516    47 feature_extraction.cc:257]   Name:            frame_000433.jpg
I0825 21:44:13.442523    47 feature_extraction.cc:283]   Dimensions:      3840 x 2160
I0825 21:44:13.442525    47 feature_extraction.cc:286]   Camera:          #433 - SIMPLE_RADIAL
I0825 21:44:13.442529    47 feature_extraction.cc:289]   Focal Length:    4608.00px
I0825 21:44:13.442538    47 feature_extraction.cc:302]   Features:        12705
I0825 21:44:14.021255    47 feature_extraction.cc:254] Processed file [434/795]
I0825 21:44:14.021304    47 feature_extraction.cc:257]   Name:            frame_000434.jpg
I0825 21:44:14.021312    47 feature_extraction.cc:283]   Dimensions:      3840 x 2160
I0825 21:44:14.021315    47 feature_extraction.cc:286]   Camera:          #434 - SIMPLE_RADIAL
I0825 21:44:14.021319    47 feature_extraction.cc:289]   Focal Length:    4608.00px
I0825 21:44:14.021328    47 feature_extraction.cc:302]   Features:        12535
I0825 21:44:16.209435    47 feature_extraction.cc:254] Processed file [435/795]
I0825 21:44:16.209484    47 feature_extraction.cc:257]   Name:            frame_000435.jpg
I0825 21:44:16.209493    47 feature_extraction.cc:283]   Dimensions:      3840 x 2160
I0825 21:44:16.209522    47 feature_extraction.cc:286]   Camera:          #435 - SIMPLE_RADIAL
I0825 21:44:16.209527    47 feature_extraction.cc:289]   Focal Length:    4608.00px
I0825 21:44:16.209535    47 feature_extraction.cc:302]   Features:        12619
I0825 21:44:16.821601    47 feature_extraction.cc:254] Processed file [436/795]
I0825 21:44:16.821656    47 feature_extraction.cc:257]   Name:            frame_000436.jpg
I0825 21:44:16.821666    47 feature_extraction.cc:283]   Dimensions:      3840 x 2160
I0825 21:44:16.821668    47 feature_extraction.cc:286]   Camera:          #436 - SIMPLE_RADIAL
I0825 21:44:16.821676    47 feature_extraction.cc:289]   Focal Length:    4608.00px
I0825 21:44:16.821689    47 feature_extraction.cc:302]   Features:        12570
I0825 21:44:17.738559    47 feature_extraction.cc:254] Processed file [437/795]
I0825 21:44:17.738615    47 feature_extraction.cc:257]   Name:            frame_000437.jpg
I0825 21:44:17.738622    47 feature_extraction.cc:283]   Dimensions:      3840 x 2160
I0825 21:44:17.738626    47 feature_extraction.cc:286]   Camera:          #437 - SIMPLE_RADIAL
I0825 21:44:17.738629    47 feature_extraction.cc:289]   Focal Length:    4608.00px
I0825 21:44:17.738641    47 feature_extraction.cc:302]   Features:        12120
I0825 21:44:19.610306    47 feature_extraction.cc:254] Processed file [438/795]
I0825 21:44:19.610352    47 feature_extraction.cc:257]   Name:            frame_000438.jpg
I0825 21:44:19.610363    47 feature_extraction.cc:283]   Dimensions:      3840 x 2160
I0825 21:44:19.610364    47 feature_extraction.cc:286]   Camera:          #438 - SIMPLE_RADIAL
I0825 21:44:19.610369    47 feature_extraction.cc:289]   Focal Length:    4608.00px
I0825 21:44:19.610378    47 feature_extraction.cc:302]   Features:        12812
I0825 21:44:20.684442    47 feature_extraction.cc:254] Processed file [439/795]
I0825 21:44:20.684487    47 feature_extraction.cc:257]   Name:            frame_000439.jpg
I0825 21:44:20.684494    47 feature_extraction.cc:283]   Dimensions:      3840 x 2160
I0825 21:44:20.684497    47 feature_extraction.cc:286]   Camera:          #439 - SIMPLE_RADIAL
I0825 21:44:20.684501    47 feature_extraction.cc:289]   Focal Length:    4608.00px
I0825 21:44:20.684508    47 feature_extraction.cc:302]   Features:        12769
I0825 21:44:21.377920    47 feature_extraction.cc:254] Processed file [440/795]
I0825 21:44:21.377971    47 feature_extraction.cc:257]   Name:            frame_000440.jpg
I0825 21:44:21.377980    47 feature_extraction.cc:283]   Dimensions:      3840 x 2160
I0825 21:44:21.377987    47 feature_extraction.cc:286]   Camera:          #440 - SIMPLE_RADIAL
I0825 21:44:21.377991    47 feature_extraction.cc:289]   Focal Length:    4608.00px
I0825 21:44:21.378000    47 feature_extraction.cc:302]   Features:        12694
I0825 21:44:24.334826    47 feature_extraction.cc:254] Processed file [441/795]
I0825 21:44:24.334874    47 feature_extraction.cc:257]   Name:            frame_000441.jpg
I0825 21:44:24.334882    47 feature_extraction.cc:283]   Dimensions:      3840 x 2160
I0825 21:44:24.334883    47 feature_extraction.cc:286]   Camera:          #441 - SIMPLE_RADIAL
I0825 21:44:24.334887    47 feature_extraction.cc:289]   Focal Length:    4608.00px
I0825 21:44:24.334895    47 feature_extraction.cc:302]   Features:        9918
I0825 21:44:24.907451    47 feature_extraction.cc:254] Processed file [442/795]
I0825 21:44:24.907500    47 feature_extraction.cc:257]   Name:            frame_000442.jpg
I0825 21:44:24.907511    47 feature_extraction.cc:283]   Dimensions:      3840 x 2160
I0825 21:44:24.907516    47 feature_extraction.cc:286]   Camera:          #442 - SIMPLE_RADIAL
I0825 21:44:24.907521    47 feature_extraction.cc:289]   Focal Length:    4608.00px
I0825 21:44:24.907532    47 feature_extraction.cc:302]   Features:        11507
I0825 21:44:25.701740    47 feature_extraction.cc:254] Processed file [443/795]
I0825 21:44:25.701784    47 feature_extraction.cc:257]   Name:            frame_000443.jpg
I0825 21:44:25.701792    47 feature_extraction.cc:283]   Dimensions:      3840 x 2160
I0825 21:44:25.701794    47 feature_extraction.cc:286]   Camera:          #443 - SIMPLE_RADIAL
I0825 21:44:25.701797    47 feature_extraction.cc:289]   Focal Length:    4608.00px
I0825 21:44:25.701807    47 feature_extraction.cc:302]   Features:        10298
I0825 21:44:27.199409    47 feature_extraction.cc:254] Processed file [444/795]
I0825 21:44:27.199453    47 feature_extraction.cc:257]   Name:            frame_000444.jpg
I0825 21:44:27.199460    47 feature_extraction.cc:283]   Dimensions:      3840 x 2160
I0825 21:44:27.199462    47 feature_extraction.cc:286]   Camera:          #444 - SIMPLE_RADIAL
I0825 21:44:27.199465    47 feature_extraction.cc:289]   Focal Length:    4608.00px
I0825 21:44:27.199474    47 feature_extraction.cc:302]   Features:        9270
I0825 21:44:27.888108    47 feature_extraction.cc:254] Processed file [445/795]
I0825 21:44:27.888151    47 feature_extraction.cc:257]   Name:            frame_000445.jpg
I0825 21:44:27.888159    47 feature_extraction.cc:283]   Dimensions:      3840 x 2160
I0825 21:44:27.888161    47 feature_extraction.cc:286]   Camera:          #445 - SIMPLE_RADIAL
I0825 21:44:27.888165    47 feature_extraction.cc:289]   Focal Length:    4608.00px
I0825 21:44:27.888175    47 feature_extraction.cc:302]   Features:        8251
I0825 21:44:28.289908    47 feature_extraction.cc:254] Processed file [446/795]
I0825 21:44:28.289996    47 feature_extraction.cc:257]   Name:            frame_000446.jpg
I0825 21:44:28.290004    47 feature_extraction.cc:283]   Dimensions:      3840 x 2160
I0825 21:44:28.290007    47 feature_extraction.cc:286]   Camera:          #446 - SIMPLE_RADIAL
I0825 21:44:28.290010    47 feature_extraction.cc:289]   Focal Length:    4608.00px
I0825 21:44:28.290021    47 feature_extraction.cc:302]   Features:        12255
I0825 21:44:29.982491    47 feature_extraction.cc:254] Processed file [447/795]
I0825 21:44:29.982534    47 feature_extraction.cc:257]   Name:            frame_000447.jpg
I0825 21:44:29.982542    47 feature_extraction.cc:283]   Dimensions:      3840 x 2160
I0825 21:44:29.982543    47 feature_extraction.cc:286]   Camera:          #447 - SIMPLE_RADIAL
I0825 21:44:29.982547    47 feature_extraction.cc:289]   Focal Length:    4608.00px
I0825 21:44:29.982555    47 feature_extraction.cc:302]   Features:        10058
I0825 21:44:30.474555    47 feature_extraction.cc:254] Processed file [448/795]
I0825 21:44:30.474597    47 feature_extraction.cc:257]   Name:            frame_000448.jpg
I0825 21:44:30.474603    47 feature_extraction.cc:283]   Dimensions:      3840 x 2160
I0825 21:44:30.474606    47 feature_extraction.cc:286]   Camera:          #448 - SIMPLE_RADIAL
I0825 21:44:30.474609    47 feature_extraction.cc:289]   Focal Length:    4608.00px
I0825 21:44:30.474617    47 feature_extraction.cc:302]   Features:        9287
I0825 21:44:31.514386    47 feature_extraction.cc:254] Processed file [449/795]
I0825 21:44:31.514456    47 feature_extraction.cc:257]   Name:            frame_000449.jpg
I0825 21:44:31.514464    47 feature_extraction.cc:283]   Dimensions:      3840 x 2160
I0825 21:44:31.514467    47 feature_extraction.cc:286]   Camera:          #449 - SIMPLE_RADIAL
I0825 21:44:31.514472    47 feature_extraction.cc:289]   Focal Length:    4608.00px
I0825 21:44:31.514484    47 feature_extraction.cc:302]   Features:        9913
I0825 21:44:33.675047    47 feature_extraction.cc:254] Processed file [450/795]
I0825 21:44:33.675109    47 feature_extraction.cc:257]   Name:            frame_000450.jpg
I0825 21:44:33.675118    47 feature_extraction.cc:283]   Dimensions:      3840 x 2160
I0825 21:44:33.675122    47 feature_extraction.cc:286]   Camera:          #450 - SIMPLE_RADIAL
I0825 21:44:33.675125    47 feature_extraction.cc:289]   Focal Length:    4608.00px
I0825 21:44:33.675135    47 feature_extraction.cc:302]   Features:        10287
I0825 21:44:34.883844    47 feature_extraction.cc:254] Processed file [451/795]
I0825 21:44:34.883891    47 feature_extraction.cc:257]   Name:            frame_000451.jpg
I0825 21:44:34.883898    47 feature_extraction.cc:283]   Dimensions:      3840 x 2160
I0825 21:44:34.883901    47 feature_extraction.cc:286]   Camera:          #451 - SIMPLE_RADIAL
I0825 21:44:34.883904    47 feature_extraction.cc:289]   Focal Length:    4608.00px
I0825 21:44:34.883912    47 feature_extraction.cc:302]   Features:        10166
I0825 21:44:35.353590    47 feature_extraction.cc:254] Processed file [452/795]
I0825 21:44:35.353647    47 feature_extraction.cc:257]   Name:            frame_000452.jpg
I0825 21:44:35.353655    47 feature_extraction.cc:283]   Dimensions:      3840 x 2160
I0825 21:44:35.353658    47 feature_extraction.cc:286]   Camera:          #452 - SIMPLE_RADIAL
I0825 21:44:35.353663    47 feature_extraction.cc:289]   Focal Length:    4608.00px
I0825 21:44:35.353675    47 feature_extraction.cc:302]   Features:        10100
I0825 21:44:37.179713    47 feature_extraction.cc:254] Processed file [453/795]
I0825 21:44:37.179760    47 feature_extraction.cc:257]   Name:            frame_000453.jpg
I0825 21:44:37.179767    47 feature_extraction.cc:283]   Dimensions:      3840 x 2160
I0825 21:44:37.179770    47 feature_extraction.cc:286]   Camera:          #453 - SIMPLE_RADIAL
I0825 21:44:37.179774    47 feature_extraction.cc:289]   Focal Length:    4608.00px
I0825 21:44:37.179782    47 feature_extraction.cc:302]   Features:        10462
I0825 21:44:37.737380    47 feature_extraction.cc:254] Processed file [454/795]
I0825 21:44:37.737425    47 feature_extraction.cc:257]   Name:            frame_000454.jpg
I0825 21:44:37.737432    47 feature_extraction.cc:283]   Dimensions:      3840 x 2160
I0825 21:44:37.737437    47 feature_extraction.cc:286]   Camera:          #454 - SIMPLE_RADIAL
I0825 21:44:37.737445    47 feature_extraction.cc:289]   Focal Length:    4608.00px
I0825 21:44:37.737457    47 feature_extraction.cc:302]   Features:        10649
I0825 21:44:38.782243    47 feature_extraction.cc:254] Processed file [455/795]
I0825 21:44:38.782292    47 feature_extraction.cc:257]   Name:            frame_000455.jpg
I0825 21:44:38.782300    47 feature_extraction.cc:283]   Dimensions:      3840 x 2160
I0825 21:44:38.782303    47 feature_extraction.cc:286]   Camera:          #455 - SIMPLE_RADIAL
I0825 21:44:38.782307    47 feature_extraction.cc:289]   Focal Length:    4608.00px
I0825 21:44:38.782317    47 feature_extraction.cc:302]   Features:        10136
I0825 21:44:40.691982    47 feature_extraction.cc:254] Processed file [456/795]
I0825 21:44:40.692035    47 feature_extraction.cc:257]   Name:            frame_000456.jpg
I0825 21:44:40.692042    47 feature_extraction.cc:283]   Dimensions:      3840 x 2160
I0825 21:44:40.692045    47 feature_extraction.cc:286]   Camera:          #456 - SIMPLE_RADIAL
I0825 21:44:40.692049    47 feature_extraction.cc:289]   Focal Length:    4608.00px
I0825 21:44:40.692057    47 feature_extraction.cc:302]   Features:        10443
I0825 21:44:41.593246    47 feature_extraction.cc:254] Processed file [457/795]
I0825 21:44:41.593292    47 feature_extraction.cc:257]   Name:            frame_000457.jpg
I0825 21:44:41.593299    47 feature_extraction.cc:283]   Dimensions:      3840 x 2160
I0825 21:44:41.593302    47 feature_extraction.cc:286]   Camera:          #457 - SIMPLE_RADIAL
I0825 21:44:41.593305    47 feature_extraction.cc:289]   Focal Length:    4608.00px
I0825 21:44:41.593313    47 feature_extraction.cc:302]   Features:        10438
I0825 21:44:42.085246    47 feature_extraction.cc:254] Processed file [458/795]
I0825 21:44:42.085292    47 feature_extraction.cc:257]   Name:            frame_000458.jpg
I0825 21:44:42.085299    47 feature_extraction.cc:283]   Dimensions:      3840 x 2160
I0825 21:44:42.085304    47 feature_extraction.cc:286]   Camera:          #458 - SIMPLE_RADIAL
I0825 21:44:42.085309    47 feature_extraction.cc:289]   Focal Length:    4608.00px
I0825 21:44:42.085318    47 feature_extraction.cc:302]   Features:        9564
I0825 21:44:43.809340    47 feature_extraction.cc:254] Processed file [459/795]
I0825 21:44:43.809389    47 feature_extraction.cc:257]   Name:            frame_000459.jpg
I0825 21:44:43.809396    47 feature_extraction.cc:283]   Dimensions:      3840 x 2160
I0825 21:44:43.809398    47 feature_extraction.cc:286]   Camera:          #459 - SIMPLE_RADIAL
I0825 21:44:43.809402    47 feature_extraction.cc:289]   Focal Length:    4608.00px
I0825 21:44:43.809409    47 feature_extraction.cc:302]   Features:        9800
I0825 21:44:44.299314    47 feature_extraction.cc:254] Processed file [460/795]
I0825 21:44:44.299368    47 feature_extraction.cc:257]   Name:            frame_000460.jpg
I0825 21:44:44.299381    47 feature_extraction.cc:283]   Dimensions:      3840 x 2160
I0825 21:44:44.299386    47 feature_extraction.cc:286]   Camera:          #460 - SIMPLE_RADIAL
I0825 21:44:44.299391    47 feature_extraction.cc:289]   Focal Length:    4608.00px
I0825 21:44:44.299403    47 feature_extraction.cc:302]   Features:        9470
I0825 21:44:45.080229    47 feature_extraction.cc:254] Processed file [461/795]
I0825 21:44:45.080295    47 feature_extraction.cc:257]   Name:            frame_000461.jpg
I0825 21:44:45.080304    47 feature_extraction.cc:283]   Dimensions:      3840 x 2160
I0825 21:44:45.080307    47 feature_extraction.cc:286]   Camera:          #461 - SIMPLE_RADIAL
I0825 21:44:45.080312    47 feature_extraction.cc:289]   Focal Length:    4608.00px
I0825 21:44:45.080320    47 feature_extraction.cc:302]   Features:        8671
I0825 21:44:46.438153    47 feature_extraction.cc:254] Processed file [462/795]
I0825 21:44:46.438203    47 feature_extraction.cc:257]   Name:            frame_000462.jpg
I0825 21:44:46.438212    47 feature_extraction.cc:283]   Dimensions:      3840 x 2160
I0825 21:44:46.438215    47 feature_extraction.cc:286]   Camera:          #462 - SIMPLE_RADIAL
I0825 21:44:46.438220    47 feature_extraction.cc:289]   Focal Length:    4608.00px
I0825 21:44:46.438228    47 feature_extraction.cc:302]   Features:        13488
I0825 21:44:47.347927    47 feature_extraction.cc:254] Processed file [463/795]
I0825 21:44:47.347976    47 feature_extraction.cc:257]   Name:            frame_000463.jpg
I0825 21:44:47.347983    47 feature_extraction.cc:283]   Dimensions:      3840 x 2160
I0825 21:44:47.347985    47 feature_extraction.cc:286]   Camera:          #463 - SIMPLE_RADIAL
I0825 21:44:47.347990    47 feature_extraction.cc:289]   Focal Length:    4608.00px
I0825 21:44:47.347997    47 feature_extraction.cc:302]   Features:        14100
I0825 21:44:48.889377    47 feature_extraction.cc:254] Processed file [464/795]
I0825 21:44:48.889425    47 feature_extraction.cc:257]   Name:            frame_000464.jpg
I0825 21:44:48.889432    47 feature_extraction.cc:283]   Dimensions:      3840 x 2160
I0825 21:44:48.889436    47 feature_extraction.cc:286]   Camera:          #464 - SIMPLE_RADIAL
I0825 21:44:48.889439    47 feature_extraction.cc:289]   Focal Length:    4608.00px
I0825 21:44:48.889448    47 feature_extraction.cc:302]   Features:        8654
I0825 21:44:49.644973    47 feature_extraction.cc:254] Processed file [465/795]
I0825 21:44:49.645023    47 feature_extraction.cc:257]   Name:            frame_000465.jpg
I0825 21:44:49.645031    47 feature_extraction.cc:283]   Dimensions:      3840 x 2160
I0825 21:44:49.645035    47 feature_extraction.cc:286]   Camera:          #465 - SIMPLE_RADIAL
I0825 21:44:49.645038    47 feature_extraction.cc:289]   Focal Length:    4608.00px
I0825 21:44:49.645047    47 feature_extraction.cc:302]   Features:        8826
I0825 21:44:50.195700    47 feature_extraction.cc:254] Processed file [466/795]
I0825 21:44:50.195753    47 feature_extraction.cc:257]   Name:            frame_000466.jpg
I0825 21:44:50.195761    47 feature_extraction.cc:283]   Dimensions:      3840 x 2160
I0825 21:44:50.195765    47 feature_extraction.cc:286]   Camera:          #466 - SIMPLE_RADIAL
I0825 21:44:50.195768    47 feature_extraction.cc:289]   Focal Length:    4608.00px
I0825 21:44:50.195778    47 feature_extraction.cc:302]   Features:        8521
I0825 21:44:50.952869    47 feature_extraction.cc:254] Processed file [467/795]
I0825 21:44:50.952916    47 feature_extraction.cc:257]   Name:            frame_000467.jpg
I0825 21:44:50.952924    47 feature_extraction.cc:283]   Dimensions:      3840 x 2160
I0825 21:44:50.952925    47 feature_extraction.cc:286]   Camera:          #467 - SIMPLE_RADIAL
I0825 21:44:50.952929    47 feature_extraction.cc:289]   Focal Length:    4608.00px
I0825 21:44:50.952937    47 feature_extraction.cc:302]   Features:        8689
I0825 21:44:52.517822    47 feature_extraction.cc:254] Processed file [468/795]
I0825 21:44:52.517871    47 feature_extraction.cc:257]   Name:            frame_000468.jpg
I0825 21:44:52.517879    47 feature_extraction.cc:283]   Dimensions:      3840 x 2160
I0825 21:44:52.517881    47 feature_extraction.cc:286]   Camera:          #468 - SIMPLE_RADIAL
I0825 21:44:52.517885    47 feature_extraction.cc:289]   Focal Length:    4608.00px
I0825 21:44:52.517894    47 feature_extraction.cc:302]   Features:        9236
I0825 21:44:53.350380    47 feature_extraction.cc:254] Processed file [469/795]
I0825 21:44:53.350440    47 feature_extraction.cc:257]   Name:            frame_000469.jpg
I0825 21:44:53.350450    47 feature_extraction.cc:283]   Dimensions:      3840 x 2160
I0825 21:44:53.350453    47 feature_extraction.cc:286]   Camera:          #469 - SIMPLE_RADIAL
I0825 21:44:53.350458    47 feature_extraction.cc:289]   Focal Length:    4608.00px
I0825 21:44:53.350468    47 feature_extraction.cc:302]   Features:        9136
I0825 21:44:54.148121    47 feature_extraction.cc:254] Processed file [470/795]
I0825 21:44:54.148190    47 feature_extraction.cc:257]   Name:            frame_000470.jpg
I0825 21:44:54.148200    47 feature_extraction.cc:283]   Dimensions:      3840 x 2160
I0825 21:44:54.148202    47 feature_extraction.cc:286]   Camera:          #470 - SIMPLE_RADIAL
I0825 21:44:54.148207    47 feature_extraction.cc:289]   Focal Length:    4608.00px
I0825 21:44:54.148219    47 feature_extraction.cc:302]   Features:        9452
I0825 21:44:56.284051    47 feature_extraction.cc:254] Processed file [471/795]
I0825 21:44:56.284098    47 feature_extraction.cc:257]   Name:            frame_000471.jpg
I0825 21:44:56.284106    47 feature_extraction.cc:283]   Dimensions:      3840 x 2160
I0825 21:44:56.284108    47 feature_extraction.cc:286]   Camera:          #471 - SIMPLE_RADIAL
I0825 21:44:56.284112    47 feature_extraction.cc:289]   Focal Length:    4608.00px
I0825 21:44:56.284121    47 feature_extraction.cc:302]   Features:        9296
I0825 21:44:56.818744    47 feature_extraction.cc:254] Processed file [472/795]
I0825 21:44:56.818810    47 feature_extraction.cc:257]   Name:            frame_000472.jpg
I0825 21:44:56.818819    47 feature_extraction.cc:283]   Dimensions:      3840 x 2160
I0825 21:44:56.818822    47 feature_extraction.cc:286]   Camera:          #472 - SIMPLE_RADIAL
I0825 21:44:56.818826    47 feature_extraction.cc:289]   Focal Length:    4608.00px
I0825 21:44:56.818835    47 feature_extraction.cc:302]   Features:        7686
I0825 21:44:57.453023    47 feature_extraction.cc:254] Processed file [473/795]
I0825 21:44:57.453073    47 feature_extraction.cc:257]   Name:            frame_000473.jpg
I0825 21:44:57.453080    47 feature_extraction.cc:283]   Dimensions:      3840 x 2160
I0825 21:44:57.453083    47 feature_extraction.cc:286]   Camera:          #473 - SIMPLE_RADIAL
I0825 21:44:57.453087    47 feature_extraction.cc:289]   Focal Length:    4608.00px
I0825 21:44:57.453095    47 feature_extraction.cc:302]   Features:        9652
I0825 21:44:58.772324    47 feature_extraction.cc:254] Processed file [474/795]
I0825 21:44:58.772375    47 feature_extraction.cc:257]   Name:            frame_000474.jpg
I0825 21:44:58.772383    47 feature_extraction.cc:283]   Dimensions:      3840 x 2160
I0825 21:44:58.772387    47 feature_extraction.cc:286]   Camera:          #474 - SIMPLE_RADIAL
I0825 21:44:58.772390    47 feature_extraction.cc:289]   Focal Length:    4608.00px
I0825 21:44:58.772399    47 feature_extraction.cc:302]   Features:        9462
I0825 21:44:59.431489    47 feature_extraction.cc:254] Processed file [475/795]
I0825 21:44:59.431536    47 feature_extraction.cc:257]   Name:            frame_000475.jpg
I0825 21:44:59.431543    47 feature_extraction.cc:283]   Dimensions:      3840 x 2160
I0825 21:44:59.431546    47 feature_extraction.cc:286]   Camera:          #475 - SIMPLE_RADIAL
I0825 21:44:59.431550    47 feature_extraction.cc:289]   Focal Length:    4608.00px
I0825 21:44:59.431559    47 feature_extraction.cc:302]   Features:        9755
I0825 21:44:59.882081    47 feature_extraction.cc:254] Processed file [476/795]
I0825 21:44:59.882128    47 feature_extraction.cc:257]   Name:            frame_000476.jpg
I0825 21:44:59.882138    47 feature_extraction.cc:283]   Dimensions:      3840 x 2160
I0825 21:44:59.882143    47 feature_extraction.cc:286]   Camera:          #476 - SIMPLE_RADIAL
I0825 21:44:59.882145    47 feature_extraction.cc:289]   Focal Length:    4608.00px
I0825 21:44:59.882153    47 feature_extraction.cc:302]   Features:        9497
I0825 21:45:01.516548    47 feature_extraction.cc:254] Processed file [477/795]
I0825 21:45:01.516595    47 feature_extraction.cc:257]   Name:            frame_000477.jpg
I0825 21:45:01.516602    47 feature_extraction.cc:283]   Dimensions:      3840 x 2160
I0825 21:45:01.516605    47 feature_extraction.cc:286]   Camera:          #477 - SIMPLE_RADIAL
I0825 21:45:01.516609    47 feature_extraction.cc:289]   Focal Length:    4608.00px
I0825 21:45:01.516618    47 feature_extraction.cc:302]   Features:        9700
I0825 21:45:02.005401    47 feature_extraction.cc:254] Processed file [478/795]
I0825 21:45:02.005456    47 feature_extraction.cc:257]   Name:            frame_000478.jpg
I0825 21:45:02.005465    47 feature_extraction.cc:283]   Dimensions:      3840 x 2160
I0825 21:45:02.005468    47 feature_extraction.cc:286]   Camera:          #478 - SIMPLE_RADIAL
I0825 21:45:02.005471    47 feature_extraction.cc:289]   Focal Length:    4608.00px
I0825 21:45:02.005481    47 feature_extraction.cc:302]   Features:        9800
I0825 21:45:02.763206    47 feature_extraction.cc:254] Processed file [479/795]
I0825 21:45:02.763254    47 feature_extraction.cc:257]   Name:            frame_000479.jpg
I0825 21:45:02.763262    47 feature_extraction.cc:283]   Dimensions:      3840 x 2160
I0825 21:45:02.763264    47 feature_extraction.cc:286]   Camera:          #479 - SIMPLE_RADIAL
I0825 21:45:02.763268    47 feature_extraction.cc:289]   Focal Length:    4608.00px
I0825 21:45:02.763276    47 feature_extraction.cc:302]   Features:        9313
I0825 21:45:04.142755    47 feature_extraction.cc:254] Processed file [480/795]
I0825 21:45:04.142820    47 feature_extraction.cc:257]   Name:            frame_000480.jpg
I0825 21:45:04.142830    47 feature_extraction.cc:283]   Dimensions:      3840 x 2160
I0825 21:45:04.142833    47 feature_extraction.cc:286]   Camera:          #480 - SIMPLE_RADIAL
I0825 21:45:04.142838    47 feature_extraction.cc:289]   Focal Length:    4608.00px
I0825 21:45:04.142849    47 feature_extraction.cc:302]   Features:        8551
I0825 21:45:04.895701    47 feature_extraction.cc:254] Processed file [481/795]
I0825 21:45:04.896021    47 feature_extraction.cc:257]   Name:            frame_000481.jpg
I0825 21:45:04.896037    47 feature_extraction.cc:283]   Dimensions:      3840 x 2160
I0825 21:45:04.896041    47 feature_extraction.cc:286]   Camera:          #481 - SIMPLE_RADIAL
I0825 21:45:04.896047    47 feature_extraction.cc:289]   Focal Length:    4608.00px
I0825 21:45:04.896066    47 feature_extraction.cc:302]   Features:        8722
I0825 21:45:05.470467    47 feature_extraction.cc:254] Processed file [482/795]
I0825 21:45:05.470515    47 feature_extraction.cc:257]   Name:            frame_000482.jpg
I0825 21:45:05.470521    47 feature_extraction.cc:283]   Dimensions:      3840 x 2160
I0825 21:45:05.470525    47 feature_extraction.cc:286]   Camera:          #482 - SIMPLE_RADIAL
I0825 21:45:05.470528    47 feature_extraction.cc:289]   Focal Length:    4608.00px
I0825 21:45:05.470536    47 feature_extraction.cc:302]   Features:        8553
I0825 21:45:05.838717    47 feature_extraction.cc:254] Processed file [483/795]
I0825 21:45:05.838763    47 feature_extraction.cc:257]   Name:            frame_000483.jpg
I0825 21:45:05.838773    47 feature_extraction.cc:283]   Dimensions:      3840 x 2160
I0825 21:45:05.838775    47 feature_extraction.cc:286]   Camera:          #483 - SIMPLE_RADIAL
I0825 21:45:05.838779    47 feature_extraction.cc:289]   Focal Length:    4608.00px
I0825 21:45:05.838790    47 feature_extraction.cc:302]   Features:        8538
I0825 21:45:07.626628    47 feature_extraction.cc:254] Processed file [484/795]
I0825 21:45:07.626713    47 feature_extraction.cc:257]   Name:            frame_000484.jpg
I0825 21:45:07.626719    47 feature_extraction.cc:283]   Dimensions:      3840 x 2160
I0825 21:45:07.626722    47 feature_extraction.cc:286]   Camera:          #484 - SIMPLE_RADIAL
I0825 21:45:07.626727    47 feature_extraction.cc:289]   Focal Length:    4608.00px
I0825 21:45:07.626739    47 feature_extraction.cc:302]   Features:        8771
I0825 21:45:08.139231    47 feature_extraction.cc:254] Processed file [485/795]
I0825 21:45:08.139349    47 feature_extraction.cc:257]   Name:            frame_000485.jpg
I0825 21:45:08.139358    47 feature_extraction.cc:283]   Dimensions:      3840 x 2160
I0825 21:45:08.139362    47 feature_extraction.cc:286]   Camera:          #485 - SIMPLE_RADIAL
I0825 21:45:08.139369    47 feature_extraction.cc:289]   Focal Length:    4608.00px
I0825 21:45:08.139462    47 feature_extraction.cc:302]   Features:        8923
I0825 21:45:08.917326    47 feature_extraction.cc:254] Processed file [486/795]
I0825 21:45:08.917378    47 feature_extraction.cc:257]   Name:            frame_000486.jpg
I0825 21:45:08.917385    47 feature_extraction.cc:283]   Dimensions:      3840 x 2160
I0825 21:45:08.917388    47 feature_extraction.cc:286]   Camera:          #486 - SIMPLE_RADIAL
I0825 21:45:08.917392    47 feature_extraction.cc:289]   Focal Length:    4608.00px
I0825 21:45:08.917402    47 feature_extraction.cc:302]   Features:        5114
I0825 21:45:09.208933    47 feature_extraction.cc:254] Processed file [487/795]
I0825 21:45:09.208981    47 feature_extraction.cc:257]   Name:            frame_000487.jpg
I0825 21:45:09.208988    47 feature_extraction.cc:283]   Dimensions:      3840 x 2160
I0825 21:45:09.208992    47 feature_extraction.cc:286]   Camera:          #487 - SIMPLE_RADIAL
I0825 21:45:09.208995    47 feature_extraction.cc:289]   Focal Length:    4608.00px
I0825 21:45:09.209003    47 feature_extraction.cc:302]   Features:        8862
I0825 21:45:11.604813    47 feature_extraction.cc:254] Processed file [488/795]
I0825 21:45:11.604882    47 feature_extraction.cc:257]   Name:            frame_000488.jpg
I0825 21:45:11.604890    47 feature_extraction.cc:283]   Dimensions:      3840 x 2160
I0825 21:45:11.604894    47 feature_extraction.cc:286]   Camera:          #488 - SIMPLE_RADIAL
I0825 21:45:11.604899    47 feature_extraction.cc:289]   Focal Length:    4608.00px
I0825 21:45:11.604920    47 feature_extraction.cc:302]   Features:        11674
I0825 21:45:12.338510    47 feature_extraction.cc:254] Processed file [489/795]
I0825 21:45:12.338596    47 feature_extraction.cc:257]   Name:            frame_000489.jpg
I0825 21:45:12.338605    47 feature_extraction.cc:283]   Dimensions:      3840 x 2160
I0825 21:45:12.338609    47 feature_extraction.cc:286]   Camera:          #489 - SIMPLE_RADIAL
I0825 21:45:12.338615    47 feature_extraction.cc:289]   Focal Length:    4608.00px
I0825 21:45:12.338631    47 feature_extraction.cc:302]   Features:        12006
I0825 21:45:13.307927    47 feature_extraction.cc:254] Processed file [490/795]
I0825 21:45:13.307976    47 feature_extraction.cc:257]   Name:            frame_000490.jpg
I0825 21:45:13.307983    47 feature_extraction.cc:283]   Dimensions:      3840 x 2160
I0825 21:45:13.307986    47 feature_extraction.cc:286]   Camera:          #490 - SIMPLE_RADIAL
I0825 21:45:13.307989    47 feature_extraction.cc:289]   Focal Length:    4608.00px
I0825 21:45:13.307997    47 feature_extraction.cc:302]   Features:        12580
I0825 21:45:15.245841    47 feature_extraction.cc:254] Processed file [491/795]
I0825 21:45:15.245887    47 feature_extraction.cc:257]   Name:            frame_000491.jpg
I0825 21:45:15.245894    47 feature_extraction.cc:283]   Dimensions:      3840 x 2160
I0825 21:45:15.245896    47 feature_extraction.cc:286]   Camera:          #491 - SIMPLE_RADIAL
I0825 21:45:15.245900    47 feature_extraction.cc:289]   Focal Length:    4608.00px
I0825 21:45:15.245908    47 feature_extraction.cc:302]   Features:        12406
I0825 21:45:16.468179    47 feature_extraction.cc:254] Processed file [492/795]
I0825 21:45:16.468251    47 feature_extraction.cc:257]   Name:            frame_000492.jpg
I0825 21:45:16.468261    47 feature_extraction.cc:283]   Dimensions:      3840 x 2160
I0825 21:45:16.468264    47 feature_extraction.cc:286]   Camera:          #492 - SIMPLE_RADIAL
I0825 21:45:16.468269    47 feature_extraction.cc:289]   Focal Length:    4608.00px
I0825 21:45:16.468281    47 feature_extraction.cc:302]   Features:        12190
I0825 21:45:17.688203    47 feature_extraction.cc:254] Processed file [493/795]
I0825 21:45:17.688282    47 feature_extraction.cc:257]   Name:            frame_000493.jpg
I0825 21:45:17.688294    47 feature_extraction.cc:283]   Dimensions:      3840 x 2160
I0825 21:45:17.688302    47 feature_extraction.cc:286]   Camera:          #493 - SIMPLE_RADIAL
I0825 21:45:17.688309    47 feature_extraction.cc:289]   Focal Length:    4608.00px
I0825 21:45:17.688323    47 feature_extraction.cc:302]   Features:        12394
I0825 21:45:20.310256    47 feature_extraction.cc:254] Processed file [494/795]
I0825 21:45:20.310304    47 feature_extraction.cc:257]   Name:            frame_000494.jpg
I0825 21:45:20.310312    47 feature_extraction.cc:283]   Dimensions:      3840 x 2160
I0825 21:45:20.310314    47 feature_extraction.cc:286]   Camera:          #494 - SIMPLE_RADIAL
I0825 21:45:20.310318    47 feature_extraction.cc:289]   Focal Length:    4608.00px
I0825 21:45:20.310326    47 feature_extraction.cc:302]   Features:        12466
I0825 21:45:21.003825    47 feature_extraction.cc:254] Processed file [495/795]
I0825 21:45:21.003880    47 feature_extraction.cc:257]   Name:            frame_000495.jpg
I0825 21:45:21.003888    47 feature_extraction.cc:283]   Dimensions:      3840 x 2160
I0825 21:45:21.003891    47 feature_extraction.cc:286]   Camera:          #495 - SIMPLE_RADIAL
I0825 21:45:21.003896    47 feature_extraction.cc:289]   Focal Length:    4608.00px
I0825 21:45:21.003906    47 feature_extraction.cc:302]   Features:        12795
I0825 21:45:22.431198    47 feature_extraction.cc:254] Processed file [496/795]
I0825 21:45:22.431258    47 feature_extraction.cc:257]   Name:            frame_000496.jpg
I0825 21:45:22.431267    47 feature_extraction.cc:283]   Dimensions:      3840 x 2160
I0825 21:45:22.431270    47 feature_extraction.cc:286]   Camera:          #496 - SIMPLE_RADIAL
I0825 21:45:22.431275    47 feature_extraction.cc:289]   Focal Length:    4608.00px
I0825 21:45:22.431288    47 feature_extraction.cc:302]   Features:        12554
I0825 21:45:24.968428    47 feature_extraction.cc:254] Processed file [497/795]
I0825 21:45:24.968484    47 feature_extraction.cc:257]   Name:            frame_000497.jpg
I0825 21:45:24.968493    47 feature_extraction.cc:283]   Dimensions:      3840 x 2160
I0825 21:45:24.968497    47 feature_extraction.cc:286]   Camera:          #497 - SIMPLE_RADIAL
I0825 21:45:24.968501    47 feature_extraction.cc:289]   Focal Length:    4608.00px
I0825 21:45:24.968510    47 feature_extraction.cc:302]   Features:        12679
I0825 21:45:26.182554    47 feature_extraction.cc:254] Processed file [498/795]
I0825 21:45:26.182606    47 feature_extraction.cc:257]   Name:            frame_000498.jpg
I0825 21:45:26.182614    47 feature_extraction.cc:283]   Dimensions:      3840 x 2160
I0825 21:45:26.182617    47 feature_extraction.cc:286]   Camera:          #498 - SIMPLE_RADIAL
I0825 21:45:26.182622    47 feature_extraction.cc:289]   Focal Length:    4608.00px
I0825 21:45:26.182631    47 feature_extraction.cc:302]   Features:        12835
I0825 21:45:27.134111    47 feature_extraction.cc:254] Processed file [499/795]
I0825 21:45:27.134173    47 feature_extraction.cc:257]   Name:            frame_000499.jpg
I0825 21:45:27.134183    47 feature_extraction.cc:283]   Dimensions:      3840 x 2160
I0825 21:45:27.134187    47 feature_extraction.cc:286]   Camera:          #499 - SIMPLE_RADIAL
I0825 21:45:27.134192    47 feature_extraction.cc:289]   Focal Length:    4608.00px
I0825 21:45:27.134202    47 feature_extraction.cc:302]   Features:        13688
I0825 21:45:30.564472    47 feature_extraction.cc:254] Processed file [500/795]
I0825 21:45:30.564546    47 feature_extraction.cc:257]   Name:            frame_000500.jpg
I0825 21:45:30.564558    47 feature_extraction.cc:283]   Dimensions:      3840 x 2160
I0825 21:45:30.564563    47 feature_extraction.cc:286]   Camera:          #500 - SIMPLE_RADIAL
I0825 21:45:30.564569    47 feature_extraction.cc:289]   Focal Length:    4608.00px
I0825 21:45:30.564584    47 feature_extraction.cc:302]   Features:        13548
I0825 21:45:32.000082    47 feature_extraction.cc:254] Processed file [501/795]
I0825 21:45:32.000133    47 feature_extraction.cc:257]   Name:            frame_000501.jpg
I0825 21:45:32.000141    47 feature_extraction.cc:283]   Dimensions:      3840 x 2160
I0825 21:45:32.000144    47 feature_extraction.cc:286]   Camera:          #501 - SIMPLE_RADIAL
I0825 21:45:32.000149    47 feature_extraction.cc:289]   Focal Length:    4608.00px
I0825 21:45:32.000156    47 feature_extraction.cc:302]   Features:        8343
I0825 21:45:32.492163    47 feature_extraction.cc:254] Processed file [502/795]
I0825 21:45:32.492213    47 feature_extraction.cc:257]   Name:            frame_000502.jpg
I0825 21:45:32.492221    47 feature_extraction.cc:283]   Dimensions:      3840 x 2160
I0825 21:45:32.492225    47 feature_extraction.cc:286]   Camera:          #502 - SIMPLE_RADIAL
I0825 21:45:32.492229    47 feature_extraction.cc:289]   Focal Length:    4608.00px
I0825 21:45:32.492237    47 feature_extraction.cc:302]   Features:        8590
I0825 21:45:34.781595    47 feature_extraction.cc:254] Processed file [503/795]
I0825 21:45:34.781653    47 feature_extraction.cc:257]   Name:            frame_000503.jpg
I0825 21:45:34.781662    47 feature_extraction.cc:283]   Dimensions:      3840 x 2160
I0825 21:45:34.781666    47 feature_extraction.cc:286]   Camera:          #503 - SIMPLE_RADIAL
I0825 21:45:34.781672    47 feature_extraction.cc:289]   Focal Length:    4608.00px
I0825 21:45:34.781680    47 feature_extraction.cc:302]   Features:        8761
I0825 21:45:35.504528    47 feature_extraction.cc:254] Processed file [504/795]
I0825 21:45:35.504591    47 feature_extraction.cc:257]   Name:            frame_000504.jpg
I0825 21:45:35.504607    47 feature_extraction.cc:283]   Dimensions:      3840 x 2160
I0825 21:45:35.504614    47 feature_extraction.cc:286]   Camera:          #504 - SIMPLE_RADIAL
I0825 21:45:35.504619    47 feature_extraction.cc:289]   Focal Length:    4608.00px
I0825 21:45:35.504630    47 feature_extraction.cc:302]   Features:        13909
I0825 21:45:36.950518    47 feature_extraction.cc:254] Processed file [505/795]
I0825 21:45:36.950577    47 feature_extraction.cc:257]   Name:            frame_000505.jpg
I0825 21:45:36.950587    47 feature_extraction.cc:283]   Dimensions:      3840 x 2160
I0825 21:45:36.950591    47 feature_extraction.cc:286]   Camera:          #505 - SIMPLE_RADIAL
I0825 21:45:36.950596    47 feature_extraction.cc:289]   Focal Length:    4608.00px
I0825 21:45:36.950605    47 feature_extraction.cc:302]   Features:        8296
I0825 21:45:38.954831    47 feature_extraction.cc:254] Processed file [506/795]
I0825 21:45:38.954879    47 feature_extraction.cc:257]   Name:            frame_000506.jpg
I0825 21:45:38.954886    47 feature_extraction.cc:283]   Dimensions:      3840 x 2160
I0825 21:45:38.954893    47 feature_extraction.cc:286]   Camera:          #506 - SIMPLE_RADIAL
I0825 21:45:38.954897    47 feature_extraction.cc:289]   Focal Length:    4608.00px
I0825 21:45:38.954907    47 feature_extraction.cc:302]   Features:        8448
I0825 21:45:39.733533    47 feature_extraction.cc:254] Processed file [507/795]
I0825 21:45:39.733579    47 feature_extraction.cc:257]   Name:            frame_000507.jpg
I0825 21:45:39.733587    47 feature_extraction.cc:283]   Dimensions:      3840 x 2160
I0825 21:45:39.733589    47 feature_extraction.cc:286]   Camera:          #507 - SIMPLE_RADIAL
I0825 21:45:39.733593    47 feature_extraction.cc:289]   Focal Length:    4608.00px
I0825 21:45:39.733601    47 feature_extraction.cc:302]   Features:        8627
I0825 21:45:40.284958    47 feature_extraction.cc:254] Processed file [508/795]
I0825 21:45:40.285022    47 feature_extraction.cc:257]   Name:            frame_000508.jpg
I0825 21:45:40.285033    47 feature_extraction.cc:283]   Dimensions:      3840 x 2160
I0825 21:45:40.285035    47 feature_extraction.cc:286]   Camera:          #508 - SIMPLE_RADIAL
I0825 21:45:40.285040    47 feature_extraction.cc:289]   Focal Length:    4608.00px
I0825 21:45:40.285051    47 feature_extraction.cc:302]   Features:        8924
I0825 21:45:41.290061    47 feature_extraction.cc:254] Processed file [509/795]
I0825 21:45:41.290110    47 feature_extraction.cc:257]   Name:            frame_000509.jpg
I0825 21:45:41.290118    47 feature_extraction.cc:283]   Dimensions:      3840 x 2160
I0825 21:45:41.290122    47 feature_extraction.cc:286]   Camera:          #509 - SIMPLE_RADIAL
I0825 21:45:41.290126    47 feature_extraction.cc:289]   Focal Length:    4608.00px
I0825 21:45:41.290136    47 feature_extraction.cc:302]   Features:        8745
I0825 21:45:42.951265    47 feature_extraction.cc:254] Processed file [510/795]
I0825 21:45:42.951331    47 feature_extraction.cc:257]   Name:            frame_000510.jpg
I0825 21:45:42.951346    47 feature_extraction.cc:283]   Dimensions:      3840 x 2160
I0825 21:45:42.951351    47 feature_extraction.cc:286]   Camera:          #510 - SIMPLE_RADIAL
I0825 21:45:42.951357    47 feature_extraction.cc:289]   Focal Length:    4608.00px
I0825 21:45:42.951372    47 feature_extraction.cc:302]   Features:        9314
I0825 21:45:43.788787    47 feature_extraction.cc:254] Processed file [511/795]
I0825 21:45:43.788834    47 feature_extraction.cc:257]   Name:            frame_000511.jpg
I0825 21:45:43.788841    47 feature_extraction.cc:283]   Dimensions:      3840 x 2160
I0825 21:45:43.788844    47 feature_extraction.cc:286]   Camera:          #511 - SIMPLE_RADIAL
I0825 21:45:43.788848    47 feature_extraction.cc:289]   Focal Length:    4608.00px
I0825 21:45:43.788856    47 feature_extraction.cc:302]   Features:        9604
I0825 21:45:44.239854    47 feature_extraction.cc:254] Processed file [512/795]
I0825 21:45:44.239903    47 feature_extraction.cc:257]   Name:            frame_000512.jpg
I0825 21:45:44.239910    47 feature_extraction.cc:283]   Dimensions:      3840 x 2160
I0825 21:45:44.239913    47 feature_extraction.cc:286]   Camera:          #512 - SIMPLE_RADIAL
I0825 21:45:44.239917    47 feature_extraction.cc:289]   Focal Length:    4608.00px
I0825 21:45:44.239925    47 feature_extraction.cc:302]   Features:        10961
I0825 21:45:46.132071    47 feature_extraction.cc:254] Processed file [513/795]
I0825 21:45:46.132119    47 feature_extraction.cc:257]   Name:            frame_000513.jpg
I0825 21:45:46.132126    47 feature_extraction.cc:283]   Dimensions:      3840 x 2160
I0825 21:45:46.132129    47 feature_extraction.cc:286]   Camera:          #513 - SIMPLE_RADIAL
I0825 21:45:46.132133    47 feature_extraction.cc:289]   Focal Length:    4608.00px
I0825 21:45:46.132141    47 feature_extraction.cc:302]   Features:        10690
I0825 21:45:46.664834    47 feature_extraction.cc:254] Processed file [514/795]
I0825 21:45:46.664882    47 feature_extraction.cc:257]   Name:            frame_000514.jpg
I0825 21:45:46.664889    47 feature_extraction.cc:283]   Dimensions:      3840 x 2160
I0825 21:45:46.664892    47 feature_extraction.cc:286]   Camera:          #514 - SIMPLE_RADIAL
I0825 21:45:46.664896    47 feature_extraction.cc:289]   Focal Length:    4608.00px
I0825 21:45:46.664904    47 feature_extraction.cc:302]   Features:        10475
I0825 21:45:47.563282    47 feature_extraction.cc:254] Processed file [515/795]
I0825 21:45:47.563334    47 feature_extraction.cc:257]   Name:            frame_000515.jpg
I0825 21:45:47.563341    47 feature_extraction.cc:283]   Dimensions:      3840 x 2160
I0825 21:45:47.563344    47 feature_extraction.cc:286]   Camera:          #515 - SIMPLE_RADIAL
I0825 21:45:47.563349    47 feature_extraction.cc:289]   Focal Length:    4608.00px
I0825 21:45:47.563357    47 feature_extraction.cc:302]   Features:        10592
I0825 21:45:49.349673    47 feature_extraction.cc:254] Processed file [516/795]
I0825 21:45:49.349723    47 feature_extraction.cc:257]   Name:            frame_000516.jpg
I0825 21:45:49.349730    47 feature_extraction.cc:283]   Dimensions:      3840 x 2160
I0825 21:45:49.349733    47 feature_extraction.cc:286]   Camera:          #516 - SIMPLE_RADIAL
I0825 21:45:49.349737    47 feature_extraction.cc:289]   Focal Length:    4608.00px
I0825 21:45:49.349745    47 feature_extraction.cc:302]   Features:        10748
I0825 21:45:50.367478    47 feature_extraction.cc:254] Processed file [517/795]
I0825 21:45:50.367522    47 feature_extraction.cc:257]   Name:            frame_000517.jpg
I0825 21:45:50.367529    47 feature_extraction.cc:283]   Dimensions:      3840 x 2160
I0825 21:45:50.367532    47 feature_extraction.cc:286]   Camera:          #517 - SIMPLE_RADIAL
I0825 21:45:50.367535    47 feature_extraction.cc:289]   Focal Length:    4608.00px
I0825 21:45:50.367542    47 feature_extraction.cc:302]   Features:        10897
I0825 21:45:50.930588    47 feature_extraction.cc:254] Processed file [518/795]
I0825 21:45:50.930639    47 feature_extraction.cc:257]   Name:            frame_000518.jpg
I0825 21:45:50.930646    47 feature_extraction.cc:283]   Dimensions:      3840 x 2160
I0825 21:45:50.930652    47 feature_extraction.cc:286]   Camera:          #518 - SIMPLE_RADIAL
I0825 21:45:50.930655    47 feature_extraction.cc:289]   Focal Length:    4608.00px
I0825 21:45:50.930663    47 feature_extraction.cc:302]   Features:        6414
I0825 21:45:52.669365    47 feature_extraction.cc:254] Processed file [519/795]
I0825 21:45:52.669432    47 feature_extraction.cc:257]   Name:            frame_000519.jpg
I0825 21:45:52.669440    47 feature_extraction.cc:283]   Dimensions:      3840 x 2160
I0825 21:45:52.669442    47 feature_extraction.cc:286]   Camera:          #519 - SIMPLE_RADIAL
I0825 21:45:52.669446    47 feature_extraction.cc:289]   Focal Length:    4608.00px
I0825 21:45:52.669459    47 feature_extraction.cc:302]   Features:        10581
I0825 21:45:53.265345    47 feature_extraction.cc:254] Processed file [520/795]
I0825 21:45:53.265393    47 feature_extraction.cc:257]   Name:            frame_000520.jpg
I0825 21:45:53.265401    47 feature_extraction.cc:283]   Dimensions:      3840 x 2160
I0825 21:45:53.265407    47 feature_extraction.cc:286]   Camera:          #520 - SIMPLE_RADIAL
I0825 21:45:53.265411    47 feature_extraction.cc:289]   Focal Length:    4608.00px
I0825 21:45:53.265421    47 feature_extraction.cc:302]   Features:        9519
I0825 21:45:54.240433    47 feature_extraction.cc:254] Processed file [521/795]
I0825 21:45:54.240481    47 feature_extraction.cc:257]   Name:            frame_000521.jpg
I0825 21:45:54.240489    47 feature_extraction.cc:283]   Dimensions:      3840 x 2160
I0825 21:45:54.240491    47 feature_extraction.cc:286]   Camera:          #521 - SIMPLE_RADIAL
I0825 21:45:54.240495    47 feature_extraction.cc:289]   Focal Length:    4608.00px
I0825 21:45:54.240504    47 feature_extraction.cc:302]   Features:        8938
I0825 21:45:56.154284    47 feature_extraction.cc:254] Processed file [522/795]
I0825 21:45:56.154340    47 feature_extraction.cc:257]   Name:            frame_000522.jpg
I0825 21:45:56.154348    47 feature_extraction.cc:283]   Dimensions:      3840 x 2160
I0825 21:45:56.154351    47 feature_extraction.cc:286]   Camera:          #522 - SIMPLE_RADIAL
I0825 21:45:56.154356    47 feature_extraction.cc:289]   Focal Length:    4608.00px
I0825 21:45:56.154366    47 feature_extraction.cc:302]   Features:        9498
I0825 21:45:57.011993    47 feature_extraction.cc:254] Processed file [523/795]
I0825 21:45:57.012042    47 feature_extraction.cc:257]   Name:            frame_000523.jpg
I0825 21:45:57.012049    47 feature_extraction.cc:283]   Dimensions:      3840 x 2160
I0825 21:45:57.012051    47 feature_extraction.cc:286]   Camera:          #523 - SIMPLE_RADIAL
I0825 21:45:57.012055    47 feature_extraction.cc:289]   Focal Length:    4608.00px
I0825 21:45:57.012064    47 feature_extraction.cc:302]   Features:        8924
I0825 21:45:57.445960    47 feature_extraction.cc:254] Processed file [524/795]
I0825 21:45:57.446053    47 feature_extraction.cc:257]   Name:            frame_000524.jpg
I0825 21:45:57.446130    47 feature_extraction.cc:283]   Dimensions:      3840 x 2160
I0825 21:45:57.446139    47 feature_extraction.cc:286]   Camera:          #524 - SIMPLE_RADIAL
I0825 21:45:57.446147    47 feature_extraction.cc:289]   Focal Length:    4608.00px
I0825 21:45:57.446162    47 feature_extraction.cc:302]   Features:        8278
I0825 21:45:59.451443    47 feature_extraction.cc:254] Processed file [525/795]
I0825 21:45:59.451505    47 feature_extraction.cc:257]   Name:            frame_000525.jpg
I0825 21:45:59.451514    47 feature_extraction.cc:283]   Dimensions:      3840 x 2160
I0825 21:45:59.451519    47 feature_extraction.cc:286]   Camera:          #525 - SIMPLE_RADIAL
I0825 21:45:59.451524    47 feature_extraction.cc:289]   Focal Length:    4608.00px
I0825 21:45:59.451534    47 feature_extraction.cc:302]   Features:        13145
I0825 21:46:00.413342    47 feature_extraction.cc:254] Processed file [526/795]
I0825 21:46:00.413393    47 feature_extraction.cc:257]   Name:            frame_000526.jpg
I0825 21:46:00.413400    47 feature_extraction.cc:283]   Dimensions:      3840 x 2160
I0825 21:46:00.413407    47 feature_extraction.cc:286]   Camera:          #526 - SIMPLE_RADIAL
I0825 21:46:00.413411    47 feature_extraction.cc:289]   Focal Length:    4608.00px
I0825 21:46:00.413420    47 feature_extraction.cc:302]   Features:        8679
I0825 21:46:01.385221    47 feature_extraction.cc:254] Processed file [527/795]
I0825 21:46:01.385272    47 feature_extraction.cc:257]   Name:            frame_000527.jpg
I0825 21:46:01.385280    47 feature_extraction.cc:283]   Dimensions:      3840 x 2160
I0825 21:46:01.385283    47 feature_extraction.cc:286]   Camera:          #527 - SIMPLE_RADIAL
I0825 21:46:01.385288    47 feature_extraction.cc:289]   Focal Length:    4608.00px
I0825 21:46:01.385296    47 feature_extraction.cc:302]   Features:        9027
I0825 21:46:03.349380    47 feature_extraction.cc:254] Processed file [528/795]
I0825 21:46:03.349428    47 feature_extraction.cc:257]   Name:            frame_000528.jpg
I0825 21:46:03.349436    47 feature_extraction.cc:283]   Dimensions:      3840 x 2160
I0825 21:46:03.349439    47 feature_extraction.cc:286]   Camera:          #528 - SIMPLE_RADIAL
I0825 21:46:03.349444    47 feature_extraction.cc:289]   Focal Length:    4608.00px
I0825 21:46:03.349454    47 feature_extraction.cc:302]   Features:        8883
I0825 21:46:04.756151    47 feature_extraction.cc:254] Processed file [529/795]
I0825 21:46:04.756214    47 feature_extraction.cc:257]   Name:            frame_000529.jpg
I0825 21:46:04.756224    47 feature_extraction.cc:283]   Dimensions:      3840 x 2160
I0825 21:46:04.756228    47 feature_extraction.cc:286]   Camera:          #529 - SIMPLE_RADIAL
I0825 21:46:04.756233    47 feature_extraction.cc:289]   Focal Length:    4608.00px
I0825 21:46:04.756244    47 feature_extraction.cc:302]   Features:        9796
I0825 21:46:05.264781    47 feature_extraction.cc:254] Processed file [530/795]
I0825 21:46:05.264833    47 feature_extraction.cc:257]   Name:            frame_000530.jpg
I0825 21:46:05.264840    47 feature_extraction.cc:283]   Dimensions:      3840 x 2160
I0825 21:46:05.264843    47 feature_extraction.cc:286]   Camera:          #530 - SIMPLE_RADIAL
I0825 21:46:05.264847    47 feature_extraction.cc:289]   Focal Length:    4608.00px
I0825 21:46:05.264858    47 feature_extraction.cc:302]   Features:        10009
I0825 21:46:07.519443    47 feature_extraction.cc:254] Processed file [531/795]
I0825 21:46:07.519500    47 feature_extraction.cc:257]   Name:            frame_000531.jpg
I0825 21:46:07.519508    47 feature_extraction.cc:283]   Dimensions:      3840 x 2160
I0825 21:46:07.519511    47 feature_extraction.cc:286]   Camera:          #531 - SIMPLE_RADIAL
I0825 21:46:07.519515    47 feature_extraction.cc:289]   Focal Length:    4608.00px
I0825 21:46:07.519524    47 feature_extraction.cc:302]   Features:        8774
I0825 21:46:08.079818    47 feature_extraction.cc:254] Processed file [532/795]
I0825 21:46:08.079875    47 feature_extraction.cc:257]   Name:            frame_000532.jpg
I0825 21:46:08.079888    47 feature_extraction.cc:283]   Dimensions:      3840 x 2160
I0825 21:46:08.079895    47 feature_extraction.cc:286]   Camera:          #532 - SIMPLE_RADIAL
I0825 21:46:08.079900    47 feature_extraction.cc:289]   Focal Length:    4608.00px
I0825 21:46:08.079909    47 feature_extraction.cc:302]   Features:        10092
I0825 21:46:09.054222    47 feature_extraction.cc:254] Processed file [533/795]
I0825 21:46:09.054273    47 feature_extraction.cc:257]   Name:            frame_000533.jpg
I0825 21:46:09.054280    47 feature_extraction.cc:283]   Dimensions:      3840 x 2160
I0825 21:46:09.054283    47 feature_extraction.cc:286]   Camera:          #533 - SIMPLE_RADIAL
I0825 21:46:09.054287    47 feature_extraction.cc:289]   Focal Length:    4608.00px
I0825 21:46:09.054296    47 feature_extraction.cc:302]   Features:        10585
I0825 21:46:10.751104    47 feature_extraction.cc:254] Processed file [534/795]
I0825 21:46:10.751165    47 feature_extraction.cc:257]   Name:            frame_000534.jpg
I0825 21:46:10.751174    47 feature_extraction.cc:283]   Dimensions:      3840 x 2160
I0825 21:46:10.751178    47 feature_extraction.cc:286]   Camera:          #534 - SIMPLE_RADIAL
I0825 21:46:10.751183    47 feature_extraction.cc:289]   Focal Length:    4608.00px
I0825 21:46:10.751191    47 feature_extraction.cc:302]   Features:        6568
I0825 21:46:11.568094    47 feature_extraction.cc:254] Processed file [535/795]
I0825 21:46:11.568181    47 feature_extraction.cc:257]   Name:            frame_000535.jpg
I0825 21:46:11.568192    47 feature_extraction.cc:283]   Dimensions:      3840 x 2160
I0825 21:46:11.568195    47 feature_extraction.cc:286]   Camera:          #535 - SIMPLE_RADIAL
I0825 21:46:11.568202    47 feature_extraction.cc:289]   Focal Length:    4608.00px
I0825 21:46:11.568215    47 feature_extraction.cc:302]   Features:        10816
I0825 21:46:12.157100    47 feature_extraction.cc:254] Processed file [536/795]
I0825 21:46:12.157160    47 feature_extraction.cc:257]   Name:            frame_000536.jpg
I0825 21:46:12.157167    47 feature_extraction.cc:283]   Dimensions:      3840 x 2160
I0825 21:46:12.157174    47 feature_extraction.cc:286]   Camera:          #536 - SIMPLE_RADIAL
I0825 21:46:12.157179    47 feature_extraction.cc:289]   Focal Length:    4608.00px
I0825 21:46:12.157189    47 feature_extraction.cc:302]   Features:        11267
I0825 21:46:14.242172    47 feature_extraction.cc:254] Processed file [537/795]
I0825 21:46:14.242224    47 feature_extraction.cc:257]   Name:            frame_000537.jpg
I0825 21:46:14.242231    47 feature_extraction.cc:283]   Dimensions:      3840 x 2160
I0825 21:46:14.242234    47 feature_extraction.cc:286]   Camera:          #537 - SIMPLE_RADIAL
I0825 21:46:14.242238    47 feature_extraction.cc:289]   Focal Length:    4608.00px
I0825 21:46:14.242249    47 feature_extraction.cc:302]   Features:        10844
I0825 21:46:14.991075    47 feature_extraction.cc:254] Processed file [538/795]
I0825 21:46:14.991124    47 feature_extraction.cc:257]   Name:            frame_000538.jpg
I0825 21:46:14.991137    47 feature_extraction.cc:283]   Dimensions:      3840 x 2160
I0825 21:46:14.991142    47 feature_extraction.cc:286]   Camera:          #538 - SIMPLE_RADIAL
I0825 21:46:14.991148    47 feature_extraction.cc:289]   Focal Length:    4608.00px
I0825 21:46:14.991160    47 feature_extraction.cc:302]   Features:        10576
I0825 21:46:15.903340    47 feature_extraction.cc:254] Processed file [539/795]
I0825 21:46:15.903391    47 feature_extraction.cc:257]   Name:            frame_000539.jpg
I0825 21:46:15.903398    47 feature_extraction.cc:283]   Dimensions:      3840 x 2160
I0825 21:46:15.903401    47 feature_extraction.cc:286]   Camera:          #539 - SIMPLE_RADIAL
I0825 21:46:15.903405    47 feature_extraction.cc:289]   Focal Length:    4608.00px
I0825 21:46:15.903414    47 feature_extraction.cc:302]   Features:        11063
I0825 21:46:17.655275    47 feature_extraction.cc:254] Processed file [540/795]
I0825 21:46:17.655325    47 feature_extraction.cc:257]   Name:            frame_000540.jpg
I0825 21:46:17.655331    47 feature_extraction.cc:283]   Dimensions:      3840 x 2160
I0825 21:46:17.655334    47 feature_extraction.cc:286]   Camera:          #540 - SIMPLE_RADIAL
I0825 21:46:17.655339    47 feature_extraction.cc:289]   Focal Length:    4608.00px
I0825 21:46:17.655346    47 feature_extraction.cc:302]   Features:        10486
I0825 21:46:18.590312    47 feature_extraction.cc:254] Processed file [541/795]
I0825 21:46:18.590360    47 feature_extraction.cc:257]   Name:            frame_000541.jpg
I0825 21:46:18.590368    47 feature_extraction.cc:283]   Dimensions:      3840 x 2160
I0825 21:46:18.590370    47 feature_extraction.cc:286]   Camera:          #541 - SIMPLE_RADIAL
I0825 21:46:18.590374    47 feature_extraction.cc:289]   Focal Length:    4608.00px
I0825 21:46:18.590382    47 feature_extraction.cc:302]   Features:        10260
I0825 21:46:19.115605    47 feature_extraction.cc:254] Processed file [542/795]
I0825 21:46:19.115653    47 feature_extraction.cc:257]   Name:            frame_000542.jpg
I0825 21:46:19.115664    47 feature_extraction.cc:283]   Dimensions:      3840 x 2160
I0825 21:46:19.115667    47 feature_extraction.cc:286]   Camera:          #542 - SIMPLE_RADIAL
I0825 21:46:19.115671    47 feature_extraction.cc:289]   Focal Length:    4608.00px
I0825 21:46:19.115679    47 feature_extraction.cc:302]   Features:        9760
I0825 21:46:21.082199    47 feature_extraction.cc:254] Processed file [543/795]
I0825 21:46:21.082248    47 feature_extraction.cc:257]   Name:            frame_000543.jpg
I0825 21:46:21.082255    47 feature_extraction.cc:283]   Dimensions:      3840 x 2160
I0825 21:46:21.082258    47 feature_extraction.cc:286]   Camera:          #543 - SIMPLE_RADIAL
I0825 21:46:21.082261    47 feature_extraction.cc:289]   Focal Length:    4608.00px
I0825 21:46:21.082269    47 feature_extraction.cc:302]   Features:        9394
I0825 21:46:21.575785    47 feature_extraction.cc:254] Processed file [544/795]
I0825 21:46:21.575834    47 feature_extraction.cc:257]   Name:            frame_000544.jpg
I0825 21:46:21.575840    47 feature_extraction.cc:283]   Dimensions:      3840 x 2160
I0825 21:46:21.575843    47 feature_extraction.cc:286]   Camera:          #544 - SIMPLE_RADIAL
I0825 21:46:21.575847    47 feature_extraction.cc:289]   Focal Length:    4608.00px
I0825 21:46:21.575856    47 feature_extraction.cc:302]   Features:        12060
I0825 21:46:22.580660    47 feature_extraction.cc:254] Processed file [545/795]
I0825 21:46:22.580711    47 feature_extraction.cc:257]   Name:            frame_000545.jpg
I0825 21:46:22.580718    47 feature_extraction.cc:283]   Dimensions:      3840 x 2160
I0825 21:46:22.580721    47 feature_extraction.cc:286]   Camera:          #545 - SIMPLE_RADIAL
I0825 21:46:22.580725    47 feature_extraction.cc:289]   Focal Length:    4608.00px
I0825 21:46:22.580734    47 feature_extraction.cc:302]   Features:        9323
I0825 21:46:24.122466    47 feature_extraction.cc:254] Processed file [546/795]
I0825 21:46:24.122514    47 feature_extraction.cc:257]   Name:            frame_000546.jpg
I0825 21:46:24.122522    47 feature_extraction.cc:283]   Dimensions:      3840 x 2160
I0825 21:46:24.122525    47 feature_extraction.cc:286]   Camera:          #546 - SIMPLE_RADIAL
I0825 21:46:24.122529    47 feature_extraction.cc:289]   Focal Length:    4608.00px
I0825 21:46:24.122537    47 feature_extraction.cc:302]   Features:        9203
I0825 21:46:24.992960    47 feature_extraction.cc:254] Processed file [547/795]
I0825 21:46:24.993017    47 feature_extraction.cc:257]   Name:            frame_000547.jpg
I0825 21:46:24.993026    47 feature_extraction.cc:283]   Dimensions:      3840 x 2160
I0825 21:46:24.993028    47 feature_extraction.cc:286]   Camera:          #547 - SIMPLE_RADIAL
I0825 21:46:24.993032    47 feature_extraction.cc:289]   Focal Length:    4608.00px
I0825 21:46:24.993040    47 feature_extraction.cc:302]   Features:        9362
I0825 21:46:25.537684    47 feature_extraction.cc:254] Processed file [548/795]
I0825 21:46:25.537737    47 feature_extraction.cc:257]   Name:            frame_000548.jpg
I0825 21:46:25.537745    47 feature_extraction.cc:283]   Dimensions:      3840 x 2160
I0825 21:46:25.537748    47 feature_extraction.cc:286]   Camera:          #548 - SIMPLE_RADIAL
I0825 21:46:25.537752    47 feature_extraction.cc:289]   Focal Length:    4608.00px
I0825 21:46:25.537760    47 feature_extraction.cc:302]   Features:        9250
I0825 21:46:27.580386    47 feature_extraction.cc:254] Processed file [549/795]
I0825 21:46:27.580438    47 feature_extraction.cc:257]   Name:            frame_000549.jpg
I0825 21:46:27.580447    47 feature_extraction.cc:283]   Dimensions:      3840 x 2160
I0825 21:46:27.580451    47 feature_extraction.cc:286]   Camera:          #549 - SIMPLE_RADIAL
I0825 21:46:27.580454    47 feature_extraction.cc:289]   Focal Length:    4608.00px
I0825 21:46:27.580462    47 feature_extraction.cc:302]   Features:        9390
I0825 21:46:28.370304    47 feature_extraction.cc:254] Processed file [550/795]
I0825 21:46:28.370368    47 feature_extraction.cc:257]   Name:            frame_000550.jpg
I0825 21:46:28.370385    47 feature_extraction.cc:283]   Dimensions:      3840 x 2160
I0825 21:46:28.370393    47 feature_extraction.cc:286]   Camera:          #550 - SIMPLE_RADIAL
I0825 21:46:28.370404    47 feature_extraction.cc:289]   Focal Length:    4608.00px
I0825 21:46:28.370420    47 feature_extraction.cc:302]   Features:        9451
I0825 21:46:29.487140    47 feature_extraction.cc:254] Processed file [551/795]
I0825 21:46:29.487202    47 feature_extraction.cc:257]   Name:            frame_000551.jpg
I0825 21:46:29.487211    47 feature_extraction.cc:283]   Dimensions:      3840 x 2160
I0825 21:46:29.487214    47 feature_extraction.cc:286]   Camera:          #551 - SIMPLE_RADIAL
I0825 21:46:29.487221    47 feature_extraction.cc:289]   Focal Length:    4608.00px
I0825 21:46:29.487231    47 feature_extraction.cc:302]   Features:        9661
I0825 21:46:31.981280    47 feature_extraction.cc:254] Processed file [552/795]
I0825 21:46:31.981356    47 feature_extraction.cc:257]   Name:            frame_000552.jpg
I0825 21:46:31.981369    47 feature_extraction.cc:283]   Dimensions:      3840 x 2160
I0825 21:46:31.981372    47 feature_extraction.cc:286]   Camera:          #552 - SIMPLE_RADIAL
I0825 21:46:31.981379    47 feature_extraction.cc:289]   Focal Length:    4608.00px
I0825 21:46:31.981393    47 feature_extraction.cc:302]   Features:        9397
I0825 21:46:33.408128    47 feature_extraction.cc:254] Processed file [553/795]
I0825 21:46:33.408198    47 feature_extraction.cc:257]   Name:            frame_000553.jpg
I0825 21:46:33.408209    47 feature_extraction.cc:283]   Dimensions:      3840 x 2160
I0825 21:46:33.408214    47 feature_extraction.cc:286]   Camera:          #553 - SIMPLE_RADIAL
I0825 21:46:33.408221    47 feature_extraction.cc:289]   Focal Length:    4608.00px
I0825 21:46:33.408236    47 feature_extraction.cc:302]   Features:        9518
I0825 21:46:34.045770    47 feature_extraction.cc:254] Processed file [554/795]
I0825 21:46:34.045835    47 feature_extraction.cc:257]   Name:            frame_000554.jpg
I0825 21:46:34.045846    47 feature_extraction.cc:283]   Dimensions:      3840 x 2160
I0825 21:46:34.045849    47 feature_extraction.cc:286]   Camera:          #554 - SIMPLE_RADIAL
I0825 21:46:34.045855    47 feature_extraction.cc:289]   Focal Length:    4608.00px
I0825 21:46:34.045866    47 feature_extraction.cc:302]   Features:        9662
I0825 21:46:36.255775    47 feature_extraction.cc:254] Processed file [555/795]
I0825 21:46:36.255825    47 feature_extraction.cc:257]   Name:            frame_000555.jpg
I0825 21:46:36.255832    47 feature_extraction.cc:283]   Dimensions:      3840 x 2160
I0825 21:46:36.255836    47 feature_extraction.cc:286]   Camera:          #555 - SIMPLE_RADIAL
I0825 21:46:36.255839    47 feature_extraction.cc:289]   Focal Length:    4608.00px
I0825 21:46:36.255848    47 feature_extraction.cc:302]   Features:        9470
I0825 21:46:36.881880    47 feature_extraction.cc:254] Processed file [556/795]
I0825 21:46:36.881930    47 feature_extraction.cc:257]   Name:            frame_000556.jpg
I0825 21:46:36.881942    47 feature_extraction.cc:283]   Dimensions:      3840 x 2160
I0825 21:46:36.881946    47 feature_extraction.cc:286]   Camera:          #556 - SIMPLE_RADIAL
I0825 21:46:36.881950    47 feature_extraction.cc:289]   Focal Length:    4608.00px
I0825 21:46:36.881959    47 feature_extraction.cc:302]   Features:        9420
I0825 21:46:37.787832    47 feature_extraction.cc:254] Processed file [557/795]
I0825 21:46:37.787880    47 feature_extraction.cc:257]   Name:            frame_000557.jpg
I0825 21:46:37.787887    47 feature_extraction.cc:283]   Dimensions:      3840 x 2160
I0825 21:46:37.787890    47 feature_extraction.cc:286]   Camera:          #557 - SIMPLE_RADIAL
I0825 21:46:37.787894    47 feature_extraction.cc:289]   Focal Length:    4608.00px
I0825 21:46:37.787901    47 feature_extraction.cc:302]   Features:        9510
I0825 21:46:39.447882    47 feature_extraction.cc:254] Processed file [558/795]
I0825 21:46:39.447932    47 feature_extraction.cc:257]   Name:            frame_000558.jpg
I0825 21:46:39.447938    47 feature_extraction.cc:283]   Dimensions:      3840 x 2160
I0825 21:46:39.447942    47 feature_extraction.cc:286]   Camera:          #558 - SIMPLE_RADIAL
I0825 21:46:39.447944    47 feature_extraction.cc:289]   Focal Length:    4608.00px
I0825 21:46:39.447953    47 feature_extraction.cc:302]   Features:        9089
I0825 21:46:40.270303    47 feature_extraction.cc:254] Processed file [559/795]
I0825 21:46:40.270347    47 feature_extraction.cc:257]   Name:            frame_000559.jpg
I0825 21:46:40.270354    47 feature_extraction.cc:283]   Dimensions:      3840 x 2160
I0825 21:46:40.270356    47 feature_extraction.cc:286]   Camera:          #559 - SIMPLE_RADIAL
I0825 21:46:40.270360    47 feature_extraction.cc:289]   Focal Length:    4608.00px
I0825 21:46:40.270368    47 feature_extraction.cc:302]   Features:        8910
I0825 21:46:40.719484    47 feature_extraction.cc:254] Processed file [560/795]
I0825 21:46:40.719540    47 feature_extraction.cc:257]   Name:            frame_000560.jpg
I0825 21:46:40.719549    47 feature_extraction.cc:283]   Dimensions:      3840 x 2160
I0825 21:46:40.719553    47 feature_extraction.cc:286]   Camera:          #560 - SIMPLE_RADIAL
I0825 21:46:40.719558    47 feature_extraction.cc:289]   Focal Length:    4608.00px
I0825 21:46:40.719568    47 feature_extraction.cc:302]   Features:        8816
I0825 21:46:42.755461    47 feature_extraction.cc:254] Processed file [561/795]
I0825 21:46:42.755508    47 feature_extraction.cc:257]   Name:            frame_000561.jpg
I0825 21:46:42.755515    47 feature_extraction.cc:283]   Dimensions:      3840 x 2160
I0825 21:46:42.755518    47 feature_extraction.cc:286]   Camera:          #561 - SIMPLE_RADIAL
I0825 21:46:42.755522    47 feature_extraction.cc:289]   Focal Length:    4608.00px
I0825 21:46:42.755530    47 feature_extraction.cc:302]   Features:        9059
I0825 21:46:43.237720    47 feature_extraction.cc:254] Processed file [562/795]
I0825 21:46:43.237769    47 feature_extraction.cc:257]   Name:            frame_000562.jpg
I0825 21:46:43.237782    47 feature_extraction.cc:283]   Dimensions:      3840 x 2160
I0825 21:46:43.237787    47 feature_extraction.cc:286]   Camera:          #562 - SIMPLE_RADIAL
I0825 21:46:43.237792    47 feature_extraction.cc:289]   Focal Length:    4608.00px
I0825 21:46:43.237804    47 feature_extraction.cc:302]   Features:        8993
I0825 21:46:43.982365    47 feature_extraction.cc:254] Processed file [563/795]
I0825 21:46:43.982414    47 feature_extraction.cc:257]   Name:            frame_000563.jpg
I0825 21:46:43.982420    47 feature_extraction.cc:283]   Dimensions:      3840 x 2160
I0825 21:46:43.982424    47 feature_extraction.cc:286]   Camera:          #563 - SIMPLE_RADIAL
I0825 21:46:43.982427    47 feature_extraction.cc:289]   Focal Length:    4608.00px
I0825 21:46:43.982436    47 feature_extraction.cc:302]   Features:        8927
I0825 21:46:45.429139    47 feature_extraction.cc:254] Processed file [564/795]
I0825 21:46:45.429189    47 feature_extraction.cc:257]   Name:            frame_000564.jpg
I0825 21:46:45.429198    47 feature_extraction.cc:283]   Dimensions:      3840 x 2160
I0825 21:46:45.429199    47 feature_extraction.cc:286]   Camera:          #564 - SIMPLE_RADIAL
I0825 21:46:45.429203    47 feature_extraction.cc:289]   Focal Length:    4608.00px
I0825 21:46:45.429212    47 feature_extraction.cc:302]   Features:        8663
I0825 21:46:46.227741    47 feature_extraction.cc:254] Processed file [565/795]
I0825 21:46:46.227808    47 feature_extraction.cc:257]   Name:            frame_000565.jpg
I0825 21:46:46.227820    47 feature_extraction.cc:283]   Dimensions:      3840 x 2160
I0825 21:46:46.227824    47 feature_extraction.cc:286]   Camera:          #565 - SIMPLE_RADIAL
I0825 21:46:46.227829    47 feature_extraction.cc:289]   Focal Length:    4608.00px
I0825 21:46:46.227839    47 feature_extraction.cc:302]   Features:        8583
I0825 21:46:47.754530    47 feature_extraction.cc:254] Processed file [566/795]
I0825 21:46:47.754592    47 feature_extraction.cc:257]   Name:            frame_000566.jpg
I0825 21:46:47.754603    47 feature_extraction.cc:283]   Dimensions:      3840 x 2160
I0825 21:46:47.754607    47 feature_extraction.cc:286]   Camera:          #566 - SIMPLE_RADIAL
I0825 21:46:47.754613    47 feature_extraction.cc:289]   Focal Length:    4608.00px
I0825 21:46:47.754624    47 feature_extraction.cc:302]   Features:        8296
I0825 21:46:48.312433    47 feature_extraction.cc:254] Processed file [567/795]
I0825 21:46:48.312486    47 feature_extraction.cc:257]   Name:            frame_000567.jpg
I0825 21:46:48.312493    47 feature_extraction.cc:283]   Dimensions:      3840 x 2160
I0825 21:46:48.312497    47 feature_extraction.cc:286]   Camera:          #567 - SIMPLE_RADIAL
I0825 21:46:48.312501    47 feature_extraction.cc:289]   Focal Length:    4608.00px
I0825 21:46:48.312511    47 feature_extraction.cc:302]   Features:        8530
I0825 21:46:51.351994    47 feature_extraction.cc:254] Processed file [568/795]
I0825 21:46:51.352042    47 feature_extraction.cc:257]   Name:            frame_000568.jpg
I0825 21:46:51.352049    47 feature_extraction.cc:283]   Dimensions:      3840 x 2160
I0825 21:46:51.352052    47 feature_extraction.cc:286]   Camera:          #568 - SIMPLE_RADIAL
I0825 21:46:51.352056    47 feature_extraction.cc:289]   Focal Length:    4608.00px
I0825 21:46:51.352064    47 feature_extraction.cc:302]   Features:        14920
I0825 21:46:51.995160    47 feature_extraction.cc:254] Processed file [569/795]
I0825 21:46:51.995208    47 feature_extraction.cc:257]   Name:            frame_000569.jpg
I0825 21:46:51.995219    47 feature_extraction.cc:283]   Dimensions:      3840 x 2160
I0825 21:46:51.995224    47 feature_extraction.cc:286]   Camera:          #569 - SIMPLE_RADIAL
I0825 21:46:51.995230    47 feature_extraction.cc:289]   Focal Length:    4608.00px
I0825 21:46:51.995239    47 feature_extraction.cc:302]   Features:        8421
I0825 21:46:53.077919    47 feature_extraction.cc:254] Processed file [570/795]
I0825 21:46:53.077976    47 feature_extraction.cc:257]   Name:            frame_000570.jpg
I0825 21:46:53.077984    47 feature_extraction.cc:283]   Dimensions:      3840 x 2160
I0825 21:46:53.077987    47 feature_extraction.cc:286]   Camera:          #570 - SIMPLE_RADIAL
I0825 21:46:53.077991    47 feature_extraction.cc:289]   Focal Length:    4608.00px
I0825 21:46:53.078002    47 feature_extraction.cc:302]   Features:        8279
I0825 21:46:55.058095    47 feature_extraction.cc:254] Processed file [571/795]
I0825 21:46:55.058154    47 feature_extraction.cc:257]   Name:            frame_000571.jpg
I0825 21:46:55.058168    47 feature_extraction.cc:283]   Dimensions:      3840 x 2160
I0825 21:46:55.058172    47 feature_extraction.cc:286]   Camera:          #571 - SIMPLE_RADIAL
I0825 21:46:55.058177    47 feature_extraction.cc:289]   Focal Length:    4608.00px
I0825 21:46:55.058189    47 feature_extraction.cc:302]   Features:        15066
I0825 21:46:56.592725    47 feature_extraction.cc:254] Processed file [572/795]
I0825 21:46:56.592782    47 feature_extraction.cc:257]   Name:            frame_000572.jpg
I0825 21:46:56.592792    47 feature_extraction.cc:283]   Dimensions:      3840 x 2160
I0825 21:46:56.592794    47 feature_extraction.cc:286]   Camera:          #572 - SIMPLE_RADIAL
I0825 21:46:56.592799    47 feature_extraction.cc:289]   Focal Length:    4608.00px
I0825 21:46:56.592813    47 feature_extraction.cc:302]   Features:        14836
I0825 21:46:58.529045    47 feature_extraction.cc:254] Processed file [573/795]
I0825 21:46:58.529094    47 feature_extraction.cc:257]   Name:            frame_000573.jpg
I0825 21:46:58.529104    47 feature_extraction.cc:283]   Dimensions:      3840 x 2160
I0825 21:46:58.529109    47 feature_extraction.cc:286]   Camera:          #573 - SIMPLE_RADIAL
I0825 21:46:58.529114    47 feature_extraction.cc:289]   Focal Length:    4608.00px
I0825 21:46:58.529121    47 feature_extraction.cc:302]   Features:        8491
I0825 21:46:59.416543    47 feature_extraction.cc:254] Processed file [574/795]
I0825 21:46:59.416595    47 feature_extraction.cc:257]   Name:            frame_000574.jpg
I0825 21:46:59.416602    47 feature_extraction.cc:283]   Dimensions:      3840 x 2160
I0825 21:46:59.416605    47 feature_extraction.cc:286]   Camera:          #574 - SIMPLE_RADIAL
I0825 21:46:59.416610    47 feature_extraction.cc:289]   Focal Length:    4608.00px
I0825 21:46:59.416618    47 feature_extraction.cc:302]   Features:        9309
I0825 21:46:59.901113    47 feature_extraction.cc:254] Processed file [575/795]
I0825 21:46:59.901161    47 feature_extraction.cc:257]   Name:            frame_000575.jpg
I0825 21:46:59.901171    47 feature_extraction.cc:283]   Dimensions:      3840 x 2160
I0825 21:46:59.901175    47 feature_extraction.cc:286]   Camera:          #575 - SIMPLE_RADIAL
I0825 21:46:59.901178    47 feature_extraction.cc:289]   Focal Length:    4608.00px
I0825 21:46:59.901187    47 feature_extraction.cc:302]   Features:        10135
I0825 21:47:01.793958    47 feature_extraction.cc:254] Processed file [576/795]
I0825 21:47:01.794005    47 feature_extraction.cc:257]   Name:            frame_000576.jpg
I0825 21:47:01.794013    47 feature_extraction.cc:283]   Dimensions:      3840 x 2160
I0825 21:47:01.794015    47 feature_extraction.cc:286]   Camera:          #576 - SIMPLE_RADIAL
I0825 21:47:01.794019    47 feature_extraction.cc:289]   Focal Length:    4608.00px
I0825 21:47:01.794027    47 feature_extraction.cc:302]   Features:        10793
I0825 21:47:02.341466    47 feature_extraction.cc:254] Processed file [577/795]
I0825 21:47:02.341516    47 feature_extraction.cc:257]   Name:            frame_000577.jpg
I0825 21:47:02.341526    47 feature_extraction.cc:283]   Dimensions:      3840 x 2160
I0825 21:47:02.341531    47 feature_extraction.cc:286]   Camera:          #577 - SIMPLE_RADIAL
I0825 21:47:02.341537    47 feature_extraction.cc:289]   Focal Length:    4608.00px
I0825 21:47:02.341552    47 feature_extraction.cc:302]   Features:        11270
I0825 21:47:03.327764    47 feature_extraction.cc:254] Processed file [578/795]
I0825 21:47:03.327813    47 feature_extraction.cc:257]   Name:            frame_000578.jpg
I0825 21:47:03.327821    47 feature_extraction.cc:283]   Dimensions:      3840 x 2160
I0825 21:47:03.327824    47 feature_extraction.cc:286]   Camera:          #578 - SIMPLE_RADIAL
I0825 21:47:03.327828    47 feature_extraction.cc:289]   Focal Length:    4608.00px
I0825 21:47:03.327837    47 feature_extraction.cc:302]   Features:        11421
I0825 21:47:05.359011    47 feature_extraction.cc:254] Processed file [579/795]
I0825 21:47:05.359067    47 feature_extraction.cc:257]   Name:            frame_000579.jpg
I0825 21:47:05.359074    47 feature_extraction.cc:283]   Dimensions:      3840 x 2160
I0825 21:47:05.359077    47 feature_extraction.cc:286]   Camera:          #579 - SIMPLE_RADIAL
I0825 21:47:05.359081    47 feature_extraction.cc:289]   Focal Length:    4608.00px
I0825 21:47:05.359090    47 feature_extraction.cc:302]   Features:        11714
I0825 21:47:06.476318    47 feature_extraction.cc:254] Processed file [580/795]
I0825 21:47:06.476367    47 feature_extraction.cc:257]   Name:            frame_000580.jpg
I0825 21:47:06.476375    47 feature_extraction.cc:283]   Dimensions:      3840 x 2160
I0825 21:47:06.476378    47 feature_extraction.cc:286]   Camera:          #580 - SIMPLE_RADIAL
I0825 21:47:06.476382    47 feature_extraction.cc:289]   Focal Length:    4608.00px
I0825 21:47:06.476392    47 feature_extraction.cc:302]   Features:        11489
I0825 21:47:07.144269    47 feature_extraction.cc:254] Processed file [581/795]
I0825 21:47:07.144320    47 feature_extraction.cc:257]   Name:            frame_000581.jpg
I0825 21:47:07.144330    47 feature_extraction.cc:283]   Dimensions:      3840 x 2160
I0825 21:47:07.144332    47 feature_extraction.cc:286]   Camera:          #581 - SIMPLE_RADIAL
I0825 21:47:07.144337    47 feature_extraction.cc:289]   Focal Length:    4608.00px
I0825 21:47:07.144346    47 feature_extraction.cc:302]   Features:        11488
I0825 21:47:09.517210    47 feature_extraction.cc:254] Processed file [582/795]
I0825 21:47:09.517264    47 feature_extraction.cc:257]   Name:            frame_000582.jpg
I0825 21:47:09.517272    47 feature_extraction.cc:283]   Dimensions:      3840 x 2160
I0825 21:47:09.517275    47 feature_extraction.cc:286]   Camera:          #582 - SIMPLE_RADIAL
I0825 21:47:09.517279    47 feature_extraction.cc:289]   Focal Length:    4608.00px
I0825 21:47:09.517288    47 feature_extraction.cc:302]   Features:        11981
I0825 21:47:10.204681    47 feature_extraction.cc:254] Processed file [583/795]
I0825 21:47:10.204739    47 feature_extraction.cc:257]   Name:            frame_000583.jpg
I0825 21:47:10.204749    47 feature_extraction.cc:283]   Dimensions:      3840 x 2160
I0825 21:47:10.204753    47 feature_extraction.cc:286]   Camera:          #583 - SIMPLE_RADIAL
I0825 21:47:10.204761    47 feature_extraction.cc:289]   Focal Length:    4608.00px
I0825 21:47:10.204775    47 feature_extraction.cc:302]   Features:        12009
I0825 21:47:11.318981    47 feature_extraction.cc:254] Processed file [584/795]
I0825 21:47:11.319031    47 feature_extraction.cc:257]   Name:            frame_000584.jpg
I0825 21:47:11.319038    47 feature_extraction.cc:283]   Dimensions:      3840 x 2160
I0825 21:47:11.319041    47 feature_extraction.cc:286]   Camera:          #584 - SIMPLE_RADIAL
I0825 21:47:11.319046    47 feature_extraction.cc:289]   Focal Length:    4608.00px
I0825 21:47:11.319056    47 feature_extraction.cc:302]   Features:        12671
I0825 21:47:13.708032    47 feature_extraction.cc:254] Processed file [585/795]
I0825 21:47:13.708103    47 feature_extraction.cc:257]   Name:            frame_000585.jpg
I0825 21:47:13.708112    47 feature_extraction.cc:283]   Dimensions:      3840 x 2160
I0825 21:47:13.708114    47 feature_extraction.cc:286]   Camera:          #585 - SIMPLE_RADIAL
I0825 21:47:13.708117    47 feature_extraction.cc:289]   Focal Length:    4608.00px
I0825 21:47:13.708127    47 feature_extraction.cc:302]   Features:        8416
I0825 21:47:14.717273    47 feature_extraction.cc:254] Processed file [586/795]
I0825 21:47:14.717352    47 feature_extraction.cc:257]   Name:            frame_000586.jpg
I0825 21:47:14.717365    47 feature_extraction.cc:283]   Dimensions:      3840 x 2160
I0825 21:47:14.717370    47 feature_extraction.cc:286]   Camera:          #586 - SIMPLE_RADIAL
I0825 21:47:14.717375    47 feature_extraction.cc:289]   Focal Length:    4608.00px
I0825 21:47:14.717387    47 feature_extraction.cc:302]   Features:        8423
I0825 21:47:15.221964    47 feature_extraction.cc:254] Processed file [587/795]
I0825 21:47:15.222026    47 feature_extraction.cc:257]   Name:            frame_000587.jpg
I0825 21:47:15.222034    47 feature_extraction.cc:283]   Dimensions:      3840 x 2160
I0825 21:47:15.222038    47 feature_extraction.cc:286]   Camera:          #587 - SIMPLE_RADIAL
I0825 21:47:15.222041    47 feature_extraction.cc:289]   Focal Length:    4608.00px
I0825 21:47:15.222051    47 feature_extraction.cc:302]   Features:        12750
I0825 21:47:17.154014    47 feature_extraction.cc:254] Processed file [588/795]
I0825 21:47:17.154065    47 feature_extraction.cc:257]   Name:            frame_000588.jpg
I0825 21:47:17.154073    47 feature_extraction.cc:283]   Dimensions:      3840 x 2160
I0825 21:47:17.154076    47 feature_extraction.cc:286]   Camera:          #588 - SIMPLE_RADIAL
I0825 21:47:17.154080    47 feature_extraction.cc:289]   Focal Length:    4608.00px
I0825 21:47:17.154088    47 feature_extraction.cc:302]   Features:        12076
I0825 21:47:17.801421    47 feature_extraction.cc:254] Processed file [589/795]
I0825 21:47:17.801477    47 feature_extraction.cc:257]   Name:            frame_000589.jpg
I0825 21:47:17.801486    47 feature_extraction.cc:283]   Dimensions:      3840 x 2160
I0825 21:47:17.801488    47 feature_extraction.cc:286]   Camera:          #589 - SIMPLE_RADIAL
I0825 21:47:17.801492    47 feature_extraction.cc:289]   Focal Length:    4608.00px
I0825 21:47:17.801501    47 feature_extraction.cc:302]   Features:        11199
I0825 21:47:18.775970    47 feature_extraction.cc:254] Processed file [590/795]
I0825 21:47:18.776021    47 feature_extraction.cc:257]   Name:            frame_000590.jpg
I0825 21:47:18.776027    47 feature_extraction.cc:283]   Dimensions:      3840 x 2160
I0825 21:47:18.776031    47 feature_extraction.cc:286]   Camera:          #590 - SIMPLE_RADIAL
I0825 21:47:18.776034    47 feature_extraction.cc:289]   Focal Length:    4608.00px
I0825 21:47:18.776042    47 feature_extraction.cc:302]   Features:        10581
I0825 21:47:20.344076    47 feature_extraction.cc:254] Processed file [591/795]
I0825 21:47:20.344121    47 feature_extraction.cc:257]   Name:            frame_000591.jpg
I0825 21:47:20.344128    47 feature_extraction.cc:283]   Dimensions:      3840 x 2160
I0825 21:47:20.344130    47 feature_extraction.cc:286]   Camera:          #591 - SIMPLE_RADIAL
I0825 21:47:20.344134    47 feature_extraction.cc:289]   Focal Length:    4608.00px
I0825 21:47:20.344143    47 feature_extraction.cc:302]   Features:        11226
I0825 21:47:21.284009    47 feature_extraction.cc:254] Processed file [592/795]
I0825 21:47:21.284056    47 feature_extraction.cc:257]   Name:            frame_000592.jpg
I0825 21:47:21.284063    47 feature_extraction.cc:283]   Dimensions:      3840 x 2160
I0825 21:47:21.284066    47 feature_extraction.cc:286]   Camera:          #592 - SIMPLE_RADIAL
I0825 21:47:21.284070    47 feature_extraction.cc:289]   Focal Length:    4608.00px
I0825 21:47:21.284077    47 feature_extraction.cc:302]   Features:        11593
I0825 21:47:21.926765    47 feature_extraction.cc:254] Processed file [593/795]
I0825 21:47:21.926816    47 feature_extraction.cc:257]   Name:            frame_000593.jpg
I0825 21:47:21.926828    47 feature_extraction.cc:283]   Dimensions:      3840 x 2160
I0825 21:47:21.926831    47 feature_extraction.cc:286]   Camera:          #593 - SIMPLE_RADIAL
I0825 21:47:21.926837    47 feature_extraction.cc:289]   Focal Length:    4608.00px
I0825 21:47:21.926847    47 feature_extraction.cc:302]   Features:        8377
I0825 21:47:23.648307    47 feature_extraction.cc:254] Processed file [594/795]
I0825 21:47:23.648355    47 feature_extraction.cc:257]   Name:            frame_000594.jpg
I0825 21:47:23.648361    47 feature_extraction.cc:283]   Dimensions:      3840 x 2160
I0825 21:47:23.648365    47 feature_extraction.cc:286]   Camera:          #594 - SIMPLE_RADIAL
I0825 21:47:23.648367    47 feature_extraction.cc:289]   Focal Length:    4608.00px
I0825 21:47:23.648376    47 feature_extraction.cc:302]   Features:        8369
I0825 21:47:24.167114    47 feature_extraction.cc:254] Processed file [595/795]
I0825 21:47:24.167171    47 feature_extraction.cc:257]   Name:            frame_000595.jpg
I0825 21:47:24.167181    47 feature_extraction.cc:283]   Dimensions:      3840 x 2160
I0825 21:47:24.167183    47 feature_extraction.cc:286]   Camera:          #595 - SIMPLE_RADIAL
I0825 21:47:24.167189    47 feature_extraction.cc:289]   Focal Length:    4608.00px
I0825 21:47:24.167204    47 feature_extraction.cc:302]   Features:        8708
I0825 21:47:25.003664    47 feature_extraction.cc:254] Processed file [596/795]
I0825 21:47:25.003710    47 feature_extraction.cc:257]   Name:            frame_000596.jpg
I0825 21:47:25.003716    47 feature_extraction.cc:283]   Dimensions:      3840 x 2160
I0825 21:47:25.003719    47 feature_extraction.cc:286]   Camera:          #596 - SIMPLE_RADIAL
I0825 21:47:25.003722    47 feature_extraction.cc:289]   Focal Length:    4608.00px
I0825 21:47:25.003731    47 feature_extraction.cc:302]   Features:        13225
I0825 21:47:26.727324    47 feature_extraction.cc:254] Processed file [597/795]
I0825 21:47:26.727373    47 feature_extraction.cc:257]   Name:            frame_000597.jpg
I0825 21:47:26.727381    47 feature_extraction.cc:283]   Dimensions:      3840 x 2160
I0825 21:47:26.727383    47 feature_extraction.cc:286]   Camera:          #597 - SIMPLE_RADIAL
I0825 21:47:26.727387    47 feature_extraction.cc:289]   Focal Length:    4608.00px
I0825 21:47:26.727396    47 feature_extraction.cc:302]   Features:        12834
I0825 21:47:27.590096    47 feature_extraction.cc:254] Processed file [598/795]
I0825 21:47:27.590142    47 feature_extraction.cc:257]   Name:            frame_000598.jpg
I0825 21:47:27.590148    47 feature_extraction.cc:283]   Dimensions:      3840 x 2160
I0825 21:47:27.590152    47 feature_extraction.cc:286]   Camera:          #598 - SIMPLE_RADIAL
I0825 21:47:27.590154    47 feature_extraction.cc:289]   Focal Length:    4608.00px
I0825 21:47:27.590162    47 feature_extraction.cc:302]   Features:        11886
I0825 21:47:28.115480    47 feature_extraction.cc:254] Processed file [599/795]
I0825 21:47:28.115530    47 feature_extraction.cc:257]   Name:            frame_000599.jpg
I0825 21:47:28.115538    47 feature_extraction.cc:283]   Dimensions:      3840 x 2160
I0825 21:47:28.115540    47 feature_extraction.cc:286]   Camera:          #599 - SIMPLE_RADIAL
I0825 21:47:28.115545    47 feature_extraction.cc:289]   Focal Length:    4608.00px
I0825 21:47:28.115552    47 feature_extraction.cc:302]   Features:        11603
I0825 21:47:30.102228    47 feature_extraction.cc:254] Processed file [600/795]
I0825 21:47:30.102279    47 feature_extraction.cc:257]   Name:            frame_000600.jpg
I0825 21:47:30.102288    47 feature_extraction.cc:283]   Dimensions:      3840 x 2160
I0825 21:47:30.102290    47 feature_extraction.cc:286]   Camera:          #600 - SIMPLE_RADIAL
I0825 21:47:30.102294    47 feature_extraction.cc:289]   Focal Length:    4608.00px
I0825 21:47:30.102303    47 feature_extraction.cc:302]   Features:        10879
I0825 21:47:30.685149    47 feature_extraction.cc:254] Processed file [601/795]
I0825 21:47:30.685209    47 feature_extraction.cc:257]   Name:            frame_000601.jpg
I0825 21:47:30.685220    47 feature_extraction.cc:283]   Dimensions:      3840 x 2160
I0825 21:47:30.685226    47 feature_extraction.cc:286]   Camera:          #601 - SIMPLE_RADIAL
I0825 21:47:30.685231    47 feature_extraction.cc:289]   Focal Length:    4608.00px
I0825 21:47:30.685241    47 feature_extraction.cc:302]   Features:        10707
I0825 21:47:31.900925    47 feature_extraction.cc:254] Processed file [602/795]
I0825 21:47:31.900974    47 feature_extraction.cc:257]   Name:            frame_000602.jpg
I0825 21:47:31.900981    47 feature_extraction.cc:283]   Dimensions:      3840 x 2160
I0825 21:47:31.900985    47 feature_extraction.cc:286]   Camera:          #602 - SIMPLE_RADIAL
I0825 21:47:31.900990    47 feature_extraction.cc:289]   Focal Length:    4608.00px
I0825 21:47:31.900997    47 feature_extraction.cc:302]   Features:        10409
I0825 21:47:33.782337    47 feature_extraction.cc:254] Processed file [603/795]
I0825 21:47:33.782388    47 feature_extraction.cc:257]   Name:            frame_000603.jpg
I0825 21:47:33.782397    47 feature_extraction.cc:283]   Dimensions:      3840 x 2160
I0825 21:47:33.782400    47 feature_extraction.cc:286]   Camera:          #603 - SIMPLE_RADIAL
I0825 21:47:33.782404    47 feature_extraction.cc:289]   Focal Length:    4608.00px
I0825 21:47:33.782413    47 feature_extraction.cc:302]   Features:        10725
I0825 21:47:35.204870    47 feature_extraction.cc:254] Processed file [604/795]
I0825 21:47:35.204955    47 feature_extraction.cc:257]   Name:            frame_000604.jpg
I0825 21:47:35.204965    47 feature_extraction.cc:283]   Dimensions:      3840 x 2160
I0825 21:47:35.204969    47 feature_extraction.cc:286]   Camera:          #604 - SIMPLE_RADIAL
I0825 21:47:35.204974    47 feature_extraction.cc:289]   Focal Length:    4608.00px
I0825 21:47:35.204985    47 feature_extraction.cc:302]   Features:        10171
I0825 21:47:35.700846    47 feature_extraction.cc:254] Processed file [605/795]
I0825 21:47:35.700927    47 feature_extraction.cc:257]   Name:            frame_000605.jpg
I0825 21:47:35.700942    47 feature_extraction.cc:283]   Dimensions:      3840 x 2160
I0825 21:47:35.700946    47 feature_extraction.cc:286]   Camera:          #605 - SIMPLE_RADIAL
I0825 21:47:35.700953    47 feature_extraction.cc:289]   Focal Length:    4608.00px
I0825 21:47:35.700969    47 feature_extraction.cc:302]   Features:        9719
I0825 21:47:37.889730    47 feature_extraction.cc:254] Processed file [606/795]
I0825 21:47:37.889758    47 feature_extraction.cc:257]   Name:            frame_000606.jpg
I0825 21:47:37.889761    47 feature_extraction.cc:283]   Dimensions:      3840 x 2160
I0825 21:47:37.889763    47 feature_extraction.cc:286]   Camera:          #606 - SIMPLE_RADIAL
I0825 21:47:37.889767    47 feature_extraction.cc:289]   Focal Length:    4608.00px
I0825 21:47:37.889775    47 feature_extraction.cc:302]   Features:        9403
I0825 21:47:38.589987    47 feature_extraction.cc:254] Processed file [607/795]
I0825 21:47:38.590073    47 feature_extraction.cc:257]   Name:            frame_000607.jpg
I0825 21:47:38.590083    47 feature_extraction.cc:283]   Dimensions:      3840 x 2160
I0825 21:47:38.590086    47 feature_extraction.cc:286]   Camera:          #607 - SIMPLE_RADIAL
I0825 21:47:38.590096    47 feature_extraction.cc:289]   Focal Length:    4608.00px
I0825 21:47:38.590113    47 feature_extraction.cc:302]   Features:        9839
I0825 21:47:39.507465    47 feature_extraction.cc:254] Processed file [608/795]
I0825 21:47:39.507514    47 feature_extraction.cc:257]   Name:            frame_000608.jpg
I0825 21:47:39.507520    47 feature_extraction.cc:283]   Dimensions:      3840 x 2160
I0825 21:47:39.507524    47 feature_extraction.cc:286]   Camera:          #608 - SIMPLE_RADIAL
I0825 21:47:39.507526    47 feature_extraction.cc:289]   Focal Length:    4608.00px
I0825 21:47:39.507534    47 feature_extraction.cc:302]   Features:        8784
I0825 21:47:40.872293    47 feature_extraction.cc:254] Processed file [609/795]
I0825 21:47:40.872344    47 feature_extraction.cc:257]   Name:            frame_000609.jpg
I0825 21:47:40.872351    47 feature_extraction.cc:283]   Dimensions:      3840 x 2160
I0825 21:47:40.872354    47 feature_extraction.cc:286]   Camera:          #609 - SIMPLE_RADIAL
I0825 21:47:40.872359    47 feature_extraction.cc:289]   Focal Length:    4608.00px
I0825 21:47:40.872368    47 feature_extraction.cc:302]   Features:        8880
I0825 21:47:41.572772    47 feature_extraction.cc:254] Processed file [610/795]
I0825 21:47:41.572818    47 feature_extraction.cc:257]   Name:            frame_000610.jpg
I0825 21:47:41.572825    47 feature_extraction.cc:283]   Dimensions:      3840 x 2160
I0825 21:47:41.572829    47 feature_extraction.cc:286]   Camera:          #610 - SIMPLE_RADIAL
I0825 21:47:41.572832    47 feature_extraction.cc:289]   Focal Length:    4608.00px
I0825 21:47:41.572839    47 feature_extraction.cc:302]   Features:        8917
I0825 21:47:41.957998    47 feature_extraction.cc:254] Processed file [611/795]
I0825 21:47:41.958045    47 feature_extraction.cc:257]   Name:            frame_000611.jpg
I0825 21:47:41.958055    47 feature_extraction.cc:283]   Dimensions:      3840 x 2160
I0825 21:47:41.958058    47 feature_extraction.cc:286]   Camera:          #611 - SIMPLE_RADIAL
I0825 21:47:41.958061    47 feature_extraction.cc:289]   Focal Length:    4608.00px
I0825 21:47:41.958069    47 feature_extraction.cc:302]   Features:        9466
I0825 21:47:43.432545    47 feature_extraction.cc:254] Processed file [612/795]
I0825 21:47:43.432597    47 feature_extraction.cc:257]   Name:            frame_000612.jpg
I0825 21:47:43.432605    47 feature_extraction.cc:283]   Dimensions:      3840 x 2160
I0825 21:47:43.432607    47 feature_extraction.cc:286]   Camera:          #612 - SIMPLE_RADIAL
I0825 21:47:43.432611    47 feature_extraction.cc:289]   Focal Length:    4608.00px
I0825 21:47:43.432619    47 feature_extraction.cc:302]   Features:        10084
I0825 21:47:43.829391    47 feature_extraction.cc:254] Processed file [613/795]
I0825 21:47:43.829442    47 feature_extraction.cc:257]   Name:            frame_000613.jpg
I0825 21:47:43.829454    47 feature_extraction.cc:283]   Dimensions:      3840 x 2160
I0825 21:47:43.829459    47 feature_extraction.cc:286]   Camera:          #613 - SIMPLE_RADIAL
I0825 21:47:43.829465    47 feature_extraction.cc:289]   Focal Length:    4608.00px
I0825 21:47:43.829473    47 feature_extraction.cc:302]   Features:        9661
I0825 21:47:44.566140    47 feature_extraction.cc:254] Processed file [614/795]
I0825 21:47:44.566187    47 feature_extraction.cc:257]   Name:            frame_000614.jpg
I0825 21:47:44.566195    47 feature_extraction.cc:283]   Dimensions:      3840 x 2160
I0825 21:47:44.566197    47 feature_extraction.cc:286]   Camera:          #614 - SIMPLE_RADIAL
I0825 21:47:44.566201    47 feature_extraction.cc:289]   Focal Length:    4608.00px
I0825 21:47:44.566210    47 feature_extraction.cc:302]   Features:        9804
I0825 21:47:45.831720    47 feature_extraction.cc:254] Processed file [615/795]
I0825 21:47:45.831768    47 feature_extraction.cc:257]   Name:            frame_000615.jpg
I0825 21:47:45.831775    47 feature_extraction.cc:283]   Dimensions:      3840 x 2160
I0825 21:47:45.831779    47 feature_extraction.cc:286]   Camera:          #615 - SIMPLE_RADIAL
I0825 21:47:45.831782    47 feature_extraction.cc:289]   Focal Length:    4608.00px
I0825 21:47:45.831790    47 feature_extraction.cc:302]   Features:        9972
I0825 21:47:46.579101    47 feature_extraction.cc:254] Processed file [616/795]
I0825 21:47:46.579149    47 feature_extraction.cc:257]   Name:            frame_000616.jpg
I0825 21:47:46.579155    47 feature_extraction.cc:283]   Dimensions:      3840 x 2160
I0825 21:47:46.579159    47 feature_extraction.cc:286]   Camera:          #616 - SIMPLE_RADIAL
I0825 21:47:46.579161    47 feature_extraction.cc:289]   Focal Length:    4608.00px
I0825 21:47:46.579169    47 feature_extraction.cc:302]   Features:        9556
I0825 21:47:47.024039    47 feature_extraction.cc:254] Processed file [617/795]
I0825 21:47:47.024089    47 feature_extraction.cc:257]   Name:            frame_000617.jpg
I0825 21:47:47.024097    47 feature_extraction.cc:283]   Dimensions:      3840 x 2160
I0825 21:47:47.024101    47 feature_extraction.cc:286]   Camera:          #617 - SIMPLE_RADIAL
I0825 21:47:47.024104    47 feature_extraction.cc:289]   Focal Length:    4608.00px
I0825 21:47:47.024111    47 feature_extraction.cc:302]   Features:        9633
I0825 21:47:48.659825    47 feature_extraction.cc:254] Processed file [618/795]
I0825 21:47:48.659873    47 feature_extraction.cc:257]   Name:            frame_000618.jpg
I0825 21:47:48.659880    47 feature_extraction.cc:283]   Dimensions:      3840 x 2160
I0825 21:47:48.659883    47 feature_extraction.cc:286]   Camera:          #618 - SIMPLE_RADIAL
I0825 21:47:48.659888    47 feature_extraction.cc:289]   Focal Length:    4608.00px
I0825 21:47:48.659895    47 feature_extraction.cc:302]   Features:        9524
I0825 21:47:49.093448    47 feature_extraction.cc:254] Processed file [619/795]
I0825 21:47:49.093499    47 feature_extraction.cc:257]   Name:            frame_000619.jpg
I0825 21:47:49.093509    47 feature_extraction.cc:283]   Dimensions:      3840 x 2160
I0825 21:47:49.093513    47 feature_extraction.cc:286]   Camera:          #619 - SIMPLE_RADIAL
I0825 21:47:49.093516    47 feature_extraction.cc:289]   Focal Length:    4608.00px
I0825 21:47:49.093526    47 feature_extraction.cc:302]   Features:        9428
I0825 21:47:49.870200    47 feature_extraction.cc:254] Processed file [620/795]
I0825 21:47:49.870246    47 feature_extraction.cc:257]   Name:            frame_000620.jpg
I0825 21:47:49.870253    47 feature_extraction.cc:283]   Dimensions:      3840 x 2160
I0825 21:47:49.870256    47 feature_extraction.cc:286]   Camera:          #620 - SIMPLE_RADIAL
I0825 21:47:49.870260    47 feature_extraction.cc:289]   Focal Length:    4608.00px
I0825 21:47:49.870267    47 feature_extraction.cc:302]   Features:        9420
I0825 21:47:51.278275    47 feature_extraction.cc:254] Processed file [621/795]
I0825 21:47:51.278322    47 feature_extraction.cc:257]   Name:            frame_000621.jpg
I0825 21:47:51.278333    47 feature_extraction.cc:283]   Dimensions:      3840 x 2160
I0825 21:47:51.278335    47 feature_extraction.cc:286]   Camera:          #621 - SIMPLE_RADIAL
I0825 21:47:51.278339    47 feature_extraction.cc:289]   Focal Length:    4608.00px
I0825 21:47:51.278347    47 feature_extraction.cc:302]   Features:        9437
I0825 21:47:51.978123    47 feature_extraction.cc:254] Processed file [622/795]
I0825 21:47:51.978168    47 feature_extraction.cc:257]   Name:            frame_000622.jpg
I0825 21:47:51.978175    47 feature_extraction.cc:283]   Dimensions:      3840 x 2160
I0825 21:47:51.978178    47 feature_extraction.cc:286]   Camera:          #622 - SIMPLE_RADIAL
I0825 21:47:51.978181    47 feature_extraction.cc:289]   Focal Length:    4608.00px
I0825 21:47:51.978188    47 feature_extraction.cc:302]   Features:        9312
I0825 21:47:52.366052    47 feature_extraction.cc:254] Processed file [623/795]
I0825 21:47:52.366104    47 feature_extraction.cc:257]   Name:            frame_000623.jpg
I0825 21:47:52.366111    47 feature_extraction.cc:283]   Dimensions:      3840 x 2160
I0825 21:47:52.366114    47 feature_extraction.cc:286]   Camera:          #623 - SIMPLE_RADIAL
I0825 21:47:52.366118    47 feature_extraction.cc:289]   Focal Length:    4608.00px
I0825 21:47:52.366125    47 feature_extraction.cc:302]   Features:        9511
I0825 21:47:53.882855    47 feature_extraction.cc:254] Processed file [624/795]
I0825 21:47:53.882905    47 feature_extraction.cc:257]   Name:            frame_000624.jpg
I0825 21:47:53.882912    47 feature_extraction.cc:283]   Dimensions:      3840 x 2160
I0825 21:47:53.882915    47 feature_extraction.cc:286]   Camera:          #624 - SIMPLE_RADIAL
I0825 21:47:53.882920    47 feature_extraction.cc:289]   Focal Length:    4608.00px
I0825 21:47:53.882928    47 feature_extraction.cc:302]   Features:        9581
I0825 21:47:54.336413    47 feature_extraction.cc:254] Processed file [625/795]
I0825 21:47:54.336462    47 feature_extraction.cc:257]   Name:            frame_000625.jpg
I0825 21:47:54.336472    47 feature_extraction.cc:283]   Dimensions:      3840 x 2160
I0825 21:47:54.336478    47 feature_extraction.cc:286]   Camera:          #625 - SIMPLE_RADIAL
I0825 21:47:54.336485    47 feature_extraction.cc:289]   Focal Length:    4608.00px
I0825 21:47:54.336499    47 feature_extraction.cc:302]   Features:        9529
I0825 21:47:55.044831    47 feature_extraction.cc:254] Processed file [626/795]
I0825 21:47:55.044879    47 feature_extraction.cc:257]   Name:            frame_000626.jpg
I0825 21:47:55.044885    47 feature_extraction.cc:283]   Dimensions:      3840 x 2160
I0825 21:47:55.044888    47 feature_extraction.cc:286]   Camera:          #626 - SIMPLE_RADIAL
I0825 21:47:55.044893    47 feature_extraction.cc:289]   Focal Length:    4608.00px
I0825 21:47:55.044899    47 feature_extraction.cc:302]   Features:        9405
I0825 21:47:56.324465    47 feature_extraction.cc:254] Processed file [627/795]
I0825 21:47:56.324517    47 feature_extraction.cc:257]   Name:            frame_000627.jpg
I0825 21:47:56.324525    47 feature_extraction.cc:283]   Dimensions:      3840 x 2160
I0825 21:47:56.324528    47 feature_extraction.cc:286]   Camera:          #627 - SIMPLE_RADIAL
I0825 21:47:56.324532    47 feature_extraction.cc:289]   Focal Length:    4608.00px
I0825 21:47:56.324540    47 feature_extraction.cc:302]   Features:        9290
I0825 21:47:57.017184    47 feature_extraction.cc:254] Processed file [628/795]
I0825 21:47:57.017230    47 feature_extraction.cc:257]   Name:            frame_000628.jpg
I0825 21:47:57.017236    47 feature_extraction.cc:283]   Dimensions:      3840 x 2160
I0825 21:47:57.017239    47 feature_extraction.cc:286]   Camera:          #628 - SIMPLE_RADIAL
I0825 21:47:57.017243    47 feature_extraction.cc:289]   Focal Length:    4608.00px
I0825 21:47:57.017251    47 feature_extraction.cc:302]   Features:        9225
I0825 21:47:57.410091    47 feature_extraction.cc:254] Processed file [629/795]
I0825 21:47:57.410137    47 feature_extraction.cc:257]   Name:            frame_000629.jpg
I0825 21:47:57.410147    47 feature_extraction.cc:283]   Dimensions:      3840 x 2160
I0825 21:47:57.410151    47 feature_extraction.cc:286]   Camera:          #629 - SIMPLE_RADIAL
I0825 21:47:57.410153    47 feature_extraction.cc:289]   Focal Length:    4608.00px
I0825 21:47:57.410161    47 feature_extraction.cc:302]   Features:        9141
I0825 21:47:58.909170    47 feature_extraction.cc:254] Processed file [630/795]
I0825 21:47:58.909214    47 feature_extraction.cc:257]   Name:            frame_000630.jpg
I0825 21:47:58.909222    47 feature_extraction.cc:283]   Dimensions:      3840 x 2160
I0825 21:47:58.909224    47 feature_extraction.cc:286]   Camera:          #630 - SIMPLE_RADIAL
I0825 21:47:58.909228    47 feature_extraction.cc:289]   Focal Length:    4608.00px
I0825 21:47:58.909237    47 feature_extraction.cc:302]   Features:        9142
I0825 21:47:59.316037    47 feature_extraction.cc:254] Processed file [631/795]
I0825 21:47:59.316088    47 feature_extraction.cc:257]   Name:            frame_000631.jpg
I0825 21:47:59.316100    47 feature_extraction.cc:283]   Dimensions:      3840 x 2160
I0825 21:47:59.316107    47 feature_extraction.cc:286]   Camera:          #631 - SIMPLE_RADIAL
I0825 21:47:59.316110    47 feature_extraction.cc:289]   Focal Length:    4608.00px
I0825 21:47:59.316119    47 feature_extraction.cc:302]   Features:        8831
I0825 21:47:59.998023    47 feature_extraction.cc:254] Processed file [632/795]
I0825 21:47:59.998070    47 feature_extraction.cc:257]   Name:            frame_000632.jpg
I0825 21:47:59.998076    47 feature_extraction.cc:283]   Dimensions:      3840 x 2160
I0825 21:47:59.998080    47 feature_extraction.cc:286]   Camera:          #632 - SIMPLE_RADIAL
I0825 21:47:59.998083    47 feature_extraction.cc:289]   Focal Length:    4608.00px
I0825 21:47:59.998091    47 feature_extraction.cc:302]   Features:        8645
I0825 21:48:01.173743    47 feature_extraction.cc:254] Processed file [633/795]
I0825 21:48:01.173789    47 feature_extraction.cc:257]   Name:            frame_000633.jpg
I0825 21:48:01.173796    47 feature_extraction.cc:283]   Dimensions:      3840 x 2160
I0825 21:48:01.173799    47 feature_extraction.cc:286]   Camera:          #633 - SIMPLE_RADIAL
I0825 21:48:01.173803    47 feature_extraction.cc:289]   Focal Length:    4608.00px
I0825 21:48:01.173812    47 feature_extraction.cc:302]   Features:        8431
I0825 21:48:01.807760    47 feature_extraction.cc:254] Processed file [634/795]
I0825 21:48:01.807806    47 feature_extraction.cc:257]   Name:            frame_000634.jpg
I0825 21:48:01.807813    47 feature_extraction.cc:283]   Dimensions:      3840 x 2160
I0825 21:48:01.807863    47 feature_extraction.cc:286]   Camera:          #634 - SIMPLE_RADIAL
I0825 21:48:01.807869    47 feature_extraction.cc:289]   Focal Length:    4608.00px
I0825 21:48:01.807878    47 feature_extraction.cc:302]   Features:        8575
I0825 21:48:02.187677    47 feature_extraction.cc:254] Processed file [635/795]
I0825 21:48:02.187729    47 feature_extraction.cc:257]   Name:            frame_000635.jpg
I0825 21:48:02.187736    47 feature_extraction.cc:283]   Dimensions:      3840 x 2160
I0825 21:48:02.187739    47 feature_extraction.cc:286]   Camera:          #635 - SIMPLE_RADIAL
I0825 21:48:02.187742    47 feature_extraction.cc:289]   Focal Length:    4608.00px
I0825 21:48:02.187750    47 feature_extraction.cc:302]   Features:        8893
I0825 21:48:02.935521    47 feature_extraction.cc:254] Processed file [636/795]
I0825 21:48:02.935568    47 feature_extraction.cc:257]   Name:            frame_000636.jpg
I0825 21:48:02.935575    47 feature_extraction.cc:283]   Dimensions:      3840 x 2160
I0825 21:48:02.935577    47 feature_extraction.cc:286]   Camera:          #636 - SIMPLE_RADIAL
I0825 21:48:02.935581    47 feature_extraction.cc:289]   Focal Length:    4608.00px
I0825 21:48:02.935590    47 feature_extraction.cc:302]   Features:        8587
I0825 21:48:04.258991    47 feature_extraction.cc:254] Processed file [637/795]
I0825 21:48:04.259040    47 feature_extraction.cc:257]   Name:            frame_000637.jpg
I0825 21:48:04.259047    47 feature_extraction.cc:283]   Dimensions:      3840 x 2160
I0825 21:48:04.259050    47 feature_extraction.cc:286]   Camera:          #637 - SIMPLE_RADIAL
I0825 21:48:04.259054    47 feature_extraction.cc:289]   Focal Length:    4608.00px
I0825 21:48:04.259063    47 feature_extraction.cc:302]   Features:        8787
I0825 21:48:04.991556    47 feature_extraction.cc:254] Processed file [638/795]
I0825 21:48:04.991603    47 feature_extraction.cc:257]   Name:            frame_000638.jpg
I0825 21:48:04.991611    47 feature_extraction.cc:283]   Dimensions:      3840 x 2160
I0825 21:48:04.991613    47 feature_extraction.cc:286]   Camera:          #638 - SIMPLE_RADIAL
I0825 21:48:04.991616    47 feature_extraction.cc:289]   Focal Length:    4608.00px
I0825 21:48:04.991626    47 feature_extraction.cc:302]   Features:        8903
I0825 21:48:05.373828    47 feature_extraction.cc:254] Processed file [639/795]
I0825 21:48:05.373872    47 feature_extraction.cc:257]   Name:            frame_000639.jpg
I0825 21:48:05.373880    47 feature_extraction.cc:283]   Dimensions:      3840 x 2160
I0825 21:48:05.373883    47 feature_extraction.cc:286]   Camera:          #639 - SIMPLE_RADIAL
I0825 21:48:05.373889    47 feature_extraction.cc:289]   Focal Length:    4608.00px
I0825 21:48:05.373898    47 feature_extraction.cc:302]   Features:        9011
I0825 21:48:06.831806    47 feature_extraction.cc:254] Processed file [640/795]
I0825 21:48:06.831907    47 feature_extraction.cc:257]   Name:            frame_000640.jpg
I0825 21:48:06.831915    47 feature_extraction.cc:283]   Dimensions:      3840 x 2160
I0825 21:48:06.831918    47 feature_extraction.cc:286]   Camera:          #640 - SIMPLE_RADIAL
I0825 21:48:06.831923    47 feature_extraction.cc:289]   Focal Length:    4608.00px
I0825 21:48:06.831931    47 feature_extraction.cc:302]   Features:        9271
I0825 21:48:07.226271    47 feature_extraction.cc:254] Processed file [641/795]
I0825 21:48:07.226323    47 feature_extraction.cc:257]   Name:            frame_000641.jpg
I0825 21:48:07.226331    47 feature_extraction.cc:283]   Dimensions:      3840 x 2160
I0825 21:48:07.226336    47 feature_extraction.cc:286]   Camera:          #641 - SIMPLE_RADIAL
I0825 21:48:07.226344    47 feature_extraction.cc:289]   Focal Length:    4608.00px
I0825 21:48:07.226356    47 feature_extraction.cc:302]   Features:        9519
I0825 21:48:07.998677    47 feature_extraction.cc:254] Processed file [642/795]
I0825 21:48:07.998720    47 feature_extraction.cc:257]   Name:            frame_000642.jpg
I0825 21:48:07.998728    47 feature_extraction.cc:283]   Dimensions:      3840 x 2160
I0825 21:48:07.998730    47 feature_extraction.cc:286]   Camera:          #642 - SIMPLE_RADIAL
I0825 21:48:07.998733    47 feature_extraction.cc:289]   Focal Length:    4608.00px
I0825 21:48:07.998742    47 feature_extraction.cc:302]   Features:        9005
I0825 21:48:09.170956    47 feature_extraction.cc:254] Processed file [643/795]
I0825 21:48:09.171011    47 feature_extraction.cc:257]   Name:            frame_000643.jpg
I0825 21:48:09.171020    47 feature_extraction.cc:283]   Dimensions:      3840 x 2160
I0825 21:48:09.171022    47 feature_extraction.cc:286]   Camera:          #643 - SIMPLE_RADIAL
I0825 21:48:09.171025    47 feature_extraction.cc:289]   Focal Length:    4608.00px
I0825 21:48:09.171034    47 feature_extraction.cc:302]   Features:        8698
I0825 21:48:09.933749    47 feature_extraction.cc:254] Processed file [644/795]
I0825 21:48:09.933799    47 feature_extraction.cc:257]   Name:            frame_000644.jpg
I0825 21:48:09.933806    47 feature_extraction.cc:283]   Dimensions:      3840 x 2160
I0825 21:48:09.933809    47 feature_extraction.cc:286]   Camera:          #644 - SIMPLE_RADIAL
I0825 21:48:09.933813    47 feature_extraction.cc:289]   Focal Length:    4608.00px
I0825 21:48:09.933822    47 feature_extraction.cc:302]   Features:        9051
I0825 21:48:10.312903    47 feature_extraction.cc:254] Processed file [645/795]
I0825 21:48:10.312955    47 feature_extraction.cc:257]   Name:            frame_000645.jpg
I0825 21:48:10.312963    47 feature_extraction.cc:283]   Dimensions:      3840 x 2160
I0825 21:48:10.312969    47 feature_extraction.cc:286]   Camera:          #645 - SIMPLE_RADIAL
I0825 21:48:10.312974    47 feature_extraction.cc:289]   Focal Length:    4608.00px
I0825 21:48:10.312983    47 feature_extraction.cc:302]   Features:        9237
I0825 21:48:11.860786    47 feature_extraction.cc:254] Processed file [646/795]
I0825 21:48:11.860834    47 feature_extraction.cc:257]   Name:            frame_000646.jpg
I0825 21:48:11.860842    47 feature_extraction.cc:283]   Dimensions:      3840 x 2160
I0825 21:48:11.860845    47 feature_extraction.cc:286]   Camera:          #646 - SIMPLE_RADIAL
I0825 21:48:11.860848    47 feature_extraction.cc:289]   Focal Length:    4608.00px
I0825 21:48:11.860857    47 feature_extraction.cc:302]   Features:        9305
I0825 21:48:12.236342    47 feature_extraction.cc:254] Processed file [647/795]
I0825 21:48:12.236390    47 feature_extraction.cc:257]   Name:            frame_000647.jpg
I0825 21:48:12.236399    47 feature_extraction.cc:283]   Dimensions:      3840 x 2160
I0825 21:48:12.236405    47 feature_extraction.cc:286]   Camera:          #647 - SIMPLE_RADIAL
I0825 21:48:12.236411    47 feature_extraction.cc:289]   Focal Length:    4608.00px
I0825 21:48:12.236424    47 feature_extraction.cc:302]   Features:        9357
I0825 21:48:13.018021    47 feature_extraction.cc:254] Processed file [648/795]
I0825 21:48:13.018065    47 feature_extraction.cc:257]   Name:            frame_000648.jpg
I0825 21:48:13.018071    47 feature_extraction.cc:283]   Dimensions:      3840 x 2160
I0825 21:48:13.018074    47 feature_extraction.cc:286]   Camera:          #648 - SIMPLE_RADIAL
I0825 21:48:13.018078    47 feature_extraction.cc:289]   Focal Length:    4608.00px
I0825 21:48:13.018085    47 feature_extraction.cc:302]   Features:        8849
I0825 21:48:14.156945    47 feature_extraction.cc:254] Processed file [649/795]
I0825 21:48:14.156994    47 feature_extraction.cc:257]   Name:            frame_000649.jpg
I0825 21:48:14.157001    47 feature_extraction.cc:283]   Dimensions:      3840 x 2160
I0825 21:48:14.157004    47 feature_extraction.cc:286]   Camera:          #649 - SIMPLE_RADIAL
I0825 21:48:14.157007    47 feature_extraction.cc:289]   Focal Length:    4608.00px
I0825 21:48:14.157015    47 feature_extraction.cc:302]   Features:        8729
I0825 21:48:14.951212    47 feature_extraction.cc:254] Processed file [650/795]
I0825 21:48:14.951260    47 feature_extraction.cc:257]   Name:            frame_000650.jpg
I0825 21:48:14.951267    47 feature_extraction.cc:283]   Dimensions:      3840 x 2160
I0825 21:48:14.951269    47 feature_extraction.cc:286]   Camera:          #650 - SIMPLE_RADIAL
I0825 21:48:14.951273    47 feature_extraction.cc:289]   Focal Length:    4608.00px
I0825 21:48:14.951282    47 feature_extraction.cc:302]   Features:        8691
I0825 21:48:15.326543    47 feature_extraction.cc:254] Processed file [651/795]
I0825 21:48:15.326607    47 feature_extraction.cc:257]   Name:            frame_000651.jpg
I0825 21:48:15.326619    47 feature_extraction.cc:283]   Dimensions:      3840 x 2160
I0825 21:48:15.326623    47 feature_extraction.cc:286]   Camera:          #651 - SIMPLE_RADIAL
I0825 21:48:15.326627    47 feature_extraction.cc:289]   Focal Length:    4608.00px
I0825 21:48:15.326637    47 feature_extraction.cc:302]   Features:        8736
I0825 21:48:16.845227    47 feature_extraction.cc:254] Processed file [652/795]
I0825 21:48:16.845273    47 feature_extraction.cc:257]   Name:            frame_000652.jpg
I0825 21:48:16.845279    47 feature_extraction.cc:283]   Dimensions:      3840 x 2160
I0825 21:48:16.845281    47 feature_extraction.cc:286]   Camera:          #652 - SIMPLE_RADIAL
I0825 21:48:16.845285    47 feature_extraction.cc:289]   Focal Length:    4608.00px
I0825 21:48:16.845293    47 feature_extraction.cc:302]   Features:        8506
I0825 21:48:17.224323    47 feature_extraction.cc:254] Processed file [653/795]
I0825 21:48:17.224375    47 feature_extraction.cc:257]   Name:            frame_000653.jpg
I0825 21:48:17.224385    47 feature_extraction.cc:283]   Dimensions:      3840 x 2160
I0825 21:48:17.224387    47 feature_extraction.cc:286]   Camera:          #653 - SIMPLE_RADIAL
I0825 21:48:17.224391    47 feature_extraction.cc:289]   Focal Length:    4608.00px
I0825 21:48:17.224398    47 feature_extraction.cc:302]   Features:        8243
I0825 21:48:17.929323    47 feature_extraction.cc:254] Processed file [654/795]
I0825 21:48:17.929370    47 feature_extraction.cc:257]   Name:            frame_000654.jpg
I0825 21:48:17.929376    47 feature_extraction.cc:283]   Dimensions:      3840 x 2160
I0825 21:48:17.929379    47 feature_extraction.cc:286]   Camera:          #654 - SIMPLE_RADIAL
I0825 21:48:17.929383    47 feature_extraction.cc:289]   Focal Length:    4608.00px
I0825 21:48:17.929390    47 feature_extraction.cc:302]   Features:        8619
I0825 21:48:18.305876    47 feature_extraction.cc:254] Processed file [655/795]
I0825 21:48:18.305927    47 feature_extraction.cc:257]   Name:            frame_000655.jpg
I0825 21:48:18.305934    47 feature_extraction.cc:283]   Dimensions:      3840 x 2160
I0825 21:48:18.305938    47 feature_extraction.cc:286]   Camera:          #655 - SIMPLE_RADIAL
I0825 21:48:18.305940    47 feature_extraction.cc:289]   Focal Length:    4608.00px
I0825 21:48:18.305948    47 feature_extraction.cc:302]   Features:        9245
I0825 21:48:20.140308    47 feature_extraction.cc:254] Processed file [656/795]
I0825 21:48:20.140364    47 feature_extraction.cc:257]   Name:            frame_000656.jpg
I0825 21:48:20.140373    47 feature_extraction.cc:283]   Dimensions:      3840 x 2160
I0825 21:48:20.140376    47 feature_extraction.cc:286]   Camera:          #656 - SIMPLE_RADIAL
I0825 21:48:20.140379    47 feature_extraction.cc:289]   Focal Length:    4608.00px
I0825 21:48:20.140388    47 feature_extraction.cc:302]   Features:        9933
I0825 21:48:20.578421    47 feature_extraction.cc:254] Processed file [657/795]
I0825 21:48:20.578472    47 feature_extraction.cc:257]   Name:            frame_000657.jpg
I0825 21:48:20.578480    47 feature_extraction.cc:283]   Dimensions:      3840 x 2160
I0825 21:48:20.578483    47 feature_extraction.cc:286]   Camera:          #657 - SIMPLE_RADIAL
I0825 21:48:20.578490    47 feature_extraction.cc:289]   Focal Length:    4608.00px
I0825 21:48:20.578502    47 feature_extraction.cc:302]   Features:        10372
I0825 21:48:21.391300    47 feature_extraction.cc:254] Processed file [658/795]
I0825 21:48:21.391345    47 feature_extraction.cc:257]   Name:            frame_000658.jpg
I0825 21:48:21.391351    47 feature_extraction.cc:283]   Dimensions:      3840 x 2160
I0825 21:48:21.391355    47 feature_extraction.cc:286]   Camera:          #658 - SIMPLE_RADIAL
I0825 21:48:21.391358    47 feature_extraction.cc:289]   Focal Length:    4608.00px
I0825 21:48:21.391366    47 feature_extraction.cc:302]   Features:        10636
I0825 21:48:22.744140    47 feature_extraction.cc:254] Processed file [659/795]
I0825 21:48:22.744189    47 feature_extraction.cc:257]   Name:            frame_000659.jpg
I0825 21:48:22.744196    47 feature_extraction.cc:283]   Dimensions:      3840 x 2160
I0825 21:48:22.744199    47 feature_extraction.cc:286]   Camera:          #659 - SIMPLE_RADIAL
I0825 21:48:22.744203    47 feature_extraction.cc:289]   Focal Length:    4608.00px
I0825 21:48:22.744211    47 feature_extraction.cc:302]   Features:        10872
I0825 21:48:23.592794    47 feature_extraction.cc:254] Processed file [660/795]
I0825 21:48:23.592841    47 feature_extraction.cc:257]   Name:            frame_000660.jpg
I0825 21:48:23.592849    47 feature_extraction.cc:283]   Dimensions:      3840 x 2160
I0825 21:48:23.592851    47 feature_extraction.cc:286]   Camera:          #660 - SIMPLE_RADIAL
I0825 21:48:23.592854    47 feature_extraction.cc:289]   Focal Length:    4608.00px
I0825 21:48:23.592862    47 feature_extraction.cc:302]   Features:        9423
I0825 21:48:24.015667    47 feature_extraction.cc:254] Processed file [661/795]
I0825 21:48:24.015713    47 feature_extraction.cc:257]   Name:            frame_000661.jpg
I0825 21:48:24.015722    47 feature_extraction.cc:283]   Dimensions:      3840 x 2160
I0825 21:48:24.015724    47 feature_extraction.cc:286]   Camera:          #661 - SIMPLE_RADIAL
I0825 21:48:24.015727    47 feature_extraction.cc:289]   Focal Length:    4608.00px
I0825 21:48:24.015735    47 feature_extraction.cc:302]   Features:        11584
I0825 21:48:25.756678    47 feature_extraction.cc:254] Processed file [662/795]
I0825 21:48:25.756724    47 feature_extraction.cc:257]   Name:            frame_000662.jpg
I0825 21:48:25.756732    47 feature_extraction.cc:283]   Dimensions:      3840 x 2160
I0825 21:48:25.756735    47 feature_extraction.cc:286]   Camera:          #662 - SIMPLE_RADIAL
I0825 21:48:25.756738    47 feature_extraction.cc:289]   Focal Length:    4608.00px
I0825 21:48:25.756747    47 feature_extraction.cc:302]   Features:        9902
I0825 21:48:26.215080    47 feature_extraction.cc:254] Processed file [663/795]
I0825 21:48:26.215127    47 feature_extraction.cc:257]   Name:            frame_000663.jpg
I0825 21:48:26.215134    47 feature_extraction.cc:283]   Dimensions:      3840 x 2160
I0825 21:48:26.215139    47 feature_extraction.cc:286]   Camera:          #663 - SIMPLE_RADIAL
I0825 21:48:26.215147    47 feature_extraction.cc:289]   Focal Length:    4608.00px
I0825 21:48:26.215158    47 feature_extraction.cc:302]   Features:        12751
I0825 21:48:27.066876    47 feature_extraction.cc:254] Processed file [664/795]
I0825 21:48:27.066921    47 feature_extraction.cc:257]   Name:            frame_000664.jpg
I0825 21:48:27.066928    47 feature_extraction.cc:283]   Dimensions:      3840 x 2160
I0825 21:48:27.066931    47 feature_extraction.cc:286]   Camera:          #664 - SIMPLE_RADIAL
I0825 21:48:27.066934    47 feature_extraction.cc:289]   Focal Length:    4608.00px
I0825 21:48:27.066942    47 feature_extraction.cc:302]   Features:        12634
I0825 21:48:28.673987    47 feature_extraction.cc:254] Processed file [665/795]
I0825 21:48:28.674034    47 feature_extraction.cc:257]   Name:            frame_000665.jpg
I0825 21:48:28.674041    47 feature_extraction.cc:283]   Dimensions:      3840 x 2160
I0825 21:48:28.674043    47 feature_extraction.cc:286]   Camera:          #665 - SIMPLE_RADIAL
I0825 21:48:28.674047    47 feature_extraction.cc:289]   Focal Length:    4608.00px
I0825 21:48:28.674055    47 feature_extraction.cc:302]   Features:        12824
I0825 21:48:29.545936    47 feature_extraction.cc:254] Processed file [666/795]
I0825 21:48:29.545981    47 feature_extraction.cc:257]   Name:            frame_000666.jpg
I0825 21:48:29.545989    47 feature_extraction.cc:283]   Dimensions:      3840 x 2160
I0825 21:48:29.545991    47 feature_extraction.cc:286]   Camera:          #666 - SIMPLE_RADIAL
I0825 21:48:29.545995    47 feature_extraction.cc:289]   Focal Length:    4608.00px
I0825 21:48:29.546003    47 feature_extraction.cc:302]   Features:        12614
I0825 21:48:30.060685    47 feature_extraction.cc:254] Processed file [667/795]
I0825 21:48:30.060734    47 feature_extraction.cc:257]   Name:            frame_000667.jpg
I0825 21:48:30.060742    47 feature_extraction.cc:283]   Dimensions:      3840 x 2160
I0825 21:48:30.060748    47 feature_extraction.cc:286]   Camera:          #667 - SIMPLE_RADIAL
I0825 21:48:30.060752    47 feature_extraction.cc:289]   Focal Length:    4608.00px
I0825 21:48:30.060760    47 feature_extraction.cc:302]   Features:        8449
I0825 21:48:31.735159    47 feature_extraction.cc:254] Processed file [668/795]
I0825 21:48:31.735205    47 feature_extraction.cc:257]   Name:            frame_000668.jpg
I0825 21:48:31.735212    47 feature_extraction.cc:283]   Dimensions:      3840 x 2160
I0825 21:48:31.735215    47 feature_extraction.cc:286]   Camera:          #668 - SIMPLE_RADIAL
I0825 21:48:31.735219    47 feature_extraction.cc:289]   Focal Length:    4608.00px
I0825 21:48:31.735227    47 feature_extraction.cc:302]   Features:        8481
I0825 21:48:32.134135    47 feature_extraction.cc:254] Processed file [669/795]
I0825 21:48:32.134178    47 feature_extraction.cc:257]   Name:            frame_000669.jpg
I0825 21:48:32.134186    47 feature_extraction.cc:283]   Dimensions:      3840 x 2160
I0825 21:48:32.134187    47 feature_extraction.cc:286]   Camera:          #669 - SIMPLE_RADIAL
I0825 21:48:32.134191    47 feature_extraction.cc:289]   Focal Length:    4608.00px
I0825 21:48:32.134199    47 feature_extraction.cc:302]   Features:        8770
I0825 21:48:32.832615    47 feature_extraction.cc:254] Processed file [670/795]
I0825 21:48:32.832662    47 feature_extraction.cc:257]   Name:            frame_000670.jpg
I0825 21:48:32.832669    47 feature_extraction.cc:283]   Dimensions:      3840 x 2160
I0825 21:48:32.832672    47 feature_extraction.cc:286]   Camera:          #670 - SIMPLE_RADIAL
I0825 21:48:32.832675    47 feature_extraction.cc:289]   Focal Length:    4608.00px
I0825 21:48:32.832684    47 feature_extraction.cc:302]   Features:        8848
I0825 21:48:34.006115    47 feature_extraction.cc:254] Processed file [671/795]
I0825 21:48:34.006165    47 feature_extraction.cc:257]   Name:            frame_000671.jpg
I0825 21:48:34.006172    47 feature_extraction.cc:283]   Dimensions:      3840 x 2160
I0825 21:48:34.006175    47 feature_extraction.cc:286]   Camera:          #671 - SIMPLE_RADIAL
I0825 21:48:34.006179    47 feature_extraction.cc:289]   Focal Length:    4608.00px
I0825 21:48:34.006186    47 feature_extraction.cc:302]   Features:        13232
I0825 21:48:34.871838    47 feature_extraction.cc:254] Processed file [672/795]
I0825 21:48:34.871883    47 feature_extraction.cc:257]   Name:            frame_000672.jpg
I0825 21:48:34.871891    47 feature_extraction.cc:283]   Dimensions:      3840 x 2160
I0825 21:48:34.871893    47 feature_extraction.cc:286]   Camera:          #672 - SIMPLE_RADIAL
I0825 21:48:34.871897    47 feature_extraction.cc:289]   Focal Length:    4608.00px
I0825 21:48:34.871905    47 feature_extraction.cc:302]   Features:        12761
I0825 21:48:35.436650    47 feature_extraction.cc:254] Processed file [673/795]
I0825 21:48:35.436709    47 feature_extraction.cc:257]   Name:            frame_000673.jpg
I0825 21:48:35.436719    47 feature_extraction.cc:283]   Dimensions:      3840 x 2160
I0825 21:48:35.436721    47 feature_extraction.cc:286]   Camera:          #673 - SIMPLE_RADIAL
I0825 21:48:35.436725    47 feature_extraction.cc:289]   Focal Length:    4608.00px
I0825 21:48:35.436735    47 feature_extraction.cc:302]   Features:        12726
I0825 21:48:37.351775    47 feature_extraction.cc:254] Processed file [674/795]
I0825 21:48:37.351822    47 feature_extraction.cc:257]   Name:            frame_000674.jpg
I0825 21:48:37.351828    47 feature_extraction.cc:283]   Dimensions:      3840 x 2160
I0825 21:48:37.351831    47 feature_extraction.cc:286]   Camera:          #674 - SIMPLE_RADIAL
I0825 21:48:37.351835    47 feature_extraction.cc:289]   Focal Length:    4608.00px
I0825 21:48:37.351842    47 feature_extraction.cc:302]   Features:        12777
I0825 21:48:37.905812    47 feature_extraction.cc:254] Processed file [675/795]
I0825 21:48:37.905858    47 feature_extraction.cc:257]   Name:            frame_000675.jpg
I0825 21:48:37.905865    47 feature_extraction.cc:283]   Dimensions:      3840 x 2160
I0825 21:48:37.905870    47 feature_extraction.cc:286]   Camera:          #675 - SIMPLE_RADIAL
I0825 21:48:37.905877    47 feature_extraction.cc:289]   Focal Length:    4608.00px
I0825 21:48:37.905889    47 feature_extraction.cc:302]   Features:        12880
I0825 21:48:38.709309    47 feature_extraction.cc:254] Processed file [676/795]
I0825 21:48:38.709354    47 feature_extraction.cc:257]   Name:            frame_000676.jpg
I0825 21:48:38.709362    47 feature_extraction.cc:283]   Dimensions:      3840 x 2160
I0825 21:48:38.709364    47 feature_extraction.cc:286]   Camera:          #676 - SIMPLE_RADIAL
I0825 21:48:38.709368    47 feature_extraction.cc:289]   Focal Length:    4608.00px
I0825 21:48:38.709376    47 feature_extraction.cc:302]   Features:        8453
I0825 21:48:40.066972    47 feature_extraction.cc:254] Processed file [677/795]
I0825 21:48:40.067020    47 feature_extraction.cc:257]   Name:            frame_000677.jpg
I0825 21:48:40.067031    47 feature_extraction.cc:283]   Dimensions:      3840 x 2160
I0825 21:48:40.067034    47 feature_extraction.cc:286]   Camera:          #677 - SIMPLE_RADIAL
I0825 21:48:40.067039    47 feature_extraction.cc:289]   Focal Length:    4608.00px
I0825 21:48:40.067046    47 feature_extraction.cc:302]   Features:        12724
I0825 21:48:40.885529    47 feature_extraction.cc:254] Processed file [678/795]
I0825 21:48:40.885577    47 feature_extraction.cc:257]   Name:            frame_000678.jpg
I0825 21:48:40.885586    47 feature_extraction.cc:283]   Dimensions:      3840 x 2160
I0825 21:48:40.885588    47 feature_extraction.cc:286]   Camera:          #678 - SIMPLE_RADIAL
I0825 21:48:40.885592    47 feature_extraction.cc:289]   Focal Length:    4608.00px
I0825 21:48:40.885600    47 feature_extraction.cc:302]   Features:        7043
I0825 21:48:41.201272    47 feature_extraction.cc:254] Processed file [679/795]
I0825 21:48:41.201349    47 feature_extraction.cc:257]   Name:            frame_000679.jpg
I0825 21:48:41.201360    47 feature_extraction.cc:283]   Dimensions:      3840 x 2160
I0825 21:48:41.201363    47 feature_extraction.cc:286]   Camera:          #679 - SIMPLE_RADIAL
I0825 21:48:41.201367    47 feature_extraction.cc:289]   Focal Length:    4608.00px
I0825 21:48:41.201376    47 feature_extraction.cc:302]   Features:        10923
I0825 21:48:42.859934    47 feature_extraction.cc:254] Processed file [680/795]
I0825 21:48:42.859982    47 feature_extraction.cc:257]   Name:            frame_000680.jpg
I0825 21:48:42.859988    47 feature_extraction.cc:283]   Dimensions:      3840 x 2160
I0825 21:48:42.859990    47 feature_extraction.cc:286]   Camera:          #680 - SIMPLE_RADIAL
I0825 21:48:42.859994    47 feature_extraction.cc:289]   Focal Length:    4608.00px
I0825 21:48:42.860002    47 feature_extraction.cc:302]   Features:        9405
I0825 21:48:43.281944    47 feature_extraction.cc:254] Processed file [681/795]
I0825 21:48:43.281994    47 feature_extraction.cc:257]   Name:            frame_000681.jpg
I0825 21:48:43.282004    47 feature_extraction.cc:283]   Dimensions:      3840 x 2160
I0825 21:48:43.282009    47 feature_extraction.cc:286]   Camera:          #681 - SIMPLE_RADIAL
I0825 21:48:43.282015    47 feature_extraction.cc:289]   Focal Length:    4608.00px
I0825 21:48:43.282029    47 feature_extraction.cc:302]   Features:        9381
I0825 21:48:43.933542    47 feature_extraction.cc:254] Processed file [682/795]
I0825 21:48:43.933585    47 feature_extraction.cc:257]   Name:            frame_000682.jpg
I0825 21:48:43.933593    47 feature_extraction.cc:283]   Dimensions:      3840 x 2160
I0825 21:48:43.933594    47 feature_extraction.cc:286]   Camera:          #682 - SIMPLE_RADIAL
I0825 21:48:43.933598    47 feature_extraction.cc:289]   Focal Length:    4608.00px
I0825 21:48:43.933606    47 feature_extraction.cc:302]   Features:        9609
I0825 21:48:45.152027    47 feature_extraction.cc:254] Processed file [683/795]
I0825 21:48:45.152076    47 feature_extraction.cc:257]   Name:            frame_000683.jpg
I0825 21:48:45.152082    47 feature_extraction.cc:283]   Dimensions:      3840 x 2160
I0825 21:48:45.152086    47 feature_extraction.cc:286]   Camera:          #683 - SIMPLE_RADIAL
I0825 21:48:45.152089    47 feature_extraction.cc:289]   Focal Length:    4608.00px
I0825 21:48:45.152097    47 feature_extraction.cc:302]   Features:        9630
I0825 21:48:45.856388    47 feature_extraction.cc:254] Processed file [684/795]
I0825 21:48:45.856436    47 feature_extraction.cc:257]   Name:            frame_000684.jpg
I0825 21:48:45.856443    47 feature_extraction.cc:283]   Dimensions:      3840 x 2160
I0825 21:48:45.856446    47 feature_extraction.cc:286]   Camera:          #684 - SIMPLE_RADIAL
I0825 21:48:45.856449    47 feature_extraction.cc:289]   Focal Length:    4608.00px
I0825 21:48:45.856457    47 feature_extraction.cc:302]   Features:        9782
I0825 21:48:46.273562    47 feature_extraction.cc:254] Processed file [685/795]
I0825 21:48:46.273610    47 feature_extraction.cc:257]   Name:            frame_000685.jpg
I0825 21:48:46.273620    47 feature_extraction.cc:283]   Dimensions:      3840 x 2160
I0825 21:48:46.273623    47 feature_extraction.cc:286]   Camera:          #685 - SIMPLE_RADIAL
I0825 21:48:46.273626    47 feature_extraction.cc:289]   Focal Length:    4608.00px
I0825 21:48:46.273634    47 feature_extraction.cc:302]   Features:        9295
I0825 21:48:47.783762    47 feature_extraction.cc:254] Processed file [686/795]
I0825 21:48:47.783808    47 feature_extraction.cc:257]   Name:            frame_000686.jpg
I0825 21:48:47.783815    47 feature_extraction.cc:283]   Dimensions:      3840 x 2160
I0825 21:48:47.783818    47 feature_extraction.cc:286]   Camera:          #686 - SIMPLE_RADIAL
I0825 21:48:47.783823    47 feature_extraction.cc:289]   Focal Length:    4608.00px
I0825 21:48:47.783830    47 feature_extraction.cc:302]   Features:        9151
I0825 21:48:48.188994    47 feature_extraction.cc:254] Processed file [687/795]
I0825 21:48:48.189043    47 feature_extraction.cc:257]   Name:            frame_000687.jpg
I0825 21:48:48.189052    47 feature_extraction.cc:283]   Dimensions:      3840 x 2160
I0825 21:48:48.189057    47 feature_extraction.cc:286]   Camera:          #687 - SIMPLE_RADIAL
I0825 21:48:48.189064    47 feature_extraction.cc:289]   Focal Length:    4608.00px
I0825 21:48:48.189075    47 feature_extraction.cc:302]   Features:        8248
I0825 21:48:48.849187    47 feature_extraction.cc:254] Processed file [688/795]
I0825 21:48:48.849234    47 feature_extraction.cc:257]   Name:            frame_000688.jpg
I0825 21:48:48.849241    47 feature_extraction.cc:283]   Dimensions:      3840 x 2160
I0825 21:48:48.849243    47 feature_extraction.cc:286]   Camera:          #688 - SIMPLE_RADIAL
I0825 21:48:48.849247    47 feature_extraction.cc:289]   Focal Length:    4608.00px
I0825 21:48:48.849255    47 feature_extraction.cc:302]   Features:        13337
I0825 21:48:50.290300    47 feature_extraction.cc:254] Processed file [689/795]
I0825 21:48:50.290350    47 feature_extraction.cc:257]   Name:            frame_000689.jpg
I0825 21:48:50.290359    47 feature_extraction.cc:283]   Dimensions:      3840 x 2160
I0825 21:48:50.290360    47 feature_extraction.cc:286]   Camera:          #689 - SIMPLE_RADIAL
I0825 21:48:50.290364    47 feature_extraction.cc:289]   Focal Length:    4608.00px
I0825 21:48:50.290372    47 feature_extraction.cc:302]   Features:        12992
I0825 21:48:51.214102    47 feature_extraction.cc:254] Processed file [690/795]
I0825 21:48:51.214148    47 feature_extraction.cc:257]   Name:            frame_000690.jpg
I0825 21:48:51.214155    47 feature_extraction.cc:283]   Dimensions:      3840 x 2160
I0825 21:48:51.214159    47 feature_extraction.cc:286]   Camera:          #690 - SIMPLE_RADIAL
I0825 21:48:51.214161    47 feature_extraction.cc:289]   Focal Length:    4608.00px
I0825 21:48:51.214170    47 feature_extraction.cc:302]   Features:        12715
I0825 21:48:51.785547    47 feature_extraction.cc:254] Processed file [691/795]
I0825 21:48:51.785593    47 feature_extraction.cc:257]   Name:            frame_000691.jpg
I0825 21:48:51.785602    47 feature_extraction.cc:283]   Dimensions:      3840 x 2160
I0825 21:48:51.785606    47 feature_extraction.cc:286]   Camera:          #691 - SIMPLE_RADIAL
I0825 21:48:51.785609    47 feature_extraction.cc:289]   Focal Length:    4608.00px
I0825 21:48:51.785617    47 feature_extraction.cc:302]   Features:        12584
I0825 21:48:53.813781    47 feature_extraction.cc:254] Processed file [692/795]
I0825 21:48:53.813829    47 feature_extraction.cc:257]   Name:            frame_000692.jpg
I0825 21:48:53.813838    47 feature_extraction.cc:283]   Dimensions:      3840 x 2160
I0825 21:48:53.813840    47 feature_extraction.cc:286]   Camera:          #692 - SIMPLE_RADIAL
I0825 21:48:53.813843    47 feature_extraction.cc:289]   Focal Length:    4608.00px
I0825 21:48:53.813853    47 feature_extraction.cc:302]   Features:        11467
I0825 21:48:54.325948    47 feature_extraction.cc:254] Processed file [693/795]
I0825 21:48:54.325994    47 feature_extraction.cc:257]   Name:            frame_000693.jpg
I0825 21:48:54.326001    47 feature_extraction.cc:283]   Dimensions:      3840 x 2160
I0825 21:48:54.326004    47 feature_extraction.cc:286]   Camera:          #693 - SIMPLE_RADIAL
I0825 21:48:54.326007    47 feature_extraction.cc:289]   Focal Length:    4608.00px
I0825 21:48:54.326015    47 feature_extraction.cc:302]   Features:        11955
I0825 21:48:55.226739    47 feature_extraction.cc:254] Processed file [694/795]
I0825 21:48:55.226788    47 feature_extraction.cc:257]   Name:            frame_000694.jpg
I0825 21:48:55.226795    47 feature_extraction.cc:283]   Dimensions:      3840 x 2160
I0825 21:48:55.226799    47 feature_extraction.cc:286]   Camera:          #694 - SIMPLE_RADIAL
I0825 21:48:55.226802    47 feature_extraction.cc:289]   Focal Length:    4608.00px
I0825 21:48:55.226811    47 feature_extraction.cc:302]   Features:        9987
I0825 21:48:56.622480    47 feature_extraction.cc:254] Processed file [695/795]
I0825 21:48:56.622537    47 feature_extraction.cc:257]   Name:            frame_000695.jpg
I0825 21:48:56.622545    47 feature_extraction.cc:283]   Dimensions:      3840 x 2160
I0825 21:48:56.622548    47 feature_extraction.cc:286]   Camera:          #695 - SIMPLE_RADIAL
I0825 21:48:56.622552    47 feature_extraction.cc:289]   Focal Length:    4608.00px
I0825 21:48:56.622560    47 feature_extraction.cc:302]   Features:        10530
I0825 21:48:57.381536    47 feature_extraction.cc:254] Processed file [696/795]
I0825 21:48:57.381579    47 feature_extraction.cc:257]   Name:            frame_000696.jpg
I0825 21:48:57.381585    47 feature_extraction.cc:283]   Dimensions:      3840 x 2160
I0825 21:48:57.381588    47 feature_extraction.cc:286]   Camera:          #696 - SIMPLE_RADIAL
I0825 21:48:57.381592    47 feature_extraction.cc:289]   Focal Length:    4608.00px
I0825 21:48:57.381599    47 feature_extraction.cc:302]   Features:        11294
I0825 21:48:57.855294    47 feature_extraction.cc:254] Processed file [697/795]
I0825 21:48:57.855341    47 feature_extraction.cc:257]   Name:            frame_000697.jpg
I0825 21:48:57.855348    47 feature_extraction.cc:283]   Dimensions:      3840 x 2160
I0825 21:48:57.855351    47 feature_extraction.cc:286]   Camera:          #697 - SIMPLE_RADIAL
I0825 21:48:57.855355    47 feature_extraction.cc:289]   Focal Length:    4608.00px
I0825 21:48:57.855365    47 feature_extraction.cc:302]   Features:        10242
I0825 21:48:59.535169    47 feature_extraction.cc:254] Processed file [698/795]
I0825 21:48:59.535214    47 feature_extraction.cc:257]   Name:            frame_000698.jpg
I0825 21:48:59.535220    47 feature_extraction.cc:283]   Dimensions:      3840 x 2160
I0825 21:48:59.535223    47 feature_extraction.cc:286]   Camera:          #698 - SIMPLE_RADIAL
I0825 21:48:59.535226    47 feature_extraction.cc:289]   Focal Length:    4608.00px
I0825 21:48:59.535234    47 feature_extraction.cc:302]   Features:        9582
I0825 21:48:59.981335    47 feature_extraction.cc:254] Processed file [699/795]
I0825 21:48:59.981383    47 feature_extraction.cc:257]   Name:            frame_000699.jpg
I0825 21:48:59.981390    47 feature_extraction.cc:283]   Dimensions:      3840 x 2160
I0825 21:48:59.981393    47 feature_extraction.cc:286]   Camera:          #699 - SIMPLE_RADIAL
I0825 21:48:59.981396    47 feature_extraction.cc:289]   Focal Length:    4608.00px
I0825 21:48:59.981405    47 feature_extraction.cc:302]   Features:        9410
I0825 21:49:00.679316    47 feature_extraction.cc:254] Processed file [700/795]
I0825 21:49:00.679363    47 feature_extraction.cc:257]   Name:            frame_000700.jpg
I0825 21:49:00.679370    47 feature_extraction.cc:283]   Dimensions:      3840 x 2160
I0825 21:49:00.679373    47 feature_extraction.cc:286]   Camera:          #700 - SIMPLE_RADIAL
I0825 21:49:00.679378    47 feature_extraction.cc:289]   Focal Length:    4608.00px
I0825 21:49:00.679385    47 feature_extraction.cc:302]   Features:        9144
I0825 21:49:01.920629    47 feature_extraction.cc:254] Processed file [701/795]
I0825 21:49:01.920680    47 feature_extraction.cc:257]   Name:            frame_000701.jpg
I0825 21:49:01.920687    47 feature_extraction.cc:283]   Dimensions:      3840 x 2160
I0825 21:49:01.920691    47 feature_extraction.cc:286]   Camera:          #701 - SIMPLE_RADIAL
I0825 21:49:01.920694    47 feature_extraction.cc:289]   Focal Length:    4608.00px
I0825 21:49:01.920702    47 feature_extraction.cc:302]   Features:        9252
I0825 21:49:02.622318    47 feature_extraction.cc:254] Processed file [702/795]
I0825 21:49:02.622363    47 feature_extraction.cc:257]   Name:            frame_000702.jpg
I0825 21:49:02.622419    47 feature_extraction.cc:283]   Dimensions:      3840 x 2160
I0825 21:49:02.622423    47 feature_extraction.cc:286]   Camera:          #702 - SIMPLE_RADIAL
I0825 21:49:02.622427    47 feature_extraction.cc:289]   Focal Length:    4608.00px
I0825 21:49:02.622435    47 feature_extraction.cc:302]   Features:        11404
I0825 21:49:03.111203    47 feature_extraction.cc:254] Processed file [703/795]
I0825 21:49:03.111254    47 feature_extraction.cc:257]   Name:            frame_000703.jpg
I0825 21:49:03.111261    47 feature_extraction.cc:283]   Dimensions:      3840 x 2160
I0825 21:49:03.111264    47 feature_extraction.cc:286]   Camera:          #703 - SIMPLE_RADIAL
I0825 21:49:03.111268    47 feature_extraction.cc:289]   Focal Length:    4608.00px
I0825 21:49:03.111277    47 feature_extraction.cc:302]   Features:        12001
I0825 21:49:04.813612    47 feature_extraction.cc:254] Processed file [704/795]
I0825 21:49:04.813661    47 feature_extraction.cc:257]   Name:            frame_000704.jpg
I0825 21:49:04.813668    47 feature_extraction.cc:283]   Dimensions:      3840 x 2160
I0825 21:49:04.813671    47 feature_extraction.cc:286]   Camera:          #704 - SIMPLE_RADIAL
I0825 21:49:04.813675    47 feature_extraction.cc:289]   Focal Length:    4608.00px
I0825 21:49:04.813683    47 feature_extraction.cc:302]   Features:        12612
I0825 21:49:05.358810    47 feature_extraction.cc:254] Processed file [705/795]
I0825 21:49:05.358855    47 feature_extraction.cc:257]   Name:            frame_000705.jpg
I0825 21:49:05.358862    47 feature_extraction.cc:283]   Dimensions:      3840 x 2160
I0825 21:49:05.358865    47 feature_extraction.cc:286]   Camera:          #705 - SIMPLE_RADIAL
I0825 21:49:05.358868    47 feature_extraction.cc:289]   Focal Length:    4608.00px
I0825 21:49:05.358876    47 feature_extraction.cc:302]   Features:        9157
I0825 21:49:06.012462    47 feature_extraction.cc:254] Processed file [706/795]
I0825 21:49:06.012509    47 feature_extraction.cc:257]   Name:            frame_000706.jpg
I0825 21:49:06.012516    47 feature_extraction.cc:283]   Dimensions:      3840 x 2160
I0825 21:49:06.012519    47 feature_extraction.cc:286]   Camera:          #706 - SIMPLE_RADIAL
I0825 21:49:06.012523    47 feature_extraction.cc:289]   Focal Length:    4608.00px
I0825 21:49:06.012531    47 feature_extraction.cc:302]   Features:        8335
I0825 21:49:07.230973    47 feature_extraction.cc:254] Processed file [707/795]
I0825 21:49:07.231022    47 feature_extraction.cc:257]   Name:            frame_000707.jpg
I0825 21:49:07.231030    47 feature_extraction.cc:283]   Dimensions:      3840 x 2160
I0825 21:49:07.231032    47 feature_extraction.cc:286]   Camera:          #707 - SIMPLE_RADIAL
I0825 21:49:07.231036    47 feature_extraction.cc:289]   Focal Length:    4608.00px
I0825 21:49:07.231045    47 feature_extraction.cc:302]   Features:        13515
I0825 21:49:08.114682    47 feature_extraction.cc:254] Processed file [708/795]
I0825 21:49:08.114728    47 feature_extraction.cc:257]   Name:            frame_000708.jpg
I0825 21:49:08.114734    47 feature_extraction.cc:283]   Dimensions:      3840 x 2160
I0825 21:49:08.114737    47 feature_extraction.cc:286]   Camera:          #708 - SIMPLE_RADIAL
I0825 21:49:08.114741    47 feature_extraction.cc:289]   Focal Length:    4608.00px
I0825 21:49:08.114748    47 feature_extraction.cc:302]   Features:        9224
I0825 21:49:08.515658    47 feature_extraction.cc:254] Processed file [709/795]
I0825 21:49:08.515709    47 feature_extraction.cc:257]   Name:            frame_000709.jpg
I0825 21:49:08.515717    47 feature_extraction.cc:283]   Dimensions:      3840 x 2160
I0825 21:49:08.515719    47 feature_extraction.cc:286]   Camera:          #709 - SIMPLE_RADIAL
I0825 21:49:08.515723    47 feature_extraction.cc:289]   Focal Length:    4608.00px
I0825 21:49:08.515731    47 feature_extraction.cc:302]   Features:        9104
I0825 21:49:10.098855    47 feature_extraction.cc:254] Processed file [710/795]
I0825 21:49:10.098904    47 feature_extraction.cc:257]   Name:            frame_000710.jpg
I0825 21:49:10.098912    47 feature_extraction.cc:283]   Dimensions:      3840 x 2160
I0825 21:49:10.098915    47 feature_extraction.cc:286]   Camera:          #710 - SIMPLE_RADIAL
I0825 21:49:10.098919    47 feature_extraction.cc:289]   Focal Length:    4608.00px
I0825 21:49:10.098927    47 feature_extraction.cc:302]   Features:        9967
I0825 21:49:10.545616    47 feature_extraction.cc:254] Processed file [711/795]
I0825 21:49:10.545667    47 feature_extraction.cc:257]   Name:            frame_000711.jpg
I0825 21:49:10.545676    47 feature_extraction.cc:283]   Dimensions:      3840 x 2160
I0825 21:49:10.545679    47 feature_extraction.cc:286]   Camera:          #711 - SIMPLE_RADIAL
I0825 21:49:10.545683    47 feature_extraction.cc:289]   Focal Length:    4608.00px
I0825 21:49:10.545691    47 feature_extraction.cc:302]   Features:        11006
I0825 21:49:11.253069    47 feature_extraction.cc:254] Processed file [712/795]
I0825 21:49:11.253120    47 feature_extraction.cc:257]   Name:            frame_000712.jpg
I0825 21:49:11.253129    47 feature_extraction.cc:283]   Dimensions:      3840 x 2160
I0825 21:49:11.253131    47 feature_extraction.cc:286]   Camera:          #712 - SIMPLE_RADIAL
I0825 21:49:11.253136    47 feature_extraction.cc:289]   Focal Length:    4608.00px
I0825 21:49:11.253145    47 feature_extraction.cc:302]   Features:        11200
I0825 21:49:12.705549    47 feature_extraction.cc:254] Processed file [713/795]
I0825 21:49:12.705601    47 feature_extraction.cc:257]   Name:            frame_000713.jpg
I0825 21:49:12.705608    47 feature_extraction.cc:283]   Dimensions:      3840 x 2160
I0825 21:49:12.705611    47 feature_extraction.cc:286]   Camera:          #713 - SIMPLE_RADIAL
I0825 21:49:12.705615    47 feature_extraction.cc:289]   Focal Length:    4608.00px
I0825 21:49:12.705623    47 feature_extraction.cc:302]   Features:        10757
I0825 21:49:13.456012    47 feature_extraction.cc:254] Processed file [714/795]
I0825 21:49:13.456059    47 feature_extraction.cc:257]   Name:            frame_000714.jpg
I0825 21:49:13.456066    47 feature_extraction.cc:283]   Dimensions:      3840 x 2160
I0825 21:49:13.456069    47 feature_extraction.cc:286]   Camera:          #714 - SIMPLE_RADIAL
I0825 21:49:13.456073    47 feature_extraction.cc:289]   Focal Length:    4608.00px
I0825 21:49:13.456080    47 feature_extraction.cc:302]   Features:        9528
I0825 21:49:13.875278    47 feature_extraction.cc:254] Processed file [715/795]
I0825 21:49:13.875325    47 feature_extraction.cc:257]   Name:            frame_000715.jpg
I0825 21:49:13.875334    47 feature_extraction.cc:283]   Dimensions:      3840 x 2160
I0825 21:49:13.875339    47 feature_extraction.cc:286]   Camera:          #715 - SIMPLE_RADIAL
I0825 21:49:13.875342    47 feature_extraction.cc:289]   Focal Length:    4608.00px
I0825 21:49:13.875350    47 feature_extraction.cc:302]   Features:        8293
I0825 21:49:15.309726    47 feature_extraction.cc:254] Processed file [716/795]
I0825 21:49:15.309772    47 feature_extraction.cc:257]   Name:            frame_000716.jpg
I0825 21:49:15.309779    47 feature_extraction.cc:283]   Dimensions:      3840 x 2160
I0825 21:49:15.309782    47 feature_extraction.cc:286]   Camera:          #716 - SIMPLE_RADIAL
I0825 21:49:15.309787    47 feature_extraction.cc:289]   Focal Length:    4608.00px
I0825 21:49:15.309793    47 feature_extraction.cc:302]   Features:        13191
I0825 21:49:15.911275    47 feature_extraction.cc:254] Processed file [717/795]
I0825 21:49:15.911324    47 feature_extraction.cc:257]   Name:            frame_000717.jpg
I0825 21:49:15.911335    47 feature_extraction.cc:283]   Dimensions:      3840 x 2160
I0825 21:49:15.911340    47 feature_extraction.cc:286]   Camera:          #717 - SIMPLE_RADIAL
I0825 21:49:15.911346    47 feature_extraction.cc:289]   Focal Length:    4608.00px
I0825 21:49:15.911360    47 feature_extraction.cc:302]   Features:        12753
I0825 21:49:16.667490    47 feature_extraction.cc:254] Processed file [718/795]
I0825 21:49:16.667539    47 feature_extraction.cc:257]   Name:            frame_000718.jpg
I0825 21:49:16.667546    47 feature_extraction.cc:283]   Dimensions:      3840 x 2160
I0825 21:49:16.667549    47 feature_extraction.cc:286]   Camera:          #718 - SIMPLE_RADIAL
I0825 21:49:16.667553    47 feature_extraction.cc:289]   Focal Length:    4608.00px
I0825 21:49:16.667560    47 feature_extraction.cc:302]   Features:        13215
I0825 21:49:18.325219    47 feature_extraction.cc:254] Processed file [719/795]
I0825 21:49:18.325268    47 feature_extraction.cc:257]   Name:            frame_000719.jpg
I0825 21:49:18.325275    47 feature_extraction.cc:283]   Dimensions:      3840 x 2160
I0825 21:49:18.325278    47 feature_extraction.cc:286]   Camera:          #719 - SIMPLE_RADIAL
I0825 21:49:18.325282    47 feature_extraction.cc:289]   Focal Length:    4608.00px
I0825 21:49:18.325290    47 feature_extraction.cc:302]   Features:        13813
I0825 21:49:19.154325    47 feature_extraction.cc:254] Processed file [720/795]
I0825 21:49:19.154409    47 feature_extraction.cc:257]   Name:            frame_000720.jpg
I0825 21:49:19.154417    47 feature_extraction.cc:283]   Dimensions:      3840 x 2160
I0825 21:49:19.154420    47 feature_extraction.cc:286]   Camera:          #720 - SIMPLE_RADIAL
I0825 21:49:19.154423    47 feature_extraction.cc:289]   Focal Length:    4608.00px
I0825 21:49:19.154433    47 feature_extraction.cc:302]   Features:        13842
I0825 21:49:20.545248    47 feature_extraction.cc:254] Processed file [721/795]
I0825 21:49:20.545296    47 feature_extraction.cc:257]   Name:            frame_000721.jpg
I0825 21:49:20.545303    47 feature_extraction.cc:283]   Dimensions:      3840 x 2160
I0825 21:49:20.545306    47 feature_extraction.cc:286]   Camera:          #721 - SIMPLE_RADIAL
I0825 21:49:20.545310    47 feature_extraction.cc:289]   Focal Length:    4608.00px
I0825 21:49:20.545317    47 feature_extraction.cc:302]   Features:        12733
I0825 21:49:21.375427    47 feature_extraction.cc:254] Processed file [722/795]
I0825 21:49:21.375478    47 feature_extraction.cc:257]   Name:            frame_000722.jpg
I0825 21:49:21.375484    47 feature_extraction.cc:283]   Dimensions:      3840 x 2160
I0825 21:49:21.375487    47 feature_extraction.cc:286]   Camera:          #722 - SIMPLE_RADIAL
I0825 21:49:21.375490    47 feature_extraction.cc:289]   Focal Length:    4608.00px
I0825 21:49:21.375499    47 feature_extraction.cc:302]   Features:        12515
I0825 21:49:21.951375    47 feature_extraction.cc:254] Processed file [723/795]
I0825 21:49:21.951424    47 feature_extraction.cc:257]   Name:            frame_000723.jpg
I0825 21:49:21.951434    47 feature_extraction.cc:283]   Dimensions:      3840 x 2160
I0825 21:49:21.951438    47 feature_extraction.cc:286]   Camera:          #723 - SIMPLE_RADIAL
I0825 21:49:21.951443    47 feature_extraction.cc:289]   Focal Length:    4608.00px
I0825 21:49:21.951454    47 feature_extraction.cc:302]   Features:        12172
I0825 21:49:23.728897    47 feature_extraction.cc:254] Processed file [724/795]
I0825 21:49:23.728948    47 feature_extraction.cc:257]   Name:            frame_000724.jpg
I0825 21:49:23.728955    47 feature_extraction.cc:283]   Dimensions:      3840 x 2160
I0825 21:49:23.728957    47 feature_extraction.cc:286]   Camera:          #724 - SIMPLE_RADIAL
I0825 21:49:23.728961    47 feature_extraction.cc:289]   Focal Length:    4608.00px
I0825 21:49:23.728969    47 feature_extraction.cc:302]   Features:        12266
I0825 21:49:24.243675    47 feature_extraction.cc:254] Processed file [725/795]
I0825 21:49:24.243721    47 feature_extraction.cc:257]   Name:            frame_000725.jpg
I0825 21:49:24.243728    47 feature_extraction.cc:283]   Dimensions:      3840 x 2160
I0825 21:49:24.243731    47 feature_extraction.cc:286]   Camera:          #725 - SIMPLE_RADIAL
I0825 21:49:24.243736    47 feature_extraction.cc:289]   Focal Length:    4608.00px
I0825 21:49:24.243744    47 feature_extraction.cc:302]   Features:        11585
I0825 21:49:24.940496    47 feature_extraction.cc:254] Processed file [726/795]
I0825 21:49:24.940558    47 feature_extraction.cc:257]   Name:            frame_000726.jpg
I0825 21:49:24.940565    47 feature_extraction.cc:283]   Dimensions:      3840 x 2160
I0825 21:49:24.940568    47 feature_extraction.cc:286]   Camera:          #726 - SIMPLE_RADIAL
I0825 21:49:24.940573    47 feature_extraction.cc:289]   Focal Length:    4608.00px
I0825 21:49:24.940582    47 feature_extraction.cc:302]   Features:        11925
I0825 21:49:26.486901    47 feature_extraction.cc:254] Processed file [727/795]
I0825 21:49:26.486950    47 feature_extraction.cc:257]   Name:            frame_000727.jpg
I0825 21:49:26.486958    47 feature_extraction.cc:283]   Dimensions:      3840 x 2160
I0825 21:49:26.486961    47 feature_extraction.cc:286]   Camera:          #727 - SIMPLE_RADIAL
I0825 21:49:26.486965    47 feature_extraction.cc:289]   Focal Length:    4608.00px
I0825 21:49:26.486974    47 feature_extraction.cc:302]   Features:        12005
I0825 21:49:27.240221    47 feature_extraction.cc:254] Processed file [728/795]
I0825 21:49:27.240266    47 feature_extraction.cc:257]   Name:            frame_000728.jpg
I0825 21:49:27.240273    47 feature_extraction.cc:283]   Dimensions:      3840 x 2160
I0825 21:49:27.240276    47 feature_extraction.cc:286]   Camera:          #728 - SIMPLE_RADIAL
I0825 21:49:27.240280    47 feature_extraction.cc:289]   Focal Length:    4608.00px
I0825 21:49:27.240288    47 feature_extraction.cc:302]   Features:        11830
I0825 21:49:27.735086    47 feature_extraction.cc:254] Processed file [729/795]
I0825 21:49:27.735136    47 feature_extraction.cc:257]   Name:            frame_000729.jpg
I0825 21:49:27.735142    47 feature_extraction.cc:283]   Dimensions:      3840 x 2160
I0825 21:49:27.735145    47 feature_extraction.cc:286]   Camera:          #729 - SIMPLE_RADIAL
I0825 21:49:27.735148    47 feature_extraction.cc:289]   Focal Length:    4608.00px
I0825 21:49:27.735157    47 feature_extraction.cc:302]   Features:        11434
I0825 21:49:29.565693    47 feature_extraction.cc:254] Processed file [730/795]
I0825 21:49:29.565740    47 feature_extraction.cc:257]   Name:            frame_000730.jpg
I0825 21:49:29.565748    47 feature_extraction.cc:283]   Dimensions:      3840 x 2160
I0825 21:49:29.565752    47 feature_extraction.cc:286]   Camera:          #730 - SIMPLE_RADIAL
I0825 21:49:29.565754    47 feature_extraction.cc:289]   Focal Length:    4608.00px
I0825 21:49:29.565763    47 feature_extraction.cc:302]   Features:        11263
I0825 21:49:30.050631    47 feature_extraction.cc:254] Processed file [731/795]
I0825 21:49:30.050680    47 feature_extraction.cc:257]   Name:            frame_000731.jpg
I0825 21:49:30.050688    47 feature_extraction.cc:283]   Dimensions:      3840 x 2160
I0825 21:49:30.050693    47 feature_extraction.cc:286]   Camera:          #731 - SIMPLE_RADIAL
I0825 21:49:30.050699    47 feature_extraction.cc:289]   Focal Length:    4608.00px
I0825 21:49:30.050714    47 feature_extraction.cc:302]   Features:        11077
I0825 21:49:30.753808    47 feature_extraction.cc:254] Processed file [732/795]
I0825 21:49:30.753850    47 feature_extraction.cc:257]   Name:            frame_000732.jpg
I0825 21:49:30.753857    47 feature_extraction.cc:283]   Dimensions:      3840 x 2160
I0825 21:49:30.753859    47 feature_extraction.cc:286]   Camera:          #732 - SIMPLE_RADIAL
I0825 21:49:30.753863    47 feature_extraction.cc:289]   Focal Length:    4608.00px
I0825 21:49:30.753870    47 feature_extraction.cc:302]   Features:        10577
I0825 21:49:32.207053    47 feature_extraction.cc:254] Processed file [733/795]
I0825 21:49:32.207103    47 feature_extraction.cc:257]   Name:            frame_000733.jpg
I0825 21:49:32.207110    47 feature_extraction.cc:283]   Dimensions:      3840 x 2160
I0825 21:49:32.207113    47 feature_extraction.cc:286]   Camera:          #733 - SIMPLE_RADIAL
I0825 21:49:32.207116    47 feature_extraction.cc:289]   Focal Length:    4608.00px
I0825 21:49:32.207126    47 feature_extraction.cc:302]   Features:        10231
I0825 21:49:32.916370    47 feature_extraction.cc:254] Processed file [734/795]
I0825 21:49:32.916417    47 feature_extraction.cc:257]   Name:            frame_000734.jpg
I0825 21:49:32.916425    47 feature_extraction.cc:283]   Dimensions:      3840 x 2160
I0825 21:49:32.916428    47 feature_extraction.cc:286]   Camera:          #734 - SIMPLE_RADIAL
I0825 21:49:32.916431    47 feature_extraction.cc:289]   Focal Length:    4608.00px
I0825 21:49:32.916440    47 feature_extraction.cc:302]   Features:        9650
I0825 21:49:33.356097    47 feature_extraction.cc:254] Processed file [735/795]
I0825 21:49:33.356149    47 feature_extraction.cc:257]   Name:            frame_000735.jpg
I0825 21:49:33.356156    47 feature_extraction.cc:283]   Dimensions:      3840 x 2160
I0825 21:49:33.356159    47 feature_extraction.cc:286]   Camera:          #735 - SIMPLE_RADIAL
I0825 21:49:33.356163    47 feature_extraction.cc:289]   Focal Length:    4608.00px
I0825 21:49:33.356171    47 feature_extraction.cc:302]   Features:        11587
I0825 21:49:35.086921    47 feature_extraction.cc:254] Processed file [736/795]
I0825 21:49:35.086969    47 feature_extraction.cc:257]   Name:            frame_000736.jpg
I0825 21:49:35.086977    47 feature_extraction.cc:283]   Dimensions:      3840 x 2160
I0825 21:49:35.086979    47 feature_extraction.cc:286]   Camera:          #736 - SIMPLE_RADIAL
I0825 21:49:35.086982    47 feature_extraction.cc:289]   Focal Length:    4608.00px
I0825 21:49:35.086990    47 feature_extraction.cc:302]   Features:        9189
I0825 21:49:35.537021    47 feature_extraction.cc:254] Processed file [737/795]
I0825 21:49:35.537070    47 feature_extraction.cc:257]   Name:            frame_000737.jpg
I0825 21:49:35.537076    47 feature_extraction.cc:283]   Dimensions:      3840 x 2160
I0825 21:49:35.537079    47 feature_extraction.cc:286]   Camera:          #737 - SIMPLE_RADIAL
I0825 21:49:35.537083    47 feature_extraction.cc:289]   Focal Length:    4608.00px
I0825 21:49:35.537092    47 feature_extraction.cc:302]   Features:        9166
I0825 21:49:36.180563    47 feature_extraction.cc:254] Processed file [738/795]
I0825 21:49:36.180609    47 feature_extraction.cc:257]   Name:            frame_000738.jpg
I0825 21:49:36.180615    47 feature_extraction.cc:283]   Dimensions:      3840 x 2160
I0825 21:49:36.180619    47 feature_extraction.cc:286]   Camera:          #738 - SIMPLE_RADIAL
I0825 21:49:36.180622    47 feature_extraction.cc:289]   Focal Length:    4608.00px
I0825 21:49:36.180630    47 feature_extraction.cc:302]   Features:        8928
I0825 21:49:37.411942    47 feature_extraction.cc:254] Processed file [739/795]
I0825 21:49:37.411990    47 feature_extraction.cc:257]   Name:            frame_000739.jpg
I0825 21:49:37.411998    47 feature_extraction.cc:283]   Dimensions:      3840 x 2160
I0825 21:49:37.412000    47 feature_extraction.cc:286]   Camera:          #739 - SIMPLE_RADIAL
I0825 21:49:37.412003    47 feature_extraction.cc:289]   Focal Length:    4608.00px
I0825 21:49:37.412012    47 feature_extraction.cc:302]   Features:        8633
I0825 21:49:38.030102    47 feature_extraction.cc:254] Processed file [740/795]
I0825 21:49:38.030146    47 feature_extraction.cc:257]   Name:            frame_000740.jpg
I0825 21:49:38.030153    47 feature_extraction.cc:283]   Dimensions:      3840 x 2160
I0825 21:49:38.030156    47 feature_extraction.cc:286]   Camera:          #740 - SIMPLE_RADIAL
I0825 21:49:38.030160    47 feature_extraction.cc:289]   Focal Length:    4608.00px
I0825 21:49:38.030169    47 feature_extraction.cc:302]   Features:        13908
I0825 21:49:38.612782    47 feature_extraction.cc:254] Processed file [741/795]
I0825 21:49:38.612830    47 feature_extraction.cc:257]   Name:            frame_000741.jpg
I0825 21:49:38.612838    47 feature_extraction.cc:283]   Dimensions:      3840 x 2160
I0825 21:49:38.612840    47 feature_extraction.cc:286]   Camera:          #741 - SIMPLE_RADIAL
I0825 21:49:38.612844    47 feature_extraction.cc:289]   Focal Length:    4608.00px
I0825 21:49:38.612851    47 feature_extraction.cc:302]   Features:        14326
I0825 21:49:40.561877    47 feature_extraction.cc:254] Processed file [742/795]
I0825 21:49:40.561925    47 feature_extraction.cc:257]   Name:            frame_000742.jpg
I0825 21:49:40.561932    47 feature_extraction.cc:283]   Dimensions:      3840 x 2160
I0825 21:49:40.561934    47 feature_extraction.cc:286]   Camera:          #742 - SIMPLE_RADIAL
I0825 21:49:40.561939    47 feature_extraction.cc:289]   Focal Length:    4608.00px
I0825 21:49:40.561947    47 feature_extraction.cc:302]   Features:        13278
I0825 21:49:41.125861    47 feature_extraction.cc:254] Processed file [743/795]
I0825 21:49:41.125910    47 feature_extraction.cc:257]   Name:            frame_000743.jpg
I0825 21:49:41.125917    47 feature_extraction.cc:283]   Dimensions:      3840 x 2160
I0825 21:49:41.125919    47 feature_extraction.cc:286]   Camera:          #743 - SIMPLE_RADIAL
I0825 21:49:41.125923    47 feature_extraction.cc:289]   Focal Length:    4608.00px
I0825 21:49:41.125933    47 feature_extraction.cc:302]   Features:        13909
I0825 21:49:42.805495    47 feature_extraction.cc:254] Processed file [744/795]
I0825 21:49:42.805542    47 feature_extraction.cc:257]   Name:            frame_000744.jpg
I0825 21:49:42.805549    47 feature_extraction.cc:283]   Dimensions:      3840 x 2160
I0825 21:49:42.805552    47 feature_extraction.cc:286]   Camera:          #744 - SIMPLE_RADIAL
I0825 21:49:42.805555    47 feature_extraction.cc:289]   Focal Length:    4608.00px
I0825 21:49:42.805565    47 feature_extraction.cc:302]   Features:        13028
I0825 21:49:43.397823    47 feature_extraction.cc:254] Processed file [745/795]
I0825 21:49:43.397874    47 feature_extraction.cc:257]   Name:            frame_000745.jpg
I0825 21:49:43.397886    47 feature_extraction.cc:283]   Dimensions:      3840 x 2160
I0825 21:49:43.397890    47 feature_extraction.cc:286]   Camera:          #745 - SIMPLE_RADIAL
I0825 21:49:43.397895    47 feature_extraction.cc:289]   Focal Length:    4608.00px
I0825 21:49:43.397904    47 feature_extraction.cc:302]   Features:        12532
I0825 21:49:44.168196    47 feature_extraction.cc:254] Processed file [746/795]
I0825 21:49:44.168299    47 feature_extraction.cc:257]   Name:            frame_000746.jpg
I0825 21:49:44.168306    47 feature_extraction.cc:283]   Dimensions:      3840 x 2160
I0825 21:49:44.168309    47 feature_extraction.cc:286]   Camera:          #746 - SIMPLE_RADIAL
I0825 21:49:44.168313    47 feature_extraction.cc:289]   Focal Length:    4608.00px
I0825 21:49:44.168398    47 feature_extraction.cc:302]   Features:        10803
I0825 21:49:45.705874    47 feature_extraction.cc:254] Processed file [747/795]
I0825 21:49:45.705921    47 feature_extraction.cc:257]   Name:            frame_000747.jpg
I0825 21:49:45.705927    47 feature_extraction.cc:283]   Dimensions:      3840 x 2160
I0825 21:49:45.705930    47 feature_extraction.cc:286]   Camera:          #747 - SIMPLE_RADIAL
I0825 21:49:45.705935    47 feature_extraction.cc:289]   Focal Length:    4608.00px
I0825 21:49:45.705942    47 feature_extraction.cc:302]   Features:        11228
I0825 21:49:46.227905    47 feature_extraction.cc:254] Processed file [748/795]
I0825 21:49:46.227952    47 feature_extraction.cc:257]   Name:            frame_000748.jpg
I0825 21:49:46.227962    47 feature_extraction.cc:283]   Dimensions:      3840 x 2160
I0825 21:49:46.227967    47 feature_extraction.cc:286]   Camera:          #748 - SIMPLE_RADIAL
I0825 21:49:46.227974    47 feature_extraction.cc:289]   Focal Length:    4608.00px
I0825 21:49:46.227983    47 feature_extraction.cc:302]   Features:        11358
I0825 21:49:46.911105    47 feature_extraction.cc:254] Processed file [749/795]
I0825 21:49:46.911149    47 feature_extraction.cc:257]   Name:            frame_000749.jpg
I0825 21:49:46.911156    47 feature_extraction.cc:283]   Dimensions:      3840 x 2160
I0825 21:49:46.911159    47 feature_extraction.cc:286]   Camera:          #749 - SIMPLE_RADIAL
I0825 21:49:46.911162    47 feature_extraction.cc:289]   Focal Length:    4608.00px
I0825 21:49:46.911170    47 feature_extraction.cc:302]   Features:        11176
I0825 21:49:48.375871    47 feature_extraction.cc:254] Processed file [750/795]
I0825 21:49:48.375936    47 feature_extraction.cc:257]   Name:            frame_000750.jpg
I0825 21:49:48.375946    47 feature_extraction.cc:283]   Dimensions:      3840 x 2160
I0825 21:49:48.375949    47 feature_extraction.cc:286]   Camera:          #750 - SIMPLE_RADIAL
I0825 21:49:48.375953    47 feature_extraction.cc:289]   Focal Length:    4608.00px
I0825 21:49:48.375967    47 feature_extraction.cc:302]   Features:        11505
I0825 21:49:49.077800    47 feature_extraction.cc:254] Processed file [751/795]
I0825 21:49:49.077847    47 feature_extraction.cc:257]   Name:            frame_000751.jpg
I0825 21:49:49.077855    47 feature_extraction.cc:283]   Dimensions:      3840 x 2160
I0825 21:49:49.077857    47 feature_extraction.cc:286]   Camera:          #751 - SIMPLE_RADIAL
I0825 21:49:49.077862    47 feature_extraction.cc:289]   Focal Length:    4608.00px
I0825 21:49:49.077870    47 feature_extraction.cc:302]   Features:        12045
I0825 21:49:49.571738    47 feature_extraction.cc:254] Processed file [752/795]
I0825 21:49:49.571782    47 feature_extraction.cc:257]   Name:            frame_000752.jpg
I0825 21:49:49.571789    47 feature_extraction.cc:283]   Dimensions:      3840 x 2160
I0825 21:49:49.571792    47 feature_extraction.cc:286]   Camera:          #752 - SIMPLE_RADIAL
I0825 21:49:49.571795    47 feature_extraction.cc:289]   Focal Length:    4608.00px
I0825 21:49:49.571805    47 feature_extraction.cc:302]   Features:        11968
I0825 21:49:51.311930    47 feature_extraction.cc:254] Processed file [753/795]
I0825 21:49:51.311976    47 feature_extraction.cc:257]   Name:            frame_000753.jpg
I0825 21:49:51.311983    47 feature_extraction.cc:283]   Dimensions:      3840 x 2160
I0825 21:49:51.311985    47 feature_extraction.cc:286]   Camera:          #753 - SIMPLE_RADIAL
I0825 21:49:51.311990    47 feature_extraction.cc:289]   Focal Length:    4608.00px
I0825 21:49:51.311997    47 feature_extraction.cc:302]   Features:        11797
I0825 21:49:51.816547    47 feature_extraction.cc:254] Processed file [754/795]
I0825 21:49:51.816593    47 feature_extraction.cc:257]   Name:            frame_000754.jpg
I0825 21:49:51.816603    47 feature_extraction.cc:283]   Dimensions:      3840 x 2160
I0825 21:49:51.816608    47 feature_extraction.cc:286]   Camera:          #754 - SIMPLE_RADIAL
I0825 21:49:51.816614    47 feature_extraction.cc:289]   Focal Length:    4608.00px
I0825 21:49:51.816627    47 feature_extraction.cc:302]   Features:        12252
I0825 21:49:52.597695    47 feature_extraction.cc:254] Processed file [755/795]
I0825 21:49:52.597743    47 feature_extraction.cc:257]   Name:            frame_000755.jpg
I0825 21:49:52.597749    47 feature_extraction.cc:283]   Dimensions:      3840 x 2160
I0825 21:49:52.597751    47 feature_extraction.cc:286]   Camera:          #755 - SIMPLE_RADIAL
I0825 21:49:52.597755    47 feature_extraction.cc:289]   Focal Length:    4608.00px
I0825 21:49:52.597762    47 feature_extraction.cc:302]   Features:        13290
I0825 21:49:54.228202    47 feature_extraction.cc:254] Processed file [756/795]
I0825 21:49:54.228250    47 feature_extraction.cc:257]   Name:            frame_000756.jpg
I0825 21:49:54.228255    47 feature_extraction.cc:283]   Dimensions:      3840 x 2160
I0825 21:49:54.228258    47 feature_extraction.cc:286]   Camera:          #756 - SIMPLE_RADIAL
I0825 21:49:54.228262    47 feature_extraction.cc:289]   Focal Length:    4608.00px
I0825 21:49:54.228271    47 feature_extraction.cc:302]   Features:        12750
I0825 21:49:55.044732    47 feature_extraction.cc:254] Processed file [757/795]
I0825 21:49:55.044780    47 feature_extraction.cc:257]   Name:            frame_000757.jpg
I0825 21:49:55.044787    47 feature_extraction.cc:283]   Dimensions:      3840 x 2160
I0825 21:49:55.044790    47 feature_extraction.cc:286]   Camera:          #757 - SIMPLE_RADIAL
I0825 21:49:55.044793    47 feature_extraction.cc:289]   Focal Length:    4608.00px
I0825 21:49:55.044801    47 feature_extraction.cc:302]   Features:        13072
I0825 21:49:55.648406    47 feature_extraction.cc:254] Processed file [758/795]
I0825 21:49:55.648478    47 feature_extraction.cc:257]   Name:            frame_000758.jpg
I0825 21:49:55.648486    47 feature_extraction.cc:283]   Dimensions:      3840 x 2160
I0825 21:49:55.648489    47 feature_extraction.cc:286]   Camera:          #758 - SIMPLE_RADIAL
I0825 21:49:55.648494    47 feature_extraction.cc:289]   Focal Length:    4608.00px
I0825 21:49:55.648504    47 feature_extraction.cc:302]   Features:        13080
I0825 21:49:57.716290    47 feature_extraction.cc:254] Processed file [759/795]
I0825 21:49:57.716342    47 feature_extraction.cc:257]   Name:            frame_000759.jpg
I0825 21:49:57.716351    47 feature_extraction.cc:283]   Dimensions:      3840 x 2160
I0825 21:49:57.716354    47 feature_extraction.cc:286]   Camera:          #759 - SIMPLE_RADIAL
I0825 21:49:57.716357    47 feature_extraction.cc:289]   Focal Length:    4608.00px
I0825 21:49:57.716367    47 feature_extraction.cc:302]   Features:        13602
I0825 21:49:58.359277    47 feature_extraction.cc:254] Processed file [760/795]
I0825 21:49:58.359328    47 feature_extraction.cc:257]   Name:            frame_000760.jpg
I0825 21:49:58.359337    47 feature_extraction.cc:283]   Dimensions:      3840 x 2160
I0825 21:49:58.359344    47 feature_extraction.cc:286]   Camera:          #760 - SIMPLE_RADIAL
I0825 21:49:58.359352    47 feature_extraction.cc:289]   Focal Length:    4608.00px
I0825 21:49:58.359365    47 feature_extraction.cc:302]   Features:        14226
I0825 21:49:59.962118    47 feature_extraction.cc:254] Processed file [761/795]
I0825 21:49:59.962167    47 feature_extraction.cc:257]   Name:            frame_000761.jpg
I0825 21:49:59.962172    47 feature_extraction.cc:283]   Dimensions:      3840 x 2160
I0825 21:49:59.962175    47 feature_extraction.cc:286]   Camera:          #761 - SIMPLE_RADIAL
I0825 21:49:59.962179    47 feature_extraction.cc:289]   Focal Length:    4608.00px
I0825 21:49:59.962188    47 feature_extraction.cc:302]   Features:        14342
I0825 21:50:00.564114    47 feature_extraction.cc:254] Processed file [762/795]
I0825 21:50:00.564163    47 feature_extraction.cc:257]   Name:            frame_000762.jpg
I0825 21:50:00.564170    47 feature_extraction.cc:283]   Dimensions:      3840 x 2160
I0825 21:50:00.564173    47 feature_extraction.cc:286]   Camera:          #762 - SIMPLE_RADIAL
I0825 21:50:00.564177    47 feature_extraction.cc:289]   Focal Length:    4608.00px
I0825 21:50:00.564188    47 feature_extraction.cc:302]   Features:        13578
I0825 21:50:02.181422    47 feature_extraction.cc:254] Processed file [763/795]
I0825 21:50:02.181469    47 feature_extraction.cc:257]   Name:            frame_000763.jpg
I0825 21:50:02.181476    47 feature_extraction.cc:283]   Dimensions:      3840 x 2160
I0825 21:50:02.181479    47 feature_extraction.cc:286]   Camera:          #763 - SIMPLE_RADIAL
I0825 21:50:02.181483    47 feature_extraction.cc:289]   Focal Length:    4608.00px
I0825 21:50:02.181491    47 feature_extraction.cc:302]   Features:        13909
I0825 21:50:02.829617    47 feature_extraction.cc:254] Processed file [764/795]
I0825 21:50:02.829667    47 feature_extraction.cc:257]   Name:            frame_000764.jpg
I0825 21:50:02.829676    47 feature_extraction.cc:283]   Dimensions:      3840 x 2160
I0825 21:50:02.829679    47 feature_extraction.cc:286]   Camera:          #764 - SIMPLE_RADIAL
I0825 21:50:02.829684    47 feature_extraction.cc:289]   Focal Length:    4608.00px
I0825 21:50:02.829697    47 feature_extraction.cc:302]   Features:        13727
I0825 21:50:04.520910    47 feature_extraction.cc:254] Processed file [765/795]
I0825 21:50:04.520960    47 feature_extraction.cc:257]   Name:            frame_000765.jpg
I0825 21:50:04.520967    47 feature_extraction.cc:283]   Dimensions:      3840 x 2160
I0825 21:50:04.520970    47 feature_extraction.cc:286]   Camera:          #765 - SIMPLE_RADIAL
I0825 21:50:04.520975    47 feature_extraction.cc:289]   Focal Length:    4608.00px
I0825 21:50:04.520984    47 feature_extraction.cc:302]   Features:        13255
I0825 21:50:05.109364    47 feature_extraction.cc:254] Processed file [766/795]
I0825 21:50:05.109411    47 feature_extraction.cc:257]   Name:            frame_000766.jpg
I0825 21:50:05.109421    47 feature_extraction.cc:283]   Dimensions:      3840 x 2160
I0825 21:50:05.109424    47 feature_extraction.cc:286]   Camera:          #766 - SIMPLE_RADIAL
I0825 21:50:05.109428    47 feature_extraction.cc:289]   Focal Length:    4608.00px
I0825 21:50:05.109442    47 feature_extraction.cc:302]   Features:        14010
I0825 21:50:06.746378    47 feature_extraction.cc:254] Processed file [767/795]
I0825 21:50:06.746424    47 feature_extraction.cc:257]   Name:            frame_000767.jpg
I0825 21:50:06.746433    47 feature_extraction.cc:283]   Dimensions:      3840 x 2160
I0825 21:50:06.746434    47 feature_extraction.cc:286]   Camera:          #767 - SIMPLE_RADIAL
I0825 21:50:06.746438    47 feature_extraction.cc:289]   Focal Length:    4608.00px
I0825 21:50:06.746446    47 feature_extraction.cc:302]   Features:        14002
I0825 21:50:07.346264    47 feature_extraction.cc:254] Processed file [768/795]
I0825 21:50:07.346313    47 feature_extraction.cc:257]   Name:            frame_000768.jpg
I0825 21:50:07.346324    47 feature_extraction.cc:283]   Dimensions:      3840 x 2160
I0825 21:50:07.346328    47 feature_extraction.cc:286]   Camera:          #768 - SIMPLE_RADIAL
I0825 21:50:07.346333    47 feature_extraction.cc:289]   Focal Length:    4608.00px
I0825 21:50:07.346346    47 feature_extraction.cc:302]   Features:        13855
I0825 21:50:09.070626    47 feature_extraction.cc:254] Processed file [769/795]
I0825 21:50:09.070672    47 feature_extraction.cc:257]   Name:            frame_000769.jpg
I0825 21:50:09.070679    47 feature_extraction.cc:283]   Dimensions:      3840 x 2160
I0825 21:50:09.070683    47 feature_extraction.cc:286]   Camera:          #769 - SIMPLE_RADIAL
I0825 21:50:09.070686    47 feature_extraction.cc:289]   Focal Length:    4608.00px
I0825 21:50:09.070694    47 feature_extraction.cc:302]   Features:        14166
I0825 21:50:09.703522    47 feature_extraction.cc:254] Processed file [770/795]
I0825 21:50:09.703573    47 feature_extraction.cc:257]   Name:            frame_000770.jpg
I0825 21:50:09.703583    47 feature_extraction.cc:283]   Dimensions:      3840 x 2160
I0825 21:50:09.703586    47 feature_extraction.cc:286]   Camera:          #770 - SIMPLE_RADIAL
I0825 21:50:09.703590    47 feature_extraction.cc:289]   Focal Length:    4608.00px
I0825 21:50:09.703601    47 feature_extraction.cc:302]   Features:        8394
I0825 21:50:10.317291    47 feature_extraction.cc:254] Processed file [771/795]
I0825 21:50:10.317337    47 feature_extraction.cc:257]   Name:            frame_000771.jpg
I0825 21:50:10.317344    47 feature_extraction.cc:283]   Dimensions:      3840 x 2160
I0825 21:50:10.317348    47 feature_extraction.cc:286]   Camera:          #771 - SIMPLE_RADIAL
I0825 21:50:10.317350    47 feature_extraction.cc:289]   Focal Length:    4608.00px
I0825 21:50:10.317358    47 feature_extraction.cc:302]   Features:        8518
I0825 21:50:11.610067    47 feature_extraction.cc:254] Processed file [772/795]
I0825 21:50:11.610116    47 feature_extraction.cc:257]   Name:            frame_000772.jpg
I0825 21:50:11.610123    47 feature_extraction.cc:283]   Dimensions:      3840 x 2160
I0825 21:50:11.610126    47 feature_extraction.cc:286]   Camera:          #772 - SIMPLE_RADIAL
I0825 21:50:11.610129    47 feature_extraction.cc:289]   Focal Length:    4608.00px
I0825 21:50:11.610137    47 feature_extraction.cc:302]   Features:        8579
I0825 21:50:12.244066    47 feature_extraction.cc:254] Processed file [773/795]
I0825 21:50:12.244115    47 feature_extraction.cc:257]   Name:            frame_000773.jpg
I0825 21:50:12.244122    47 feature_extraction.cc:283]   Dimensions:      3840 x 2160
I0825 21:50:12.244124    47 feature_extraction.cc:286]   Camera:          #773 - SIMPLE_RADIAL
I0825 21:50:12.244128    47 feature_extraction.cc:289]   Focal Length:    4608.00px
I0825 21:50:12.244136    47 feature_extraction.cc:302]   Features:        9256
I0825 21:50:12.652083    47 feature_extraction.cc:254] Processed file [774/795]
I0825 21:50:12.652132    47 feature_extraction.cc:257]   Name:            frame_000774.jpg
I0825 21:50:12.652140    47 feature_extraction.cc:283]   Dimensions:      3840 x 2160
I0825 21:50:12.652143    47 feature_extraction.cc:286]   Camera:          #774 - SIMPLE_RADIAL
I0825 21:50:12.652148    47 feature_extraction.cc:289]   Focal Length:    4608.00px
I0825 21:50:12.652155    47 feature_extraction.cc:302]   Features:        9622
I0825 21:50:14.131052    47 feature_extraction.cc:254] Processed file [775/795]
I0825 21:50:14.131099    47 feature_extraction.cc:257]   Name:            frame_000775.jpg
I0825 21:50:14.131106    47 feature_extraction.cc:283]   Dimensions:      3840 x 2160
I0825 21:50:14.131109    47 feature_extraction.cc:286]   Camera:          #775 - SIMPLE_RADIAL
I0825 21:50:14.131114    47 feature_extraction.cc:289]   Focal Length:    4608.00px
I0825 21:50:14.131120    47 feature_extraction.cc:302]   Features:        9945
I0825 21:50:14.578003    47 feature_extraction.cc:254] Processed file [776/795]
I0825 21:50:14.578051    47 feature_extraction.cc:257]   Name:            frame_000776.jpg
I0825 21:50:14.578058    47 feature_extraction.cc:283]   Dimensions:      3840 x 2160
I0825 21:50:14.578061    47 feature_extraction.cc:286]   Camera:          #776 - SIMPLE_RADIAL
I0825 21:50:14.578065    47 feature_extraction.cc:289]   Focal Length:    4608.00px
I0825 21:50:14.578073    47 feature_extraction.cc:302]   Features:        9843
I0825 21:50:15.004858    47 feature_extraction.cc:254] Processed file [777/795]
I0825 21:50:15.004906    47 feature_extraction.cc:257]   Name:            frame_000777.jpg
I0825 21:50:15.004913    47 feature_extraction.cc:283]   Dimensions:      3840 x 2160
I0825 21:50:15.004916    47 feature_extraction.cc:286]   Camera:          #777 - SIMPLE_RADIAL
I0825 21:50:15.004920    47 feature_extraction.cc:289]   Focal Length:    4608.00px
I0825 21:50:15.004928    47 feature_extraction.cc:302]   Features:        9961
I0825 21:50:16.316182    47 feature_extraction.cc:254] Processed file [778/795]
I0825 21:50:16.316229    47 feature_extraction.cc:257]   Name:            frame_000778.jpg
I0825 21:50:16.316236    47 feature_extraction.cc:283]   Dimensions:      3840 x 2160
I0825 21:50:16.316239    47 feature_extraction.cc:286]   Camera:          #778 - SIMPLE_RADIAL
I0825 21:50:16.316243    47 feature_extraction.cc:289]   Focal Length:    4608.00px
I0825 21:50:16.316251    47 feature_extraction.cc:302]   Features:        9878
I0825 21:50:16.738751    47 feature_extraction.cc:254] Processed file [779/795]
I0825 21:50:16.738797    47 feature_extraction.cc:257]   Name:            frame_000779.jpg
I0825 21:50:16.738804    47 feature_extraction.cc:283]   Dimensions:      3840 x 2160
I0825 21:50:16.738807    47 feature_extraction.cc:286]   Camera:          #779 - SIMPLE_RADIAL
I0825 21:50:16.738811    47 feature_extraction.cc:289]   Focal Length:    4608.00px
I0825 21:50:16.738818    47 feature_extraction.cc:302]   Features:        9606
I0825 21:50:17.114148    47 feature_extraction.cc:254] Processed file [780/795]
I0825 21:50:17.114194    47 feature_extraction.cc:257]   Name:            frame_000780.jpg
I0825 21:50:17.114202    47 feature_extraction.cc:283]   Dimensions:      3840 x 2160
I0825 21:50:17.114203    47 feature_extraction.cc:286]   Camera:          #780 - SIMPLE_RADIAL
I0825 21:50:17.114207    47 feature_extraction.cc:289]   Focal Length:    4608.00px
I0825 21:50:17.114216    47 feature_extraction.cc:302]   Features:        10168
I0825 21:50:18.356171    47 feature_extraction.cc:254] Processed file [781/795]
I0825 21:50:18.356218    47 feature_extraction.cc:257]   Name:            frame_000781.jpg
I0825 21:50:18.356225    47 feature_extraction.cc:283]   Dimensions:      3840 x 2160
I0825 21:50:18.356227    47 feature_extraction.cc:286]   Camera:          #781 - SIMPLE_RADIAL
I0825 21:50:18.356231    47 feature_extraction.cc:289]   Focal Length:    4608.00px
I0825 21:50:18.356238    47 feature_extraction.cc:302]   Features:        9616
I0825 21:50:18.762256    47 feature_extraction.cc:254] Processed file [782/795]
I0825 21:50:18.762305    47 feature_extraction.cc:257]   Name:            frame_000782.jpg
I0825 21:50:18.762312    47 feature_extraction.cc:283]   Dimensions:      3840 x 2160
I0825 21:50:18.762315    47 feature_extraction.cc:286]   Camera:          #782 - SIMPLE_RADIAL
I0825 21:50:18.762318    47 feature_extraction.cc:289]   Focal Length:    4608.00px
I0825 21:50:18.762326    47 feature_extraction.cc:302]   Features:        10047
I0825 21:50:19.178716    47 feature_extraction.cc:254] Processed file [783/795]
I0825 21:50:19.178763    47 feature_extraction.cc:257]   Name:            frame_000783.jpg
I0825 21:50:19.178771    47 feature_extraction.cc:283]   Dimensions:      3840 x 2160
I0825 21:50:19.178773    47 feature_extraction.cc:286]   Camera:          #783 - SIMPLE_RADIAL
I0825 21:50:19.178777    47 feature_extraction.cc:289]   Focal Length:    4608.00px
I0825 21:50:19.178785    47 feature_extraction.cc:302]   Features:        10167
I0825 21:50:20.534175    47 feature_extraction.cc:254] Processed file [784/795]
I0825 21:50:20.534224    47 feature_extraction.cc:257]   Name:            frame_000784.jpg
I0825 21:50:20.534229    47 feature_extraction.cc:283]   Dimensions:      3840 x 2160
I0825 21:50:20.534232    47 feature_extraction.cc:286]   Camera:          #784 - SIMPLE_RADIAL
I0825 21:50:20.534236    47 feature_extraction.cc:289]   Focal Length:    4608.00px
I0825 21:50:20.534245    47 feature_extraction.cc:302]   Features:        10052
I0825 21:50:20.953459    47 feature_extraction.cc:254] Processed file [785/795]
I0825 21:50:20.953504    47 feature_extraction.cc:257]   Name:            frame_000785.jpg
I0825 21:50:20.953511    47 feature_extraction.cc:283]   Dimensions:      3840 x 2160
I0825 21:50:20.953514    47 feature_extraction.cc:286]   Camera:          #785 - SIMPLE_RADIAL
I0825 21:50:20.953517    47 feature_extraction.cc:289]   Focal Length:    4608.00px
I0825 21:50:20.953526    47 feature_extraction.cc:302]   Features:        10552
I0825 21:50:21.390443    47 feature_extraction.cc:254] Processed file [786/795]
I0825 21:50:21.390486    47 feature_extraction.cc:257]   Name:            frame_000786.jpg
I0825 21:50:21.390493    47 feature_extraction.cc:283]   Dimensions:      3840 x 2160
I0825 21:50:21.390496    47 feature_extraction.cc:286]   Camera:          #786 - SIMPLE_RADIAL
I0825 21:50:21.390501    47 feature_extraction.cc:289]   Focal Length:    4608.00px
I0825 21:50:21.390508    47 feature_extraction.cc:302]   Features:        10662
I0825 21:50:22.692884    47 feature_extraction.cc:254] Processed file [787/795]
I0825 21:50:22.692939    47 feature_extraction.cc:257]   Name:            frame_000787.jpg
I0825 21:50:22.692947    47 feature_extraction.cc:283]   Dimensions:      3840 x 2160
I0825 21:50:22.692950    47 feature_extraction.cc:286]   Camera:          #787 - SIMPLE_RADIAL
I0825 21:50:22.692953    47 feature_extraction.cc:289]   Focal Length:    4608.00px
I0825 21:50:22.692963    47 feature_extraction.cc:302]   Features:        11245
I0825 21:50:23.145556    47 feature_extraction.cc:254] Processed file [788/795]
I0825 21:50:23.145604    47 feature_extraction.cc:257]   Name:            frame_000788.jpg
I0825 21:50:23.145612    47 feature_extraction.cc:283]   Dimensions:      3840 x 2160
I0825 21:50:23.145614    47 feature_extraction.cc:286]   Camera:          #788 - SIMPLE_RADIAL
I0825 21:50:23.145617    47 feature_extraction.cc:289]   Focal Length:    4608.00px
I0825 21:50:23.145625    47 feature_extraction.cc:302]   Features:        11198
I0825 21:50:23.627470    47 feature_extraction.cc:254] Processed file [789/795]
I0825 21:50:23.627518    47 feature_extraction.cc:257]   Name:            frame_000789.jpg
I0825 21:50:23.627525    47 feature_extraction.cc:283]   Dimensions:      3840 x 2160
I0825 21:50:23.627528    47 feature_extraction.cc:286]   Camera:          #789 - SIMPLE_RADIAL
I0825 21:50:23.627532    47 feature_extraction.cc:289]   Focal Length:    4608.00px
I0825 21:50:23.627542    47 feature_extraction.cc:302]   Features:        10338
I0825 21:50:25.042416    47 feature_extraction.cc:254] Processed file [790/795]
I0825 21:50:25.042502    47 feature_extraction.cc:257]   Name:            frame_000790.jpg
I0825 21:50:25.042519    47 feature_extraction.cc:283]   Dimensions:      3840 x 2160
I0825 21:50:25.042526    47 feature_extraction.cc:286]   Camera:          #790 - SIMPLE_RADIAL
I0825 21:50:25.042536    47 feature_extraction.cc:289]   Focal Length:    4608.00px
I0825 21:50:25.042547    47 feature_extraction.cc:302]   Features:        9706
I0825 21:50:25.436111    47 feature_extraction.cc:254] Processed file [791/795]
I0825 21:50:25.436154    47 feature_extraction.cc:257]   Name:            frame_000791.jpg
I0825 21:50:25.436161    47 feature_extraction.cc:283]   Dimensions:      3840 x 2160
I0825 21:50:25.436164    47 feature_extraction.cc:286]   Camera:          #791 - SIMPLE_RADIAL
I0825 21:50:25.436168    47 feature_extraction.cc:289]   Focal Length:    4608.00px
I0825 21:50:25.436177    47 feature_extraction.cc:302]   Features:        9568
I0825 21:50:25.829973    47 feature_extraction.cc:254] Processed file [792/795]
I0825 21:50:25.830018    47 feature_extraction.cc:257]   Name:            frame_000792.jpg
I0825 21:50:25.830026    47 feature_extraction.cc:283]   Dimensions:      3840 x 2160
I0825 21:50:25.830029    47 feature_extraction.cc:286]   Camera:          #792 - SIMPLE_RADIAL
I0825 21:50:25.830032    47 feature_extraction.cc:289]   Focal Length:    4608.00px
I0825 21:50:25.830040    47 feature_extraction.cc:302]   Features:        9802
I0825 21:50:27.066089    47 feature_extraction.cc:254] Processed file [793/795]
I0825 21:50:27.066133    47 feature_extraction.cc:257]   Name:            frame_000793.jpg
I0825 21:50:27.066139    47 feature_extraction.cc:283]   Dimensions:      3840 x 2160
I0825 21:50:27.066143    47 feature_extraction.cc:286]   Camera:          #793 - SIMPLE_RADIAL
I0825 21:50:27.066146    47 feature_extraction.cc:289]   Focal Length:    4608.00px
I0825 21:50:27.066154    47 feature_extraction.cc:302]   Features:        9749
I0825 21:50:27.411770    47 feature_extraction.cc:254] Processed file [794/795]
I0825 21:50:27.411813    47 feature_extraction.cc:257]   Name:            frame_000794.jpg
I0825 21:50:27.411820    47 feature_extraction.cc:283]   Dimensions:      3840 x 2160
I0825 21:50:27.411823    47 feature_extraction.cc:286]   Camera:          #794 - SIMPLE_RADIAL
I0825 21:50:27.411826    47 feature_extraction.cc:289]   Focal Length:    4608.00px
I0825 21:50:27.411834    47 feature_extraction.cc:302]   Features:        10123
I0825 21:50:27.806916    47 feature_extraction.cc:254] Processed file [795/795]
I0825 21:50:27.806962    47 feature_extraction.cc:257]   Name:            rsmeta.db
E0825 21:50:27.806969    47 feature_extraction.cc:263] Failed to read image file format.
I0825 21:50:27.807191    29 timer.cc:91] Elapsed time: 14.282 [minutes]
