
==========
== CUDA ==
==========

CUDA Version 11.8.0

Container image Copyright (c) 2016-2023, NVIDIA CORPORATION & AFFILIATES. All rights reserved.

This container image and its contents are governed by the NVIDIA Deep Learning Container License.
By pulling and using the container, you accept the terms and conditions of this license:
https://developer.nvidia.com/ngc/nvidia-deep-learning-container-license

A copy of this license is made available in this container at /NGC-DL-CONTAINER-LICENSE for your convenience.

WARNING: The NVIDIA Driver was not detected.  GPU functionality will not be available.
   Use the NVIDIA Container Toolkit to start this container with GPU support; see
   https://docs.nvidia.com/datacenter/cloud-native/ .

I0826 03:15:57.289633    27 misc.cc:198] 
==============================================================================
Loading database
==============================================================================
I0826 03:15:57.334015    27 database_cache.cc:54] Loading cameras...
I0826 03:15:57.343231    27 database_cache.cc:64]  794 in 0.009s
I0826 03:15:57.343290    27 database_cache.cc:72] Loading matches...
I0826 03:16:40.066313    27 database_cache.cc:78]  139340 in 42.723s
I0826 03:16:40.066382    27 database_cache.cc:94] Loading images...
I0826 03:16:50.602685    27 database_cache.cc:143]  794 in 10.536s (connected 794)
I0826 03:16:50.603049    27 database_cache.cc:154] Building correspondence graph...
I0826 03:17:07.589551    27 database_cache.cc:190]  in 16.987s (ignored 0)
I0826 03:17:07.606109    27 timer.cc:91] Elapsed time: 1.171 [minutes]
I0826 03:17:07.786156    27 misc.cc:198] 
==============================================================================
Finding good initial image pair
==============================================================================
I0826 03:17:09.978132    27 misc.cc:198] 
==============================================================================
Initializing with image pair #104 and #134
==============================================================================
I0826 03:17:10.022758    27 misc.cc:198] 
==============================================================================
Global bundle adjustment
==============================================================================
iter      cost      cost_change  |gradient|   |step|    tr_ratio  tr_radius  ls_iter  iter_time  total_time
   0  1.556392e+04    0.00e+00    1.15e+06   0.00e+00   0.00e+00  1.00e+04        0    1.08e-02    3.53e-02
   1  7.139890e+03    8.42e+03    4.74e+05   4.16e+02   8.17e-01  1.34e+04        1    1.68e-02    5.23e-02
   2  4.914647e+03    2.23e+03    6.36e+05   3.43e+02   5.92e-01  1.35e+04        1    9.61e-03    6.20e-02
   3  2.828697e+03    2.09e+03    3.99e+05   2.50e+02   8.23e-01  1.85e+04        1    9.68e-03    7.18e-02
   4  1.920008e+03    9.09e+02    3.81e+05   2.49e+02   7.24e-01  2.03e+04        1    1.07e-02    8.25e-02
   5  1.237666e+03    6.82e+02    2.48e+05   2.04e+02   8.08e-01  2.65e+04        1    9.84e-03    9.24e-02
   6  8.581744e+02    3.79e+02    2.04e+05   1.90e+02   7.47e-01  3.02e+04        1    1.05e-02    1.03e-01
   7  5.944527e+02    2.64e+02    1.26e+05   1.51e+02   8.18e-01  4.06e+04        1    1.01e-02    1.13e-01
   8  4.578034e+02    1.37e+02    9.20e+04   1.30e+02   7.93e-01  5.08e+04        1    8.94e-03    1.22e-01
   9  3.816311e+02    7.62e+01    5.28e+04   9.50e+01   8.61e-01  8.13e+04        1    9.41e-03    1.32e-01
  10  3.516085e+02    3.00e+01    3.60e+04   6.99e+01   8.55e-01  1.27e+05        1    9.21e-03    1.41e-01
  11  3.412103e+02    1.04e+01    1.77e+04   3.55e+01   9.17e-01  3.02e+05        1    9.37e-03    1.50e-01
  12  3.395681e+02    1.64e+00    7.39e+03   1.93e+01   7.01e-01  3.22e+05        1    9.45e-03    1.60e-01
  13  3.387149e+02    8.53e-01    3.38e+03   2.46e+01   7.80e-01  3.91e+05        1    9.26e-03    1.69e-01
  14  3.384004e+02    3.14e-01    4.54e+03   2.76e+01   5.88e-01  3.93e+05        1    9.10e-03    1.78e-01
  15  3.380786e+02    3.22e-01    3.51e+03   2.38e+01   7.49e-01  4.48e+05        1    9.46e-03    1.88e-01
  16  3.378896e+02    1.89e-01    3.06e+03   2.21e+01   7.05e-01  4.82e+05        1    8.74e-03    1.97e-01
  17  3.377411e+02    1.49e-01    2.27e+03   1.89e+01   7.77e-01  5.81e+05        1    9.97e-03    2.07e-01
  18  3.376480e+02    9.31e-02    1.92e+03   1.73e+01   7.57e-01  6.72e+05        1    9.08e-03    2.16e-01
  19  3.375812e+02    6.67e-02    1.39e+03   1.47e+01   8.16e-01  8.99e+05        1    9.72e-03    2.26e-01
  20  3.375427e+02    3.86e-02    1.12e+03   1.31e+01   8.06e-01  1.17e+06        1    1.00e-02    2.36e-01
  21  3.375195e+02    2.32e-02    7.31e+02   1.04e+01   8.71e-01  1.97e+06        1    8.87e-03    2.45e-01
  22  3.375093e+02    1.02e-02    5.39e+02   8.69e+00   8.71e-01  3.33e+06        1    1.04e-02    2.55e-01
  23  3.375053e+02    4.05e-03    3.16e+02   6.16e+00   9.26e-01  8.74e+06        1    9.35e-03    2.64e-01
  24  3.375044e+02    9.11e-04    4.10e+02   5.91e+00   6.57e-01  9.02e+06        1    1.01e-02    2.75e-01
  25  3.375035e+02    8.41e-04    2.59e+02   4.31e+00   8.23e-01  1.23e+07        1    1.04e-02    2.85e-01
  26  3.375032e+02    3.30e-04    3.93e+02   5.13e+00   4.08e-01  1.23e+07        1    9.42e-03    2.94e-01
  27  3.375025e+02    6.49e-04    3.70e+02   4.93e+00   5.93e-01  1.23e+07        1    1.07e-02    3.05e-01
  28  3.375019e+02    6.13e-04    3.70e+02   4.92e+00   5.75e-01  1.24e+07        1    1.09e-02    3.16e-01
  29  3.375013e+02    6.17e-04    3.72e+02   4.92e+00   5.74e-01  1.24e+07        1    1.06e-02    3.27e-01
  30  3.375007e+02    6.20e-04    3.74e+02   4.93e+00   5.71e-01  1.25e+07        1    9.91e-03    3.37e-01
  31  3.375001e+02    6.22e-04    3.76e+02   4.94e+00   5.69e-01  1.25e+07        1    1.16e-02    3.49e-01
  32  3.374994e+02    6.25e-04    3.78e+02   4.95e+00   5.67e-01  1.25e+07        1    1.07e-02    3.59e-01
  33  3.374988e+02    6.28e-04    3.80e+02   4.96e+00   5.65e-01  1.26e+07        1    1.01e-02    3.69e-01
  34  3.374982e+02    6.31e-04    3.82e+02   4.96e+00   5.63e-01  1.26e+07        1    9.97e-03    3.79e-01
  35  3.374976e+02    6.33e-04    3.83e+02   4.97e+00   5.62e-01  1.26e+07        1    1.06e-02    3.90e-01
  36  3.374969e+02    6.36e-04    3.85e+02   4.98e+00   5.60e-01  1.26e+07        1    9.88e-03    4.00e-01
  37  3.374963e+02    6.38e-04    3.86e+02   4.98e+00   5.59e-01  1.26e+07        1    1.03e-02    4.10e-01
  38  3.374956e+02    6.40e-04    3.88e+02   4.99e+00   5.57e-01  1.27e+07        1    9.22e-03    4.20e-01
  39  3.374950e+02    6.42e-04    3.89e+02   4.99e+00   5.56e-01  1.27e+07        1    9.79e-03    4.30e-01
  40  3.374944e+02    6.44e-04    3.90e+02   4.99e+00   5.55e-01  1.27e+07        1    9.80e-03    4.39e-01
  41  3.374937e+02    6.46e-04    3.91e+02   5.00e+00   5.54e-01  1.27e+07        1    9.28e-03    4.49e-01
  42  3.374931e+02    6.48e-04    3.92e+02   5.00e+00   5.52e-01  1.27e+07        1    1.02e-02    4.59e-01
  43  3.374924e+02    6.50e-04    3.93e+02   5.00e+00   5.51e-01  1.27e+07        1    1.04e-02    4.70e-01
  44  3.374918e+02    6.52e-04    3.94e+02   5.00e+00   5.50e-01  1.28e+07        1    9.19e-03    4.79e-01
  45  3.374911e+02    6.53e-04    3.95e+02   5.00e+00   5.49e-01  1.28e+07        1    9.97e-03    4.89e-01
  46  3.374904e+02    6.55e-04    3.96e+02   5.01e+00   5.48e-01  1.28e+07        1    9.67e-03    4.99e-01
  47  3.374898e+02    6.57e-04    3.97e+02   5.01e+00   5.48e-01  1.28e+07        1    9.83e-03    5.09e-01
  48  3.374891e+02    6.58e-04    3.98e+02   5.01e+00   5.47e-01  1.28e+07        1    1.03e-02    5.19e-01
  49  3.374885e+02    6.60e-04    3.99e+02   5.01e+00   5.46e-01  1.28e+07        1    9.79e-03    5.29e-01
  50  3.374878e+02    6.61e-04    3.99e+02   5.01e+00   5.45e-01  1.28e+07        1    1.01e-02    5.39e-01
  51  3.374872e+02    6.63e-04    4.00e+02   5.01e+00   5.44e-01  1.28e+07        1    1.03e-02    5.49e-01
  52  3.374865e+02    6.64e-04    4.01e+02   5.01e+00   5.43e-01  1.28e+07        1    1.09e-02    5.60e-01
  53  3.374858e+02    6.66e-04    4.01e+02   5.01e+00   5.43e-01  1.28e+07        1    9.66e-03    5.70e-01
  54  3.374852e+02    6.67e-04    4.02e+02   5.01e+00   5.42e-01  1.28e+07        1    9.69e-03    5.80e-01
  55  3.374845e+02    6.69e-04    4.02e+02   5.01e+00   5.41e-01  1.29e+07        1    9.87e-03    5.90e-01
  56  3.374838e+02    6.70e-04    4.03e+02   5.01e+00   5.41e-01  1.29e+07        1    9.72e-03    5.99e-01
  57  3.374831e+02    6.71e-04    4.03e+02   5.01e+00   5.40e-01  1.29e+07        1    1.02e-02    6.10e-01
  58  3.374825e+02    6.73e-04    4.04e+02   5.01e+00   5.39e-01  1.29e+07        1    9.97e-03    6.20e-01
  59  3.374818e+02    6.74e-04    4.04e+02   5.00e+00   5.39e-01  1.29e+07        1    9.38e-03    6.29e-01
  60  3.374811e+02    6.75e-04    4.05e+02   5.00e+00   5.38e-01  1.29e+07        1    1.03e-02    6.40e-01
  61  3.374804e+02    6.77e-04    4.05e+02   5.00e+00   5.38e-01  1.29e+07        1    1.06e-02    6.50e-01
  62  3.374798e+02    6.78e-04    4.06e+02   5.00e+00   5.37e-01  1.29e+07        1    9.35e-03    6.60e-01
  63  3.374791e+02    6.79e-04    4.06e+02   5.00e+00   5.37e-01  1.29e+07        1    1.00e-02    6.70e-01
  64  3.374784e+02    6.81e-04    4.07e+02   5.00e+00   5.36e-01  1.29e+07        1    9.21e-03    6.79e-01
  65  3.374777e+02    6.82e-04    4.07e+02   5.00e+00   5.36e-01  1.29e+07        1    1.01e-02    6.89e-01
  66  3.374770e+02    6.83e-04    4.07e+02   4.99e+00   5.35e-01  1.29e+07        1    9.91e-03    6.99e-01
  67  3.374764e+02    6.84e-04    4.08e+02   4.99e+00   5.35e-01  1.29e+07        1    9.46e-03    7.09e-01
  68  3.374757e+02    6.86e-04    4.08e+02   4.99e+00   5.34e-01  1.29e+07        1    9.96e-03    7.19e-01
  69  3.374750e+02    6.87e-04    4.08e+02   4.99e+00   5.34e-01  1.29e+07        1    9.71e-03    7.28e-01
  70  3.374743e+02    6.88e-04    4.09e+02   4.99e+00   5.33e-01  1.29e+07        1    9.89e-03    7.38e-01
  71  3.374736e+02    6.89e-04    4.09e+02   4.98e+00   5.33e-01  1.29e+07        1    1.04e-02    7.49e-01
  72  3.374729e+02    6.90e-04    4.09e+02   4.98e+00   5.32e-01  1.29e+07        1    9.28e-03    7.58e-01
  73  3.374722e+02    6.92e-04    4.10e+02   4.98e+00   5.32e-01  1.29e+07        1    9.69e-03    7.68e-01
  74  3.374715e+02    6.93e-04    4.10e+02   4.98e+00   5.31e-01  1.29e+07        1    9.38e-03    7.77e-01
  75  3.374708e+02    6.94e-04    4.10e+02   4.97e+00   5.31e-01  1.30e+07        1    9.13e-03    7.87e-01
  76  3.374701e+02    6.95e-04    4.10e+02   4.97e+00   5.31e-01  1.30e+07        1    9.34e-03    7.96e-01
  77  3.374694e+02    6.96e-04    4.11e+02   4.97e+00   5.30e-01  1.30e+07        1    8.93e-03    8.05e-01
  78  3.374687e+02    6.98e-04    4.11e+02   4.97e+00   5.30e-01  1.30e+07        1    9.82e-03    8.15e-01
  79  3.374681e+02    6.99e-04    4.11e+02   4.96e+00   5.29e-01  1.30e+07        1    9.51e-03    8.24e-01
  80  3.374674e+02    7.00e-04    4.11e+02   4.96e+00   5.29e-01  1.30e+07        1    9.39e-03    8.34e-01
  81  3.374667e+02    7.01e-04    4.12e+02   4.96e+00   5.29e-01  1.30e+07        1    9.57e-03    8.44e-01
  82  3.374659e+02    7.02e-04    4.12e+02   4.95e+00   5.28e-01  1.30e+07        1    9.33e-03    8.53e-01
  83  3.374652e+02    7.03e-04    4.12e+02   4.95e+00   5.28e-01  1.30e+07        1    9.88e-03    8.63e-01
  84  3.374645e+02    7.04e-04    4.12e+02   4.95e+00   5.28e-01  1.30e+07        1    9.56e-03    8.73e-01
  85  3.374638e+02    7.05e-04    4.12e+02   4.95e+00   5.27e-01  1.30e+07        1    8.89e-03    8.81e-01
  86  3.374631e+02    7.07e-04    4.13e+02   4.94e+00   5.27e-01  1.30e+07        1    9.67e-03    8.91e-01
  87  3.374624e+02    7.08e-04    4.13e+02   4.94e+00   5.26e-01  1.30e+07        1    9.16e-03    9.00e-01
  88  3.374617e+02    7.09e-04    4.13e+02   4.94e+00   5.26e-01  1.30e+07        1    9.63e-03    9.10e-01
  89  3.374610e+02    7.10e-04    4.13e+02   4.93e+00   5.26e-01  1.30e+07        1    9.49e-03    9.20e-01
  90  3.374603e+02    7.11e-04    4.13e+02   4.93e+00   5.25e-01  1.30e+07        1    9.30e-03    9.29e-01
  91  3.374596e+02    7.12e-04    4.13e+02   4.93e+00   5.25e-01  1.30e+07        1    9.82e-03    9.39e-01
  92  3.374589e+02    7.13e-04    4.14e+02   4.92e+00   5.25e-01  1.30e+07        1    1.00e-02    9.49e-01
  93  3.374582e+02    7.14e-04    4.14e+02   4.92e+00   5.25e-01  1.30e+07        1    9.30e-03    9.58e-01
  94  3.374574e+02    7.15e-04    4.14e+02   4.92e+00   5.24e-01  1.30e+07        1    9.62e-03    9.68e-01
  95  3.374567e+02    7.16e-04    4.14e+02   4.92e+00   5.24e-01  1.30e+07        1    9.43e-03    9.78e-01
  96  3.374560e+02    7.18e-04    4.14e+02   4.91e+00   5.24e-01  1.30e+07        1    9.33e-03    9.87e-01
  97  3.374553e+02    7.19e-04    4.14e+02   4.91e+00   5.23e-01  1.30e+07        1    1.02e-02    9.97e-01
  98  3.374546e+02    7.20e-04    4.14e+02   4.91e+00   5.23e-01  1.30e+07        1    9.81e-03    1.01e+00
  99  3.374538e+02    7.21e-04    4.14e+02   4.90e+00   5.23e-01  1.30e+07        1    9.90e-03    1.02e+00
 100  3.374531e+02    7.22e-04    4.15e+02   4.90e+00   5.22e-01  1.30e+07        1    1.01e-02    1.03e+00
I0826 03:17:11.072358    27 misc.cc:205] 
Bundle adjustment report
------------------------
I0826 03:17:11.072984    27 bundle_adjustment.cc:942] 
    Residuals : 7024
   Parameters : 5277
   Iterations : 101
         Time : 1.02829 [s]
 Initial cost : 1.48856 [px]
   Final cost : 0.219187 [px]
  Termination : No convergence

I0826 03:17:11.090895    27 incremental_mapper.cc:160] => Filtered observations: 0
I0826 03:17:11.090955    27 incremental_mapper.cc:167] => Filtered images: 0
I0826 03:17:11.237489    27 misc.cc:198] 
==============================================================================
Registering image #105 (3)
==============================================================================
I0826 03:17:11.237536    27 incremental_mapper.cc:495] => Image sees 1470 / 12612 points
I0826 03:17:11.458500    27 misc.cc:205] 
Pose refinement report
----------------------
I0826 03:17:11.458564    27 bundle_adjustment.cc:942] 
    Residuals : 2936
   Parameters : 8
   Iterations : 7
         Time : 0.030596 [s]
 Initial cost : 0.779811 [px]
   Final cost : 0.321432 [px]
  Termination : Convergence

I0826 03:17:11.520609    27 incremental_mapper.cc:40] => Continued observations: 1468
I0826 03:17:11.545164    27 incremental_mapper.cc:43] => Added observations: 1235
I0826 03:17:11.990262    27 misc.cc:205] 
Bundle adjustment report
------------------------
I0826 03:17:11.990348    27 bundle_adjustment.cc:942] 
    Residuals : 12430
   Parameters : 6821
   Iterations : 26
         Time : 0.430258 [s]
 Initial cost : 0.289082 [px]
   Final cost : 0.244938 [px]
  Termination : No convergence

I0826 03:17:12.035622    27 incremental_mapper.cc:78] => Merged observations: 0
I0826 03:17:12.035676    27 incremental_mapper.cc:79] => Completed observations: 10
I0826 03:17:12.035681    27 incremental_mapper.cc:81] => Filtered observations: 10
I0826 03:17:12.035683    27 incremental_mapper.cc:90] => Changed observations: 0.003218
I0826 03:17:12.102331    27 misc.cc:205] 
Bundle adjustment report
------------------------
I0826 03:17:12.102413    27 bundle_adjustment.cc:942] 
    Residuals : 12428
   Parameters : 6812
   Iterations : 2
         Time : 0.0523939 [s]
 Initial cost : 0.269858 [px]
   Final cost : 0.265754 [px]
  Termination : Convergence

I0826 03:17:12.145028    27 incremental_mapper.cc:78] => Merged observations: 0
I0826 03:17:12.145104    27 incremental_mapper.cc:79] => Completed observations: 0
I0826 03:17:12.145109    27 incremental_mapper.cc:81] => Filtered observations: 0
I0826 03:17:12.145112    27 incremental_mapper.cc:90] => Changed observations: 0.000000
I0826 03:17:12.145231    27 misc.cc:198] 
==============================================================================
Retriangulation
==============================================================================
I0826 03:17:12.151180    27 incremental_mapper.cc:175] => Completed observations: 0
I0826 03:17:12.157717    27 incremental_mapper.cc:178] => Merged observations: 0
I0826 03:17:12.157770    27 incremental_mapper.cc:105] => Retriangulated observations: 0
I0826 03:17:12.165278    27 misc.cc:198] 
==============================================================================
Global bundle adjustment
==============================================================================
iter      cost      cost_change  |gradient|   |step|    tr_ratio  tr_radius  ls_iter  iter_time  total_time
   0  8.777287e+02    0.00e+00    6.36e+00   0.00e+00   0.00e+00  1.00e+04        0    9.40e-03    3.40e-02
   1  8.777269e+02    1.84e-03    1.98e+00   2.12e-01   1.00e+00  3.00e+04        1    2.00e-02    5.41e-02
   2  8.777236e+02    3.23e-03    2.29e+00   6.63e-01   1.00e+00  9.00e+04        1    1.76e-02    7.17e-02
   3  8.777170e+02    6.63e-03    1.24e+01   1.95e+00   1.00e+00  2.70e+05        1    1.69e-02    8.86e-02
   4  8.777060e+02    1.10e-02    5.59e+01   4.32e+00   1.00e+00  8.10e+05        1    1.70e-02    1.06e-01
   5  8.776956e+02    1.04e-02    1.47e+02   6.59e+00   9.28e-01  2.16e+06        1    1.71e-02    1.23e-01
   6  8.776866e+02    9.07e-03    2.57e+02   8.09e+00   6.77e-01  2.27e+06        1    1.67e-02    1.40e-01
   7  8.776734e+02    1.31e-02    2.02e+02   6.33e+00   8.32e-01  3.21e+06        1    1.74e-02    1.57e-01
   8  8.776639e+02    9.58e-03    3.68e+02   8.16e+00   5.15e-01  3.21e+06        1    1.75e-02    1.75e-01
   9  8.776477e+02    1.62e-02    3.61e+02   7.99e+00   6.49e-01  3.30e+06        1    1.79e-02    1.93e-01
  10  8.776322e+02    1.54e-02    3.78e+02   8.16e+00   6.15e-01  3.34e+06        1    1.72e-02    2.10e-01
  11  8.776162e+02    1.61e-02    3.86e+02   8.23e+00   6.13e-01  3.37e+06        1    1.74e-02    2.27e-01
  12  8.775999e+02    1.63e-02    3.94e+02   8.31e+00   6.05e-01  3.41e+06        1    1.72e-02    2.45e-01
  13  8.775834e+02    1.65e-02    4.00e+02   8.37e+00   6.00e-01  3.43e+06        1    1.77e-02    2.62e-01
  14  8.775667e+02    1.67e-02    4.05e+02   8.42e+00   5.95e-01  3.46e+06        1    1.79e-02    2.80e-01
  15  8.775499e+02    1.68e-02    4.10e+02   8.46e+00   5.91e-01  3.48e+06        1    1.79e-02    2.98e-01
  16  8.775330e+02    1.69e-02    4.14e+02   8.49e+00   5.87e-01  3.50e+06        1    1.78e-02    3.16e-01
  17  8.775160e+02    1.70e-02    4.17e+02   8.51e+00   5.84e-01  3.51e+06        1    1.76e-02    3.34e-01
  18  8.774988e+02    1.71e-02    4.20e+02   8.54e+00   5.81e-01  3.53e+06        1    1.84e-02    3.52e-01
  19  8.774816e+02    1.72e-02    4.22e+02   8.55e+00   5.78e-01  3.54e+06        1    1.87e-02    3.71e-01
  20  8.774643e+02    1.73e-02    4.24e+02   8.56e+00   5.76e-01  3.56e+06        1    1.76e-02    3.89e-01
  21  8.774469e+02    1.74e-02    4.26e+02   8.58e+00   5.74e-01  3.57e+06        1    1.72e-02    4.06e-01
  22  8.774295e+02    1.74e-02    4.27e+02   8.58e+00   5.72e-01  3.58e+06        1    1.75e-02    4.24e-01
  23  8.774120e+02    1.75e-02    4.29e+02   8.59e+00   5.70e-01  3.59e+06        1    1.76e-02    4.41e-01
  24  8.773945e+02    1.75e-02    4.30e+02   8.59e+00   5.69e-01  3.60e+06        1    1.73e-02    4.59e-01
  25  8.773769e+02    1.76e-02    4.31e+02   8.59e+00   5.67e-01  3.61e+06        1    1.81e-02    4.77e-01
  26  8.773593e+02    1.76e-02    4.31e+02   8.59e+00   5.66e-01  3.61e+06        1    1.87e-02    4.96e-01
  27  8.773416e+02    1.76e-02    4.32e+02   8.59e+00   5.64e-01  3.62e+06        1    1.82e-02    5.14e-01
  28  8.773240e+02    1.77e-02    4.32e+02   8.59e+00   5.63e-01  3.63e+06        1    1.83e-02    5.32e-01
  29  8.773062e+02    1.77e-02    4.33e+02   8.59e+00   5.62e-01  3.64e+06        1    1.94e-02    5.52e-01
  30  8.772885e+02    1.77e-02    4.33e+02   8.58e+00   5.61e-01  3.64e+06        1    1.78e-02    5.70e-01
  31  8.772707e+02    1.78e-02    4.33e+02   8.58e+00   5.60e-01  3.65e+06        1    1.64e-02    5.86e-01
  32  8.772530e+02    1.78e-02    4.33e+02   8.57e+00   5.59e-01  3.65e+06        1    1.69e-02    6.03e-01
  33  8.772351e+02    1.78e-02    4.33e+02   8.57e+00   5.58e-01  3.66e+06        1    1.71e-02    6.20e-01
  34  8.772173e+02    1.78e-02    4.33e+02   8.56e+00   5.57e-01  3.67e+06        1    1.75e-02    6.38e-01
  35  8.771995e+02    1.78e-02    4.33e+02   8.55e+00   5.56e-01  3.67e+06        1    1.70e-02    6.55e-01
  36  8.771816e+02    1.79e-02    4.33e+02   8.54e+00   5.56e-01  3.68e+06        1    1.82e-02    6.73e-01
  37  8.771637e+02    1.79e-02    4.33e+02   8.53e+00   5.55e-01  3.68e+06        1    1.81e-02    6.91e-01
  38  8.771458e+02    1.79e-02    4.33e+02   8.53e+00   5.54e-01  3.69e+06        1    1.84e-02    7.10e-01
  39  8.771279e+02    1.79e-02    4.33e+02   8.52e+00   5.54e-01  3.69e+06        1    1.86e-02    7.28e-01
  40  8.771100e+02    1.79e-02    4.32e+02   8.51e+00   5.53e-01  3.69e+06        1    1.75e-02    7.46e-01
  41  8.770921e+02    1.79e-02    4.32e+02   8.50e+00   5.52e-01  3.70e+06        1    1.82e-02    7.64e-01
  42  8.770741e+02    1.79e-02    4.31e+02   8.48e+00   5.52e-01  3.70e+06        1    1.74e-02    7.82e-01
  43  8.770562e+02    1.79e-02    4.31e+02   8.47e+00   5.51e-01  3.71e+06        1    1.80e-02    8.00e-01
  44  8.770382e+02    1.80e-02    4.30e+02   8.46e+00   5.51e-01  3.71e+06        1    1.73e-02    8.17e-01
  45  8.770203e+02    1.80e-02    4.30e+02   8.45e+00   5.50e-01  3.71e+06        1    1.76e-02    8.35e-01
  46  8.770023e+02    1.80e-02    4.29e+02   8.44e+00   5.50e-01  3.72e+06        1    1.80e-02    8.53e-01
  47  8.769843e+02    1.80e-02    4.29e+02   8.43e+00   5.49e-01  3.72e+06        1    1.69e-02    8.70e-01
  48  8.769663e+02    1.80e-02    4.28e+02   8.41e+00   5.49e-01  3.72e+06        1    1.76e-02    8.87e-01
  49  8.769484e+02    1.80e-02    4.28e+02   8.40e+00   5.49e-01  3.73e+06        1    1.73e-02    9.05e-01
  50  8.769304e+02    1.80e-02    4.27e+02   8.39e+00   5.48e-01  3.73e+06        1    1.75e-02    9.22e-01
  51  8.769124e+02    1.80e-02    4.26e+02   8.38e+00   5.48e-01  3.73e+06        1    1.75e-02    9.40e-01
  52  8.768944e+02    1.80e-02    4.26e+02   8.36e+00   5.48e-01  3.74e+06        1    1.76e-02    9.58e-01
  53  8.768764e+02    1.80e-02    4.25e+02   8.35e+00   5.47e-01  3.74e+06        1    1.79e-02    9.76e-01
  54  8.768584e+02    1.80e-02    4.24e+02   8.34e+00   5.47e-01  3.74e+06        1    1.81e-02    9.94e-01
  55  8.768404e+02    1.80e-02    4.24e+02   8.32e+00   5.47e-01  3.75e+06        1    1.88e-02    1.01e+00
  56  8.768224e+02    1.80e-02    4.23e+02   8.31e+00   5.46e-01  3.75e+06        1    1.68e-02    1.03e+00
  57  8.768043e+02    1.80e-02    4.22e+02   8.30e+00   5.46e-01  3.75e+06        1    1.72e-02    1.05e+00
  58  8.767863e+02    1.80e-02    4.21e+02   8.28e+00   5.46e-01  3.76e+06        1    1.77e-02    1.06e+00
  59  8.767683e+02    1.80e-02    4.20e+02   8.27e+00   5.46e-01  3.76e+06        1    1.94e-02    1.08e+00
  60  8.767503e+02    1.80e-02    4.20e+02   8.25e+00   5.45e-01  3.76e+06        1    1.75e-02    1.10e+00
  61  8.767323e+02    1.80e-02    4.19e+02   8.24e+00   5.45e-01  3.76e+06        1    1.69e-02    1.12e+00
  62  8.767143e+02    1.80e-02    4.18e+02   8.23e+00   5.45e-01  3.77e+06        1    1.74e-02    1.14e+00
  63  8.766963e+02    1.80e-02    4.17e+02   8.21e+00   5.45e-01  3.77e+06        1    1.73e-02    1.15e+00
  64  8.766783e+02    1.80e-02    4.16e+02   8.20e+00   5.45e-01  3.77e+06        1    1.78e-02    1.17e+00
  65  8.766603e+02    1.80e-02    4.15e+02   8.18e+00   5.44e-01  3.78e+06        1    1.80e-02    1.19e+00
  66  8.766423e+02    1.80e-02    4.15e+02   8.17e+00   5.44e-01  3.78e+06        1    1.84e-02    1.21e+00
  67  8.766243e+02    1.80e-02    4.14e+02   8.16e+00   5.44e-01  3.78e+06        1    1.86e-02    1.23e+00
  68  8.766063e+02    1.80e-02    4.13e+02   8.14e+00   5.44e-01  3.78e+06        1    1.86e-02    1.25e+00
  69  8.765883e+02    1.80e-02    4.12e+02   8.13e+00   5.44e-01  3.79e+06        1    1.88e-02    1.26e+00
  70  8.765703e+02    1.80e-02    4.11e+02   8.11e+00   5.43e-01  3.79e+06        1    1.85e-02    1.28e+00
  71  8.765523e+02    1.80e-02    4.10e+02   8.10e+00   5.43e-01  3.79e+06        1    1.94e-02    1.30e+00
  72  8.765343e+02    1.80e-02    4.09e+02   8.08e+00   5.43e-01  3.79e+06        1    1.73e-02    1.32e+00
  73  8.765164e+02    1.80e-02    4.08e+02   8.07e+00   5.43e-01  3.80e+06        1    1.68e-02    1.34e+00
  74  8.764984e+02    1.80e-02    4.07e+02   8.05e+00   5.43e-01  3.80e+06        1    1.71e-02    1.35e+00
  75  8.764804e+02    1.80e-02    4.06e+02   8.04e+00   5.43e-01  3.80e+06        1    1.79e-02    1.37e+00
  76  8.764624e+02    1.80e-02    4.06e+02   8.02e+00   5.43e-01  3.80e+06        1    1.83e-02    1.39e+00
  77  8.764445e+02    1.80e-02    4.05e+02   8.01e+00   5.43e-01  3.81e+06        1    1.81e-02    1.41e+00
  78  8.764265e+02    1.80e-02    4.04e+02   7.99e+00   5.43e-01  3.81e+06        1    1.97e-02    1.43e+00
  79  8.764086e+02    1.80e-02    4.03e+02   7.98e+00   5.42e-01  3.81e+06        1    2.08e-02    1.45e+00
  80  8.763906e+02    1.79e-02    4.02e+02   7.97e+00   5.42e-01  3.81e+06        1    1.93e-02    1.47e+00
  81  8.763727e+02    1.79e-02    4.01e+02   7.95e+00   5.42e-01  3.81e+06        1    1.77e-02    1.49e+00
  82  8.763547e+02    1.79e-02    4.00e+02   7.94e+00   5.42e-01  3.82e+06        1    1.68e-02    1.50e+00
  83  8.763368e+02    1.79e-02    3.99e+02   7.92e+00   5.42e-01  3.82e+06        1    1.74e-02    1.52e+00
  84  8.763189e+02    1.79e-02    3.98e+02   7.91e+00   5.42e-01  3.82e+06        1    1.73e-02    1.54e+00
  85  8.763010e+02    1.79e-02    3.97e+02   7.89e+00   5.42e-01  3.82e+06        1    1.72e-02    1.55e+00
  86  8.762830e+02    1.79e-02    3.96e+02   7.88e+00   5.42e-01  3.83e+06        1    1.72e-02    1.57e+00
  87  8.762651e+02    1.79e-02    3.95e+02   7.86e+00   5.42e-01  3.83e+06        1    1.73e-02    1.59e+00
  88  8.762472e+02    1.79e-02    3.94e+02   7.85e+00   5.42e-01  3.83e+06        1    1.84e-02    1.61e+00
  89  8.762293e+02    1.79e-02    3.93e+02   7.83e+00   5.42e-01  3.83e+06        1    1.72e-02    1.63e+00
  90  8.762114e+02    1.79e-02    3.92e+02   7.82e+00   5.42e-01  3.83e+06        1    1.83e-02    1.64e+00
  91  8.761936e+02    1.79e-02    3.91e+02   7.80e+00   5.42e-01  3.84e+06        1    1.85e-02    1.66e+00
  92  8.761757e+02    1.79e-02    3.90e+02   7.79e+00   5.42e-01  3.84e+06        1    1.78e-02    1.68e+00
  93  8.761578e+02    1.79e-02    3.89e+02   7.77e+00   5.42e-01  3.84e+06        1    1.83e-02    1.70e+00
  94  8.761399e+02    1.79e-02    3.88e+02   7.76e+00   5.42e-01  3.84e+06        1    1.84e-02    1.72e+00
  95  8.761221e+02    1.79e-02    3.87e+02   7.74e+00   5.41e-01  3.85e+06        1    1.87e-02    1.74e+00
  96  8.761042e+02    1.78e-02    3.86e+02   7.73e+00   5.41e-01  3.85e+06        1    1.81e-02    1.75e+00
  97  8.760864e+02    1.78e-02    3.85e+02   7.72e+00   5.41e-01  3.85e+06        1    1.85e-02    1.77e+00
  98  8.760686e+02    1.78e-02    3.84e+02   7.70e+00   5.41e-01  3.85e+06        1    1.90e-02    1.79e+00
  99  8.760507e+02    1.78e-02    3.83e+02   7.69e+00   5.41e-01  3.85e+06        1    1.91e-02    1.81e+00
 100  8.760329e+02    1.78e-02    3.82e+02   7.67e+00   5.41e-01  3.86e+06        1    1.67e-02    1.83e+00
I0826 03:17:14.010483    27 misc.cc:205] 
Bundle adjustment report
------------------------
I0826 03:17:14.010562    27 bundle_adjustment.cc:942] 
    Residuals : 12428
   Parameters : 6812
   Iterations : 101
         Time : 1.82901 [s]
 Initial cost : 0.265754 [px]
   Final cost : 0.265497 [px]
  Termination : No convergence

I0826 03:17:14.029330    27 incremental_mapper.cc:175] => Completed observations: 0
I0826 03:17:14.035332    27 incremental_mapper.cc:178] => Merged observations: 0
I0826 03:17:14.039516    27 incremental_mapper.cc:160] => Filtered observations: 0
I0826 03:17:14.039564    27 incremental_mapper.cc:119] => Changed observations: 0.000000
I0826 03:17:14.039580    27 incremental_mapper.cc:167] => Filtered images: 0
I0826 03:17:14.176551    27 misc.cc:198] 
==============================================================================
Registering image #106 (4)
==============================================================================
I0826 03:17:14.176592    27 incremental_mapper.cc:495] => Image sees 1787 / 12300 points
I0826 03:17:14.548626    27 misc.cc:205] 
Pose refinement report
----------------------
I0826 03:17:14.548695    27 bundle_adjustment.cc:942] 
    Residuals : 3570
   Parameters : 8
   Iterations : 9
         Time : 0.0314891 [s]
 Initial cost : 0.590664 [px]
   Final cost : 0.310175 [px]
  Termination : Convergence

I0826 03:17:14.578094    27 incremental_mapper.cc:40] => Continued observations: 1785
I0826 03:17:14.614037    27 incremental_mapper.cc:43] => Added observations: 670
I0826 03:17:15.262418    27 misc.cc:205] 
Bundle adjustment report
------------------------
I0826 03:17:15.262494    27 bundle_adjustment.cc:942] 
    Residuals : 17338
   Parameters : 7582
   Iterations : 26
         Time : 0.629605 [s]
 Initial cost : 0.374274 [px]
   Final cost : 0.281405 [px]
  Termination : No convergence

I0826 03:17:15.332695    27 incremental_mapper.cc:78] => Merged observations: 0
I0826 03:17:15.332753    27 incremental_mapper.cc:79] => Completed observations: 41
I0826 03:17:15.332758    27 incremental_mapper.cc:81] => Filtered observations: 15
I0826 03:17:15.332760    27 incremental_mapper.cc:90] => Changed observations: 0.006460
I0826 03:17:16.023969    27 misc.cc:205] 
Bundle adjustment report
------------------------
I0826 03:17:16.024052    27 bundle_adjustment.cc:942] 
    Residuals : 17378
   Parameters : 7567
   Iterations : 26
         Time : 0.671438 [s]
 Initial cost : 0.312523 [px]
   Final cost : 0.304322 [px]
  Termination : No convergence

I0826 03:17:16.091614    27 incremental_mapper.cc:78] => Merged observations: 0
I0826 03:17:16.091676    27 incremental_mapper.cc:79] => Completed observations: 12
I0826 03:17:16.091681    27 incremental_mapper.cc:81] => Filtered observations: 0
I0826 03:17:16.091682    27 incremental_mapper.cc:90] => Changed observations: 0.001381
I0826 03:17:16.091797    27 misc.cc:198] 
==============================================================================
Retriangulation
==============================================================================
I0826 03:17:16.098927    27 incremental_mapper.cc:175] => Completed observations: 0
I0826 03:17:16.105228    27 incremental_mapper.cc:178] => Merged observations: 0
I0826 03:17:16.105285    27 incremental_mapper.cc:105] => Retriangulated observations: 0
I0826 03:17:16.112545    27 misc.cc:198] 
==============================================================================
Global bundle adjustment
==============================================================================
iter      cost      cost_change  |gradient|   |step|    tr_ratio  tr_radius  ls_iter  iter_time  total_time
   0  1.654179e+03    0.00e+00    4.94e+03   0.00e+00   0.00e+00  1.00e+04        0    1.31e-02    4.37e-02
   1  1.645534e+03    8.64e+00    1.66e+03   4.64e-01   9.97e-01  3.00e+04        1    2.75e-02    7.13e-02
   2  1.644204e+03    1.33e+00    1.97e+03   9.73e-01   9.94e-01  9.00e+04        1    2.56e-02    9.69e-02
   3  1.643981e+03    2.23e-01    7.85e+02   2.57e+00   1.04e+00  2.70e+05        1    2.61e-02    1.23e-01
   4  1.643873e+03    1.08e-01    4.26e+02   5.77e+00   9.49e-01  8.10e+05        1    2.65e-02    1.50e-01
   5  1.643759e+03    1.14e-01    1.84e+03   1.13e+01   4.04e-01  8.04e+05        1    2.46e-02    1.74e-01
   6  1.643430e+03    3.30e-01    1.32e+03   9.24e+00   7.68e-01  9.51e+05        1    2.52e-02    2.00e-01
   7  1.643180e+03    2.50e-01    1.67e+03   9.92e+00   6.17e-01  9.64e+05        1    2.51e-02    2.25e-01
   8  1.642869e+03    3.11e-01    1.65e+03   9.64e+00   6.77e-01  1.01e+06        1    2.51e-02    2.50e-01
   9  1.642573e+03    2.96e-01    1.77e+03   9.89e+00   6.35e-01  1.03e+06        1    2.43e-02    2.74e-01
  10  1.642262e+03    3.11e-01    1.82e+03   9.98e+00   6.36e-01  1.05e+06        1    2.49e-02    2.99e-01
  11  1.641949e+03    3.13e-01    1.87e+03   1.01e+01   6.24e-01  1.07e+06        1    2.54e-02    3.25e-01
  12  1.641631e+03    3.18e-01    1.92e+03   1.02e+01   6.18e-01  1.08e+06        1    2.52e-02    3.50e-01
  13  1.641311e+03    3.20e-01    1.95e+03   1.03e+01   6.13e-01  1.09e+06        1    2.54e-02    3.76e-01
  14  1.640988e+03    3.22e-01    1.98e+03   1.03e+01   6.08e-01  1.10e+06        1    2.59e-02    4.02e-01
  15  1.640665e+03    3.23e-01    2.01e+03   1.03e+01   6.05e-01  1.11e+06        1    2.51e-02    4.27e-01
  16  1.640342e+03    3.24e-01    2.03e+03   1.04e+01   6.02e-01  1.12e+06        1    2.60e-02    4.53e-01
  17  1.640018e+03    3.24e-01    2.05e+03   1.04e+01   5.99e-01  1.13e+06        1    2.53e-02    4.78e-01
  18  1.639694e+03    3.24e-01    2.06e+03   1.04e+01   5.97e-01  1.14e+06        1    2.70e-02    5.05e-01
  19  1.639371e+03    3.23e-01    2.07e+03   1.04e+01   5.95e-01  1.15e+06        1    2.73e-02    5.33e-01
  20  1.639048e+03    3.22e-01    2.08e+03   1.04e+01   5.93e-01  1.16e+06        1    2.60e-02    5.59e-01
  21  1.638727e+03    3.22e-01    2.09e+03   1.04e+01   5.92e-01  1.16e+06        1    2.59e-02    5.85e-01
  22  1.638406e+03    3.21e-01    2.10e+03   1.04e+01   5.90e-01  1.17e+06        1    2.63e-02    6.11e-01
  23  1.638087e+03    3.19e-01    2.11e+03   1.04e+01   5.89e-01  1.18e+06        1    2.60e-02    6.37e-01
  24  1.637769e+03    3.18e-01    2.11e+03   1.04e+01   5.88e-01  1.18e+06        1    2.60e-02    6.63e-01
  25  1.637452e+03    3.17e-01    2.12e+03   1.04e+01   5.88e-01  1.19e+06        1    2.58e-02    6.89e-01
  26  1.637136e+03    3.15e-01    2.12e+03   1.04e+01   5.87e-01  1.20e+06        1    2.45e-02    7.14e-01
  27  1.636823e+03    3.14e-01    2.13e+03   1.04e+01   5.86e-01  1.20e+06        1    2.55e-02    7.39e-01
  28  1.636510e+03    3.12e-01    2.13e+03   1.04e+01   5.86e-01  1.21e+06        1    2.74e-02    7.67e-01
  29  1.636200e+03    3.11e-01    2.13e+03   1.04e+01   5.85e-01  1.21e+06        1    2.47e-02    7.92e-01
  30  1.635891e+03    3.09e-01    2.14e+03   1.04e+01   5.85e-01  1.22e+06        1    2.59e-02    8.18e-01
  31  1.635583e+03    3.07e-01    2.14e+03   1.04e+01   5.84e-01  1.23e+06        1    2.64e-02    8.44e-01
  32  1.635278e+03    3.06e-01    2.14e+03   1.04e+01   5.84e-01  1.23e+06        1    2.50e-02    8.69e-01
  33  1.634974e+03    3.04e-01    2.14e+03   1.04e+01   5.84e-01  1.24e+06        1    2.53e-02    8.95e-01
  34  1.634672e+03    3.02e-01    2.14e+03   1.04e+01   5.83e-01  1.24e+06        1    2.68e-02    9.21e-01
  35  1.634371e+03    3.00e-01    2.14e+03   1.04e+01   5.83e-01  1.25e+06        1    2.68e-02    9.48e-01
  36  1.634073e+03    2.99e-01    2.14e+03   1.04e+01   5.83e-01  1.25e+06        1    2.74e-02    9.76e-01
  37  1.633776e+03    2.97e-01    2.14e+03   1.04e+01   5.83e-01  1.26e+06        1    2.58e-02    1.00e+00
  38  1.633481e+03    2.95e-01    2.14e+03   1.04e+01   5.82e-01  1.27e+06        1    2.71e-02    1.03e+00
  39  1.633188e+03    2.93e-01    2.14e+03   1.04e+01   5.82e-01  1.27e+06        1    2.64e-02    1.06e+00
  40  1.632896e+03    2.91e-01    2.14e+03   1.04e+01   5.82e-01  1.28e+06        1    2.58e-02    1.08e+00
  41  1.632607e+03    2.90e-01    2.14e+03   1.04e+01   5.82e-01  1.28e+06        1    2.62e-02    1.11e+00
  42  1.632319e+03    2.88e-01    2.14e+03   1.04e+01   5.82e-01  1.29e+06        1    2.62e-02    1.13e+00
  43  1.632033e+03    2.86e-01    2.14e+03   1.04e+01   5.82e-01  1.29e+06        1    2.63e-02    1.16e+00
  44  1.631749e+03    2.84e-01    2.13e+03   1.04e+01   5.82e-01  1.30e+06        1    2.60e-02    1.19e+00
  45  1.631466e+03    2.82e-01    2.13e+03   1.05e+01   5.81e-01  1.31e+06        1    2.58e-02    1.21e+00
  46  1.631186e+03    2.80e-01    2.13e+03   1.05e+01   5.81e-01  1.31e+06        1    2.62e-02    1.24e+00
  47  1.630907e+03    2.79e-01    2.13e+03   1.05e+01   5.81e-01  1.32e+06        1    2.69e-02    1.27e+00
  48  1.630630e+03    2.77e-01    2.13e+03   1.05e+01   5.81e-01  1.32e+06        1    2.53e-02    1.29e+00
  49  1.630355e+03    2.75e-01    2.13e+03   1.05e+01   5.81e-01  1.33e+06        1    2.58e-02    1.32e+00
  50  1.630082e+03    2.73e-01    2.12e+03   1.06e+01   5.81e-01  1.33e+06        1    2.65e-02    1.34e+00
  51  1.629811e+03    2.71e-01    2.12e+03   1.06e+01   5.81e-01  1.34e+06        1    2.69e-02    1.37e+00
  52  1.629541e+03    2.70e-01    2.12e+03   1.06e+01   5.81e-01  1.35e+06        1    2.66e-02    1.40e+00
  53  1.629273e+03    2.68e-01    2.12e+03   1.07e+01   5.81e-01  1.35e+06        1    2.63e-02    1.42e+00
  54  1.629007e+03    2.66e-01    2.11e+03   1.07e+01   5.81e-01  1.36e+06        1    2.66e-02    1.45e+00
  55  1.628743e+03    2.64e-01    2.11e+03   1.07e+01   5.81e-01  1.36e+06        1    2.55e-02    1.48e+00
  56  1.628481e+03    2.62e-01    2.11e+03   1.08e+01   5.81e-01  1.37e+06        1    2.63e-02    1.50e+00
  57  1.628220e+03    2.61e-01    2.11e+03   1.08e+01   5.81e-01  1.37e+06        1    2.68e-02    1.53e+00
  58  1.627961e+03    2.59e-01    2.10e+03   1.09e+01   5.81e-01  1.38e+06        1    2.60e-02    1.55e+00
  59  1.627704e+03    2.57e-01    2.10e+03   1.10e+01   5.81e-01  1.39e+06        1    2.62e-02    1.58e+00
  60  1.627449e+03    2.55e-01    2.10e+03   1.10e+01   5.80e-01  1.39e+06        1    2.64e-02    1.61e+00
  61  1.627196e+03    2.53e-01    2.09e+03   1.11e+01   5.80e-01  1.40e+06        1    2.67e-02    1.63e+00
  62  1.626944e+03    2.52e-01    2.09e+03   1.12e+01   5.80e-01  1.40e+06        1    2.58e-02    1.66e+00
  63  1.626694e+03    2.50e-01    2.09e+03   1.12e+01   5.80e-01  1.41e+06        1    2.63e-02    1.69e+00
  64  1.626446e+03    2.48e-01    2.08e+03   1.13e+01   5.80e-01  1.41e+06        1    2.71e-02    1.71e+00
  65  1.626199e+03    2.46e-01    2.08e+03   1.14e+01   5.80e-01  1.42e+06        1    2.52e-02    1.74e+00
  66  1.625955e+03    2.45e-01    2.07e+03   1.15e+01   5.80e-01  1.43e+06        1    2.62e-02    1.77e+00
  67  1.625712e+03    2.43e-01    2.07e+03   1.16e+01   5.80e-01  1.43e+06        1    2.62e-02    1.79e+00
  68  1.625471e+03    2.41e-01    2.07e+03   1.17e+01   5.80e-01  1.44e+06        1    2.49e-02    1.82e+00
  69  1.625231e+03    2.39e-01    2.06e+03   1.18e+01   5.80e-01  1.44e+06        1    2.58e-02    1.84e+00
  70  1.624994e+03    2.38e-01    2.06e+03   1.20e+01   5.80e-01  1.45e+06        1    2.66e-02    1.87e+00
  71  1.624758e+03    2.36e-01    2.05e+03   1.21e+01   5.80e-01  1.46e+06        1    2.77e-02    1.90e+00
  72  1.624524e+03    2.34e-01    2.05e+03   1.22e+01   5.80e-01  1.46e+06        1    2.64e-02    1.92e+00
  73  1.624291e+03    2.32e-01    2.04e+03   1.24e+01   5.80e-01  1.47e+06        1    2.58e-02    1.95e+00
  74  1.624060e+03    2.31e-01    2.04e+03   1.26e+01   5.80e-01  1.47e+06        1    2.66e-02    1.98e+00
  75  1.623831e+03    2.29e-01    2.03e+03   1.27e+01   5.80e-01  1.48e+06        1    2.65e-02    2.00e+00
  76  1.623604e+03    2.27e-01    2.03e+03   1.29e+01   5.80e-01  1.49e+06        1    2.68e-02    2.03e+00
  77  1.623379e+03    2.26e-01    2.02e+03   1.31e+01   5.79e-01  1.49e+06        1    2.63e-02    2.06e+00
  78  1.623155e+03    2.24e-01    2.01e+03   1.33e+01   5.79e-01  1.50e+06        1    2.68e-02    2.08e+00
  79  1.622933e+03    2.22e-01    2.01e+03   1.36e+01   5.79e-01  1.50e+06        1    2.65e-02    2.11e+00
  80  1.622713e+03    2.20e-01    2.00e+03   1.38e+01   5.79e-01  1.51e+06        1    2.88e-02    2.14e+00
  81  1.622494e+03    2.19e-01    2.00e+03   1.41e+01   5.79e-01  1.52e+06        1    3.04e-02    2.17e+00
  82  1.622277e+03    2.17e-01    1.99e+03   1.44e+01   5.79e-01  1.52e+06        1    2.64e-02    2.19e+00
  83  1.622062e+03    2.15e-01    1.98e+03   1.47e+01   5.79e-01  1.53e+06        1    2.75e-02    2.22e+00
  84  1.621849e+03    2.13e-01    1.97e+03   1.51e+01   5.79e-01  1.53e+06        1    2.46e-02    2.25e+00
  85  1.621637e+03    2.12e-01    1.97e+03   1.55e+01   5.79e-01  1.54e+06        1    2.50e-02    2.27e+00
  86  1.621427e+03    2.10e-01    1.96e+03   1.59e+01   5.79e-01  1.55e+06        1    2.49e-02    2.30e+00
  87  1.621219e+03    2.08e-01    1.95e+03   1.63e+01   5.79e-01  1.55e+06        1    2.49e-02    2.32e+00
  88  1.621012e+03    2.06e-01    1.94e+03   1.68e+01   5.78e-01  1.56e+06        1    2.51e-02    2.35e+00
  89  1.620808e+03    2.05e-01    1.93e+03   1.74e+01   5.78e-01  1.56e+06        1    2.54e-02    2.37e+00
  90  1.620605e+03    2.03e-01    1.92e+03   1.80e+01   5.78e-01  1.57e+06        1    2.52e-02    2.40e+00
  91  1.620404e+03    2.01e-01    1.91e+03   1.86e+01   5.78e-01  1.58e+06        1    2.49e-02    2.42e+00
  92  1.620204e+03    1.99e-01    1.90e+03   1.94e+01   5.78e-01  1.58e+06        1    2.53e-02    2.45e+00
  93  1.620007e+03    1.98e-01    1.89e+03   2.02e+01   5.78e-01  1.59e+06        1    2.51e-02    2.47e+00
  94  1.619811e+03    1.96e-01    1.88e+03   2.12e+01   5.78e-01  1.59e+06        1    2.54e-02    2.50e+00
  95  1.619617e+03    1.94e-01    1.87e+03   2.22e+01   5.78e-01  1.60e+06        1    2.62e-02    2.53e+00
  96  1.619425e+03    1.92e-01    1.86e+03   2.34e+01   5.77e-01  1.61e+06        1    2.52e-02    2.55e+00
  97  1.619234e+03    1.90e-01    1.85e+03   2.48e+01   5.77e-01  1.61e+06        1    2.53e-02    2.58e+00
  98  1.619046e+03    1.88e-01    1.83e+03   2.64e+01   5.77e-01  1.62e+06        1    2.57e-02    2.60e+00
  99  1.618859e+03    1.87e-01    1.82e+03   2.83e+01   5.77e-01  1.62e+06        1    2.46e-02    2.63e+00
 100  1.618675e+03    1.85e-01    1.80e+03   3.04e+01   5.77e-01  1.63e+06        1    2.55e-02    2.65e+00
I0826 03:17:18.786161    27 misc.cc:205] 
Bundle adjustment report
------------------------
I0826 03:17:18.786240    27 bundle_adjustment.cc:942] 
    Residuals : 17402
   Parameters : 7576
   Iterations : 101
         Time : 2.65381 [s]
 Initial cost : 0.308313 [px]
   Final cost : 0.304986 [px]
  Termination : No convergence

I0826 03:17:18.810156    27 incremental_mapper.cc:175] => Completed observations: 0
I0826 03:17:18.817737    27 incremental_mapper.cc:178] => Merged observations: 0
I0826 03:17:18.822634    27 incremental_mapper.cc:160] => Filtered observations: 6
I0826 03:17:18.822685    27 incremental_mapper.cc:119] => Changed observations: 0.000690
I0826 03:17:18.822705    27 misc.cc:198] 
==============================================================================
Global bundle adjustment
==============================================================================
iter      cost      cost_change  |gradient|   |step|    tr_ratio  tr_radius  ls_iter  iter_time  total_time
   0  1.607301e+03    0.00e+00    1.81e+03   0.00e+00   0.00e+00  1.00e+04        0    1.37e-02    4.74e-02
   1  1.607113e+03    1.88e-01    1.05e+01   1.15e+00   9.99e-01  3.00e+04        1    2.86e-02    7.60e-02
   2  1.607106e+03    7.17e-03    3.85e+00   9.78e-01   1.00e+00  9.00e+04        1    2.58e-02    1.02e-01
   3  1.607092e+03    1.41e-02    2.26e+01   2.16e+00   1.00e+00  2.70e+05        1    2.65e-02    1.28e-01
   4  1.607055e+03    3.64e-02    1.32e+02   5.74e+00   9.85e-01  8.10e+05        1    2.66e-02    1.55e-01
   5  1.606973e+03    8.23e-02    6.71e+02   1.54e+01   8.21e-01  1.10e+06        1    2.64e-02    1.82e-01
   6  1.606863e+03    1.10e-01    1.02e+03   2.05e+01   7.37e-01  1.23e+06        1    2.64e-02    2.08e-01
   7  1.606732e+03    1.32e-01    1.18e+03   2.30e+01   7.14e-01  1.34e+06        1    2.63e-02    2.34e-01
   8  1.606592e+03    1.40e-01    1.35e+03   2.53e+01   6.71e-01  1.39e+06        1    2.68e-02    2.61e-01
   9  1.606441e+03    1.51e-01    1.44e+03   2.69e+01   6.59e-01  1.44e+06        1    2.63e-02    2.88e-01
  10  1.606286e+03    1.55e-01    1.51e+03   2.83e+01   6.42e-01  1.47e+06        1    2.65e-02    3.14e-01
  11  1.606127e+03    1.59e-01    1.56e+03   2.96e+01   6.32e-01  1.50e+06        1    2.54e-02    3.40e-01
  12  1.605966e+03    1.61e-01    1.60e+03   3.09e+01   6.24e-01  1.52e+06        1    2.62e-02    3.66e-01
  13  1.605803e+03    1.63e-01    1.63e+03   3.21e+01   6.17e-01  1.54e+06        1    2.65e-02    3.93e-01
  14  1.605639e+03    1.64e-01    1.65e+03   3.33e+01   6.12e-01  1.56e+06        1    2.62e-02    4.19e-01
  15  1.605475e+03    1.64e-01    1.66e+03   3.45e+01   6.08e-01  1.58e+06        1    2.69e-02    4.46e-01
  16  1.605311e+03    1.64e-01    1.67e+03   3.58e+01   6.04e-01  1.59e+06        1    2.58e-02    4.72e-01
  17  1.605147e+03    1.64e-01    1.68e+03   3.70e+01   6.01e-01  1.61e+06        1    2.61e-02    4.98e-01
  18  1.604984e+03    1.63e-01    1.68e+03   3.84e+01   5.98e-01  1.62e+06        1    2.75e-02    5.26e-01
  19  1.604822e+03    1.62e-01    1.68e+03   3.98e+01   5.96e-01  1.63e+06        1    2.55e-02    5.51e-01
  20  1.604661e+03    1.61e-01    1.68e+03   4.13e+01   5.94e-01  1.64e+06        1    2.58e-02    5.77e-01
  21  1.604501e+03    1.60e-01    1.68e+03   4.29e+01   5.93e-01  1.65e+06        1    2.60e-02    6.03e-01
  22  1.604342e+03    1.59e-01    1.67e+03   4.45e+01   5.91e-01  1.66e+06        1    2.66e-02    6.30e-01
  23  1.604184e+03    1.58e-01    1.66e+03   4.63e+01   5.90e-01  1.67e+06        1    2.47e-02    6.54e-01
  24  1.604027e+03    1.57e-01    1.66e+03   4.82e+01   5.89e-01  1.68e+06        1    2.72e-02    6.82e-01
  25  1.603872e+03    1.55e-01    1.65e+03   5.02e+01   5.88e-01  1.69e+06        1    2.61e-02    7.08e-01
  26  1.603718e+03    1.54e-01    1.63e+03   5.23e+01   5.87e-01  1.70e+06        1    2.67e-02    7.35e-01
  27  1.603566e+03    1.52e-01    1.62e+03   5.46e+01   5.86e-01  1.71e+06        1    2.70e-02    7.62e-01
  28  1.603416e+03    1.51e-01    1.61e+03   5.71e+01   5.86e-01  1.72e+06        1    2.60e-02    7.88e-01
  29  1.603267e+03    1.49e-01    1.60e+03   5.97e+01   5.85e-01  1.72e+06        1    2.63e-02    8.14e-01
  30  1.603120e+03    1.47e-01    1.58e+03   6.26e+01   5.84e-01  1.73e+06        1    2.58e-02    8.40e-01
  31  1.602974e+03    1.45e-01    1.56e+03   6.58e+01   5.84e-01  1.74e+06        1    2.58e-02    8.66e-01
  32  1.602831e+03    1.44e-01    1.55e+03   6.92e+01   5.84e-01  1.75e+06        1    2.61e-02    8.92e-01
  33  1.602689e+03    1.42e-01    1.53e+03   7.30e+01   5.83e-01  1.76e+06        1    2.62e-02    9.18e-01
  34  1.602549e+03    1.40e-01    1.51e+03   7.71e+01   5.83e-01  1.77e+06        1    2.67e-02    9.45e-01
  35  1.602410e+03    1.38e-01    1.49e+03   8.16e+01   5.83e-01  1.77e+06        1    2.78e-02    9.73e-01
  36  1.602274e+03    1.36e-01    1.47e+03   8.66e+01   5.83e-01  1.78e+06        1    2.43e-02    9.97e-01
  37  1.602140e+03    1.34e-01    1.45e+03   9.22e+01   5.82e-01  1.79e+06        1    2.60e-02    1.02e+00
  38  1.602008e+03    1.32e-01    1.42e+03   9.84e+01   5.82e-01  1.80e+06        1    2.55e-02    1.05e+00
  39  1.601877e+03    1.30e-01    1.40e+03   1.05e+02   5.82e-01  1.81e+06        1    2.59e-02    1.07e+00
  40  1.601749e+03    1.28e-01    1.37e+03   1.13e+02   5.82e-01  1.81e+06        1    2.58e-02    1.10e+00
  41  1.601623e+03    1.26e-01    1.34e+03   1.22e+02   5.82e-01  1.82e+06        1    2.63e-02    1.13e+00
  42  1.601500e+03    1.24e-01    1.32e+03   1.32e+02   5.82e-01  1.83e+06        1    2.77e-02    1.16e+00
  43  1.601378e+03    1.21e-01    1.28e+03   1.44e+02   5.81e-01  1.84e+06        1    2.73e-02    1.18e+00
  44  1.601259e+03    1.19e-01    1.25e+03   1.57e+02   5.81e-01  1.84e+06        1    2.58e-02    1.21e+00
  45  1.601143e+03    1.17e-01    1.22e+03   1.73e+02   5.81e-01  1.85e+06        1    2.46e-02    1.23e+00
  46  1.601028e+03    1.14e-01    1.18e+03   1.91e+02   5.80e-01  1.86e+06        1    2.63e-02    1.26e+00
  47  1.600917e+03    1.11e-01    1.15e+03   2.13e+02   5.80e-01  1.87e+06        1    2.42e-02    1.28e+00
  48  1.600808e+03    1.09e-01    1.11e+03   2.39e+02   5.80e-01  1.88e+06        1    2.51e-02    1.31e+00
  49  1.600703e+03    1.06e-01    1.06e+03   2.70e+02   5.79e-01  1.88e+06        1    2.46e-02    1.33e+00
  50  1.600600e+03    1.03e-01    1.02e+03   3.09e+02   5.78e-01  1.89e+06        1    2.45e-02    1.36e+00
  51  1.600500e+03    9.95e-02    9.67e+02   3.57e+02   5.78e-01  1.90e+06        1    2.49e-02    1.38e+00
  52  1.600404e+03    9.61e-02    9.13e+02   4.18e+02   5.77e-01  1.90e+06        1    2.58e-02    1.41e+00
  53  1.600312e+03    9.24e-02    8.55e+02   4.96e+02   5.76e-01  1.91e+06        1    2.61e-02    1.44e+00
  54  1.600223e+03    8.85e-02    7.92e+02   5.98e+02   5.76e-01  1.92e+06        1    2.89e-02    1.46e+00
  55  1.600139e+03    8.43e-02    7.23e+02   7.34e+02   5.76e-01  1.92e+06        1    2.50e-02    1.49e+00
  56  1.600059e+03    7.96e-02    6.47e+02   9.21e+02   5.77e-01  1.93e+06        1    2.48e-02    1.51e+00
  57  1.599985e+03    7.46e-02    5.64e+02   1.18e+03   5.80e-01  1.94e+06        1    2.51e-02    1.54e+00
  58  1.599916e+03    6.89e-02    4.74e+02   1.54e+03   5.88e-01  1.95e+06        1    2.48e-02    1.56e+00
  59  1.599853e+03    6.26e-02    3.78e+02   2.05e+03   6.01e-01  1.97e+06        1    2.70e-02    1.59e+00
  60  1.599798e+03    5.53e-02    2.81e+02   2.76e+03   6.22e-01  2.00e+06        1    2.52e-02    1.62e+00
  61  1.599751e+03    4.68e-02    1.92e+02   3.69e+03   6.51e-01  2.05e+06        1    2.48e-02    1.64e+00
  62  1.599714e+03    3.73e-02    1.21e+02   4.84e+03   6.84e-01  2.16e+06        1    2.47e-02    1.67e+00
  63  1.599686e+03    2.79e-02    7.30e+01   6.17e+03   7.14e-01  2.34e+06        1    2.56e-02    1.69e+00
  64  1.599666e+03    2.02e-02    4.39e+01   7.69e+03   7.37e-01  2.62e+06        1    2.58e-02    1.72e+00
  65  1.599651e+03    1.47e-02    2.71e+01   9.47e+03   7.54e-01  3.01e+06        1    2.54e-02    1.74e+00
  66  1.599640e+03    1.09e-02    1.74e+01   1.16e+04   7.66e-01  3.55e+06        1    2.68e-02    1.77e+00
  67  1.599632e+03    8.28e-03    1.16e+01   1.43e+04   7.75e-01  4.25e+06        1    2.46e-02    1.79e+00
  68  1.599625e+03    6.43e-03    7.95e+00   1.76e+04   7.81e-01  5.17e+06        1    2.48e-02    1.82e+00
  69  1.599620e+03    5.06e-03    5.59e+00   2.18e+04   7.85e-01  6.35e+06        1    2.49e-02    1.84e+00
  70  1.599616e+03    4.02e-03    4.01e+00   2.71e+04   7.88e-01  7.85e+06        1    2.51e-02    1.87e+00
  71  1.599613e+03    3.22e-03    2.93e+00   3.38e+04   7.90e-01  9.77e+06        1    2.53e-02    1.90e+00
  72  1.599611e+03    2.58e-03    2.18e+00   4.23e+04   7.92e-01  1.22e+07        1    2.48e-02    1.92e+00
  73  1.599609e+03    1.88e-03    1.86e+00   4.66e+04   8.16e-01  1.63e+07        1    2.64e-02    1.95e+00
  74  1.599607e+03    1.36e-03    1.99e+00   4.91e+04   8.38e-01  2.36e+07        1    2.64e-02    1.97e+00
  75  1.599606e+03    1.05e-03    1.90e+00   5.31e+04   8.51e-01  3.61e+07        1    2.81e-02    2.00e+00
  76  1.599605e+03    8.55e-04    1.72e+00   5.92e+04   8.58e-01  5.70e+07        1    2.72e-02    2.03e+00
  77  1.599605e+03    7.35e-04    9.45e-01   6.90e+04   8.58e-01  8.98e+07        1    2.53e-02    2.05e+00
  78  1.599604e+03    6.32e-04    1.83e+00   8.03e+04   8.58e-01  1.42e+08        1    2.42e-02    2.08e+00
  79  1.599604e+03    5.43e-04    8.07e-01   9.36e+04   8.58e-01  2.24e+08        1    2.50e-02    2.10e+00
  80  1.599603e+03    4.67e-04    1.12e+00   1.09e+05   8.58e-01  3.53e+08        1    2.52e-02    2.13e+00
  81  1.599603e+03    4.01e-04    1.97e+00   1.27e+05   8.58e-01  5.58e+08        1    2.53e-02    2.15e+00
  82  1.599602e+03    3.45e-04    1.00e+00   1.48e+05   8.58e-01  8.82e+08        1    2.52e-02    2.18e+00
  83  1.599602e+03    2.96e-04    4.54e-01   1.72e+05   8.58e-01  1.39e+09        1    2.51e-02    2.20e+00
  84  1.599602e+03    2.54e-04    6.50e-01   2.01e+05   8.58e-01  2.20e+09        1    2.52e-02    2.23e+00
  85  1.599602e+03    2.19e-04    1.11e+00   2.34e+05   8.58e-01  3.48e+09        1    2.50e-02    2.25e+00
  86  1.599601e+03    1.88e-04    1.45e+00   2.73e+05   8.58e-01  5.50e+09        1    2.67e-02    2.28e+00
  87  1.599601e+03    1.61e-04    1.87e+00   3.18e+05   8.58e-01  8.70e+09        1    2.45e-02    2.31e+00
  88  1.599601e+03    1.38e-04    1.99e+00   3.70e+05   8.58e-01  1.38e+10        1    2.49e-02    2.33e+00
  89  1.599601e+03    1.19e-04    1.89e+00   4.31e+05   8.58e-01  2.17e+10        1    2.72e-02    2.36e+00
  90  1.599601e+03    1.02e-04    1.68e+00   5.03e+05   8.58e-01  3.44e+10        1    2.61e-02    2.38e+00
  91  1.599601e+03    8.76e-05    1.42e+00   5.86e+05   8.58e-01  5.44e+10        1    2.80e-02    2.41e+00
  92  1.599601e+03    7.52e-05    1.17e+00   6.82e+05   8.58e-01  8.60e+10        1    2.69e-02    2.44e+00
  93  1.599601e+03    6.45e-05    9.38e-01   7.95e+05   8.58e-01  1.36e+11        1    2.62e-02    2.47e+00
  94  1.599601e+03    5.54e-05    7.88e-01   9.27e+05   8.58e-01  2.15e+11        1    2.55e-02    2.49e+00
  95  1.599600e+03    4.76e-05    7.37e-01   1.08e+06   8.58e-01  3.40e+11        1    2.50e-02    2.52e+00
  96  1.599600e+03    4.08e-05    6.73e-01   1.26e+06   8.58e-01  5.38e+11        1    2.57e-02    2.54e+00
  97  1.599600e+03    3.50e-05    6.05e-01   1.47e+06   8.58e-01  8.51e+11        1    2.66e-02    2.57e+00
  98  1.599600e+03    3.01e-05    5.37e-01   1.71e+06   8.58e-01  1.35e+12        1    2.71e-02    2.60e+00
  99  1.599600e+03    2.58e-05    4.73e-01   1.99e+06   8.58e-01  2.13e+12        1    2.50e-02    2.62e+00
 100  1.599600e+03    2.22e-05    4.14e-01   2.32e+06   8.58e-01  3.37e+12        1    2.56e-02    2.65e+00
I0826 03:17:21.490522    27 misc.cc:205] 
Bundle adjustment report
------------------------
I0826 03:17:21.490592    27 bundle_adjustment.cc:942] 
    Residuals : 17368
   Parameters : 7558
   Iterations : 101
         Time : 2.64825 [s]
 Initial cost : 0.30421 [px]
   Final cost : 0.303481 [px]
  Termination : No convergence

I0826 03:17:21.513978    27 incremental_mapper.cc:175] => Completed observations: 0
I0826 03:17:21.521633    27 incremental_mapper.cc:178] => Merged observations: 0
I0826 03:17:21.528975    27 incremental_mapper.cc:160] => Filtered observations: 55
I0826 03:17:21.529035    27 incremental_mapper.cc:119] => Changed observations: 0.006333
I0826 03:17:21.529069    27 misc.cc:198] 
==============================================================================
Global bundle adjustment
==============================================================================
iter      cost      cost_change  |gradient|   |step|    tr_ratio  tr_radius  ls_iter  iter_time  total_time
   0  1.519528e+03    0.00e+00    7.50e+02   0.00e+00   0.00e+00  1.00e+04        0    1.29e-02    4.37e-02
   1  1.515654e+03    3.87e+00    6.19e+01   2.52e+00   9.95e-01  3.00e+04        1    2.85e-02    7.22e-02
   2  1.515528e+03    1.26e-01    1.16e+02   2.66e+00   9.99e-01  9.00e+04        1    2.58e-02    9.82e-02
   3  1.515397e+03    1.32e-01    2.69e+02   6.09e+00   9.92e-01  2.70e+05        1    2.65e-02    1.25e-01
   4  1.515225e+03    1.71e-01    1.20e+03   1.28e+01   8.42e-01  3.97e+05        1    2.53e-02    1.50e-01
   5  1.515092e+03    1.33e-01    1.12e+03   1.28e+01   8.26e-01  5.49e+05        1    2.43e-02    1.75e-01
   6  1.515002e+03    8.97e-02    8.55e+02   1.22e+01   8.37e-01  7.93e+05        1    2.45e-02    1.99e-01
   7  1.514931e+03    7.19e-02    7.14e+02   1.33e+01   8.33e-01  1.13e+06        1    2.52e-02    2.24e-01
   8  1.514851e+03    7.95e-02    7.21e+02   1.66e+01   8.14e-01  1.50e+06        1    2.48e-02    2.49e-01
   9  1.514759e+03    9.20e-02    1.02e+03   2.12e+01   7.35e-01  1.67e+06        1    2.62e-02    2.76e-01
  10  1.514651e+03    1.08e-01    1.17e+03   2.37e+01   7.14e-01  1.81e+06        1    2.59e-02    3.02e-01
  11  1.514538e+03    1.13e-01    1.34e+03   2.61e+01   6.69e-01  1.88e+06        1    2.68e-02    3.28e-01
  12  1.514415e+03    1.22e-01    1.42e+03   2.77e+01   6.59e-01  1.95e+06        1    2.50e-02    3.53e-01
  13  1.514290e+03    1.26e-01    1.50e+03   2.93e+01   6.41e-01  1.99e+06        1    2.48e-02    3.78e-01
  14  1.514161e+03    1.29e-01    1.55e+03   3.07e+01   6.32e-01  2.03e+06        1    2.46e-02    4.03e-01
  15  1.514030e+03    1.31e-01    1.58e+03   3.20e+01   6.24e-01  2.06e+06        1    2.51e-02    4.28e-01
  16  1.513899e+03    1.32e-01    1.61e+03   3.33e+01   6.18e-01  2.09e+06        1    2.51e-02    4.53e-01
  17  1.513766e+03    1.32e-01    1.63e+03   3.47e+01   6.12e-01  2.11e+06        1    2.49e-02    4.78e-01
  18  1.513634e+03    1.33e-01    1.65e+03   3.60e+01   6.08e-01  2.13e+06        1    2.57e-02    5.04e-01
  19  1.513501e+03    1.32e-01    1.66e+03   3.74e+01   6.05e-01  2.15e+06        1    2.41e-02    5.28e-01
  20  1.513369e+03    1.32e-01    1.66e+03   3.89e+01   6.02e-01  2.17e+06        1    2.62e-02    5.55e-01
  21  1.513238e+03    1.31e-01    1.66e+03   4.04e+01   5.99e-01  2.19e+06        1    2.51e-02    5.80e-01
  22  1.513107e+03    1.31e-01    1.66e+03   4.20e+01   5.97e-01  2.20e+06        1    2.56e-02    6.05e-01
  23  1.512977e+03    1.30e-01    1.66e+03   4.36e+01   5.96e-01  2.22e+06        1    2.59e-02    6.31e-01
  24  1.512848e+03    1.29e-01    1.66e+03   4.54e+01   5.94e-01  2.24e+06        1    2.56e-02    6.57e-01
  25  1.512721e+03    1.28e-01    1.65e+03   4.72e+01   5.93e-01  2.25e+06        1    2.63e-02    6.83e-01
  26  1.512594e+03    1.27e-01    1.64e+03   4.91e+01   5.92e-01  2.26e+06        1    2.56e-02    7.09e-01
  27  1.512468e+03    1.25e-01    1.63e+03   5.12e+01   5.91e-01  2.28e+06        1    2.61e-02    7.35e-01
  28  1.512344e+03    1.24e-01    1.62e+03   5.34e+01   5.91e-01  2.29e+06        1    2.54e-02    7.61e-01
  29  1.512221e+03    1.23e-01    1.61e+03   5.57e+01   5.90e-01  2.30e+06        1    2.52e-02    7.86e-01
  30  1.512100e+03    1.21e-01    1.60e+03   5.82e+01   5.90e-01  2.32e+06        1    2.65e-02    8.13e-01
  31  1.511980e+03    1.20e-01    1.58e+03   6.08e+01   5.90e-01  2.33e+06        1    2.50e-02    8.38e-01
  32  1.511861e+03    1.19e-01    1.57e+03   6.36e+01   5.90e-01  2.35e+06        1    2.56e-02    8.63e-01
  33  1.511745e+03    1.17e-01    1.55e+03   6.66e+01   5.90e-01  2.36e+06        1    2.52e-02    8.89e-01
  34  1.511629e+03    1.15e-01    1.53e+03   6.99e+01   5.90e-01  2.37e+06        1    2.58e-02    9.14e-01
  35  1.511515e+03    1.14e-01    1.51e+03   7.33e+01   5.90e-01  2.39e+06        1    2.63e-02    9.41e-01
  36  1.511403e+03    1.12e-01    1.49e+03   7.71e+01   5.91e-01  2.40e+06        1    2.69e-02    9.68e-01
  37  1.511293e+03    1.10e-01    1.47e+03   8.11e+01   5.91e-01  2.42e+06        1    2.67e-02    9.95e-01
  38  1.511184e+03    1.09e-01    1.44e+03   8.54e+01   5.92e-01  2.43e+06        1    2.60e-02    1.02e+00
  39  1.511077e+03    1.07e-01    1.42e+03   9.01e+01   5.93e-01  2.45e+06        1    2.55e-02    1.05e+00
  40  1.510972e+03    1.05e-01    1.40e+03   9.51e+01   5.94e-01  2.46e+06        1    2.64e-02    1.07e+00
  41  1.510869e+03    1.03e-01    1.37e+03   1.01e+02   5.95e-01  2.48e+06        1    2.50e-02    1.10e+00
  42  1.510768e+03    1.01e-01    1.34e+03   1.07e+02   5.97e-01  2.50e+06        1    2.52e-02    1.12e+00
  43  1.510669e+03    9.93e-02    1.31e+03   1.13e+02   5.98e-01  2.52e+06        1    2.58e-02    1.15e+00
  44  1.510571e+03    9.73e-02    1.28e+03   1.20e+02   6.00e-01  2.54e+06        1    2.57e-02    1.17e+00
  45  1.510476e+03    9.53e-02    1.25e+03   1.28e+02   6.02e-01  2.56e+06        1    2.56e-02    1.20e+00
  46  1.510383e+03    9.32e-02    1.22e+03   1.36e+02   6.04e-01  2.58e+06        1    2.56e-02    1.23e+00
  47  1.510292e+03    9.11e-02    1.18e+03   1.46e+02   6.07e-01  2.61e+06        1    2.62e-02    1.25e+00
  48  1.510203e+03    8.89e-02    1.15e+03   1.56e+02   6.09e-01  2.64e+06        1    2.52e-02    1.28e+00
  49  1.510116e+03    8.67e-02    1.11e+03   1.67e+02   6.12e-01  2.67e+06        1    2.55e-02    1.30e+00
  50  1.510032e+03    8.45e-02    1.07e+03   1.79e+02   6.15e-01  2.70e+06        1    2.58e-02    1.33e+00
  51  1.509949e+03    8.22e-02    1.03e+03   1.93e+02   6.18e-01  2.73e+06        1    2.56e-02    1.35e+00
  52  1.509870e+03    7.98e-02    9.94e+02   2.08e+02   6.22e-01  2.77e+06        1    2.56e-02    1.38e+00
  53  1.509792e+03    7.74e-02    9.54e+02   2.25e+02   6.25e-01  2.82e+06        1    2.56e-02    1.41e+00
  54  1.509717e+03    7.50e-02    9.12e+02   2.44e+02   6.29e-01  2.87e+06        1    2.60e-02    1.43e+00
  55  1.509645e+03    7.25e-02    8.70e+02   2.66e+02   6.34e-01  2.92e+06        1    2.57e-02    1.46e+00
  56  1.509575e+03    6.99e-02    8.27e+02   2.90e+02   6.38e-01  2.99e+06        1    2.68e-02    1.48e+00
  57  1.509507e+03    6.74e-02    7.84e+02   3.17e+02   6.43e-01  3.06e+06        1    2.75e-02    1.51e+00
  58  1.509443e+03    6.47e-02    7.40e+02   3.47e+02   6.48e-01  3.14e+06        1    2.43e-02    1.54e+00
  59  1.509381e+03    6.21e-02    6.96e+02   3.82e+02   6.53e-01  3.23e+06        1    2.59e-02    1.56e+00
  60  1.509321e+03    5.94e-02    6.52e+02   4.22e+02   6.58e-01  3.34e+06        1    2.53e-02    1.59e+00
  61  1.509265e+03    5.67e-02    6.08e+02   4.68e+02   6.64e-01  3.46e+06        1    2.57e-02    1.61e+00
  62  1.509211e+03    5.39e-02    5.64e+02   5.21e+02   6.70e-01  3.60e+06        1    2.45e-02    1.64e+00
  63  1.509159e+03    5.11e-02    5.21e+02   5.82e+02   6.76e-01  3.76e+06        1    2.47e-02    1.66e+00
  64  1.509111e+03    4.83e-02    4.78e+02   6.55e+02   6.82e-01  3.95e+06        1    2.54e-02    1.69e+00
  65  1.509066e+03    4.55e-02    4.36e+02   7.40e+02   6.88e-01  4.17e+06        1    2.54e-02    1.71e+00
  66  1.509023e+03    4.27e-02    3.95e+02   8.41e+02   6.95e-01  4.44e+06        1    2.53e-02    1.74e+00
  67  1.508983e+03    3.99e-02    3.55e+02   9.63e+02   7.01e-01  4.75e+06        1    2.65e-02    1.77e+00
  68  1.508946e+03    3.71e-02    3.17e+02   1.11e+03   7.08e-01  5.11e+06        1    2.61e-02    1.79e+00
  69  1.508912e+03    3.42e-02    2.80e+02   1.29e+03   7.15e-01  5.56e+06        1    2.56e-02    1.82e+00
  70  1.508880e+03    3.14e-02    2.44e+02   1.51e+03   7.22e-01  6.09e+06        1    2.57e-02    1.84e+00
  71  1.508852e+03    2.86e-02    2.11e+02   1.78e+03   7.29e-01  6.74e+06        1    2.56e-02    1.87e+00
  72  1.508826e+03    2.58e-02    1.79e+02   2.11e+03   7.36e-01  7.53e+06        1    2.63e-02    1.90e+00
  73  1.508803e+03    2.31e-02    1.50e+02   2.53e+03   7.43e-01  8.50e+06        1    2.63e-02    1.92e+00
  74  1.508782e+03    2.05e-02    1.24e+02   3.05e+03   7.49e-01  9.70e+06        1    2.67e-02    1.95e+00
  75  1.508764e+03    1.80e-02    1.00e+02   3.71e+03   7.55e-01  1.12e+07        1    2.55e-02    1.97e+00
  76  1.508749e+03    1.56e-02    8.00e+01   4.52e+03   7.61e-01  1.31e+07        1    2.46e-02    2.00e+00
  77  1.508735e+03    1.34e-02    6.28e+01   5.55e+03   7.66e-01  1.54e+07        1    2.59e-02    2.03e+00
  78  1.508724e+03    1.14e-02    4.85e+01   6.84e+03   7.71e-01  1.83e+07        1    2.63e-02    2.05e+00
  79  1.508714e+03    9.55e-03    3.71e+01   8.45e+03   7.75e-01  2.20e+07        1    2.49e-02    2.08e+00
  80  1.508706e+03    7.97e-03    2.80e+01   1.05e+04   7.79e-01  2.66e+07        1    2.61e-02    2.10e+00
  81  1.508700e+03    6.60e-03    2.11e+01   1.30e+04   7.82e-01  3.24e+07        1    2.52e-02    2.13e+00
  82  1.508694e+03    5.45e-03    1.59e+01   1.61e+04   7.85e-01  3.97e+07        1    2.55e-02    2.15e+00
  83  1.508690e+03    4.47e-03    1.19e+01   2.01e+04   7.87e-01  4.90e+07        1    2.60e-02    2.18e+00
  84  1.508686e+03    3.66e-03    8.99e+00   2.50e+04   7.89e-01  6.07e+07        1    2.55e-02    2.21e+00
  85  1.508683e+03    2.98e-03    6.81e+00   3.13e+04   7.90e-01  7.55e+07        1    2.52e-02    2.23e+00
  86  1.508681e+03    2.43e-03    5.19e+00   3.91e+04   7.92e-01  9.42e+07        1    2.56e-02    2.26e+00
  87  1.508679e+03    1.97e-03    3.98e+00   4.89e+04   7.92e-01  1.18e+08        1    2.55e-02    2.28e+00
  88  1.508677e+03    1.60e-03    3.07e+00   6.13e+04   7.93e-01  1.47e+08        1    2.46e-02    2.31e+00
  89  1.508676e+03    1.11e-03    1.62e+00   6.32e+04   8.28e-01  2.06e+08        1    2.41e-02    2.33e+00
  90  1.508675e+03    7.60e-04    1.99e+00   6.10e+04   8.58e-01  3.25e+08        1    2.43e-02    2.36e+00
  91  1.508675e+03    6.53e-04    1.87e+00   7.15e+04   8.57e-01  5.11e+08        1    2.48e-02    2.38e+00
  92  1.508674e+03    5.60e-04    1.57e+00   8.30e+04   8.58e-01  8.05e+08        1    2.57e-02    2.41e+00
  93  1.508674e+03    4.82e-04    1.70e+00   9.67e+04   8.58e-01  1.27e+09        1    2.82e-02    2.43e+00
  94  1.508673e+03    4.14e-04    9.99e-01   1.13e+05   8.58e-01  2.00e+09        1    2.49e-02    2.46e+00
  95  1.508673e+03    3.56e-04    1.24e+00   1.31e+05   8.58e-01  3.16e+09        1    2.53e-02    2.48e+00
  96  1.508673e+03    3.06e-04    1.94e+00   1.53e+05   8.58e-01  4.99e+09        1    2.58e-02    2.51e+00
  97  1.508672e+03    2.63e-04    9.22e-01   1.78e+05   8.58e-01  7.88e+09        1    2.54e-02    2.54e+00
  98  1.508672e+03    2.26e-04    7.19e-01   2.08e+05   8.58e-01  1.25e+10        1    2.52e-02    2.56e+00
  99  1.508672e+03    1.95e-04    6.51e-01   2.42e+05   8.58e-01  1.97e+10        1    2.69e-02    2.59e+00
 100  1.508672e+03    1.67e-04    1.06e+00   2.82e+05   8.58e-01  3.11e+10        1    2.48e-02    2.61e+00
I0826 03:17:24.166188    27 misc.cc:205] 
Bundle adjustment report
------------------------
I0826 03:17:24.166265    27 bundle_adjustment.cc:942] 
    Residuals : 16976
   Parameters : 7393
   Iterations : 101
         Time : 2.61485 [s]
 Initial cost : 0.299183 [px]
   Final cost : 0.298112 [px]
  Termination : No convergence

I0826 03:17:24.191160    27 incremental_mapper.cc:175] => Completed observations: 0
I0826 03:17:24.199321    27 incremental_mapper.cc:178] => Merged observations: 0
I0826 03:17:24.204735    27 incremental_mapper.cc:160] => Filtered observations: 32
I0826 03:17:24.204787    27 incremental_mapper.cc:119] => Changed observations: 0.003770
I0826 03:17:24.204806    27 misc.cc:198] 
==============================================================================
Global bundle adjustment
==============================================================================
iter      cost      cost_change  |gradient|   |step|    tr_ratio  tr_radius  ls_iter  iter_time  total_time
   0  1.444216e+03    0.00e+00    5.69e+02   0.00e+00   0.00e+00  1.00e+04        0    1.27e-02    4.45e-02
   1  1.442957e+03    1.26e+00    1.57e+02   1.84e+00   9.86e-01  3.00e+04        1    2.75e-02    7.21e-02
   2  1.442686e+03    2.71e-01    2.52e+02   1.01e+00   9.87e-01  9.00e+04        1    2.44e-02    9.66e-02
   3  1.442632e+03    5.37e-02    1.30e+02   1.15e+00   1.02e+00  2.70e+05        1    2.52e-02    1.22e-01
   4  1.442606e+03    2.60e-02    1.58e+02   2.82e+00   9.96e-01  8.10e+05        1    2.60e-02    1.48e-01
   5  1.442554e+03    5.20e-02    7.19e+02   6.87e+00   8.57e-01  1.27e+06        1    2.55e-02    1.73e-01
   6  1.442477e+03    7.75e-02    9.79e+02   9.83e+00   8.08e-01  1.66e+06        1    2.56e-02    1.99e-01
   7  1.442376e+03    1.01e-01    1.12e+03   1.25e+01   7.82e-01  2.03e+06        1    2.44e-02    2.24e-01
   8  1.442261e+03    1.15e-01    1.35e+03   1.52e+01   7.16e-01  2.21e+06        1    2.43e-02    2.48e-01
   9  1.442128e+03    1.33e-01    1.46e+03   1.65e+01   7.02e-01  2.36e+06        1    2.43e-02    2.72e-01
  10  1.441989e+03    1.39e-01    1.60e+03   1.78e+01   6.67e-01  2.45e+06        1    2.49e-02    2.97e-01
  11  1.441842e+03    1.48e-01    1.69e+03   1.86e+01   6.56e-01  2.53e+06        1    2.44e-02    3.22e-01
  12  1.441690e+03    1.52e-01    1.76e+03   1.94e+01   6.42e-01  2.59e+06        1    2.47e-02    3.47e-01
  13  1.441534e+03    1.56e-01    1.82e+03   2.00e+01   6.34e-01  2.64e+06        1    2.53e-02    3.72e-01
  14  1.441376e+03    1.58e-01    1.86e+03   2.06e+01   6.26e-01  2.68e+06        1    2.50e-02    3.97e-01
  15  1.441217e+03    1.60e-01    1.89e+03   2.12e+01   6.21e-01  2.72e+06        1    2.49e-02    4.22e-01
  16  1.441056e+03    1.61e-01    1.92e+03   2.17e+01   6.17e-01  2.76e+06        1    2.53e-02    4.47e-01
  17  1.440894e+03    1.62e-01    1.94e+03   2.23e+01   6.13e-01  2.79e+06        1    2.52e-02    4.73e-01
  18  1.440733e+03    1.62e-01    1.95e+03   2.29e+01   6.10e-01  2.82e+06        1    2.52e-02    4.98e-01
  19  1.440570e+03    1.62e-01    1.97e+03   2.34e+01   6.08e-01  2.85e+06        1    2.46e-02    5.23e-01
  20  1.440408e+03    1.62e-01    1.97e+03   2.40e+01   6.06e-01  2.87e+06        1    2.47e-02    5.47e-01
  21  1.440247e+03    1.62e-01    1.98e+03   2.47e+01   6.04e-01  2.90e+06        1    2.53e-02    5.73e-01
  22  1.440085e+03    1.61e-01    1.98e+03   2.53e+01   6.03e-01  2.93e+06        1    2.52e-02    5.98e-01
  23  1.439924e+03    1.61e-01    1.99e+03   2.60e+01   6.02e-01  2.95e+06        1    2.46e-02    6.23e-01
  24  1.439764e+03    1.61e-01    1.99e+03   2.68e+01   6.01e-01  2.98e+06        1    2.56e-02    6.48e-01
  25  1.439604e+03    1.60e-01    1.99e+03   2.76e+01   6.00e-01  3.00e+06        1    2.40e-02    6.72e-01
  26  1.439444e+03    1.59e-01    1.98e+03   2.84e+01   6.00e-01  3.02e+06        1    2.48e-02    6.97e-01
  27  1.439286e+03    1.59e-01    1.98e+03   2.94e+01   5.99e-01  3.05e+06        1    2.49e-02    7.22e-01
  28  1.439128e+03    1.58e-01    1.98e+03   3.04e+01   5.99e-01  3.07e+06        1    2.56e-02    7.48e-01
  29  1.438971e+03    1.57e-01    1.97e+03   3.15e+01   5.99e-01  3.09e+06        1    2.51e-02    7.73e-01
  30  1.438815e+03    1.56e-01    1.97e+03   3.27e+01   5.98e-01  3.12e+06        1    2.56e-02    7.99e-01
  31  1.438660e+03    1.55e-01    1.96e+03   3.41e+01   5.98e-01  3.14e+06        1    2.51e-02    8.24e-01
  32  1.438506e+03    1.54e-01    1.95e+03   3.56e+01   5.98e-01  3.17e+06        1    2.68e-02    8.51e-01
  33  1.438352e+03    1.53e-01    1.95e+03   3.72e+01   5.98e-01  3.19e+06        1    2.62e-02    8.77e-01
  34  1.438200e+03    1.52e-01    1.94e+03   3.91e+01   5.98e-01  3.21e+06        1    2.69e-02    9.04e-01
  35  1.438049e+03    1.51e-01    1.93e+03   4.11e+01   5.98e-01  3.24e+06        1    2.62e-02    9.30e-01
  36  1.437898e+03    1.50e-01    1.92e+03   4.35e+01   5.98e-01  3.26e+06        1    2.62e-02    9.57e-01
  37  1.437749e+03    1.49e-01    1.91e+03   4.61e+01   5.99e-01  3.29e+06        1    2.67e-02    9.83e-01
  38  1.437601e+03    1.48e-01    1.89e+03   4.91e+01   5.99e-01  3.32e+06        1    2.55e-02    1.01e+00
  39  1.437453e+03    1.47e-01    1.88e+03   5.25e+01   5.99e-01  3.34e+06        1    2.62e-02    1.04e+00
  40  1.437307e+03    1.46e-01    1.87e+03   5.64e+01   6.00e-01  3.37e+06        1    2.55e-02    1.06e+00
  41  1.437162e+03    1.45e-01    1.85e+03   6.10e+01   6.00e-01  3.40e+06        1    2.54e-02    1.09e+00
  42  1.437019e+03    1.44e-01    1.84e+03   6.63e+01   6.01e-01  3.42e+06        1    2.49e-02    1.11e+00
  43  1.436876e+03    1.42e-01    1.82e+03   7.26e+01   6.01e-01  3.45e+06        1    2.67e-02    1.14e+00
  44  1.436735e+03    1.41e-01    1.80e+03   8.00e+01   6.02e-01  3.48e+06        1    2.54e-02    1.16e+00
  45  1.436595e+03    1.40e-01    1.78e+03   8.89e+01   6.03e-01  3.51e+06        1    2.42e-02    1.19e+00
  46  1.436457e+03    1.38e-01    1.75e+03   9.96e+01   6.04e-01  3.54e+06        1    2.38e-02    1.21e+00
  47  1.436320e+03    1.37e-01    1.72e+03   1.13e+02   6.05e-01  3.58e+06        1    2.44e-02    1.24e+00
  48  1.436185e+03    1.35e-01    1.69e+03   1.29e+02   6.07e-01  3.61e+06        1    2.48e-02    1.26e+00
  49  1.436051e+03    1.33e-01    1.65e+03   1.49e+02   6.09e-01  3.65e+06        1    2.37e-02    1.28e+00
  50  1.435920e+03    1.32e-01    1.61e+03   1.74e+02   6.11e-01  3.69e+06        1    2.49e-02    1.31e+00
  51  1.435790e+03    1.29e-01    1.56e+03   2.07e+02   6.15e-01  3.74e+06        1    2.41e-02    1.33e+00
  52  1.435664e+03    1.27e-01    1.50e+03   2.50e+02   6.19e-01  3.79e+06        1    2.42e-02    1.36e+00
  53  1.435540e+03    1.24e-01    1.42e+03   3.07e+02   6.25e-01  3.85e+06        1    2.51e-02    1.38e+00
  54  1.435419e+03    1.20e-01    1.33e+03   3.84e+02   6.32e-01  3.92e+06        1    2.46e-02    1.41e+00
  55  1.435304e+03    1.16e-01    1.21e+03   4.89e+02   6.41e-01  4.01e+06        1    2.57e-02    1.43e+00
  56  1.435194e+03    1.10e-01    1.07e+03   6.34e+02   6.53e-01  4.13e+06        1    2.54e-02    1.46e+00
  57  1.435091e+03    1.03e-01    9.01e+02   8.33e+02   6.68e-01  4.29e+06        1    2.56e-02    1.49e+00
  58  1.434998e+03    9.27e-02    7.11e+02   1.10e+03   6.86e-01  4.52e+06        1    2.60e-02    1.51e+00
  59  1.434918e+03    8.06e-02    5.16e+02   1.46e+03   7.04e-01  4.85e+06        1    2.49e-02    1.54e+00
  60  1.434851e+03    6.68e-02    3.43e+02   1.90e+03   7.22e-01  5.32e+06        1    2.50e-02    1.56e+00
  61  1.434798e+03    5.30e-02    2.12e+02   2.43e+03   7.39e-01  5.97e+06        1    2.55e-02    1.59e+00
  62  1.434757e+03    4.10e-02    1.28e+02   3.04e+03   7.53e-01  6.85e+06        1    2.49e-02    1.61e+00
  63  1.434725e+03    3.14e-02    7.76e+01   3.76e+03   7.65e-01  8.05e+06        1    2.52e-02    1.64e+00
  64  1.434701e+03    2.43e-02    4.84e+01   4.63e+03   7.73e-01  9.62e+06        1    2.63e-02    1.66e+00
  65  1.434682e+03    1.90e-02    3.09e+01   5.71e+03   7.80e-01  1.17e+07        1    2.51e-02    1.69e+00
  66  1.434667e+03    1.51e-02    2.00e+01   7.07e+03   7.84e-01  1.43e+07        1    2.61e-02    1.71e+00
  67  1.434655e+03    1.20e-02    1.31e+01   8.79e+03   7.88e-01  1.76e+07        1    2.45e-02    1.74e+00
  68  1.434645e+03    9.64e-03    8.57e+00   1.10e+04   7.90e-01  2.19e+07        1    2.57e-02    1.77e+00
  69  1.434638e+03    7.75e-03    5.62e+00   1.37e+04   7.91e-01  2.73e+07        1    2.56e-02    1.79e+00
  70  1.434631e+03    6.23e-03    3.69e+00   1.71e+04   7.93e-01  3.42e+07        1    2.53e-02    1.82e+00
  71  1.434626e+03    5.01e-03    2.42e+00   2.15e+04   7.93e-01  4.28e+07        1    2.50e-02    1.84e+00
  72  1.434622e+03    4.03e-03    1.89e+00   2.69e+04   7.94e-01  5.37e+07        1    2.55e-02    1.87e+00
  73  1.434619e+03    3.23e-03    1.99e+00   3.38e+04   7.94e-01  6.74e+07        1    2.59e-02    1.89e+00
  74  1.434617e+03    2.59e-03    1.95e+00   4.25e+04   7.94e-01  8.48e+07        1    2.48e-02    1.92e+00
  75  1.434614e+03    2.07e-03    1.79e+00   5.35e+04   7.95e-01  1.07e+08        1    2.51e-02    1.94e+00
  76  1.434613e+03    1.43e-03    1.91e+00   5.58e+04   8.25e-01  1.47e+08        1    2.54e-02    1.97e+00
  77  1.434612e+03    9.52e-04    1.55e+00   5.24e+04   8.59e-01  2.33e+08        1    2.53e-02    1.99e+00
  78  1.434611e+03    8.21e-04    1.99e+00   6.15e+04   8.58e-01  3.68e+08        1    2.64e-02    2.02e+00
  79  1.434611e+03    7.04e-04    2.00e+00   7.15e+04   8.58e-01  5.81e+08        1    2.54e-02    2.05e+00
  80  1.434610e+03    6.05e-04    1.95e+00   8.33e+04   8.58e-01  9.18e+08        1    2.58e-02    2.07e+00
  81  1.434609e+03    5.19e-04    1.69e+00   9.71e+04   8.58e-01  1.45e+09        1    2.50e-02    2.10e+00
  82  1.434609e+03    4.46e-04    1.37e+00   1.13e+05   8.58e-01  2.29e+09        1    2.49e-02    2.12e+00
  83  1.434609e+03    3.83e-04    1.64e+00   1.32e+05   8.58e-01  3.63e+09        1    2.56e-02    2.15e+00
  84  1.434608e+03    3.29e-04    1.95e+00   1.54e+05   8.58e-01  5.73e+09        1    2.48e-02    2.17e+00
  85  1.434608e+03    2.82e-04    1.96e+00   1.79e+05   8.58e-01  9.07e+09        1    2.50e-02    2.20e+00
  86  1.434608e+03    2.42e-04    1.78e+00   2.08e+05   8.58e-01  1.43e+10        1    2.55e-02    2.22e+00
  87  1.434608e+03    2.08e-04    1.52e+00   2.43e+05   8.58e-01  2.27e+10        1    2.47e-02    2.25e+00
  88  1.434607e+03    1.79e-04    1.25e+00   2.83e+05   8.58e-01  3.59e+10        1    2.62e-02    2.27e+00
  89  1.434607e+03    1.53e-04    1.01e+00   3.30e+05   8.58e-01  5.67e+10        1    2.54e-02    2.30e+00
  90  1.434607e+03    1.32e-04    7.96e-01   3.84e+05   8.58e-01  8.97e+10        1    2.48e-02    2.32e+00
  91  1.434607e+03    1.13e-04    7.40e-01   4.48e+05   8.58e-01  1.42e+11        1    2.54e-02    2.35e+00
  92  1.434607e+03    9.70e-05    6.79e-01   5.22e+05   8.58e-01  2.24e+11        1    2.41e-02    2.37e+00
  93  1.434607e+03    8.33e-05    6.11e-01   6.08e+05   8.58e-01  3.55e+11        1    2.42e-02    2.40e+00
  94  1.434607e+03    7.15e-05    5.43e-01   7.08e+05   8.58e-01  5.61e+11        1    2.46e-02    2.42e+00
  95  1.434607e+03    6.14e-05    4.79e-01   8.25e+05   8.58e-01  8.88e+11        1    2.61e-02    2.45e+00
  96  1.434607e+03    5.27e-05    4.19e-01   9.61e+05   8.58e-01  1.40e+12        1    2.54e-02    2.47e+00
  97  1.434607e+03    4.52e-05    3.65e-01   1.12e+06   8.58e-01  2.22e+12        1    2.57e-02    2.50e+00
  98  1.434607e+03    3.88e-05    3.16e-01   1.31e+06   8.58e-01  3.51e+12        1    2.51e-02    2.53e+00
  99  1.434606e+03    3.33e-05    2.74e-01   1.52e+06   8.58e-01  5.56e+12        1    2.51e-02    2.55e+00
 100  1.434606e+03    2.86e-05    2.37e-01   1.77e+06   8.58e-01  8.79e+12        1    2.54e-02    2.58e+00
I0826 03:17:26.804623    27 misc.cc:205] 
Bundle adjustment report
------------------------
I0826 03:17:26.804699    27 bundle_adjustment.cc:942] 
    Residuals : 16760
   Parameters : 7300
   Iterations : 101
         Time : 2.5775 [s]
 Initial cost : 0.293548 [px]
   Final cost : 0.29257 [px]
  Termination : No convergence

I0826 03:17:26.829635    27 incremental_mapper.cc:175] => Completed observations: 0
I0826 03:17:26.837853    27 incremental_mapper.cc:178] => Merged observations: 0
I0826 03:17:26.845098    27 incremental_mapper.cc:160] => Filtered observations: 12
I0826 03:17:26.845187    27 incremental_mapper.cc:119] => Changed observations: 0.001432
I0826 03:17:26.845233    27 misc.cc:198] 
==============================================================================
Global bundle adjustment
==============================================================================
iter      cost      cost_change  |gradient|   |step|    tr_ratio  tr_radius  ls_iter  iter_time  total_time
   0  1.416679e+03    0.00e+00    6.50e+02   0.00e+00   0.00e+00  1.00e+04        0    1.26e-02    4.35e-02
   1  1.415637e+03    1.04e+00    3.84e+01   2.21e+00   1.00e+00  3.00e+04        1    2.78e-02    7.13e-02
   2  1.415447e+03    1.90e-01    1.21e+02   2.50e+00   1.00e+00  9.00e+04        1    2.51e-02    9.65e-02
   3  1.415203e+03    2.44e-01    7.40e+02   6.39e+00   9.81e-01  2.70e+05        1    3.00e-02    1.27e-01
   4  1.414916e+03    2.87e-01    4.75e+03   1.61e+01   5.10e-01  2.70e+05        1    2.46e-02    1.51e-01
   5  1.414368e+03    5.48e-01    3.67e+03   1.39e+01   7.74e-01  3.23e+05        1    2.54e-02    1.77e-01
   6  1.414008e+03    3.59e-01    3.82e+03   1.40e+01   6.77e-01  3.38e+05        1    2.50e-02    2.02e-01
   7  1.413665e+03    3.43e-01    3.03e+03   1.22e+01   7.66e-01  3.98e+05        1    2.56e-02    2.28e-01
   8  1.413435e+03    2.31e-01    2.86e+03   1.15e+01   7.14e-01  4.32e+05        1    2.56e-02    2.53e-01
   9  1.413243e+03    1.92e-01    2.27e+03   1.00e+01   7.72e-01  5.15e+05        1    2.50e-02    2.78e-01
  10  1.413115e+03    1.28e-01    2.04e+03   9.22e+00   7.38e-01  5.78e+05        1    2.62e-02    3.05e-01
  11  1.413015e+03    9.99e-02    1.59e+03   7.97e+00   7.85e-01  7.09e+05        1    2.52e-02    3.30e-01
  12  1.412947e+03    6.84e-02    1.39e+03   7.50e+00   7.61e-01  8.27e+05        1    2.55e-02    3.55e-01
  13  1.412889e+03    5.73e-02    1.09e+03   7.03e+00   8.07e-01  1.08e+06        1    2.58e-02    3.81e-01
  14  1.412840e+03    4.94e-02    1.02e+03   7.84e+00   7.95e-01  1.35e+06        1    2.50e-02    4.06e-01
  15  1.412786e+03    5.42e-02    9.16e+02   9.19e+00   8.31e-01  1.90e+06        1    2.51e-02    4.32e-01
  16  1.412722e+03    6.38e-02    1.06e+03   1.26e+01   7.95e-01  2.40e+06        1    2.55e-02    4.57e-01
  17  1.412642e+03    7.95e-02    1.16e+03   1.58e+01   7.84e-01  2.93e+06        1    2.52e-02    4.83e-01
  18  1.412553e+03    8.97e-02    1.40e+03   1.94e+01   7.20e-01  3.21e+06        1    2.53e-02    5.08e-01
  19  1.412449e+03    1.03e-01    1.50e+03   2.13e+01   7.09e-01  3.46e+06        1    2.55e-02    5.33e-01
  20  1.412342e+03    1.08e-01    1.65e+03   2.30e+01   6.73e-01  3.61e+06        1    2.55e-02    5.59e-01
  21  1.412226e+03    1.15e-01    1.73e+03   2.40e+01   6.63e-01  3.74e+06        1    2.53e-02    5.84e-01
  22  1.412108e+03    1.18e-01    1.81e+03   2.50e+01   6.47e-01  3.84e+06        1    2.47e-02    6.09e-01
  23  1.411986e+03    1.22e-01    1.87e+03   2.57e+01   6.39e-01  3.92e+06        1    2.52e-02    6.34e-01
  24  1.411862e+03    1.24e-01    1.92e+03   2.63e+01   6.32e-01  4.00e+06        1    2.51e-02    6.60e-01
  25  1.411737e+03    1.25e-01    1.95e+03   2.69e+01   6.26e-01  4.06e+06        1    2.51e-02    6.85e-01
  26  1.411611e+03    1.26e-01    1.98e+03   2.74e+01   6.22e-01  4.12e+06        1    2.59e-02    7.11e-01
  27  1.411485e+03    1.26e-01    2.00e+03   2.79e+01   6.19e-01  4.18e+06        1    2.54e-02    7.36e-01
  28  1.411358e+03    1.27e-01    2.01e+03   2.83e+01   6.16e-01  4.23e+06        1    2.45e-02    7.61e-01
  29  1.411231e+03    1.27e-01    2.02e+03   2.88e+01   6.14e-01  4.28e+06        1    2.42e-02    7.85e-01
  30  1.411105e+03    1.27e-01    2.03e+03   2.92e+01   6.12e-01  4.33e+06        1    2.41e-02    8.09e-01
  31  1.410978e+03    1.26e-01    2.04e+03   2.97e+01   6.11e-01  4.38e+06        1    2.50e-02    8.34e-01
  32  1.410852e+03    1.26e-01    2.04e+03   3.01e+01   6.09e-01  4.42e+06        1    2.39e-02    8.58e-01
  33  1.410726e+03    1.26e-01    2.04e+03   3.05e+01   6.09e-01  4.47e+06        1    2.36e-02    8.82e-01
  34  1.410601e+03    1.25e-01    2.04e+03   3.10e+01   6.08e-01  4.51e+06        1    2.50e-02    9.07e-01
  35  1.410477e+03    1.25e-01    2.04e+03   3.14e+01   6.07e-01  4.56e+06        1    2.40e-02    9.31e-01
  36  1.410352e+03    1.24e-01    2.04e+03   3.18e+01   6.07e-01  4.60e+06        1    2.55e-02    9.57e-01
  37  1.410229e+03    1.23e-01    2.04e+03   3.23e+01   6.07e-01  4.65e+06        1    2.45e-02    9.81e-01
  38  1.410106e+03    1.23e-01    2.03e+03   3.27e+01   6.06e-01  4.70e+06        1    2.51e-02    1.01e+00
  39  1.409984e+03    1.22e-01    2.03e+03   3.32e+01   6.06e-01  4.74e+06        1    2.83e-02    1.03e+00
  40  1.409863e+03    1.21e-01    2.02e+03   3.37e+01   6.06e-01  4.79e+06        1    3.19e-02    1.07e+00
  41  1.409742e+03    1.21e-01    2.02e+03   3.42e+01   6.06e-01  4.83e+06        1    2.81e-02    1.10e+00
  42  1.409622e+03    1.20e-01    2.01e+03   3.47e+01   6.06e-01  4.88e+06        1    2.69e-02    1.12e+00
  43  1.409502e+03    1.19e-01    2.01e+03   3.52e+01   6.06e-01  4.93e+06        1    2.42e-02    1.15e+00
  44  1.409384e+03    1.19e-01    2.00e+03   3.57e+01   6.06e-01  4.97e+06        1    2.66e-02    1.17e+00
  45  1.409266e+03    1.18e-01    1.99e+03   3.62e+01   6.06e-01  5.02e+06        1    2.37e-02    1.20e+00
  46  1.409149e+03    1.17e-01    1.99e+03   3.68e+01   6.06e-01  5.07e+06        1    2.40e-02    1.22e+00
  47  1.409033e+03    1.16e-01    1.98e+03   3.74e+01   6.06e-01  5.12e+06        1    2.48e-02    1.25e+00
  48  1.408917e+03    1.16e-01    1.97e+03   3.80e+01   6.07e-01  5.17e+06        1    2.45e-02    1.27e+00
  49  1.408802e+03    1.15e-01    1.96e+03   3.86e+01   6.07e-01  5.22e+06        1    2.49e-02    1.30e+00
  50  1.408688e+03    1.14e-01    1.96e+03   3.92e+01   6.07e-01  5.27e+06        1    2.54e-02    1.32e+00
  51  1.408575e+03    1.13e-01    1.95e+03   3.99e+01   6.07e-01  5.32e+06        1    2.53e-02    1.35e+00
  52  1.408463e+03    1.12e-01    1.94e+03   4.06e+01   6.07e-01  5.38e+06        1    2.58e-02    1.37e+00
  53  1.408351e+03    1.12e-01    1.93e+03   4.13e+01   6.07e-01  5.43e+06        1    2.50e-02    1.40e+00
  54  1.408240e+03    1.11e-01    1.93e+03   4.20e+01   6.08e-01  5.49e+06        1    2.46e-02    1.42e+00
  55  1.408130e+03    1.10e-01    1.92e+03   4.28e+01   6.08e-01  5.54e+06        1    2.67e-02    1.45e+00
  56  1.408020e+03    1.09e-01    1.91e+03   4.36e+01   6.08e-01  5.60e+06        1    2.67e-02    1.48e+00
  57  1.407912e+03    1.09e-01    1.90e+03   4.45e+01   6.08e-01  5.66e+06        1    2.62e-02    1.50e+00
  58  1.407804e+03    1.08e-01    1.89e+03   4.54e+01   6.09e-01  5.71e+06        1    2.58e-02    1.53e+00
  59  1.407697e+03    1.07e-01    1.88e+03   4.63e+01   6.09e-01  5.77e+06        1    2.71e-02    1.55e+00
  60  1.407591e+03    1.06e-01    1.87e+03   4.73e+01   6.09e-01  5.83e+06        1    2.62e-02    1.58e+00
  61  1.407485e+03    1.05e-01    1.86e+03   4.84e+01   6.09e-01  5.90e+06        1    2.61e-02    1.61e+00
  62  1.407380e+03    1.05e-01    1.85e+03   4.95e+01   6.10e-01  5.96e+06        1    2.70e-02    1.63e+00
  63  1.407276e+03    1.04e-01    1.84e+03   5.06e+01   6.10e-01  6.02e+06        1    2.60e-02    1.66e+00
  64  1.407173e+03    1.03e-01    1.83e+03   5.19e+01   6.10e-01  6.09e+06        1    2.60e-02    1.69e+00
  65  1.407071e+03    1.02e-01    1.82e+03   5.33e+01   6.10e-01  6.15e+06        1    2.49e-02    1.71e+00
  66  1.406969e+03    1.02e-01    1.81e+03   5.47e+01   6.11e-01  6.22e+06        1    2.59e-02    1.74e+00
  67  1.406869e+03    1.01e-01    1.80e+03   5.63e+01   6.11e-01  6.29e+06        1    2.55e-02    1.76e+00
  68  1.406769e+03    1.00e-01    1.79e+03   5.79e+01   6.11e-01  6.36e+06        1    2.56e-02    1.79e+00
  69  1.406669e+03    9.92e-02    1.78e+03   5.98e+01   6.11e-01  6.43e+06        1    2.52e-02    1.81e+00
  70  1.406571e+03    9.84e-02    1.77e+03   6.17e+01   6.12e-01  6.50e+06        1    2.52e-02    1.84e+00
  71  1.406473e+03    9.76e-02    1.76e+03   6.39e+01   6.12e-01  6.58e+06        1    2.49e-02    1.86e+00
  72  1.406377e+03    9.68e-02    1.74e+03   6.63e+01   6.12e-01  6.65e+06        1    2.49e-02    1.89e+00
  73  1.406281e+03    9.60e-02    1.73e+03   6.90e+01   6.13e-01  6.73e+06        1    2.53e-02    1.91e+00
  74  1.406186e+03    9.51e-02    1.72e+03   7.19e+01   6.13e-01  6.81e+06        1    2.50e-02    1.94e+00
  75  1.406091e+03    9.43e-02    1.70e+03   7.52e+01   6.13e-01  6.89e+06        1    2.53e-02    1.97e+00
  76  1.405998e+03    9.35e-02    1.69e+03   7.89e+01   6.13e-01  6.97e+06        1    2.48e-02    1.99e+00
  77  1.405905e+03    9.26e-02    1.68e+03   8.31e+01   6.14e-01  7.05e+06        1    2.50e-02    2.02e+00
  78  1.405813e+03    9.18e-02    1.66e+03   8.79e+01   6.14e-01  7.13e+06        1    2.49e-02    2.04e+00
  79  1.405722e+03    9.09e-02    1.64e+03   9.34e+01   6.14e-01  7.22e+06        1    2.53e-02    2.07e+00
  80  1.405632e+03    9.00e-02    1.63e+03   9.98e+01   6.15e-01  7.31e+06        1    2.49e-02    2.09e+00
  81  1.405543e+03    8.91e-02    1.61e+03   1.07e+02   6.15e-01  7.40e+06        1    2.55e-02    2.12e+00
  82  1.405455e+03    8.82e-02    1.59e+03   1.16e+02   6.15e-01  7.49e+06        1    2.48e-02    2.14e+00
  83  1.405368e+03    8.72e-02    1.57e+03   1.26e+02   6.16e-01  7.58e+06        1    2.52e-02    2.17e+00
  84  1.405282e+03    8.63e-02    1.55e+03   1.39e+02   6.16e-01  7.68e+06        1    2.58e-02    2.19e+00
  85  1.405196e+03    8.52e-02    1.53e+03   1.54e+02   6.16e-01  7.78e+06        1    2.48e-02    2.22e+00
  86  1.405112e+03    8.42e-02    1.50e+03   1.72e+02   6.16e-01  7.88e+06        1    2.36e-02    2.24e+00
  87  1.405029e+03    8.30e-02    1.47e+03   1.94e+02   6.16e-01  7.98e+06        1    2.33e-02    2.26e+00
  88  1.404947e+03    8.18e-02    1.44e+03   2.23e+02   6.17e-01  8.08e+06        1    2.54e-02    2.29e+00
  89  1.404867e+03    8.05e-02    1.41e+03   2.59e+02   6.17e-01  8.18e+06        1    2.52e-02    2.31e+00
  90  1.404788e+03    7.91e-02    1.36e+03   3.05e+02   6.17e-01  8.29e+06        1    2.46e-02    2.34e+00
  91  1.404710e+03    7.75e-02    1.32e+03   3.65e+02   6.17e-01  8.40e+06        1    2.50e-02    2.36e+00
  92  1.404635e+03    7.57e-02    1.26e+03   4.44e+02   6.17e-01  8.51e+06        1    2.48e-02    2.39e+00
  93  1.404561e+03    7.36e-02    1.19e+03   5.52e+02   6.17e-01  8.62e+06        1    2.45e-02    2.41e+00
  94  1.404490e+03    7.11e-02    1.10e+03   7.01e+02   6.18e-01  8.73e+06        1    2.58e-02    2.44e+00
  95  1.404422e+03    6.81e-02    9.95e+02   9.08e+02   6.19e-01  8.85e+06        1    2.67e-02    2.47e+00
  96  1.404357e+03    6.44e-02    8.63e+02   1.20e+03   6.23e-01  8.98e+06        1    2.56e-02    2.49e+00
  97  1.404298e+03    5.99e-02    7.05e+02   1.61e+03   6.31e-01  9.15e+06        1    2.68e-02    2.52e+00
  98  1.404243e+03    5.41e-02    5.28e+02   2.16e+03   6.46e-01  9.38e+06        1    2.50e-02    2.54e+00
  99  1.404196e+03    4.69e-02    3.54e+02   2.88e+03   6.68e-01  9.75e+06        1    2.52e-02    2.57e+00
 100  1.404158e+03    3.84e-02    2.12e+02   3.75e+03   6.96e-01  1.04e+07        1    2.57e-02    2.60e+00
I0826 03:17:29.463960    27 misc.cc:205] 
Bundle adjustment report
------------------------
I0826 03:17:29.464023    27 bundle_adjustment.cc:942] 
    Residuals : 16678
   Parameters : 7264
   Iterations : 101
         Time : 2.59679 [s]
 Initial cost : 0.29145 [px]
   Final cost : 0.290159 [px]
  Termination : No convergence

I0826 03:17:29.489967    27 incremental_mapper.cc:175] => Completed observations: 0
I0826 03:17:29.498044    27 incremental_mapper.cc:178] => Merged observations: 0
I0826 03:17:29.505141    27 incremental_mapper.cc:160] => Filtered observations: 198
I0826 03:17:29.505208    27 incremental_mapper.cc:119] => Changed observations: 0.023744
I0826 03:17:29.505224    27 incremental_mapper.cc:167] => Filtered images: 0
I0826 03:17:29.655333    27 misc.cc:198] 
==============================================================================
Registering image #111 (5)
==============================================================================
I0826 03:17:29.655375    27 incremental_mapper.cc:495] => Image sees 1718 / 11358 points
I0826 03:17:30.257562    27 misc.cc:205] 
Pose refinement report
----------------------
I0826 03:17:30.257614    27 bundle_adjustment.cc:942] 
    Residuals : 2476
   Parameters : 8
   Iterations : 13
         Time : 0.027982 [s]
 Initial cost : 0.922642 [px]
   Final cost : 0.456448 [px]
  Termination : Convergence

I0826 03:17:30.280014    27 incremental_mapper.cc:40] => Continued observations: 1236
I0826 03:17:30.336891    27 incremental_mapper.cc:43] => Added observations: 1843
I0826 03:17:31.198315    27 misc.cc:205] 
Bundle adjustment report
------------------------
I0826 03:17:31.198410    27 bundle_adjustment.cc:942] 
    Residuals : 21468
   Parameters : 7983
   Iterations : 26
         Time : 0.835707 [s]
 Initial cost : 0.632207 [px]
   Final cost : 0.392884 [px]
  Termination : No convergence

I0826 03:17:31.292943    27 incremental_mapper.cc:78] => Merged observations: 16
I0826 03:17:31.293004    27 incremental_mapper.cc:79] => Completed observations: 105
I0826 03:17:31.293007    27 incremental_mapper.cc:81] => Filtered observations: 615
I0826 03:17:31.293009    27 incremental_mapper.cc:90] => Changed observations: 0.068567
I0826 03:17:32.021445    27 misc.cc:205] 
Bundle adjustment report
------------------------
I0826 03:17:32.021510    27 bundle_adjustment.cc:942] 
    Residuals : 17530
   Parameters : 6360
   Iterations : 26
         Time : 0.70622 [s]
 Initial cost : 0.401607 [px]
   Final cost : 0.341049 [px]
  Termination : No convergence

I0826 03:17:32.115669    27 incremental_mapper.cc:78] => Merged observations: 0
I0826 03:17:32.115727    27 incremental_mapper.cc:79] => Completed observations: 37
I0826 03:17:32.115731    27 incremental_mapper.cc:81] => Filtered observations: 639
I0826 03:17:32.115733    27 incremental_mapper.cc:90] => Changed observations: 0.077125
I0826 03:17:32.115909    27 misc.cc:198] 
==============================================================================
Retriangulation
==============================================================================
I0826 03:17:32.122022    27 incremental_mapper.cc:175] => Completed observations: 0
I0826 03:17:32.126546    27 incremental_mapper.cc:178] => Merged observations: 0
I0826 03:17:32.126601    27 incremental_mapper.cc:105] => Retriangulated observations: 23
I0826 03:17:32.204145    27 misc.cc:198] 
==============================================================================
Global bundle adjustment
==============================================================================
iter      cost      cost_change  |gradient|   |step|    tr_ratio  tr_radius  ls_iter  iter_time  total_time
   0  3.114634e+04    0.00e+00    4.57e+05   0.00e+00   0.00e+00  1.00e+04        0    9.62e-03    3.27e-02
   1  4.357157e+03    2.68e+04    2.07e+05   1.95e+01   9.38e-01  3.00e+04        1    2.24e-02    5.51e-02
   2  2.560854e+03    1.80e+03    4.84e+04   1.76e+01   9.93e-01  9.00e+04        1    2.12e-02    7.64e-02
   3  2.538008e+03    2.28e+01    8.20e+04   1.81e+01   8.06e-01  1.17e+05        1    2.19e-02    9.83e-02
   4  2.529361e+03    8.65e+00    4.41e+04   1.28e+01   9.16e-01  2.75e+05        1    1.94e-02    1.18e-01
   5  2.527047e+03    2.31e+00    3.29e+04   2.06e+01   8.39e-01  3.99e+05        1    2.02e-02    1.38e-01
   6  2.525790e+03    1.26e+00    3.74e+04   2.34e+01   8.12e-01  5.27e+05        1    1.94e-02    1.57e-01
   7  2.524847e+03    9.44e-01    4.04e+04   2.36e+01   7.45e-01  5.98e+05        1    2.00e-02    1.78e-01
   8  2.523875e+03    9.71e-01    2.78e+04   2.10e+01   8.25e-01  8.25e+05        1    1.96e-02    1.97e-01
   9  2.522899e+03    9.76e-01    2.20e+04   2.35e+01   8.43e-01  1.22e+06        1    2.02e-02    2.17e-01
  10  2.521911e+03    9.88e-01    4.06e+04   3.10e+01   7.29e-01  1.35e+06        1    1.90e-02    2.37e-01
  11  2.521875e+03    3.59e-02    8.21e+04   3.39e+01   2.38e-02  7.22e+05        1    1.97e-02    2.56e-01
  12  2.520014e+03    1.86e+00    1.74e+04   1.84e+01   9.11e-01  1.63e+06        1    1.95e-02    2.76e-01
  13  2.524420e+03   -4.41e+00    1.74e+04   4.15e+01  -3.13e+00  8.14e+05        1    1.10e-02    2.87e-01
  14  2.519564e+03    4.50e-01    3.45e+04   2.09e+01   5.59e-01  8.16e+05        1    2.04e-02    3.07e-01
  15  2.519002e+03    5.62e-01    3.28e+04   2.10e+01   5.86e-01  8.20e+05        1    2.05e-02    3.28e-01
  16  2.518440e+03    5.62e-01    3.25e+04   2.11e+01   5.69e-01  8.22e+05        1    2.06e-02    3.49e-01
  17  2.517873e+03    5.67e-01    3.14e+04   2.12e+01   5.65e-01  8.24e+05        1    2.04e-02    3.69e-01
  18  2.517309e+03    5.64e-01    3.02e+04   2.12e+01   5.64e-01  8.25e+05        1    1.93e-02    3.89e-01
  19  2.516751e+03    5.58e-01    2.89e+04   2.12e+01   5.65e-01  8.27e+05        1    1.96e-02    4.08e-01
  20  2.516202e+03    5.50e-01    2.76e+04   2.12e+01   5.68e-01  8.29e+05        1    1.96e-02    4.28e-01
  21  2.515662e+03    5.40e-01    2.63e+04   2.13e+01   5.71e-01  8.32e+05        1    1.99e-02    4.48e-01
  22  2.515132e+03    5.30e-01    2.52e+04   2.13e+01   5.75e-01  8.35e+05        1    1.96e-02    4.68e-01
  23  2.514613e+03    5.19e-01    2.41e+04   2.13e+01   5.79e-01  8.38e+05        1    1.96e-02    4.87e-01
  24  2.514103e+03    5.09e-01    2.32e+04   2.13e+01   5.82e-01  8.42e+05        1    1.95e-02    5.07e-01
  25  2.513604e+03    4.99e-01    2.23e+04   2.14e+01   5.86e-01  8.46e+05        1    2.02e-02    5.27e-01
  26  2.513115e+03    4.90e-01    2.15e+04   2.15e+01   5.89e-01  8.51e+05        1    2.09e-02    5.48e-01
  27  2.512634e+03    4.80e-01    2.08e+04   2.16e+01   5.91e-01  8.56e+05        1    2.12e-02    5.69e-01
  28  2.512163e+03    4.72e-01    2.02e+04   2.17e+01   5.94e-01  8.62e+05        1    2.23e-02    5.92e-01
  29  2.511699e+03    4.64e-01    1.96e+04   2.18e+01   5.96e-01  8.68e+05        1    1.92e-02    6.11e-01
  30  2.511243e+03    4.56e-01    1.91e+04   2.20e+01   5.98e-01  8.74e+05        1    1.93e-02    6.30e-01
  31  2.510795e+03    4.48e-01    1.86e+04   2.21e+01   5.99e-01  8.81e+05        1    2.09e-02    6.51e-01
  32  2.510354e+03    4.41e-01    1.82e+04   2.23e+01   6.01e-01  8.88e+05        1    1.99e-02    6.71e-01
  33  2.509919e+03    4.35e-01    1.78e+04   2.25e+01   6.02e-01  8.96e+05        1    2.07e-02    6.92e-01
  34  2.509491e+03    4.28e-01    1.74e+04   2.27e+01   6.03e-01  9.04e+05        1    1.99e-02    7.12e-01
  35  2.509069e+03    4.22e-01    1.71e+04   2.30e+01   6.04e-01  9.12e+05        1    2.06e-02    7.32e-01
  36  2.508653e+03    4.16e-01    1.68e+04   2.32e+01   6.05e-01  9.21e+05        1    2.16e-02    7.54e-01
  37  2.508243e+03    4.10e-01    1.65e+04   2.35e+01   6.05e-01  9.29e+05        1    2.17e-02    7.76e-01
  38  2.507839e+03    4.05e-01    1.62e+04   2.38e+01   6.06e-01  9.38e+05        1    2.11e-02    7.97e-01
  39  2.507439e+03    3.99e-01    1.60e+04   2.41e+01   6.06e-01  9.47e+05        1    2.09e-02    8.18e-01
  40  2.507046e+03    3.94e-01    1.57e+04   2.44e+01   6.07e-01  9.56e+05        1    2.10e-02    8.39e-01
  41  2.506657e+03    3.89e-01    1.55e+04   2.48e+01   6.07e-01  9.66e+05        1    2.03e-02    8.60e-01
  42  2.506273e+03    3.84e-01    1.53e+04   2.51e+01   6.07e-01  9.75e+05        1    1.95e-02    8.79e-01
  43  2.505895e+03    3.79e-01    1.51e+04   2.55e+01   6.07e-01  9.85e+05        1    1.92e-02    8.98e-01
  44  2.505521e+03    3.74e-01    1.49e+04   2.59e+01   6.08e-01  9.95e+05        1    2.02e-02    9.19e-01
  45  2.505152e+03    3.69e-01    1.47e+04   2.64e+01   6.08e-01  1.01e+06        1    2.00e-02    9.39e-01
  46  2.504788e+03    3.64e-01    1.45e+04   2.68e+01   6.08e-01  1.02e+06        1    2.05e-02    9.59e-01
  47  2.504429e+03    3.59e-01    1.44e+04   2.73e+01   6.08e-01  1.03e+06        1    2.11e-02    9.80e-01
  48  2.504074e+03    3.55e-01    1.42e+04   2.78e+01   6.08e-01  1.04e+06        1    2.00e-02    1.00e+00
  49  2.503723e+03    3.50e-01    1.41e+04   2.84e+01   6.08e-01  1.05e+06        1    2.04e-02    1.02e+00
  50  2.503378e+03    3.46e-01    1.39e+04   2.90e+01   6.09e-01  1.06e+06        1    1.94e-02    1.04e+00
  51  2.503036e+03    3.41e-01    1.38e+04   2.96e+01   6.09e-01  1.07e+06        1    1.97e-02    1.06e+00
  52  2.502699e+03    3.37e-01    1.36e+04   3.02e+01   6.09e-01  1.08e+06        1    1.97e-02    1.08e+00
  53  2.502366e+03    3.33e-01    1.35e+04   3.09e+01   6.09e-01  1.09e+06        1    1.95e-02    1.10e+00
  54  2.502038e+03    3.29e-01    1.34e+04   3.16e+01   6.09e-01  1.10e+06        1    1.96e-02    1.12e+00
  55  2.501713e+03    3.24e-01    1.33e+04   3.24e+01   6.09e-01  1.11e+06        1    2.06e-02    1.14e+00
  56  2.501393e+03    3.20e-01    1.32e+04   3.32e+01   6.09e-01  1.13e+06        1    1.96e-02    1.16e+00
  57  2.501077e+03    3.16e-01    1.30e+04   3.41e+01   6.09e-01  1.14e+06        1    2.03e-02    1.18e+00
  58  2.500765e+03    3.12e-01    1.29e+04   3.51e+01   6.09e-01  1.15e+06        1    2.06e-02    1.20e+00
  59  2.500457e+03    3.08e-01    1.28e+04   3.61e+01   6.10e-01  1.16e+06        1    1.98e-02    1.22e+00
  60  2.500153e+03    3.04e-01    1.27e+04   3.71e+01   6.10e-01  1.17e+06        1    1.98e-02    1.24e+00
  61  2.499853e+03    3.00e-01    1.26e+04   3.83e+01   6.10e-01  1.19e+06        1    1.99e-02    1.26e+00
  62  2.499557e+03    2.96e-01    1.25e+04   3.95e+01   6.10e-01  1.20e+06        1    2.13e-02    1.28e+00
  63  2.499265e+03    2.92e-01    1.24e+04   4.08e+01   6.10e-01  1.21e+06        1    2.11e-02    1.30e+00
  64  2.498977e+03    2.88e-01    1.23e+04   4.23e+01   6.10e-01  1.23e+06        1    2.06e-02    1.32e+00
  65  2.498692e+03    2.85e-01    1.23e+04   4.38e+01   6.10e-01  1.24e+06        1    2.05e-02    1.34e+00
  66  2.498411e+03    2.81e-01    1.22e+04   4.54e+01   6.11e-01  1.25e+06        1    2.09e-02    1.37e+00
  67  2.498134e+03    2.77e-01    1.21e+04   4.72e+01   6.11e-01  1.27e+06        1    2.09e-02    1.39e+00
  68  2.497861e+03    2.73e-01    1.20e+04   4.91e+01   6.11e-01  1.28e+06        1    1.91e-02    1.41e+00
  69  2.497591e+03    2.70e-01    1.19e+04   5.12e+01   6.11e-01  1.29e+06        1    1.92e-02    1.42e+00
  70  2.497325e+03    2.66e-01    1.18e+04   5.34e+01   6.11e-01  1.31e+06        1    1.95e-02    1.44e+00
  71  2.497062e+03    2.63e-01    1.18e+04   5.59e+01   6.12e-01  1.32e+06        1    1.99e-02    1.46e+00
  72  2.496803e+03    2.59e-01    1.17e+04   5.85e+01   6.12e-01  1.34e+06        1    1.94e-02    1.48e+00
  73  2.496548e+03    2.55e-01    1.16e+04   6.14e+01   6.12e-01  1.35e+06        1    1.99e-02    1.50e+00
  74  2.496296e+03    2.52e-01    1.15e+04   6.46e+01   6.12e-01  1.37e+06        1    1.95e-02    1.52e+00
  75  2.496048e+03    2.48e-01    1.14e+04   6.81e+01   6.13e-01  1.39e+06        1    1.98e-02    1.54e+00
  76  2.495803e+03    2.45e-01    1.14e+04   7.19e+01   6.13e-01  1.40e+06        1    2.06e-02    1.56e+00
  77  2.495562e+03    2.41e-01    1.13e+04   7.61e+01   6.13e-01  1.42e+06        1    2.00e-02    1.58e+00
  78  2.495324e+03    2.38e-01    1.12e+04   8.08e+01   6.14e-01  1.44e+06        1    2.12e-02    1.61e+00
  79  2.495089e+03    2.34e-01    1.11e+04   8.60e+01   6.14e-01  1.45e+06        1    1.98e-02    1.63e+00
  80  2.494859e+03    2.31e-01    1.11e+04   9.18e+01   6.15e-01  1.47e+06        1    2.11e-02    1.65e+00
  81  2.494631e+03    2.27e-01    1.10e+04   9.82e+01   6.16e-01  1.49e+06        1    2.06e-02    1.67e+00
  82  2.494407e+03    2.24e-01    1.09e+04   1.05e+02   6.16e-01  1.51e+06        1    2.09e-02    1.69e+00
  83  2.494187e+03    2.20e-01    1.08e+04   1.14e+02   6.17e-01  1.53e+06        1    2.05e-02    1.71e+00
  84  2.493970e+03    2.17e-01    1.08e+04   1.23e+02   6.18e-01  1.55e+06        1    2.06e-02    1.73e+00
  85  2.493756e+03    2.13e-01    1.07e+04   1.33e+02   6.19e-01  1.57e+06        1    2.14e-02    1.75e+00
  86  2.493547e+03    2.10e-01    1.06e+04   1.45e+02   6.20e-01  1.59e+06        1    2.09e-02    1.77e+00
  87  2.493341e+03    2.06e-01    1.05e+04   1.59e+02   6.21e-01  1.61e+06        1    2.04e-02    1.79e+00
  88  2.493138e+03    2.02e-01    1.04e+04   1.75e+02   6.22e-01  1.64e+06        1    1.97e-02    1.81e+00
  89  2.492939e+03    1.99e-01    1.03e+04   1.94e+02   6.24e-01  1.66e+06        1    1.98e-02    1.83e+00
  90  2.492745e+03    1.95e-01    1.02e+04   2.15e+02   6.26e-01  1.69e+06        1    1.96e-02    1.85e+00
  91  2.492554e+03    1.91e-01    1.01e+04   2.41e+02   6.28e-01  1.72e+06        1    2.04e-02    1.87e+00
  92  2.492367e+03    1.87e-01    1.00e+04   2.71e+02   6.30e-01  1.75e+06        1    1.98e-02    1.89e+00
  93  2.492185e+03    1.82e-01    9.88e+03   3.07e+02   6.33e-01  1.78e+06        1    2.04e-02    1.91e+00
  94  2.492008e+03    1.78e-01    9.74e+03   3.50e+02   6.37e-01  1.82e+06        1    2.03e-02    1.93e+00
  95  2.491835e+03    1.73e-01    9.58e+03   4.02e+02   6.41e-01  1.86e+06        1    2.01e-02    1.95e+00
  96  2.491668e+03    1.67e-01    9.41e+03   4.66e+02   6.46e-01  1.91e+06        1    2.10e-02    1.97e+00
  97  2.491506e+03    1.62e-01    9.21e+03   5.43e+02   6.51e-01  1.96e+06        1    1.98e-02    1.99e+00
  98  2.491351e+03    1.55e-01    8.99e+03   6.38e+02   6.58e-01  2.03e+06        1    1.96e-02    2.01e+00
  99  2.491203e+03    1.48e-01    8.74e+03   7.56e+02   6.66e-01  2.10e+06        1    2.01e-02    2.03e+00
 100  2.491062e+03    1.40e-01    8.46e+03   9.02e+02   6.75e-01  2.20e+06        1    2.00e-02    2.05e+00
I0826 03:17:34.274021    27 misc.cc:205] 
Bundle adjustment report
------------------------
I0826 03:17:34.274086    27 bundle_adjustment.cc:942] 
    Residuals : 12546
   Parameters : 4473
   Iterations : 101
         Time : 2.05477 [s]
 Initial cost : 1.57562 [px]
   Final cost : 0.445594 [px]
  Termination : No convergence

I0826 03:17:34.291615    27 incremental_mapper.cc:175] => Completed observations: 0
I0826 03:17:34.298233    27 incremental_mapper.cc:178] => Merged observations: 0
I0826 03:17:34.324975    27 incremental_mapper.cc:160] => Filtered observations: 546
I0826 03:17:34.325047    27 incremental_mapper.cc:119] => Changed observations: 0.087040
I0826 03:17:34.325071    27 misc.cc:198] 
==============================================================================
Global bundle adjustment
==============================================================================
iter      cost      cost_change  |gradient|   |step|    tr_ratio  tr_radius  ls_iter  iter_time  total_time
   0  8.349262e+02    0.00e+00    3.78e+03   0.00e+00   0.00e+00  1.00e+04        0    7.05e-03    2.20e-02
   1  8.028837e+02    3.20e+01    4.65e+03   7.84e+00   9.98e-01  3.00e+04        1    1.59e-02    3.80e-02
   2  7.991754e+02    3.71e+00    2.70e+03   1.59e+01   9.95e-01  9.00e+04        1    1.33e-02    5.14e-02
   3  7.964568e+02    2.72e+00    8.18e+03   3.34e+01   7.28e-01  9.95e+04        1    1.36e-02    6.50e-02
   4  7.943936e+02    2.06e+00    5.32e+03   2.66e+01   8.38e-01  1.44e+05        1    1.31e-02    7.82e-02
   5  7.936229e+02    7.71e-01    7.22e+03   2.85e+01   6.11e-01  1.46e+05        1    1.44e-02    9.26e-02
   6  7.928738e+02    7.49e-01    7.14e+03   2.36e+01   8.01e-01  1.86e+05        1    1.42e-02    1.07e-01
   7  7.925561e+02    3.18e-01    1.08e+04   2.50e+01   5.98e-01  1.87e+05        1    1.39e-02    1.21e-01
   8  7.922161e+02    3.40e-01    9.84e+03   2.13e+01   7.51e-01  2.14e+05        1    1.37e-02    1.35e-01
   9  7.920124e+02    2.04e-01    1.13e+04   2.02e+01   6.70e-01  2.23e+05        1    1.42e-02    1.49e-01
  10  7.918339e+02    1.79e-01    1.05e+04   1.73e+01   7.42e-01  2.52e+05        1    1.35e-02    1.62e-01
  11  7.917136e+02    1.20e-01    1.12e+04   1.58e+01   7.04e-01  2.70e+05        1    1.35e-02    1.76e-01
  12  7.916164e+02    9.71e-02    1.05e+04   1.34e+01   7.46e-01  3.07e+05        1    1.33e-02    1.89e-01
  13  7.915481e+02    6.83e-02    1.09e+04   1.19e+01   7.25e-01  3.38e+05        1    1.35e-02    2.03e-01
  14  7.914937e+02    5.44e-02    1.04e+04   1.03e+01   7.56e-01  3.90e+05        1    1.40e-02    2.17e-01
  15  7.914521e+02    4.16e-02    1.06e+04   9.53e+00   7.47e-01  4.44e+05        1    1.32e-02    2.30e-01
  16  7.914156e+02    3.65e-02    1.03e+04   9.33e+00   7.75e-01  5.33e+05        1    1.37e-02    2.44e-01
  17  7.913819e+02    3.37e-02    1.10e+04   1.05e+01   7.73e-01  6.36e+05        1    1.38e-02    2.58e-01
  18  7.913460e+02    3.59e-02    1.15e+04   1.24e+01   7.90e-01  7.90e+05        1    1.43e-02    2.72e-01
  19  7.913064e+02    3.96e-02    1.34e+04   1.57e+01   7.72e-01  9.41e+05        1    1.34e-02    2.86e-01
  20  7.912603e+02    4.60e-02    1.50e+04   1.91e+01   7.63e-01  1.10e+06        1    1.36e-02    2.99e-01
  21  7.912092e+02    5.11e-02    1.76e+04   2.26e+01   7.27e-01  1.22e+06        1    1.35e-02    3.13e-01
  22  7.911523e+02    5.69e-02    1.94e+04   2.51e+01   7.09e-01  1.31e+06        1    1.36e-02    3.27e-01
  23  7.910921e+02    6.02e-02    2.14e+04   2.71e+01   6.81e-01  1.38e+06        1    1.36e-02    3.40e-01
  24  7.910283e+02    6.38e-02    2.27e+04   2.85e+01   6.66e-01  1.43e+06        1    1.35e-02    3.54e-01
  25  7.909625e+02    6.58e-02    2.39e+04   2.96e+01   6.51e-01  1.47e+06        1    1.39e-02    3.68e-01
  26  7.908949e+02    6.76e-02    2.47e+04   3.03e+01   6.41e-01  1.50e+06        1    1.45e-02    3.82e-01
  27  7.908261e+02    6.88e-02    2.54e+04   3.10e+01   6.32e-01  1.53e+06        1    1.38e-02    3.96e-01
  28  7.907565e+02    6.97e-02    2.59e+04   3.15e+01   6.26e-01  1.56e+06        1    1.39e-02    4.10e-01
  29  7.906862e+02    7.02e-02    2.63e+04   3.20e+01   6.21e-01  1.58e+06        1    1.49e-02    4.25e-01
  30  7.906156e+02    7.06e-02    2.66e+04   3.24e+01   6.17e-01  1.60e+06        1    1.38e-02    4.39e-01
  31  7.905449e+02    7.08e-02    2.69e+04   3.28e+01   6.14e-01  1.62e+06        1    1.37e-02    4.53e-01
  32  7.904740e+02    7.09e-02    2.71e+04   3.32e+01   6.12e-01  1.64e+06        1    1.45e-02    4.68e-01
  33  7.904032e+02    7.08e-02    2.72e+04   3.35e+01   6.10e-01  1.65e+06        1    1.38e-02    4.81e-01
  34  7.903324e+02    7.07e-02    2.74e+04   3.38e+01   6.08e-01  1.67e+06        1    1.35e-02    4.95e-01
  35  7.902619e+02    7.06e-02    2.75e+04   3.41e+01   6.06e-01  1.69e+06        1    1.40e-02    5.09e-01
  36  7.901915e+02    7.04e-02    2.76e+04   3.44e+01   6.05e-01  1.70e+06        1    1.40e-02    5.23e-01
  37  7.901214e+02    7.01e-02    2.77e+04   3.46e+01   6.04e-01  1.72e+06        1    1.45e-02    5.38e-01
  38  7.900516e+02    6.98e-02    2.78e+04   3.49e+01   6.03e-01  1.73e+06        1    1.47e-02    5.53e-01
  39  7.899821e+02    6.95e-02    2.78e+04   3.51e+01   6.03e-01  1.75e+06        1    1.48e-02    5.67e-01
  40  7.899129e+02    6.92e-02    2.79e+04   3.54e+01   6.02e-01  1.76e+06        1    1.35e-02    5.81e-01
  41  7.898440e+02    6.89e-02    2.79e+04   3.56e+01   6.02e-01  1.78e+06        1    1.44e-02    5.95e-01
  42  7.897755e+02    6.85e-02    2.80e+04   3.59e+01   6.02e-01  1.79e+06        1    1.40e-02    6.09e-01
  43  7.897074e+02    6.81e-02    2.81e+04   3.61e+01   6.01e-01  1.81e+06        1    1.45e-02    6.24e-01
  44  7.896396e+02    6.78e-02    2.81e+04   3.64e+01   6.01e-01  1.82e+06        1    1.39e-02    6.38e-01
  45  7.895722e+02    6.74e-02    2.82e+04   3.66e+01   6.01e-01  1.84e+06        1    1.53e-02    6.53e-01
  46  7.895052e+02    6.70e-02    2.82e+04   3.69e+01   6.01e-01  1.85e+06        1    1.30e-02    6.66e-01
  47  7.894386e+02    6.66e-02    2.83e+04   3.71e+01   6.01e-01  1.87e+06        1    1.40e-02    6.81e-01
  48  7.893724e+02    6.62e-02    2.83e+04   3.74e+01   6.01e-01  1.89e+06        1    1.32e-02    6.94e-01
  49  7.893066e+02    6.58e-02    2.84e+04   3.76e+01   6.00e-01  1.90e+06        1    1.40e-02    7.08e-01
  50  7.892412e+02    6.54e-02    2.84e+04   3.78e+01   6.00e-01  1.92e+06        1    1.32e-02    7.21e-01
  51  7.891762e+02    6.50e-02    2.85e+04   3.81e+01   6.00e-01  1.93e+06        1    1.32e-02    7.34e-01
  52  7.891116e+02    6.46e-02    2.86e+04   3.83e+01   6.00e-01  1.95e+06        1    1.32e-02    7.48e-01
  53  7.890474e+02    6.42e-02    2.86e+04   3.86e+01   6.00e-01  1.96e+06        1    1.26e-02    7.60e-01
  54  7.889836e+02    6.38e-02    2.87e+04   3.88e+01   6.01e-01  1.98e+06        1    1.35e-02    7.74e-01
  55  7.889202e+02    6.34e-02    2.88e+04   3.91e+01   6.01e-01  2.00e+06        1    1.35e-02    7.87e-01
  56  7.888572e+02    6.30e-02    2.88e+04   3.93e+01   6.01e-01  2.01e+06        1    1.36e-02    8.01e-01
  57  7.887946e+02    6.26e-02    2.89e+04   3.96e+01   6.01e-01  2.03e+06        1    1.43e-02    8.15e-01
  58  7.887324e+02    6.22e-02    2.90e+04   3.98e+01   6.01e-01  2.05e+06        1    1.35e-02    8.29e-01
  59  7.886707e+02    6.18e-02    2.91e+04   4.01e+01   6.01e-01  2.06e+06        1    1.35e-02    8.43e-01
  60  7.886093e+02    6.14e-02    2.91e+04   4.04e+01   6.01e-01  2.08e+06        1    1.36e-02    8.56e-01
  61  7.885483e+02    6.10e-02    2.92e+04   4.06e+01   6.01e-01  2.10e+06        1    1.35e-02    8.70e-01
  62  7.884877e+02    6.06e-02    2.93e+04   4.09e+01   6.01e-01  2.11e+06        1    1.37e-02    8.84e-01
  63  7.884275e+02    6.02e-02    2.94e+04   4.12e+01   6.01e-01  2.13e+06        1    1.42e-02    8.98e-01
  64  7.883677e+02    5.98e-02    2.95e+04   4.14e+01   6.01e-01  2.15e+06        1    1.41e-02    9.12e-01
  65  7.883083e+02    5.94e-02    2.96e+04   4.17e+01   6.01e-01  2.17e+06        1    1.42e-02    9.26e-01
  66  7.882493e+02    5.90e-02    2.97e+04   4.20e+01   6.01e-01  2.19e+06        1    1.41e-02    9.40e-01
  67  7.881907e+02    5.86e-02    2.98e+04   4.22e+01   6.01e-01  2.20e+06        1    1.42e-02    9.55e-01
  68  7.881325e+02    5.82e-02    2.99e+04   4.25e+01   6.01e-01  2.22e+06        1    1.40e-02    9.69e-01
  69  7.880746e+02    5.78e-02    3.00e+04   4.28e+01   6.02e-01  2.24e+06        1    1.46e-02    9.84e-01
  70  7.880172e+02    5.74e-02    3.01e+04   4.31e+01   6.02e-01  2.26e+06        1    1.42e-02    9.98e-01
  71  7.879602e+02    5.71e-02    3.02e+04   4.34e+01   6.02e-01  2.28e+06        1    1.44e-02    1.01e+00
  72  7.879035e+02    5.67e-02    3.03e+04   4.36e+01   6.02e-01  2.30e+06        1    1.42e-02    1.03e+00
  73  7.878472e+02    5.63e-02    3.04e+04   4.39e+01   6.02e-01  2.32e+06        1    1.46e-02    1.04e+00
  74  7.877913e+02    5.59e-02    3.05e+04   4.42e+01   6.02e-01  2.34e+06        1    1.47e-02    1.06e+00
  75  7.877358e+02    5.55e-02    3.06e+04   4.45e+01   6.02e-01  2.36e+06        1    1.43e-02    1.07e+00
  76  7.876806e+02    5.51e-02    3.07e+04   4.48e+01   6.02e-01  2.38e+06        1    1.47e-02    1.09e+00
  77  7.876259e+02    5.48e-02    3.08e+04   4.51e+01   6.02e-01  2.40e+06        1    1.47e-02    1.10e+00
  78  7.875715e+02    5.44e-02    3.09e+04   4.54e+01   6.02e-01  2.42e+06        1    1.45e-02    1.11e+00
  79  7.875175e+02    5.40e-02    3.11e+04   4.57e+01   6.02e-01  2.44e+06        1    1.40e-02    1.13e+00
  80  7.874638e+02    5.36e-02    3.12e+04   4.60e+01   6.02e-01  2.46e+06        1    1.39e-02    1.14e+00
  81  7.874106e+02    5.33e-02    3.13e+04   4.63e+01   6.03e-01  2.48e+06        1    1.34e-02    1.16e+00
  82  7.873577e+02    5.29e-02    3.14e+04   4.66e+01   6.03e-01  2.51e+06        1    1.43e-02    1.17e+00
  83  7.873052e+02    5.25e-02    3.16e+04   4.70e+01   6.03e-01  2.53e+06        1    1.40e-02    1.18e+00
  84  7.872530e+02    5.22e-02    3.17e+04   4.73e+01   6.03e-01  2.55e+06        1    1.39e-02    1.20e+00
  85  7.872012e+02    5.18e-02    3.18e+04   4.76e+01   6.03e-01  2.57e+06        1    1.39e-02    1.21e+00
  86  7.871498e+02    5.14e-02    3.19e+04   4.79e+01   6.03e-01  2.59e+06        1    1.38e-02    1.23e+00
  87  7.870988e+02    5.11e-02    3.21e+04   4.82e+01   6.03e-01  2.62e+06        1    1.44e-02    1.24e+00
  88  7.870481e+02    5.07e-02    3.22e+04   4.86e+01   6.03e-01  2.64e+06        1    1.30e-02    1.25e+00
  89  7.869977e+02    5.03e-02    3.24e+04   4.89e+01   6.03e-01  2.66e+06        1    1.32e-02    1.27e+00
  90  7.869478e+02    5.00e-02    3.25e+04   4.92e+01   6.03e-01  2.69e+06        1    1.33e-02    1.28e+00
  91  7.868982e+02    4.96e-02    3.26e+04   4.96e+01   6.03e-01  2.71e+06        1    1.31e-02    1.29e+00
  92  7.868489e+02    4.93e-02    3.28e+04   4.99e+01   6.03e-01  2.74e+06        1    1.39e-02    1.31e+00
  93  7.868000e+02    4.89e-02    3.29e+04   5.03e+01   6.04e-01  2.76e+06        1    1.42e-02    1.32e+00
  94  7.867515e+02    4.85e-02    3.31e+04   5.06e+01   6.04e-01  2.79e+06        1    1.31e-02    1.33e+00
  95  7.867033e+02    4.82e-02    3.32e+04   5.09e+01   6.04e-01  2.81e+06        1    1.29e-02    1.35e+00
  96  7.866554e+02    4.78e-02    3.34e+04   5.13e+01   6.04e-01  2.84e+06        1    1.33e-02    1.36e+00
  97  7.866079e+02    4.75e-02    3.35e+04   5.17e+01   6.04e-01  2.86e+06        1    1.37e-02    1.37e+00
  98  7.865608e+02    4.71e-02    3.37e+04   5.20e+01   6.04e-01  2.89e+06        1    1.34e-02    1.39e+00
  99  7.865140e+02    4.68e-02    3.38e+04   5.24e+01   6.04e-01  2.91e+06        1    1.41e-02    1.40e+00
 100  7.864675e+02    4.65e-02    3.40e+04   5.27e+01   6.04e-01  2.94e+06        1    1.50e-02    1.42e+00
I0826 03:17:35.755715    27 misc.cc:205] 
Bundle adjustment report
------------------------
I0826 03:17:35.755780    27 bundle_adjustment.cc:942] 
    Residuals : 8134
   Parameters : 2889
   Iterations : 101
         Time : 1.41835 [s]
 Initial cost : 0.320385 [px]
   Final cost : 0.310948 [px]
  Termination : No convergence

I0826 03:17:35.769766    27 incremental_mapper.cc:175] => Completed observations: 0
I0826 03:17:35.774559    27 incremental_mapper.cc:178] => Merged observations: 0
I0826 03:17:35.810292    27 incremental_mapper.cc:160] => Filtered observations: 671
I0826 03:17:35.810348    27 incremental_mapper.cc:119] => Changed observations: 0.164986
I0826 03:17:35.810366    27 misc.cc:198] 
==============================================================================
Global bundle adjustment
==============================================================================
iter      cost      cost_change  |gradient|   |step|    tr_ratio  tr_radius  ls_iter  iter_time  total_time
   0  1.793707e+02    0.00e+00    2.75e+04   0.00e+00   0.00e+00  1.00e+04        0    1.62e-03    9.27e-03
   1  1.771403e+02    2.23e+00    2.00e+03   5.57e+00   1.00e+00  3.00e+04        1    5.43e-03    1.48e-02
   2  1.764536e+02    6.87e-01    1.50e+03   1.39e+01   9.99e-01  9.00e+04        1    4.34e-03    1.91e-02
   3  1.757878e+02    6.66e-01    2.62e+03   2.80e+01   8.23e-01  1.23e+05        1    4.58e-03    2.38e-02
   4  1.753204e+02    4.67e-01    3.20e+03   2.67e+01   8.90e-01  2.35e+05        1    4.98e-03    2.88e-02
   5  1.750660e+02    2.54e-01    9.90e+03   3.68e+01   7.43e-01  2.65e+05        1    4.15e-03    3.31e-02
   6  1.748240e+02    2.42e-01    7.92e+03   3.35e+01   9.09e-01  5.87e+05        1    3.96e-03    3.71e-02
   7  1.746953e+02    1.29e-01    1.72e+04   5.49e+01   5.14e-01  5.87e+05        1    4.41e-03    4.15e-02
   8  1.744823e+02    2.13e-01    5.70e+03   4.20e+01   8.28e-01  8.18e+05        1    3.79e-03    4.54e-02
   9  1.743959e+02    8.64e-02    4.97e+03   4.27e+01   5.59e-01  8.19e+05        1    4.22e-03    4.97e-02
  10  1.742944e+02    1.02e-01    9.04e+03   3.20e+01   7.59e-01  9.51e+05        1    4.22e-03    5.40e-02
  11  1.742458e+02    4.86e-02    1.52e+04   2.75e+01   6.32e-01  9.69e+05        1    4.80e-03    5.88e-02
  12  1.742054e+02    4.04e-02    1.54e+04   2.15e+01   7.14e-01  1.05e+06        1    3.93e-03    6.28e-02
  13  1.741817e+02    2.38e-02    1.49e+04   1.85e+01   6.57e-01  1.09e+06        1    4.29e-03    6.72e-02
  14  1.741630e+02    1.86e-02    1.12e+04   1.60e+01   6.88e-01  1.15e+06        1    4.36e-03    7.16e-02
  15  1.741496e+02    1.34e-02    6.85e+03   1.47e+01   6.65e-01  1.19e+06        1    4.45e-03    7.62e-02
  16  1.741385e+02    1.11e-02    1.57e+03   1.38e+01   6.71e-01  1.24e+06        1    4.12e-03    8.03e-02
  17  1.741292e+02    9.29e-03    3.88e+03   1.34e+01   6.60e-01  1.28e+06        1    4.25e-03    8.47e-02
  18  1.741210e+02    8.23e-03    9.15e+03   1.30e+01   6.58e-01  1.32e+06        1    4.71e-03    8.94e-02
  19  1.741135e+02    7.40e-03    1.40e+04   1.27e+01   6.53e-01  1.36e+06        1    3.94e-03    9.34e-02
  20  1.741067e+02    6.81e-03    1.84e+04   1.25e+01   6.51e-01  1.40e+06        1    3.97e-03    9.74e-02
  21  1.741004e+02    6.34e-03    2.21e+04   1.23e+01   6.50e-01  1.44e+06        1    3.63e-03    1.01e-01
  22  1.740944e+02    5.95e-03    2.54e+04   1.21e+01   6.50e-01  1.48e+06        1    4.14e-03    1.05e-01
  23  1.740888e+02    5.61e-03    2.82e+04   1.19e+01   6.51e-01  1.52e+06        1    3.81e-03    1.09e-01
  24  1.740835e+02    5.32e-03    3.06e+04   1.16e+01   6.53e-01  1.56e+06        1    3.82e-03    1.13e-01
  25  1.740785e+02    5.05e-03    3.27e+04   1.14e+01   6.55e-01  1.61e+06        1    3.70e-03    1.17e-01
  26  1.740737e+02    4.81e-03    3.46e+04   1.12e+01   6.57e-01  1.66e+06        1    4.33e-03    1.21e-01
  27  1.740691e+02    4.58e-03    3.63e+04   1.10e+01   6.59e-01  1.72e+06        1    3.79e-03    1.25e-01
  28  1.740647e+02    4.36e-03    3.79e+04   1.08e+01   6.62e-01  1.78e+06        1    3.71e-03    1.29e-01
  29  1.740606e+02    4.15e-03    3.93e+04   1.06e+01   6.65e-01  1.85e+06        1    3.94e-03    1.33e-01
  30  1.740566e+02    3.96e-03    4.08e+04   1.04e+01   6.68e-01  1.92e+06        1    4.13e-03    1.37e-01
  31  1.740528e+02    3.77e-03    4.22e+04   1.02e+01   6.72e-01  2.00e+06        1    3.82e-03    1.41e-01
  32  1.740493e+02    3.59e-03    4.36e+04   1.00e+01   6.75e-01  2.09e+06        1    3.67e-03    1.45e-01
  33  1.740458e+02    3.42e-03    4.51e+04   9.81e+00   6.79e-01  2.19e+06        1    3.86e-03    1.49e-01
  34  1.740426e+02    3.25e-03    4.66e+04   9.60e+00   6.83e-01  2.30e+06        1    3.87e-03    1.52e-01
  35  1.740395e+02    3.10e-03    4.83e+04   9.39e+00   6.87e-01  2.43e+06        1    3.86e-03    1.56e-01
  36  1.740365e+02    2.95e-03    5.01e+04   9.17e+00   6.91e-01  2.57e+06        1    3.85e-03    1.60e-01
  37  1.740337e+02    2.81e-03    5.21e+04   8.95e+00   6.96e-01  2.74e+06        1    4.42e-03    1.65e-01
  38  1.740311e+02    2.67e-03    5.43e+04   8.73e+00   7.01e-01  2.93e+06        1    4.10e-03    1.69e-01
  39  1.740285e+02    2.55e-03    5.68e+04   8.50e+00   7.07e-01  3.15e+06        1    3.96e-03    1.73e-01
  40  1.740261e+02    2.44e-03    5.98e+04   8.26e+00   7.13e-01  3.41e+06        1    3.86e-03    1.77e-01
  41  1.740237e+02    2.33e-03    6.31e+04   8.01e+00   7.20e-01  3.73e+06        1    4.66e-03    1.82e-01
  42  1.740215e+02    2.24e-03    6.72e+04   7.76e+00   7.27e-01  4.12e+06        1    3.70e-03    1.85e-01
  43  1.740193e+02    2.16e-03    7.19e+04   7.48e+00   7.35e-01  4.59e+06        1    3.71e-03    1.89e-01
  44  1.740172e+02    2.10e-03    7.77e+04   7.18e+00   7.44e-01  5.20e+06        1    3.80e-03    1.93e-01
  45  1.740152e+02    2.06e-03    8.48e+04   6.86e+00   7.53e-01  5.97e+06        1    4.10e-03    1.97e-01
  46  1.740131e+02    2.03e-03    9.35e+04   6.50e+00   7.64e-01  7.00e+06        1    3.79e-03    2.01e-01
  47  1.740111e+02    2.03e-03    1.04e+05   6.08e+00   7.74e-01  8.39e+06        1    3.76e-03    2.05e-01
  48  1.740091e+02    2.05e-03    1.17e+05   5.59e+00   7.85e-01  1.03e+07        1    3.90e-03    2.09e-01
  49  1.740070e+02    2.11e-03    1.33e+05   5.01e+00   7.96e-01  1.30e+07        1    4.76e-03    2.14e-01
  50  1.740048e+02    2.20e-03    1.52e+05   4.36e+00   8.07e-01  1.69e+07        1    3.72e-03    2.17e-01
  51  1.740024e+02    2.31e-03    1.72e+05   3.75e+00   8.17e-01  2.27e+07        1    3.70e-03    2.21e-01
  52  1.740000e+02    2.44e-03    1.95e+05   3.57e+00   8.26e-01  3.15e+07        1    3.98e-03    2.25e-01
  53  1.739975e+02    2.54e-03    2.21e+05   4.38e+00   8.31e-01  4.44e+07        1    5.08e-03    2.30e-01
  54  1.739949e+02    2.54e-03    2.59e+05   6.32e+00   8.24e-01  6.09e+07        1    3.89e-03    2.34e-01
  55  1.739926e+02    2.33e-03    3.10e+05   8.99e+00   7.95e-01  7.67e+07        1    3.75e-03    2.38e-01
  56  1.739907e+02    1.92e-03    3.53e+05   1.15e+01   7.52e-01  8.79e+07        1    3.69e-03    2.42e-01
  57  1.739892e+02    1.49e-03    3.77e+05   1.33e+01   7.02e-01  9.42e+07        1    4.00e-03    2.46e-01
  58  1.739881e+02    1.14e-03    3.80e+05   1.42e+01   6.59e-01  9.73e+07        1    4.07e-03    2.50e-01
  59  1.739872e+02    8.80e-04    3.75e+05   1.46e+01   6.20e-01  9.87e+07        1    3.70e-03    2.54e-01
  60  1.739865e+02    7.04e-04    3.65e+05   1.48e+01   5.90e-01  9.92e+07        1    3.74e-03    2.58e-01
  61  1.739859e+02    5.77e-04    3.55e+05   1.48e+01   5.64e-01  9.95e+07        1    4.25e-03    2.62e-01
  62  1.739854e+02    4.86e-04    3.44e+05   1.48e+01   5.43e-01  9.95e+07        1    4.01e-03    2.66e-01
  63  1.739850e+02    4.19e-04    3.35e+05   1.48e+01   5.26e-01  9.95e+07        1    3.88e-03    2.70e-01
  64  1.739846e+02    3.69e-04    3.26e+05   1.48e+01   5.11e-01  9.95e+07        1    3.87e-03    2.74e-01
  65  1.739843e+02    3.30e-04    3.19e+05   1.47e+01   5.00e-01  9.95e+07        1    4.14e-03    2.78e-01
  66  1.739840e+02    3.00e-04    3.12e+05   1.47e+01   4.90e-01  9.95e+07        1    3.98e-03    2.82e-01
  67  1.739837e+02    2.75e-04    3.05e+05   1.46e+01   4.83e-01  9.95e+07        1    3.64e-03    2.86e-01
  68  1.739835e+02    2.56e-04    2.99e+05   1.46e+01   4.78e-01  9.95e+07        1    3.81e-03    2.90e-01
  69  1.739832e+02    2.40e-04    2.94e+05   1.45e+01   4.74e-01  9.95e+07        1    4.34e-03    2.94e-01
  70  1.739830e+02    2.26e-04    2.88e+05   1.45e+01   4.72e-01  9.95e+07        1    3.93e-03    2.98e-01
  71  1.739828e+02    2.14e-04    2.83e+05   1.44e+01   4.71e-01  9.95e+07        1    3.62e-03    3.02e-01
  72  1.739826e+02    2.04e-04    2.78e+05   1.44e+01   4.70e-01  9.94e+07        1    3.61e-03    3.05e-01
  73  1.739824e+02    1.95e-04    2.74e+05   1.43e+01   4.71e-01  9.94e+07        1    4.18e-03    3.10e-01
  74  1.739822e+02    1.87e-04    2.69e+05   1.42e+01   4.72e-01  9.94e+07        1    3.72e-03    3.13e-01
  75  1.739820e+02    1.80e-04    2.65e+05   1.42e+01   4.74e-01  9.94e+07        1    3.67e-03    3.17e-01
  76  1.739818e+02    1.74e-04    2.61e+05   1.41e+01   4.76e-01  9.94e+07        1    3.79e-03    3.21e-01
  77  1.739817e+02    1.68e-04    2.57e+05   1.41e+01   4.78e-01  9.94e+07        1    4.78e-03    3.26e-01
  78  1.739815e+02    1.63e-04    2.53e+05   1.40e+01   4.81e-01  9.94e+07        1    3.67e-03    3.30e-01
  79  1.739814e+02    1.58e-04    2.49e+05   1.39e+01   4.85e-01  9.94e+07        1    3.82e-03    3.33e-01
  80  1.739812e+02    1.54e-04    2.45e+05   1.39e+01   4.88e-01  9.94e+07        1    3.81e-03    3.37e-01
  81  1.739811e+02    1.50e-04    2.42e+05   1.38e+01   4.92e-01  9.94e+07        1    4.38e-03    3.42e-01
  82  1.739809e+02    1.46e-04    2.38e+05   1.38e+01   4.96e-01  9.94e+07        1    3.69e-03    3.46e-01
  83  1.739808e+02    1.43e-04    2.35e+05   1.37e+01   5.01e-01  9.94e+07        1    3.96e-03    3.50e-01
  84  1.739806e+02    1.39e-04    2.32e+05   1.36e+01   5.05e-01  9.94e+07        1    4.43e-03    3.54e-01
  85  1.739805e+02    1.36e-04    2.29e+05   1.36e+01   5.10e-01  9.94e+07        1    4.05e-03    3.58e-01
  86  1.739804e+02    1.33e-04    2.25e+05   1.35e+01   5.15e-01  9.94e+07        1    3.66e-03    3.62e-01
  87  1.739802e+02    1.31e-04    2.22e+05   1.34e+01   5.20e-01  9.94e+07        1    3.90e-03    3.66e-01
  88  1.739801e+02    1.28e-04    2.19e+05   1.34e+01   5.25e-01  9.94e+07        1    3.78e-03    3.70e-01
  89  1.739800e+02    1.26e-04    2.17e+05   1.33e+01   5.30e-01  9.94e+07        1    3.98e-03    3.74e-01
  90  1.739798e+02    1.23e-04    2.14e+05   1.32e+01   5.35e-01  9.94e+07        1    3.79e-03    3.78e-01
  91  1.739797e+02    1.21e-04    2.11e+05   1.32e+01   5.40e-01  9.95e+07        1    3.82e-03    3.81e-01
  92  1.739796e+02    1.19e-04    2.09e+05   1.31e+01   5.45e-01  9.96e+07        1    3.82e-03    3.85e-01
  93  1.739795e+02    1.17e-04    2.06e+05   1.30e+01   5.50e-01  9.97e+07        1    4.16e-03    3.90e-01
  94  1.739794e+02    1.15e-04    2.04e+05   1.30e+01   5.55e-01  9.98e+07        1    3.63e-03    3.93e-01
  95  1.739793e+02    1.13e-04    2.02e+05   1.29e+01   5.59e-01  1.00e+08        1    4.01e-03    3.97e-01
  96  1.739792e+02    1.11e-04    2.00e+05   1.29e+01   5.64e-01  1.00e+08        1    4.09e-03    4.01e-01
  97  1.739790e+02    1.09e-04    1.98e+05   1.28e+01   5.68e-01  1.00e+08        1    3.80e-03    4.05e-01
  98  1.739789e+02    1.07e-04    1.97e+05   1.28e+01   5.71e-01  1.01e+08        1    3.75e-03    4.09e-01
  99  1.739788e+02    1.06e-04    1.95e+05   1.28e+01   5.75e-01  1.01e+08        1    4.04e-03    4.13e-01
 100  1.739787e+02    1.04e-04    1.94e+05   1.27e+01   5.78e-01  1.01e+08        1    4.42e-03    4.18e-01
I0826 03:17:36.232674    27 misc.cc:205] 
Bundle adjustment report
------------------------
I0826 03:17:36.232733    27 bundle_adjustment.cc:942] 
    Residuals : 2420
   Parameters : 876
   Iterations : 101
         Time : 0.418011 [s]
 Initial cost : 0.27225 [px]
   Final cost : 0.268127 [px]
  Termination : No convergence

I0826 03:17:36.237802    27 incremental_mapper.cc:175] => Completed observations: 0
I0826 03:17:36.239029    27 incremental_mapper.cc:178] => Merged observations: 0
I0826 03:17:36.249737    27 incremental_mapper.cc:160] => Filtered observations: 250
I0826 03:17:36.249789    27 incremental_mapper.cc:119] => Changed observations: 0.206612
I0826 03:17:36.249806    27 misc.cc:198] 
==============================================================================
Global bundle adjustment
==============================================================================
iter      cost      cost_change  |gradient|   |step|    tr_ratio  tr_radius  ls_iter  iter_time  total_time
   0  1.702443e+01    0.00e+00    1.64e+05   0.00e+00   0.00e+00  1.00e+04        0    1.66e-04    1.05e-03
   1  1.294612e+01    4.08e+00    2.91e+06   4.22e+01   9.55e-01  3.00e+04        1    3.67e-04    1.47e-03
   2  1.344479e+01   -4.99e-01    2.91e+06   2.86e+01  -9.08e-01  1.50e+04        1    2.03e-04    1.71e-03
   3  1.259074e+01    3.55e-01    4.76e+05   1.82e+01   8.46e-01  2.25e+04        1    3.66e-04    2.11e-03
   4  1.267734e+01   -8.66e-02    4.76e+05   1.67e+01  -3.22e-01  1.12e+04        1    4.02e-04    2.61e-03
   5  1.243919e+01    1.52e-01    1.08e+05   9.20e+00   8.71e-01  1.90e+04        1    5.92e-04    3.27e-03
   6  1.242821e+01    1.10e-02    1.83e+05   1.31e+01   5.75e-02  1.12e+04        1    4.13e-04    3.73e-03
   7  1.216237e+01    2.66e-01    6.23e+04   7.43e+00   9.35e-01  3.31e+04        1    3.26e-04    4.10e-03
   8  1.305706e+01   -8.95e-01    6.23e+04   2.03e+01  -3.04e+00  1.65e+04        1    2.52e-04    4.40e-03
   9  1.207885e+01    8.35e-02    1.07e+05   1.06e+01   4.96e-01  1.65e+04        1    3.95e-04    4.85e-03
  10  1.190340e+01    1.75e-01    9.29e+04   1.05e+01   7.17e-01  1.80e+04        1    3.73e-04    5.27e-03
  11  1.171898e+01    1.84e-01    9.00e+04   1.13e+01   7.08e-01  1.94e+04        1    3.55e-04    5.67e-03
  12  1.147806e+01    2.41e-01    7.30e+04   1.17e+01   7.80e-01  2.36e+04        1    5.18e-04    6.24e-03
  13  1.121704e+01    2.61e-01    4.59e+04   1.20e+01   7.35e-01  2.63e+04        1    3.42e-04    6.63e-03
  14  1.089971e+01    3.17e-01    1.14e+04   1.02e+01   8.23e-01  3.60e+04        1    4.19e-04    7.09e-03
  15  1.073900e+01    1.61e-01    1.62e+04   1.06e+01   4.79e-01  3.60e+04        1    4.75e-04    7.62e-03
  16  1.042506e+01    3.14e-01    2.05e+04   9.47e+00   8.33e-01  5.11e+04        1    4.48e-04    8.12e-03
  17  1.032454e+01    1.01e-01    1.56e+04   8.60e+00   4.63e-01  5.11e+04        1    3.69e-04    8.55e-03
  18  1.013418e+01    1.90e-01    8.65e+03   5.90e+00   8.63e-01  8.26e+04        1    3.94e-04    9.00e-03
  19  1.009621e+01    3.80e-02    2.68e+04   5.11e+00   3.34e-01  7.97e+04        1    4.05e-04    9.45e-03
  20  9.982208e+00    1.14e-01    4.79e+04   5.75e+00   8.67e-01  1.32e+05        1    3.38e-04    9.84e-03
  21  9.950660e+00    3.15e-02    1.76e+05   1.15e+01   4.13e-01  1.31e+05        1    3.40e-04    1.02e-02
  22  9.871779e+00    7.89e-02    1.76e+05   1.20e+01   8.61e-01  2.10e+05        1    6.33e-04    1.09e-02
  23  9.824656e+00    4.71e-02    3.52e+05   1.75e+01   6.65e-01  2.18e+05        1    5.02e-04    1.15e-02
  24  9.756839e+00    6.78e-02    2.75e+05   1.58e+01   9.29e-01  5.89e+05        1    3.29e-04    1.19e-02
  25  9.667836e+00    8.90e-02    8.30e+05   2.84e+01   9.35e-01  1.73e+06        1    2.93e-04    1.22e-02
  26  9.674702e+00   -6.87e-03    8.30e+05   3.78e+01  -5.49e-02  8.67e+05        1    1.79e-04    1.25e-02
  27  9.594925e+00    7.29e-02    6.23e+05   2.51e+01   8.37e-01  1.25e+06        1    3.79e-04    1.29e-02
  28  9.514374e+00    8.06e-02    4.39e+05   2.12e+01   1.01e+00  3.75e+06        1    3.77e-04    1.33e-02
  29  2.347342e+01   -1.40e+01    4.39e+05   3.22e+01  -2.01e+02  1.88e+06        1    2.44e-04    1.36e-02
  30  1.012301e+01   -6.09e-01    4.39e+05   2.01e+01  -1.21e+01  4.69e+05        1    1.85e-04    1.38e-02
  31  9.490940e+00    2.34e-02    5.37e+04   7.71e+00   1.04e+00  1.41e+06        1    3.34e-04    1.42e-02
  32  9.721717e+00   -2.31e-01    5.37e+04   1.51e+01  -6.66e+00  7.03e+05        1    2.88e-04    1.45e-02
  33  9.480357e+00    1.06e-02    7.88e+04   8.89e+00   4.88e-01  7.03e+05        1    4.41e-04    1.50e-02
  34  9.487095e+00   -6.74e-03    7.88e+04   7.97e+00  -2.35e-01  3.52e+05        1    3.01e-04    1.54e-02
  35  9.459728e+00    2.06e-02    2.09e+04   4.70e+00   9.44e-01  1.05e+06        1    3.74e-04    1.58e-02
  36  9.692071e+00   -2.32e-01    2.09e+04   1.03e+01  -1.05e+01  5.27e+05        1    2.44e-04    1.61e-02
  37  9.461677e+00   -1.95e-03    2.09e+04   5.93e+00  -1.42e-01  1.32e+05        1    2.07e-04    1.63e-02
  38  9.453666e+00    6.06e-03    2.43e+03   1.96e+00   1.06e+00  3.96e+05        1    3.33e-04    1.67e-02
  39  9.451991e+00    1.67e-03    2.27e+04   4.66e+00   1.88e-01  3.18e+05        1    4.59e-04    1.72e-02
  40  9.441327e+00    1.07e-02    1.35e+04   3.71e+00   7.52e-01  3.65e+05        1    4.07e-04    1.77e-02
  41  9.438313e+00    3.01e-03    1.51e+04   3.91e+00   2.84e-01  3.37e+05        1    4.04e-04    1.82e-02
  42  9.430623e+00    7.69e-03    1.15e+04   3.51e+00   5.62e-01  3.38e+05        1    3.70e-04    1.86e-02
  43  9.425569e+00    5.05e-03    1.02e+04   3.39e+00   4.35e-01  3.37e+05        1    6.59e-04    1.93e-02
  44  9.420522e+00    5.05e-03    9.10e+03   3.28e+00   4.27e-01  3.36e+05        1    5.42e-04    1.99e-02
  45  9.415688e+00    4.83e-03    8.21e+03   3.19e+00   4.14e-01  3.34e+05        1    4.12e-04    2.04e-02
  46  9.410924e+00    4.76e-03    7.39e+03   3.11e+00   4.16e-01  3.33e+05        1    5.42e-04    2.09e-02
  47  9.406357e+00    4.57e-03    6.77e+03   3.05e+00   4.13e-01  3.31e+05        1    3.95e-04    2.14e-02
  48  9.401908e+00    4.45e-03    6.21e+03   2.99e+00   4.18e-01  3.30e+05        1    3.28e-04    2.18e-02
  49  9.397638e+00    4.27e-03    5.78e+03   2.94e+00   4.21e-01  3.28e+05        1    5.22e-04    2.23e-02
  50  9.393501e+00    4.14e-03    5.41e+03   2.90e+00   4.28e-01  3.27e+05        1    4.65e-04    2.29e-02
  51  9.389517e+00    3.98e-03    5.13e+03   2.86e+00   4.33e-01  3.27e+05        1    4.20e-04    2.33e-02
  52  9.385659e+00    3.86e-03    4.89e+03   2.82e+00   4.42e-01  3.26e+05        1    4.06e-04    2.38e-02
  53  9.381927e+00    3.73e-03    4.70e+03   2.79e+00   4.50e-01  3.26e+05        1    3.74e-04    2.42e-02
  54  9.378306e+00    3.62e-03    4.55e+03   2.77e+00   4.60e-01  3.26e+05        1    3.66e-04    2.46e-02
  55  9.374789e+00    3.52e-03    4.44e+03   2.74e+00   4.71e-01  3.26e+05        1    5.07e-04    2.52e-02
  56  9.371367e+00    3.42e-03    4.35e+03   2.72e+00   4.82e-01  3.26e+05        1    4.62e-04    2.57e-02
  57  9.368035e+00    3.33e-03    4.28e+03   2.70e+00   4.95e-01  3.26e+05        1    3.42e-04    2.61e-02
  58  9.364786e+00    3.25e-03    4.23e+03   2.68e+00   5.08e-01  3.26e+05        1    1.03e-03    2.72e-02
  59  9.361617e+00    3.17e-03    4.19e+03   2.66e+00   5.21e-01  3.26e+05        1    4.37e-04    2.77e-02
  60  9.358526e+00    3.09e-03    4.16e+03   2.64e+00   5.35e-01  3.26e+05        1    3.27e-04    2.80e-02
  61  9.355509e+00    3.02e-03    4.15e+03   2.63e+00   5.49e-01  3.26e+05        1    3.57e-04    2.84e-02
  62  9.352564e+00    2.94e-03    4.15e+03   2.61e+00   5.62e-01  3.27e+05        1    4.79e-04    2.90e-02
  63  9.349688e+00    2.88e-03    4.16e+03   2.60e+00   5.74e-01  3.28e+05        1    5.07e-04    2.95e-02
  64  9.346874e+00    2.81e-03    4.20e+03   2.60e+00   5.86e-01  3.29e+05        1    4.19e-04    3.00e-02
  65  9.344116e+00    2.76e-03    4.26e+03   2.60e+00   5.96e-01  3.32e+05        1    3.97e-04    3.05e-02
  66  9.341407e+00    2.71e-03    4.35e+03   2.60e+00   6.05e-01  3.35e+05        1    3.56e-04    3.09e-02
  67  9.338738e+00    2.67e-03    4.47e+03   2.61e+00   6.12e-01  3.39e+05        1    4.65e-04    3.14e-02
  68  9.336099e+00    2.64e-03    4.62e+03   2.63e+00   6.19e-01  3.43e+05        1    4.41e-04    3.19e-02
  69  9.333484e+00    2.62e-03    4.81e+03   2.66e+00   6.24e-01  3.49e+05        1    4.14e-04    3.24e-02
  70  9.330883e+00    2.60e-03    5.03e+03   2.69e+00   6.28e-01  3.55e+05        1    3.50e-04    3.28e-02
  71  9.328292e+00    2.59e-03    5.28e+03   2.72e+00   6.32e-01  3.61e+05        1    3.33e-04    3.32e-02
  72  9.325703e+00    2.59e-03    5.57e+03   2.77e+00   6.35e-01  3.68e+05        1    4.15e-04    3.36e-02
  73  9.323111e+00    2.59e-03    5.89e+03   2.82e+00   6.37e-01  3.76e+05        1    4.33e-04    3.41e-02
  74  9.320513e+00    2.60e-03    6.25e+03   2.87e+00   6.39e-01  3.85e+05        1    3.46e-04    3.45e-02
  75  9.317904e+00    2.61e-03    6.65e+03   2.93e+00   6.41e-01  3.93e+05        1    3.54e-04    3.49e-02
  76  9.315283e+00    2.62e-03    7.08e+03   2.99e+00   6.42e-01  4.02e+05        1    7.85e-04    3.57e-02
  77  9.312646e+00    2.64e-03    7.54e+03   3.05e+00   6.42e-01  4.12e+05        1    4.53e-04    3.63e-02
  78  9.309992e+00    2.65e-03    8.04e+03   3.13e+00   6.43e-01  4.22e+05        1    3.79e-04    3.67e-02
  79  9.307318e+00    2.67e-03    8.57e+03   3.20e+00   6.43e-01  4.32e+05        1    4.13e-04    3.71e-02
  80  9.304625e+00    2.69e-03    9.14e+03   3.28e+00   6.44e-01  4.42e+05        1    4.91e-04    3.77e-02
  81  9.301910e+00    2.71e-03    9.74e+03   3.36e+00   6.44e-01  4.53e+05        1    5.35e-04    3.83e-02
  82  9.299174e+00    2.74e-03    1.04e+04   3.44e+00   6.44e-01  4.64e+05        1    3.66e-04    3.87e-02
  83  9.296416e+00    2.76e-03    1.10e+04   3.52e+00   6.43e-01  4.75e+05        1    4.84e-04    3.92e-02
  84  9.293635e+00    2.78e-03    1.17e+04   3.61e+00   6.43e-01  4.87e+05        1    5.05e-04    3.98e-02
  85  9.290833e+00    2.80e-03    1.25e+04   3.70e+00   6.43e-01  4.98e+05        1    4.30e-04    4.03e-02
  86  9.288007e+00    2.83e-03    1.32e+04   3.79e+00   6.42e-01  5.10e+05        1    3.34e-04    4.07e-02
  87  9.285161e+00    2.85e-03    1.40e+04   3.89e+00   6.42e-01  5.22e+05        1    3.66e-04    4.11e-02
  88  9.282292e+00    2.87e-03    1.49e+04   3.98e+00   6.41e-01  5.34e+05        1    3.26e-04    4.14e-02
  89  9.279402e+00    2.89e-03    1.57e+04   4.08e+00   6.41e-01  5.46e+05        1    8.16e-04    4.23e-02
  90  9.276491e+00    2.91e-03    1.66e+04   4.18e+00   6.40e-01  5.59e+05        1    5.94e-04    4.30e-02
  91  9.273560e+00    2.93e-03    1.76e+04   4.28e+00   6.40e-01  5.71e+05        1    5.19e-04    4.36e-02
  92  9.270610e+00    2.95e-03    1.85e+04   4.38e+00   6.39e-01  5.84e+05        1    4.69e-04    4.41e-02
  93  9.267640e+00    2.97e-03    1.95e+04   4.48e+00   6.39e-01  5.96e+05        1    3.55e-04    4.45e-02
  94  9.264652e+00    2.99e-03    2.05e+04   4.59e+00   6.38e-01  6.09e+05        1    3.47e-04    4.49e-02
  95  9.261647e+00    3.01e-03    2.16e+04   4.69e+00   6.38e-01  6.22e+05        1    4.33e-04    4.54e-02
  96  9.258624e+00    3.02e-03    2.27e+04   4.80e+00   6.37e-01  6.35e+05        1    5.13e-04    4.60e-02
  97  9.255586e+00    3.04e-03    2.38e+04   4.91e+00   6.36e-01  6.48e+05        1    4.19e-04    4.65e-02
  98  9.252531e+00    3.05e-03    2.50e+04   5.01e+00   6.36e-01  6.62e+05        1    3.37e-04    4.68e-02
  99  9.249462e+00    3.07e-03    2.62e+04   5.12e+00   6.35e-01  6.75e+05        1    5.89e-04    4.75e-02
 100  9.246379e+00    3.08e-03    2.74e+04   5.23e+00   6.35e-01  6.89e+05        1    4.76e-04    4.80e-02
I0826 03:17:36.298501    27 misc.cc:205] 
Bundle adjustment report
------------------------
I0826 03:17:36.298555    27 bundle_adjustment.cc:942] 
    Residuals : 236
   Parameters : 126
   Iterations : 101
         Time : 0.0481091 [s]
 Initial cost : 0.268584 [px]
   Final cost : 0.197938 [px]
  Termination : No convergence

I0826 03:17:36.299220    27 incremental_mapper.cc:175] => Completed observations: 0
I0826 03:17:36.299341    27 incremental_mapper.cc:178] => Merged observations: 0
I0826 03:17:36.300988    27 incremental_mapper.cc:160] => Filtered observations: 24
I0826 03:17:36.301044    27 incremental_mapper.cc:119] => Changed observations: 0.203390
I0826 03:17:36.301067    27 misc.cc:198] 
==============================================================================
Global bundle adjustment
==============================================================================
iter      cost      cost_change  |gradient|   |step|    tr_ratio  tr_radius  ls_iter  iter_time  total_time
   0  2.184653e+00    0.00e+00    1.33e+04   0.00e+00   0.00e+00  1.00e+04        0    6.48e-05    6.58e-04
   1  3.035392e+00   -8.51e-01    1.33e+04   1.41e+02  -8.39e-01  5.00e+03        1    2.91e-04    1.03e-03
   2  1.846683e+00    3.38e-01    2.35e+07   1.07e+02   3.92e-01  4.95e+03        1    6.73e-04    1.76e-03
   3  1.203172e+00    6.44e-01    4.53e+06   6.02e+01   9.28e-01  1.33e+04        1    1.49e-04    1.97e-03
   4  1.193348e+00    9.82e-03    1.10e+07   1.23e+02   3.81e-02  7.43e+03        1    5.79e-05    2.06e-03
   5  9.150024e-01    2.78e-01    1.75e+06   5.00e+01   9.78e-01  2.23e+04        1    4.51e-05    2.12e-03
   6  1.095323e+00   -1.80e-01    1.75e+06   1.11e+02  -1.83e+00  1.12e+04        1    3.22e-05    2.17e-03
   7  8.720772e-01    4.29e-02    6.23e+06   6.28e+01   7.04e-01  1.20e+04        1    5.70e-05    2.26e-03
   8  8.182932e-01    5.38e-02    7.54e+06   6.62e+01   5.06e-01  1.20e+04        1    9.01e-05    2.38e-03
   9  7.535510e-01    6.47e-02    1.15e+07   7.75e+01   3.06e-01  1.13e+04        1    7.01e-05    2.50e-03
  10  5.739976e-01    1.80e-01    1.22e+07   8.22e+01   5.16e-01  1.13e+04        1    5.41e-05    2.59e-03
  11  3.409790e-01    2.33e-01    8.70e+06   7.76e+01   7.05e-01  1.21e+04        1    4.41e-05    2.64e-03
  12  1.929697e-01    1.48e-01    4.65e+06   6.57e+01   7.90e-01  1.51e+04        1    8.20e-05    2.75e-03
  13  1.315186e-01    6.15e-02    2.23e+06   5.48e+01   7.60e-01  1.76e+04        1    8.30e-05    2.87e-03
  14  1.032688e-01    2.82e-02    7.27e+05   4.03e+01   7.92e-01  2.19e+04        1    5.82e-05    2.96e-03
  15  9.281295e-02    1.05e-02    1.12e+05   3.23e+01   7.05e-01  2.35e+04        1    4.32e-05    3.01e-03
  16  8.639022e-02    6.42e-03    1.23e+05   2.60e+01   7.53e-01  2.70e+04        1    5.32e-05    3.09e-03
  17  8.268008e-02    3.71e-03    2.21e+05   2.55e+01   6.62e-01  2.80e+04        1    5.89e-05    3.20e-03
  18  7.915553e-02    3.52e-03    2.32e+05   2.42e+01   7.05e-01  3.00e+04        1    7.89e-05    3.31e-03
  19  7.618998e-02    2.97e-03    2.48e+05   2.45e+01   6.65e-01  3.12e+04        1    1.31e-04    3.49e-03
  20  7.327748e-02    2.91e-03    2.43e+05   2.41e+01   6.78e-01  3.26e+04        1    7.99e-05    3.62e-03
  21  7.058983e-02    2.69e-03    2.43e+05   2.40e+01   6.64e-01  3.38e+04        1    5.39e-05    3.70e-03
  22  6.802019e-02    2.57e-03    2.38e+05   2.38e+01   6.66e-01  3.51e+04        1    1.02e-04    3.83e-03
  23  6.560898e-02    2.41e-03    2.33e+05   2.35e+01   6.61e-01  3.63e+04        1    9.70e-05    3.97e-03
  24  6.333238e-02    2.28e-03    2.27e+05   2.32e+01   6.60e-01  3.76e+04        1    9.20e-05    4.11e-03
  25  6.119381e-02    2.14e-03    2.20e+05   2.29e+01   6.59e-01  3.88e+04        1    7.20e-05    4.22e-03
  26  5.918384e-02    2.01e-03    2.14e+05   2.26e+01   6.58e-01  4.00e+04        1    5.91e-05    4.31e-03
  27  5.729740e-02    1.89e-03    2.07e+05   2.22e+01   6.57e-01  4.13e+04        1    4.39e-05    4.37e-03
  28  5.552715e-02    1.77e-03    2.01e+05   2.19e+01   6.56e-01  4.26e+04        1    4.20e-05    4.41e-03
  29  5.386651e-02    1.66e-03    1.94e+05   2.16e+01   6.56e-01  4.40e+04        1    8.20e-05    4.52e-03
  30  5.230873e-02    1.56e-03    1.88e+05   2.12e+01   6.56e-01  4.53e+04        1    7.30e-05    4.61e-03
  31  5.084745e-02    1.46e-03    1.82e+05   2.09e+01   6.56e-01  4.68e+04        1    1.27e-04    4.78e-03
  32  4.947655e-02    1.37e-03    1.76e+05   2.06e+01   6.55e-01  4.82e+04        1    1.25e-04    4.97e-03
  33  4.819028e-02    1.29e-03    1.71e+05   2.03e+01   6.55e-01  4.97e+04        1    1.09e-04    5.16e-03
  34  4.698323e-02    1.21e-03    1.65e+05   2.00e+01   6.55e-01  5.12e+04        1    9.70e-05    5.30e-03
  35  4.585034e-02    1.13e-03    1.60e+05   1.97e+01   6.55e-01  5.28e+04        1    1.30e-04    5.48e-03
  36  4.478688e-02    1.06e-03    1.55e+05   1.93e+01   6.55e-01  5.44e+04        1    9.20e-05    5.62e-03
  37  4.378843e-02    9.98e-04    1.50e+05   1.90e+01   6.55e-01  5.61e+04        1    1.06e-04    5.77e-03
  38  4.285088e-02    9.38e-04    1.45e+05   1.87e+01   6.55e-01  5.78e+04        1    9.49e-05    5.91e-03
  39  4.197040e-02    8.80e-04    1.40e+05   1.85e+01   6.55e-01  5.96e+04        1    8.80e-05    6.01e-03
  40  4.114339e-02    8.27e-04    1.35e+05   1.82e+01   6.55e-01  6.15e+04        1    7.51e-05    6.13e-03
  41  4.036654e-02    7.77e-04    1.31e+05   1.79e+01   6.55e-01  6.34e+04        1    7.80e-05    6.24e-03
  42  3.963673e-02    7.30e-04    1.27e+05   1.76e+01   6.55e-01  6.53e+04        1    6.48e-05    6.35e-03
  43  3.895106e-02    6.86e-04    1.23e+05   1.73e+01   6.55e-01  6.73e+04        1    4.70e-05    6.41e-03
  44  3.830683e-02    6.44e-04    1.19e+05   1.71e+01   6.56e-01  6.94e+04        1    9.70e-05    6.54e-03
  45  3.770151e-02    6.05e-04    1.15e+05   1.68e+01   6.56e-01  7.16e+04        1    6.29e-05    6.64e-03
  46  3.713273e-02    5.69e-04    1.11e+05   1.65e+01   6.56e-01  7.38e+04        1    4.39e-05    6.69e-03
  47  3.659831e-02    5.34e-04    1.07e+05   1.63e+01   6.56e-01  7.61e+04        1    5.41e-05    6.77e-03
  48  3.609615e-02    5.02e-04    1.04e+05   1.60e+01   6.56e-01  7.85e+04        1    6.08e-05    6.87e-03
  49  3.562435e-02    4.72e-04    1.00e+05   1.58e+01   6.56e-01  8.10e+04        1    8.70e-05    6.96e-03
  50  3.518110e-02    4.43e-04    9.70e+04   1.55e+01   6.56e-01  8.35e+04        1    6.70e-05    7.07e-03
  51  3.476469e-02    4.16e-04    9.38e+04   1.53e+01   6.57e-01  8.62e+04        1    4.29e-05    7.12e-03
  52  3.437355e-02    3.91e-04    9.06e+04   1.50e+01   6.57e-01  8.89e+04        1    5.32e-05    7.20e-03
  53  3.400619e-02    3.67e-04    8.76e+04   1.48e+01   6.57e-01  9.18e+04        1    5.91e-05    7.28e-03
  54  3.366122e-02    3.45e-04    8.47e+04   1.46e+01   6.57e-01  9.47e+04        1    4.51e-05    7.34e-03
  55  3.333734e-02    3.24e-04    8.18e+04   1.43e+01   6.57e-01  9.78e+04        1    9.01e-05    7.46e-03
  56  3.303330e-02    3.04e-04    7.91e+04   1.41e+01   6.58e-01  1.01e+05        1    8.92e-05    7.59e-03
  57  3.274797e-02    2.85e-04    7.64e+04   1.39e+01   6.58e-01  1.04e+05        1    8.51e-05    7.71e-03
  58  3.248027e-02    2.68e-04    7.38e+04   1.36e+01   6.58e-01  1.08e+05        1    2.01e-04    7.95e-03
  59  3.222917e-02    2.51e-04    7.13e+04   1.34e+01   6.59e-01  1.11e+05        1    1.02e-04    8.10e-03
  60  3.199371e-02    2.35e-04    6.88e+04   1.32e+01   6.59e-01  1.15e+05        1    7.39e-05    8.22e-03
  61  3.177300e-02    2.21e-04    6.64e+04   1.30e+01   6.59e-01  1.19e+05        1    8.20e-05    8.33e-03
  62  3.156619e-02    2.07e-04    6.41e+04   1.28e+01   6.60e-01  1.23e+05        1    5.20e-05    8.39e-03
  63  3.137250e-02    1.94e-04    6.19e+04   1.25e+01   6.60e-01  1.27e+05        1    5.29e-05    8.47e-03
  64  3.119115e-02    1.81e-04    5.97e+04   1.23e+01   6.61e-01  1.31e+05        1    8.92e-05    8.59e-03
  65  3.102146e-02    1.70e-04    5.76e+04   1.21e+01   6.61e-01  1.36e+05        1    1.52e-04    8.89e-03
  66  3.086275e-02    1.59e-04    5.55e+04   1.19e+01   6.62e-01  1.41e+05        1    1.13e-04    9.06e-03
  67  3.071440e-02    1.48e-04    5.35e+04   1.17e+01   6.62e-01  1.46e+05        1    9.20e-05    9.20e-03
  68  3.057581e-02    1.39e-04    5.16e+04   1.15e+01   6.63e-01  1.51e+05        1    1.02e-04    9.36e-03
  69  3.044643e-02    1.29e-04    4.97e+04   1.13e+01   6.63e-01  1.56e+05        1    1.20e-04    9.52e-03
  70  3.032573e-02    1.21e-04    4.78e+04   1.11e+01   6.64e-01  1.62e+05        1    8.61e-05    9.65e-03
  71  3.021321e-02    1.13e-04    4.60e+04   1.09e+01   6.64e-01  1.68e+05        1    5.60e-05    9.72e-03
  72  3.010840e-02    1.05e-04    4.43e+04   1.07e+01   6.65e-01  1.74e+05        1    8.39e-05    9.84e-03
  73  3.001086e-02    9.75e-05    4.26e+04   1.05e+01   6.66e-01  1.81e+05        1    6.41e-05    9.94e-03
  74  2.992017e-02    9.07e-05    4.10e+04   1.03e+01   6.66e-01  1.87e+05        1    9.61e-05    1.01e-02
  75  2.983593e-02    8.42e-05    3.94e+04   1.01e+01   6.67e-01  1.95e+05        1    1.09e-04    1.02e-02
  76  2.975777e-02    7.82e-05    3.78e+04   9.91e+00   6.68e-01  2.02e+05        1    7.70e-05    1.04e-02
  77  2.968532e-02    7.24e-05    3.63e+04   9.72e+00   6.69e-01  2.10e+05        1    5.98e-05    1.05e-02
  78  2.961826e-02    6.71e-05    3.48e+04   9.53e+00   6.70e-01  2.19e+05        1    1.05e-04    1.06e-02
  79  2.955627e-02    6.20e-05    3.34e+04   9.34e+00   6.71e-01  2.28e+05        1    1.02e-04    1.07e-02
  80  2.949903e-02    5.72e-05    3.20e+04   9.15e+00   6.72e-01  2.38e+05        1    8.80e-05    1.09e-02
  81  2.944629e-02    5.27e-05    3.06e+04   8.96e+00   6.73e-01  2.48e+05        1    9.99e-05    1.10e-02
  82  2.939773e-02    4.86e-05    2.93e+04   8.77e+00   6.74e-01  2.59e+05        1    1.05e-04    1.12e-02
  83  2.935314e-02    4.46e-05    2.80e+04   8.58e+00   6.75e-01  2.70e+05        1    2.51e-04    1.15e-02
  84  2.931225e-02    4.09e-05    2.67e+04   8.40e+00   6.76e-01  2.83e+05        1    2.78e-04    1.18e-02
  85  2.927484e-02    3.74e-05    2.55e+04   8.21e+00   6.78e-01  2.96e+05        1    1.61e-04    1.21e-02
  86  2.924066e-02    3.42e-05    2.43e+04   8.02e+00   6.79e-01  3.10e+05        1    7.10e-05    1.22e-02
  87  2.920955e-02    3.11e-05    2.32e+04   7.84e+00   6.81e-01  3.26e+05        1    6.10e-05    1.23e-02
  88  2.918126e-02    2.83e-05    2.20e+04   7.65e+00   6.82e-01  3.42e+05        1    6.58e-05    1.24e-02
  89  2.915564e-02    2.56e-05    2.09e+04   7.46e+00   6.84e-01  3.60e+05        1    1.19e-04    1.25e-02
  90  2.913249e-02    2.32e-05    1.99e+04   7.28e+00   6.86e-01  3.80e+05        1    7.99e-05    1.27e-02
  91  2.911163e-02    2.09e-05    1.88e+04   7.09e+00   6.88e-01  4.01e+05        1    4.60e-05    1.27e-02
  92  2.909292e-02    1.87e-05    1.78e+04   6.91e+00   6.90e-01  4.24e+05        1    8.61e-05    1.28e-02
  93  2.907618e-02    1.67e-05    1.68e+04   6.72e+00   6.93e-01  4.50e+05        1    8.70e-05    1.30e-02
  94  2.906129e-02    1.49e-05    1.59e+04   6.53e+00   6.95e-01  4.79e+05        1    4.60e-05    1.30e-02
  95  2.904807e-02    1.32e-05    1.49e+04   6.34e+00   6.98e-01  5.11e+05        1    6.79e-05    1.31e-02
  96  2.903641e-02    1.17e-05    1.40e+04   6.16e+00   7.01e-01  5.46e+05        1    4.48e-05    1.32e-02
  97  2.902617e-02    1.02e-05    1.32e+04   5.97e+00   7.05e-01  5.86e+05        1    5.48e-05    1.32e-02
  98  2.901722e-02    8.95e-06    1.23e+04   5.78e+00   7.09e-01  6.32e+05        1    6.01e-05    1.33e-02
  99  2.900946e-02    7.76e-06    1.15e+04   5.60e+00   7.13e-01  6.85e+05        1    4.51e-05    1.34e-02
 100  2.900276e-02    6.70e-06    1.07e+04   5.41e+00   7.18e-01  7.47e+05        1    1.12e-04    1.35e-02
I0826 03:17:36.315169    27 misc.cc:205] 
Bundle adjustment report
------------------------
I0826 03:17:36.315217    27 bundle_adjustment.cc:942] 
    Residuals : 38
   Parameters : 54
   Iterations : 101
         Time : 0.0136049 [s]
 Initial cost : 0.239773 [px]
   Final cost : 0.0276266 [px]
  Termination : No convergence

I0826 03:17:36.315565    27 incremental_mapper.cc:175] => Completed observations: 0
I0826 03:17:36.315611    27 incremental_mapper.cc:178] => Merged observations: 0
I0826 03:17:36.315627    27 incremental_mapper.cc:160] => Filtered observations: 0
I0826 03:17:36.315629    27 incremental_mapper.cc:119] => Changed observations: 0.000000
I0826 03:17:36.315637    27 incremental_mapper.cc:167] => Filtered images: 0
I0826 03:17:36.738067    27 misc.cc:198] 
==============================================================================
Finding good initial image pair
==============================================================================
I0826 03:17:38.950136    27 misc.cc:198] 
==============================================================================
Initializing with image pair #109 and #135
==============================================================================
I0826 03:17:38.994062    27 misc.cc:198] 
==============================================================================
Global bundle adjustment
==============================================================================
iter      cost      cost_change  |gradient|   |step|    tr_ratio  tr_radius  ls_iter  iter_time  total_time
   0  3.934698e+04    0.00e+00    1.53e+06   0.00e+00   0.00e+00  1.00e+04        0    4.81e-03    1.81e-02
   1  2.813439e+04    1.12e+04    4.38e+06   4.47e+02   4.02e-01  9.92e+03        1    1.17e-02    2.99e-02
   2  9.182743e+03    1.90e+04    7.13e+05   3.90e+02   9.33e-01  2.83e+04        1    1.03e-02    4.02e-02
   3  3.355239e+04   -2.44e+04    7.13e+05   7.40e+02  -4.47e+00  1.42e+04        1    4.95e-03    4.52e-02
   4  9.325299e+03   -1.43e+02    7.13e+05   4.45e+02  -3.59e-02  3.54e+03        1    4.45e-03    4.97e-02
   5  7.141489e+03    2.04e+03    8.65e+04   1.25e+02   9.79e-01  1.06e+04        1    9.81e-03    5.96e-02
   6  6.653827e+03    4.88e+02    6.15e+05   3.35e+02   2.50e-01  9.45e+03        1    1.01e-02    6.97e-02
   7  4.818510e+03    1.84e+03    4.35e+05   2.50e+02   7.25e-01  1.04e+04        1    9.85e-03    7.96e-02
   8  3.837523e+03    9.81e+02    3.88e+05   2.36e+02   6.21e-01  1.06e+04        1    1.01e-02    8.97e-02
   9  2.967859e+03    8.70e+02    3.00e+05   2.05e+02   6.89e-01  1.12e+04        1    9.17e-03    9.90e-02
  10  2.341374e+03    6.26e+02    2.44e+05   1.85e+02   6.82e-01  1.17e+04        1    9.26e-03    1.08e-01
  11  1.845337e+03    4.96e+02    1.94e+05   1.67e+02   7.03e-01  1.25e+04        1    9.94e-03    1.18e-01
  12  1.463701e+03    3.82e+02    1.57e+05   1.52e+02   7.08e-01  1.35e+04        1    9.31e-03    1.28e-01
  13  1.163414e+03    3.00e+02    1.26e+05   1.40e+02   7.23e-01  1.48e+04        1    9.86e-03    1.38e-01
  14  9.312214e+02    2.32e+02    1.02e+05   1.29e+02   7.32e-01  1.65e+04        1    1.06e-02    1.48e-01
  15  7.526879e+02    1.79e+02    8.12e+04   1.19e+02   7.47e-01  1.87e+04        1    8.83e-03    1.57e-01
  16  6.190281e+02    1.34e+02    6.43e+04   1.11e+02   7.60e-01  2.18e+04        1    9.48e-03    1.67e-01
  17  5.215779e+02    9.75e+01    4.97e+04   1.05e+02   7.77e-01  2.63e+04        1    9.76e-03    1.77e-01
  18  4.535222e+02    6.81e+01    3.70e+04   1.00e+02   7.96e-01  3.31e+04        1    9.70e-03    1.86e-01
  19  4.081557e+02    4.54e+01    2.93e+04   9.75e+01   8.20e-01  4.48e+04        1    9.74e-03    1.96e-01
  20  3.794039e+02    2.88e+01    2.18e+04   9.88e+01   8.51e-01  6.85e+04        1    8.54e-03    2.05e-01
  21  3.614360e+02    1.80e+01    1.25e+04   1.07e+02   9.02e-01  1.43e+05        1    9.98e-03    2.15e-01
  22  3.518997e+02    9.54e+00    4.75e+04   1.38e+02   7.56e-01  1.65e+05        1    9.87e-03    2.25e-01
  23  3.470219e+02    4.88e+00    3.77e+04   1.02e+02   6.25e-01  1.68e+05        1    9.35e-03    2.34e-01
  24  3.429526e+02    4.07e+00    2.02e+04   6.93e+01   7.99e-01  2.14e+05        1    9.24e-03    2.43e-01
  25  3.412809e+02    1.67e+00    1.41e+04   5.60e+01   7.58e-01  2.48e+05        1    8.66e-03    2.52e-01
  26  3.403603e+02    9.21e-01    7.30e+03   3.99e+01   8.61e-01  3.98e+05        1    9.51e-03    2.62e-01
  27  3.400256e+02    3.35e-01    4.84e+03   3.24e+01   8.37e-01  5.74e+05        1    8.90e-03    2.71e-01
  28  3.398942e+02    1.31e-01    1.81e+03   1.97e+01   9.38e-01  1.72e+06        1    9.20e-03    2.80e-01
  29  3.398700e+02    2.42e-02    6.50e+02   1.19e+01   9.63e-01  5.17e+06        1    9.73e-03    2.90e-01
  30  3.398680e+02    1.97e-03    4.89e+01   3.32e+00   1.01e+00  1.55e+07        1    8.77e-03    2.99e-01
  31  3.398680e+02    2.46e-05    1.41e+01   1.67e+00   9.90e-01  4.65e+07        1    9.97e-03    3.09e-01
  32  3.398680e+02    4.89e-06    9.85e+01   4.13e+00   1.48e-01  3.44e+07        1    8.67e-03    3.17e-01
  33  3.398679e+02    4.38e-05    5.38e+01   3.05e+00   8.39e-01  5.00e+07        1    8.91e-03    3.26e-01
  34  3.398679e+02    6.10e-06    1.13e+02   4.43e+00   1.41e-01  3.65e+07        1    8.94e-03    3.35e-01
  35  3.398679e+02    5.21e-05    6.01e+01   3.23e+00   8.32e-01  5.15e+07        1    8.76e-03    3.44e-01
  36  3.398679e+02    4.48e-06    1.20e+02   4.57e+00   9.65e-02  3.38e+07        1    9.40e-03    3.54e-01
  37  3.398678e+02    5.77e-05    5.16e+01   3.00e+00   8.82e-01  6.10e+07        1    8.71e-03    3.62e-01
  38  3.398678e+02   -3.15e-05    5.16e+01   5.40e+00  -6.29e-01  3.05e+07        1    5.21e-03    3.68e-01
  39  3.398678e+02    2.38e-05    4.19e+01   2.70e+00   8.23e-01  4.18e+07        1    8.88e-03    3.77e-01
  40  3.398678e+02    1.61e-05    7.88e+01   3.71e+00   4.72e-01  4.18e+07        1    9.16e-03    3.86e-01
  41  3.398677e+02    2.90e-05    7.87e+01   3.71e+00   6.18e-01  4.23e+07        1    8.86e-03    3.95e-01
  42  3.398677e+02    2.84e-05    8.07e+01   3.76e+00   6.01e-01  4.27e+07        1    9.64e-03    4.04e-01
  43  3.398677e+02    2.90e-05    8.20e+01   3.79e+00   5.98e-01  4.30e+07        1    9.05e-03    4.14e-01
  44  3.398677e+02    2.92e-05    8.32e+01   3.82e+00   5.93e-01  4.33e+07        1    9.01e-03    4.23e-01
  45  3.398676e+02    2.94e-05    8.42e+01   3.84e+00   5.90e-01  4.35e+07        1    9.31e-03    4.32e-01
  46  3.398676e+02    2.96e-05    8.51e+01   3.87e+00   5.86e-01  4.38e+07        1    8.68e-03    4.41e-01
  47  3.398676e+02    2.98e-05    8.59e+01   3.89e+00   5.83e-01  4.40e+07        1    9.34e-03    4.50e-01
  48  3.398675e+02    2.99e-05    8.66e+01   3.91e+00   5.80e-01  4.42e+07        1    8.90e-03    4.59e-01
  49  3.398675e+02    3.00e-05    8.72e+01   3.92e+00   5.78e-01  4.43e+07        1    8.70e-03    4.68e-01
  50  3.398675e+02    3.02e-05    8.78e+01   3.94e+00   5.76e-01  4.45e+07        1    9.20e-03    4.77e-01
  51  3.398674e+02    3.02e-05    8.84e+01   3.95e+00   5.74e-01  4.46e+07        1    8.32e-03    4.86e-01
  52  3.398674e+02    3.03e-05    8.89e+01   3.97e+00   5.72e-01  4.48e+07        1    9.54e-03    4.95e-01
  53  3.398674e+02    3.04e-05    8.93e+01   3.98e+00   5.70e-01  4.49e+07        1    8.68e-03    5.04e-01
  54  3.398674e+02    3.05e-05    8.97e+01   3.99e+00   5.69e-01  4.50e+07        1    1.01e-02    5.14e-01
  55  3.398673e+02    3.05e-05    9.01e+01   4.00e+00   5.67e-01  4.51e+07        1    9.20e-03    5.23e-01
  56  3.398673e+02    3.06e-05    9.05e+01   4.01e+00   5.66e-01  4.52e+07        1    8.58e-03    5.32e-01
  57  3.398673e+02    3.06e-05    9.08e+01   4.02e+00   5.65e-01  4.53e+07        1    9.21e-03    5.41e-01
  58  3.398672e+02    3.07e-05    9.11e+01   4.03e+00   5.64e-01  4.54e+07        1    8.66e-03    5.50e-01
  59  3.398672e+02    3.07e-05    9.14e+01   4.04e+00   5.63e-01  4.55e+07        1    8.87e-03    5.59e-01
  60  3.398672e+02    3.07e-05    9.17e+01   4.05e+00   5.61e-01  4.56e+07        1    9.47e-03    5.69e-01
  61  3.398671e+02    3.08e-05    9.19e+01   4.06e+00   5.61e-01  4.57e+07        1    8.43e-03    5.77e-01
  62  3.398671e+02    3.08e-05    9.22e+01   4.07e+00   5.60e-01  4.57e+07        1    9.84e-03    5.87e-01
  63  3.398671e+02    3.08e-05    9.24e+01   4.08e+00   5.59e-01  4.58e+07        1    8.91e-03    5.96e-01
  64  3.398670e+02    3.08e-05    9.26e+01   4.08e+00   5.58e-01  4.59e+07        1    9.07e-03    6.05e-01
  65  3.398670e+02    3.09e-05    9.28e+01   4.09e+00   5.57e-01  4.59e+07        1    8.90e-03    6.14e-01
  66  3.398670e+02    3.09e-05    9.30e+01   4.10e+00   5.57e-01  4.60e+07        1    8.89e-03    6.23e-01
  67  3.398670e+02    3.09e-05    9.32e+01   4.10e+00   5.56e-01  4.61e+07        1    9.44e-03    6.33e-01
  68  3.398669e+02    3.09e-05    9.34e+01   4.11e+00   5.55e-01  4.61e+07        1    8.75e-03    6.41e-01
  69  3.398669e+02    3.09e-05    9.35e+01   4.12e+00   5.55e-01  4.62e+07        1    9.02e-03    6.50e-01
  70  3.398669e+02    3.09e-05    9.37e+01   4.12e+00   5.54e-01  4.63e+07        1    8.99e-03    6.59e-01
  71  3.398668e+02    3.09e-05    9.39e+01   4.13e+00   5.54e-01  4.63e+07        1    8.68e-03    6.68e-01
  72  3.398668e+02    3.09e-05    9.40e+01   4.14e+00   5.53e-01  4.64e+07        1    9.51e-03    6.78e-01
  73  3.398668e+02    3.09e-05    9.41e+01   4.14e+00   5.53e-01  4.64e+07        1    9.68e-03    6.88e-01
  74  3.398667e+02    3.09e-05    9.43e+01   4.15e+00   5.52e-01  4.65e+07        1    9.20e-03    6.97e-01
  75  3.398667e+02    3.09e-05    9.44e+01   4.15e+00   5.52e-01  4.65e+07        1    8.93e-03    7.06e-01
  76  3.398667e+02    3.09e-05    9.45e+01   4.16e+00   5.51e-01  4.66e+07        1    9.01e-03    7.15e-01
  77  3.398666e+02    3.09e-05    9.46e+01   4.16e+00   5.51e-01  4.66e+07        1    9.16e-03    7.24e-01
  78  3.398666e+02    3.09e-05    9.47e+01   4.17e+00   5.50e-01  4.67e+07        1    8.80e-03    7.33e-01
  79  3.398666e+02    3.09e-05    9.48e+01   4.17e+00   5.50e-01  4.67e+07        1    9.22e-03    7.42e-01
  80  3.398666e+02    3.09e-05    9.49e+01   4.18e+00   5.50e-01  4.68e+07        1    9.02e-03    7.51e-01
  81  3.398665e+02    3.09e-05    9.50e+01   4.18e+00   5.49e-01  4.68e+07        1    1.03e-02    7.62e-01
  82  3.398665e+02    3.09e-05    9.51e+01   4.19e+00   5.49e-01  4.69e+07        1    8.55e-03    7.70e-01
  83  3.398665e+02    3.09e-05    9.52e+01   4.19e+00   5.49e-01  4.69e+07        1    9.28e-03    7.80e-01
  84  3.398664e+02    3.09e-05    9.53e+01   4.20e+00   5.48e-01  4.69e+07        1    9.02e-03    7.89e-01
  85  3.398664e+02    3.09e-05    9.54e+01   4.20e+00   5.48e-01  4.70e+07        1    8.87e-03    7.98e-01
  86  3.398664e+02    3.09e-05    9.55e+01   4.21e+00   5.48e-01  4.70e+07        1    9.04e-03    8.07e-01
  87  3.398663e+02    3.08e-05    9.55e+01   4.21e+00   5.48e-01  4.71e+07        1    8.98e-03    8.16e-01
  88  3.398663e+02    3.08e-05    9.56e+01   4.22e+00   5.47e-01  4.71e+07        1    1.01e-02    8.26e-01
  89  3.398663e+02    3.08e-05    9.57e+01   4.22e+00   5.47e-01  4.72e+07        1    9.79e-03    8.36e-01
  90  3.398662e+02    3.08e-05    9.57e+01   4.23e+00   5.47e-01  4.72e+07        1    1.00e-02    8.46e-01
  91  3.398662e+02    3.08e-05    9.58e+01   4.23e+00   5.47e-01  4.72e+07        1    9.87e-03    8.56e-01
  92  3.398662e+02    3.08e-05    9.59e+01   4.23e+00   5.47e-01  4.73e+07        1    8.99e-03    8.65e-01
  93  3.398662e+02    3.08e-05    9.59e+01   4.24e+00   5.46e-01  4.73e+07        1    9.55e-03    8.75e-01
  94  3.398661e+02    3.08e-05    9.60e+01   4.24e+00   5.46e-01  4.73e+07        1    9.87e-03    8.85e-01
  95  3.398661e+02    3.08e-05    9.60e+01   4.25e+00   5.46e-01  4.74e+07        1    9.58e-03    8.94e-01
  96  3.398661e+02    3.07e-05    9.61e+01   4.25e+00   5.46e-01  4.74e+07        1    1.07e-02    9.05e-01
  97  3.398660e+02    3.07e-05    9.62e+01   4.26e+00   5.46e-01  4.75e+07        1    8.47e-03    9.14e-01
  98  3.398660e+02    3.07e-05    9.62e+01   4.26e+00   5.45e-01  4.75e+07        1    1.06e-02    9.24e-01
  99  3.398660e+02    3.07e-05    9.63e+01   4.26e+00   5.45e-01  4.75e+07        1    1.05e-02    9.35e-01
 100  3.398659e+02    3.07e-05    9.63e+01   4.27e+00   5.45e-01  4.76e+07        1    9.41e-03    9.44e-01
I0826 03:17:39.949764    27 misc.cc:205] 
Bundle adjustment report
------------------------
I0826 03:17:39.949822    27 bundle_adjustment.cc:942] 
    Residuals : 6828
   Parameters : 5130
   Iterations : 101
         Time : 0.945335 [s]
 Initial cost : 2.40054 [px]
   Final cost : 0.223104 [px]
  Termination : No convergence

I0826 03:17:39.964669    27 incremental_mapper.cc:160] => Filtered observations: 2
I0826 03:17:39.964740    27 incremental_mapper.cc:167] => Filtered images: 0
I0826 03:17:40.113696    27 misc.cc:198] 
==============================================================================
Registering image #105 (3)
==============================================================================
I0826 03:17:40.113734    27 incremental_mapper.cc:495] => Image sees 1390 / 12612 points
I0826 03:17:40.442858    27 misc.cc:205] 
Pose refinement report
----------------------
I0826 03:17:40.442997    27 bundle_adjustment.cc:942] 
    Residuals : 2758
   Parameters : 8
   Iterations : 11
         Time : 0.029232 [s]
 Initial cost : 0.635663 [px]
   Final cost : 0.462504 [px]
  Termination : Convergence

I0826 03:17:40.471328    27 incremental_mapper.cc:40] => Continued observations: 1379
I0826 03:17:40.513979    27 incremental_mapper.cc:43] => Added observations: 6241
I0826 03:17:41.288434    27 misc.cc:205] 
Bundle adjustment report
------------------------
I0826 03:17:41.288537    27 bundle_adjustment.cc:942] 
    Residuals : 22064
   Parameters : 14312
   Iterations : 26
         Time : 0.747984 [s]
 Initial cost : 0.380933 [px]
   Final cost : 0.345426 [px]
  Termination : No convergence

I0826 03:17:41.351158    27 incremental_mapper.cc:78] => Merged observations: 0
I0826 03:17:41.351210    27 incremental_mapper.cc:79] => Completed observations: 191
I0826 03:17:41.351215    27 incremental_mapper.cc:81] => Filtered observations: 194
I0826 03:17:41.351217    27 incremental_mapper.cc:90] => Changed observations: 0.034898
I0826 03:17:42.147996    27 misc.cc:205] 
Bundle adjustment report
------------------------
I0826 03:17:42.148075    27 bundle_adjustment.cc:942] 
    Residuals : 22056
   Parameters : 14396
   Iterations : 26
         Time : 0.768487 [s]
 Initial cost : 0.342554 [px]
   Final cost : 0.328344 [px]
  Termination : No convergence

I0826 03:17:42.207914    27 incremental_mapper.cc:78] => Merged observations: 0
I0826 03:17:42.207976    27 incremental_mapper.cc:79] => Completed observations: 77
I0826 03:17:42.207981    27 incremental_mapper.cc:81] => Filtered observations: 264
I0826 03:17:42.207983    27 incremental_mapper.cc:90] => Changed observations: 0.030921
I0826 03:17:42.208328    27 misc.cc:198] 
==============================================================================
Retriangulation
==============================================================================
I0826 03:17:42.219235    27 incremental_mapper.cc:175] => Completed observations: 0
I0826 03:17:42.227169    27 incremental_mapper.cc:178] => Merged observations: 0
I0826 03:17:42.227226    27 incremental_mapper.cc:105] => Retriangulated observations: 0
I0826 03:17:42.234656    27 misc.cc:198] 
==============================================================================
Global bundle adjustment
==============================================================================
iter      cost      cost_change  |gradient|   |step|    tr_ratio  tr_radius  ls_iter  iter_time  total_time
   0  2.172753e+03    0.00e+00    3.49e+04   0.00e+00   0.00e+00  1.00e+04        0    1.51e-02    5.26e-02
   1  2.157963e+03    1.48e+01    1.15e+03   8.41e+00   9.92e-01  3.00e+04        1    2.91e-02    8.18e-02
   2  2.154629e+03    3.33e+00    7.51e+02   2.10e+01   9.92e-01  9.00e+04        1    2.62e-02    1.08e-01
   3  2.152595e+03    2.03e+00    3.59e+02   3.74e+01   9.97e-01  2.70e+05        1    2.67e-02    1.35e-01
   4  2.151337e+03    1.26e+00    5.38e+03   5.18e+01   6.88e-01  2.85e+05        1    2.64e-02    1.61e-01
   5  2.149807e+03    1.53e+00    8.02e+03   3.57e+01   7.69e-01  3.38e+05        1    2.70e-02    1.88e-01
   6  2.148371e+03    1.44e+00    9.34e+03   3.35e+01   7.07e-01  3.63e+05        1    2.67e-02    2.15e-01
   7  2.146716e+03    1.65e+00    8.41e+03   3.12e+01   7.42e-01  4.09e+05        1    2.77e-02    2.43e-01
   8  2.145073e+03    1.64e+00    8.45e+03   3.16e+01   6.91e-01  4.34e+05        1    2.62e-02    2.69e-01
   9  2.143256e+03    1.82e+00    7.87e+03   3.10e+01   6.99e-01  4.63e+05        1    2.69e-02    2.96e-01
  10  2.141421e+03    1.83e+00    7.79e+03   3.13e+01   6.69e-01  4.81e+05        1    2.68e-02    3.23e-01
  11  2.139494e+03    1.93e+00    7.64e+03   3.12e+01   6.64e-01  4.99e+05        1    2.68e-02    3.50e-01
  12  2.137541e+03    1.95e+00    7.65e+03   3.13e+01   6.50e-01  5.13e+05        1    2.64e-02    3.77e-01
  13  2.135550e+03    1.99e+00    7.68e+03   3.13e+01   6.42e-01  5.25e+05        1    2.66e-02    4.03e-01
  14  2.133544e+03    2.01e+00    7.74e+03   3.12e+01   6.34e-01  5.35e+05        1    2.66e-02    4.30e-01
  15  2.131528e+03    2.02e+00    7.81e+03   3.12e+01   6.29e-01  5.45e+05        1    2.66e-02    4.57e-01
  16  2.129509e+03    2.02e+00    7.86e+03   3.11e+01   6.24e-01  5.53e+05        1    2.71e-02    4.84e-01
  17  2.127494e+03    2.01e+00    7.91e+03   3.09e+01   6.20e-01  5.61e+05        1    2.64e-02    5.11e-01
  18  2.125488e+03    2.01e+00    7.94e+03   3.08e+01   6.16e-01  5.68e+05        1    2.77e-02    5.38e-01
  19  2.123492e+03    2.00e+00    7.96e+03   3.06e+01   6.14e-01  5.75e+05        1    2.67e-02    5.65e-01
  20  2.121512e+03    1.98e+00    7.97e+03   3.03e+01   6.12e-01  5.81e+05        1    2.66e-02    5.92e-01
  21  2.119548e+03    1.96e+00    7.97e+03   3.01e+01   6.10e-01  5.87e+05        1    2.71e-02    6.19e-01
  22  2.117603e+03    1.95e+00    7.96e+03   2.98e+01   6.08e-01  5.93e+05        1    2.57e-02    6.45e-01
  23  2.115678e+03    1.93e+00    7.94e+03   2.96e+01   6.07e-01  5.99e+05        1    2.66e-02    6.72e-01
  24  2.113774e+03    1.90e+00    7.92e+03   2.93e+01   6.06e-01  6.05e+05        1    2.56e-02    6.97e-01
  25  2.111892e+03    1.88e+00    7.89e+03   2.90e+01   6.05e-01  6.11e+05        1    2.91e-02    7.26e-01
  26  2.110032e+03    1.86e+00    7.86e+03   2.87e+01   6.05e-01  6.16e+05        1    2.70e-02    7.53e-01
  27  2.108195e+03    1.84e+00    7.82e+03   2.84e+01   6.04e-01  6.22e+05        1    2.71e-02    7.81e-01
  28  2.106380e+03    1.81e+00    7.78e+03   2.81e+01   6.04e-01  6.28e+05        1    2.66e-02    8.07e-01
  29  2.104589e+03    1.79e+00    7.74e+03   2.79e+01   6.03e-01  6.33e+05        1    2.80e-02    8.35e-01
  30  2.102821e+03    1.77e+00    7.70e+03   2.76e+01   6.03e-01  6.39e+05        1    2.71e-02    8.63e-01
  31  2.101076e+03    1.74e+00    7.65e+03   2.73e+01   6.03e-01  6.44e+05        1    2.69e-02    8.90e-01
  32  2.099354e+03    1.72e+00    7.60e+03   2.70e+01   6.03e-01  6.50e+05        1    2.69e-02    9.17e-01
  33  2.097656e+03    1.70e+00    7.55e+03   2.67e+01   6.02e-01  6.56e+05        1    2.63e-02    9.43e-01
  34  2.095980e+03    1.68e+00    7.51e+03   2.65e+01   6.02e-01  6.61e+05        1    2.70e-02    9.70e-01
  35  2.094327e+03    1.65e+00    7.46e+03   2.62e+01   6.02e-01  6.67e+05        1    2.66e-02    9.97e-01
  36  2.092696e+03    1.63e+00    7.41e+03   2.59e+01   6.02e-01  6.73e+05        1    2.58e-02    1.02e+00
  37  2.091087e+03    1.61e+00    7.36e+03   2.56e+01   6.02e-01  6.79e+05        1    2.71e-02    1.05e+00
  38  2.089500e+03    1.59e+00    7.31e+03   2.54e+01   6.02e-01  6.84e+05        1    2.64e-02    1.08e+00
  39  2.087935e+03    1.57e+00    7.25e+03   2.51e+01   6.02e-01  6.90e+05        1    2.63e-02    1.10e+00
  40  2.086391e+03    1.54e+00    7.20e+03   2.49e+01   6.02e-01  6.96e+05        1    2.80e-02    1.13e+00
  41  2.084867e+03    1.52e+00    7.15e+03   2.46e+01   6.02e-01  7.02e+05        1    2.75e-02    1.16e+00
  42  2.083365e+03    1.50e+00    7.10e+03   2.44e+01   6.02e-01  7.08e+05        1    2.59e-02    1.18e+00
  43  2.081882e+03    1.48e+00    7.05e+03   2.41e+01   6.01e-01  7.14e+05        1    2.70e-02    1.21e+00
  44  2.080420e+03    1.46e+00    7.00e+03   2.39e+01   6.01e-01  7.20e+05        1    2.65e-02    1.24e+00
  45  2.078977e+03    1.44e+00    6.95e+03   2.37e+01   6.01e-01  7.26e+05        1    2.64e-02    1.26e+00
  46  2.077553e+03    1.42e+00    6.90e+03   2.34e+01   6.01e-01  7.32e+05        1    2.62e-02    1.29e+00
  47  2.076148e+03    1.41e+00    6.85e+03   2.32e+01   6.01e-01  7.38e+05        1    2.59e-02    1.32e+00
  48  2.074761e+03    1.39e+00    6.81e+03   2.30e+01   6.01e-01  7.44e+05        1    2.69e-02    1.34e+00
  49  2.073393e+03    1.37e+00    6.76e+03   2.28e+01   6.01e-01  7.50e+05        1    2.62e-02    1.37e+00
  50  2.072042e+03    1.35e+00    6.71e+03   2.25e+01   6.01e-01  7.56e+05        1    2.72e-02    1.40e+00
  51  2.070708e+03    1.33e+00    6.66e+03   2.23e+01   6.01e-01  7.63e+05        1    2.59e-02    1.42e+00
  52  2.069391e+03    1.32e+00    6.62e+03   2.21e+01   6.00e-01  7.69e+05        1    2.80e-02    1.45e+00
  53  2.068091e+03    1.30e+00    6.57e+03   2.19e+01   6.00e-01  7.75e+05        1    2.66e-02    1.48e+00
  54  2.066807e+03    1.28e+00    6.53e+03   2.17e+01   6.00e-01  7.81e+05        1    2.67e-02    1.51e+00
  55  2.065539e+03    1.27e+00    6.48e+03   2.15e+01   6.00e-01  7.88e+05        1    2.63e-02    1.53e+00
  56  2.064286e+03    1.25e+00    6.44e+03   2.13e+01   6.00e-01  7.94e+05        1    2.59e-02    1.56e+00
  57  2.063048e+03    1.24e+00    6.40e+03   2.11e+01   6.00e-01  8.00e+05        1    2.68e-02    1.58e+00
  58  2.061825e+03    1.22e+00    6.35e+03   2.09e+01   5.99e-01  8.07e+05        1    2.60e-02    1.61e+00
  59  2.060616e+03    1.21e+00    6.31e+03   2.08e+01   5.99e-01  8.13e+05        1    2.62e-02    1.64e+00
  60  2.059421e+03    1.20e+00    6.27e+03   2.06e+01   5.99e-01  8.19e+05        1    2.57e-02    1.66e+00
  61  2.058239e+03    1.18e+00    6.23e+03   2.04e+01   5.99e-01  8.26e+05        1    2.67e-02    1.69e+00
  62  2.057071e+03    1.17e+00    6.19e+03   2.02e+01   5.98e-01  8.32e+05        1    2.68e-02    1.72e+00
  63  2.055915e+03    1.16e+00    6.15e+03   2.01e+01   5.98e-01  8.38e+05        1    2.88e-02    1.74e+00
  64  2.054772e+03    1.14e+00    6.11e+03   1.99e+01   5.98e-01  8.45e+05        1    2.65e-02    1.77e+00
  65  2.053641e+03    1.13e+00    6.08e+03   1.97e+01   5.97e-01  8.51e+05        1    2.85e-02    1.80e+00
  66  2.052521e+03    1.12e+00    6.04e+03   1.96e+01   5.97e-01  8.57e+05        1    2.54e-02    1.83e+00
  67  2.051413e+03    1.11e+00    6.01e+03   1.94e+01   5.97e-01  8.63e+05        1    2.72e-02    1.85e+00
  68  2.050315e+03    1.10e+00    5.97e+03   1.93e+01   5.96e-01  8.70e+05        1    2.66e-02    1.88e+00
  69  2.049228e+03    1.09e+00    5.94e+03   1.91e+01   5.96e-01  8.76e+05        1    2.73e-02    1.91e+00
  70  2.048152e+03    1.08e+00    5.91e+03   1.90e+01   5.96e-01  8.82e+05        1    2.60e-02    1.93e+00
  71  2.047085e+03    1.07e+00    5.87e+03   1.88e+01   5.95e-01  8.88e+05        1    2.87e-02    1.96e+00
  72  2.046027e+03    1.06e+00    5.84e+03   1.87e+01   5.95e-01  8.94e+05        1    2.66e-02    1.99e+00
  73  2.044979e+03    1.05e+00    5.81e+03   1.86e+01   5.94e-01  9.00e+05        1    2.68e-02    2.02e+00
  74  2.043939e+03    1.04e+00    5.79e+03   1.84e+01   5.94e-01  9.06e+05        1    2.66e-02    2.04e+00
  75  2.042908e+03    1.03e+00    5.76e+03   1.83e+01   5.93e-01  9.12e+05        1    2.68e-02    2.07e+00
  76  2.041884e+03    1.02e+00    5.73e+03   1.82e+01   5.93e-01  9.18e+05        1    2.80e-02    2.10e+00
  77  2.040868e+03    1.02e+00    5.71e+03   1.81e+01   5.92e-01  9.24e+05        1    2.58e-02    2.12e+00
  78  2.039860e+03    1.01e+00    5.68e+03   1.79e+01   5.92e-01  9.29e+05        1    2.66e-02    2.15e+00
  79  2.038858e+03    1.00e+00    5.66e+03   1.78e+01   5.91e-01  9.35e+05        1    2.71e-02    2.18e+00
  80  2.037863e+03    9.95e-01    5.63e+03   1.77e+01   5.91e-01  9.41e+05        1    2.55e-02    2.20e+00
  81  2.036873e+03    9.89e-01    5.61e+03   1.76e+01   5.90e-01  9.46e+05        1    2.72e-02    2.23e+00
  82  2.035890e+03    9.83e-01    5.59e+03   1.75e+01   5.89e-01  9.52e+05        1    2.65e-02    2.26e+00
  83  2.034912e+03    9.78e-01    5.57e+03   1.74e+01   5.89e-01  9.57e+05        1    2.71e-02    2.28e+00
  84  2.033939e+03    9.73e-01    5.55e+03   1.73e+01   5.88e-01  9.62e+05        1    2.66e-02    2.31e+00
  85  2.032971e+03    9.68e-01    5.54e+03   1.72e+01   5.87e-01  9.67e+05        1    2.74e-02    2.34e+00
  86  2.032007e+03    9.64e-01    5.52e+03   1.71e+01   5.87e-01  9.72e+05        1    2.73e-02    2.37e+00
  87  2.031047e+03    9.60e-01    5.51e+03   1.70e+01   5.86e-01  9.77e+05        1    2.57e-02    2.39e+00
  88  2.030091e+03    9.56e-01    5.49e+03   1.69e+01   5.85e-01  9.82e+05        1    2.67e-02    2.42e+00
  89  2.029137e+03    9.53e-01    5.48e+03   1.68e+01   5.84e-01  9.87e+05        1    2.57e-02    2.44e+00
  90  2.028187e+03    9.50e-01    5.47e+03   1.67e+01   5.83e-01  9.91e+05        1    2.79e-02    2.47e+00
  91  2.027239e+03    9.48e-01    5.46e+03   1.67e+01   5.82e-01  9.96e+05        1    2.72e-02    2.50e+00
  92  2.026293e+03    9.46e-01    5.45e+03   1.66e+01   5.82e-01  1.00e+06        1    2.67e-02    2.53e+00
  93  2.025349e+03    9.44e-01    5.44e+03   1.65e+01   5.81e-01  1.00e+06        1    2.68e-02    2.55e+00
  94  2.024406e+03    9.43e-01    5.43e+03   1.64e+01   5.80e-01  1.01e+06        1    2.76e-02    2.58e+00
  95  2.023464e+03    9.42e-01    5.43e+03   1.64e+01   5.79e-01  1.01e+06        1    2.64e-02    2.61e+00
  96  2.022522e+03    9.42e-01    5.42e+03   1.63e+01   5.78e-01  1.02e+06        1    2.61e-02    2.63e+00
  97  2.021581e+03    9.41e-01    5.43e+03   1.62e+01   5.77e-01  1.02e+06        1    2.61e-02    2.66e+00
  98  2.020639e+03    9.42e-01    5.47e+03   1.62e+01   5.76e-01  1.02e+06        1    2.67e-02    2.69e+00
  99  2.019697e+03    9.42e-01    5.50e+03   1.61e+01   5.75e-01  1.03e+06        1    2.62e-02    2.71e+00
 100  2.018753e+03    9.43e-01    5.54e+03   1.61e+01   5.73e-01  1.03e+06        1    2.70e-02    2.74e+00
I0826 03:17:44.998533    27 misc.cc:205] 
Bundle adjustment report
------------------------
I0826 03:17:44.998610    27 bundle_adjustment.cc:942] 
    Residuals : 21154
   Parameters : 13718
   Iterations : 101
         Time : 2.74115 [s]
 Initial cost : 0.320486 [px]
   Final cost : 0.30892 [px]
  Termination : No convergence

I0826 03:17:45.029539    27 incremental_mapper.cc:175] => Completed observations: 0
I0826 03:17:45.039723    27 incremental_mapper.cc:178] => Merged observations: 0
I0826 03:17:45.055184    27 incremental_mapper.cc:160] => Filtered observations: 1023
I0826 03:17:45.055254    27 incremental_mapper.cc:119] => Changed observations: 0.096719
I0826 03:17:45.055274    27 misc.cc:198] 
==============================================================================
Global bundle adjustment
==============================================================================
iter      cost      cost_change  |gradient|   |step|    tr_ratio  tr_radius  ls_iter  iter_time  total_time
   0  1.579477e+03    0.00e+00    1.80e+04   0.00e+00   0.00e+00  1.00e+04        0    1.25e-02    4.60e-02
   1  1.565006e+03    1.45e+01    3.50e+02   2.23e+00   9.98e-01  3.00e+04        1    2.58e-02    7.19e-02
   2  1.563909e+03    1.10e+00    2.32e+01   1.97e+00   1.00e+00  9.00e+04        1    2.24e-02    9.44e-02
   3  1.563846e+03    6.23e-02    9.70e+00   2.09e+00   1.02e+00  2.70e+05        1    2.23e-02    1.17e-01
   4  1.563797e+03    4.96e-02    7.12e+01   2.69e+00   1.00e+00  8.10e+05        1    2.25e-02    1.39e-01
   5  1.563673e+03    1.24e-01    8.01e+02   7.27e+00   8.61e-01  1.30e+06        1    2.28e-02    1.62e-01
   6  1.563558e+03    1.15e-01    2.08e+03   1.16e+01   4.60e-01  1.30e+06        1    2.24e-02    1.85e-01
   7  1.563324e+03    2.34e-01    2.01e+03   1.16e+01   6.39e-01  1.32e+06        1    2.43e-02    2.09e-01
   8  1.563097e+03    2.26e-01    2.08e+03   1.19e+01   6.08e-01  1.34e+06        1    2.35e-02    2.33e-01
   9  1.562862e+03    2.35e-01    2.12e+03   1.21e+01   6.05e-01  1.35e+06        1    2.22e-02    2.55e-01
  10  1.562623e+03    2.39e-01    2.17e+03   1.23e+01   5.97e-01  1.36e+06        1    2.21e-02    2.77e-01
  11  1.562380e+03    2.43e-01    2.20e+03   1.25e+01   5.91e-01  1.37e+06        1    2.33e-02    3.01e-01
  12  1.562133e+03    2.46e-01    2.23e+03   1.26e+01   5.85e-01  1.37e+06        1    2.24e-02    3.23e-01
  13  1.561884e+03    2.49e-01    2.26e+03   1.28e+01   5.81e-01  1.38e+06        1    2.29e-02    3.46e-01
  14  1.561632e+03    2.52e-01    2.28e+03   1.29e+01   5.77e-01  1.38e+06        1    2.31e-02    3.69e-01
  15  1.561378e+03    2.54e-01    2.30e+03   1.30e+01   5.74e-01  1.39e+06        1    2.25e-02    3.92e-01
  16  1.561123e+03    2.56e-01    2.31e+03   1.31e+01   5.71e-01  1.39e+06        1    2.24e-02    4.14e-01
  17  1.560866e+03    2.57e-01    2.32e+03   1.32e+01   5.68e-01  1.40e+06        1    2.27e-02    4.37e-01
  18  1.560607e+03    2.58e-01    2.33e+03   1.33e+01   5.66e-01  1.40e+06        1    2.25e-02    4.60e-01
  19  1.560348e+03    2.59e-01    2.33e+03   1.34e+01   5.64e-01  1.40e+06        1    2.26e-02    4.82e-01
  20  1.560089e+03    2.60e-01    2.33e+03   1.35e+01   5.63e-01  1.41e+06        1    2.40e-02    5.06e-01
  21  1.559829e+03    2.60e-01    2.33e+03   1.36e+01   5.61e-01  1.41e+06        1    2.29e-02    5.29e-01
  22  1.559569e+03    2.60e-01    2.33e+03   1.37e+01   5.60e-01  1.41e+06        1    2.29e-02    5.52e-01
  23  1.559309e+03    2.60e-01    2.32e+03   1.38e+01   5.60e-01  1.41e+06        1    2.27e-02    5.75e-01
  24  1.559049e+03    2.60e-01    2.32e+03   1.38e+01   5.59e-01  1.42e+06        1    2.28e-02    5.98e-01
  25  1.558790e+03    2.59e-01    2.31e+03   1.39e+01   5.59e-01  1.42e+06        1    2.27e-02    6.21e-01
  26  1.558531e+03    2.58e-01    2.30e+03   1.39e+01   5.59e-01  1.42e+06        1    2.32e-02    6.44e-01
  27  1.558274e+03    2.57e-01    2.28e+03   1.40e+01   5.59e-01  1.42e+06        1    2.37e-02    6.68e-01
  28  1.558018e+03    2.56e-01    2.27e+03   1.40e+01   5.59e-01  1.42e+06        1    2.26e-02    6.91e-01
  29  1.557763e+03    2.55e-01    2.25e+03   1.40e+01   5.59e-01  1.43e+06        1    2.49e-02    7.16e-01
  30  1.557510e+03    2.53e-01    2.23e+03   1.41e+01   5.60e-01  1.43e+06        1    2.28e-02    7.38e-01
  31  1.557259e+03    2.51e-01    2.21e+03   1.41e+01   5.60e-01  1.43e+06        1    2.33e-02    7.62e-01
  32  1.557009e+03    2.49e-01    2.19e+03   1.41e+01   5.61e-01  1.43e+06        1    2.29e-02    7.85e-01
  33  1.556762e+03    2.47e-01    2.17e+03   1.42e+01   5.62e-01  1.44e+06        1    2.45e-02    8.09e-01
  34  1.556517e+03    2.45e-01    2.15e+03   1.42e+01   5.63e-01  1.44e+06        1    2.26e-02    8.32e-01
  35  1.556274e+03    2.43e-01    2.13e+03   1.42e+01   5.65e-01  1.44e+06        1    2.24e-02    8.54e-01
  36  1.556034e+03    2.40e-01    2.10e+03   1.42e+01   5.66e-01  1.45e+06        1    2.26e-02    8.77e-01
  37  1.555797e+03    2.37e-01    2.08e+03   1.42e+01   5.67e-01  1.45e+06        1    2.46e-02    9.02e-01
  38  1.555562e+03    2.35e-01    2.05e+03   1.42e+01   5.69e-01  1.45e+06        1    2.24e-02    9.24e-01
  39  1.555331e+03    2.32e-01    2.02e+03   1.42e+01   5.70e-01  1.46e+06        1    2.34e-02    9.48e-01
  40  1.555102e+03    2.29e-01    2.00e+03   1.42e+01   5.72e-01  1.46e+06        1    2.20e-02    9.70e-01
  41  1.554877e+03    2.25e-01    1.97e+03   1.42e+01   5.73e-01  1.47e+06        1    2.27e-02    9.93e-01
  42  1.554654e+03    2.22e-01    1.94e+03   1.42e+01   5.75e-01  1.47e+06        1    2.28e-02    1.02e+00
  43  1.554435e+03    2.19e-01    1.91e+03   1.41e+01   5.76e-01  1.48e+06        1    2.48e-02    1.04e+00
  44  1.554220e+03    2.16e-01    1.89e+03   1.41e+01   5.78e-01  1.48e+06        1    2.28e-02    1.06e+00
  45  1.554008e+03    2.12e-01    1.86e+03   1.41e+01   5.80e-01  1.49e+06        1    2.27e-02    1.09e+00
  46  1.553799e+03    2.09e-01    1.84e+03   1.41e+01   5.81e-01  1.50e+06        1    2.26e-02    1.11e+00
  47  1.553594e+03    2.05e-01    1.82e+03   1.41e+01   5.83e-01  1.50e+06        1    2.31e-02    1.13e+00
  48  1.553393e+03    2.01e-01    1.80e+03   1.40e+01   5.85e-01  1.51e+06        1    2.18e-02    1.15e+00
  49  1.553195e+03    1.98e-01    1.78e+03   1.40e+01   5.86e-01  1.52e+06        1    2.39e-02    1.18e+00
  50  1.553001e+03    1.94e-01    1.76e+03   1.40e+01   5.88e-01  1.53e+06        1    2.33e-02    1.20e+00
  51  1.552811e+03    1.90e-01    1.74e+03   1.40e+01   5.90e-01  1.53e+06        1    2.67e-02    1.23e+00
  52  1.552624e+03    1.87e-01    1.72e+03   1.39e+01   5.91e-01  1.54e+06        1    2.25e-02    1.25e+00
  53  1.552441e+03    1.83e-01    1.70e+03   1.39e+01   5.93e-01  1.55e+06        1    2.28e-02    1.27e+00
  54  1.552262e+03    1.79e-01    1.67e+03   1.39e+01   5.94e-01  1.56e+06        1    2.28e-02    1.30e+00
  55  1.552087e+03    1.75e-01    1.65e+03   1.38e+01   5.96e-01  1.58e+06        1    2.40e-02    1.32e+00
  56  1.551915e+03    1.72e-01    1.63e+03   1.38e+01   5.97e-01  1.59e+06        1    2.19e-02    1.34e+00
  57  1.551747e+03    1.68e-01    1.61e+03   1.37e+01   5.99e-01  1.60e+06        1    2.37e-02    1.37e+00
  58  1.551583e+03    1.64e-01    1.59e+03   1.37e+01   6.00e-01  1.61e+06        1    2.25e-02    1.39e+00
  59  1.551423e+03    1.60e-01    1.57e+03   1.37e+01   6.02e-01  1.63e+06        1    2.29e-02    1.41e+00
  60  1.551266e+03    1.56e-01    1.54e+03   1.36e+01   6.03e-01  1.64e+06        1    2.21e-02    1.43e+00
  61  1.551114e+03    1.53e-01    1.52e+03   1.36e+01   6.04e-01  1.66e+06        1    2.26e-02    1.46e+00
  62  1.550965e+03    1.49e-01    1.50e+03   1.35e+01   6.06e-01  1.67e+06        1    2.26e-02    1.48e+00
  63  1.550819e+03    1.45e-01    1.48e+03   1.35e+01   6.07e-01  1.69e+06        1    2.33e-02    1.50e+00
  64  1.550678e+03    1.42e-01    1.45e+03   1.34e+01   6.08e-01  1.71e+06        1    2.32e-02    1.53e+00
  65  1.550540e+03    1.38e-01    1.43e+03   1.34e+01   6.10e-01  1.72e+06        1    2.38e-02    1.55e+00
  66  1.550406e+03    1.34e-01    1.41e+03   1.33e+01   6.11e-01  1.74e+06        1    2.21e-02    1.57e+00
  67  1.550276e+03    1.30e-01    1.39e+03   1.33e+01   6.12e-01  1.76e+06        1    2.28e-02    1.59e+00
  68  1.550149e+03    1.27e-01    1.36e+03   1.32e+01   6.13e-01  1.78e+06        1    2.28e-02    1.62e+00
  69  1.550026e+03    1.23e-01    1.34e+03   1.31e+01   6.15e-01  1.81e+06        1    2.39e-02    1.64e+00
  70  1.549906e+03    1.20e-01    1.32e+03   1.31e+01   6.16e-01  1.83e+06        1    2.22e-02    1.66e+00
  71  1.549790e+03    1.16e-01    1.30e+03   1.30e+01   6.17e-01  1.85e+06        1    2.35e-02    1.69e+00
  72  1.549678e+03    1.12e-01    1.27e+03   1.29e+01   6.18e-01  1.88e+06        1    2.25e-02    1.71e+00
  73  1.549569e+03    1.09e-01    1.25e+03   1.29e+01   6.20e-01  1.90e+06        1    2.26e-02    1.73e+00
  74  1.549463e+03    1.05e-01    1.23e+03   1.28e+01   6.21e-01  1.93e+06        1    2.21e-02    1.75e+00
  75  1.549361e+03    1.02e-01    1.20e+03   1.27e+01   6.22e-01  1.96e+06        1    2.27e-02    1.78e+00
  76  1.549263e+03    9.85e-02    1.18e+03   1.27e+01   6.23e-01  1.99e+06        1    2.21e-02    1.80e+00
  77  1.549168e+03    9.51e-02    1.16e+03   1.26e+01   6.25e-01  2.02e+06        1    2.21e-02    1.82e+00
  78  1.549076e+03    9.18e-02    1.14e+03   1.25e+01   6.26e-01  2.05e+06        1    2.44e-02    1.85e+00
  79  1.548987e+03    8.85e-02    1.11e+03   1.24e+01   6.27e-01  2.09e+06        1    2.25e-02    1.87e+00
  80  1.548902e+03    8.52e-02    1.09e+03   1.23e+01   6.28e-01  2.12e+06        1    2.27e-02    1.89e+00
  81  1.548820e+03    8.20e-02    1.07e+03   1.22e+01   6.30e-01  2.16e+06        1    2.32e-02    1.91e+00
  82  1.548741e+03    7.89e-02    1.04e+03   1.21e+01   6.31e-01  2.20e+06        1    2.25e-02    1.94e+00
  83  1.548666e+03    7.57e-02    1.02e+03   1.20e+01   6.32e-01  2.24e+06        1    2.22e-02    1.96e+00
  84  1.548593e+03    7.27e-02    9.96e+02   1.19e+01   6.34e-01  2.28e+06        1    2.28e-02    1.98e+00
  85  1.548523e+03    6.96e-02    9.72e+02   1.18e+01   6.35e-01  2.33e+06        1    2.21e-02    2.00e+00
  86  1.548457e+03    6.66e-02    9.49e+02   1.17e+01   6.36e-01  2.38e+06        1    2.32e-02    2.03e+00
  87  1.548393e+03    6.37e-02    9.25e+02   1.16e+01   6.38e-01  2.43e+06        1    2.29e-02    2.05e+00
  88  1.548332e+03    6.09e-02    9.02e+02   1.15e+01   6.39e-01  2.48e+06        1    2.33e-02    2.07e+00
  89  1.548274e+03    5.80e-02    8.78e+02   1.14e+01   6.41e-01  2.54e+06        1    2.40e-02    2.10e+00
  90  1.548219e+03    5.53e-02    8.54e+02   1.13e+01   6.42e-01  2.60e+06        1    2.25e-02    2.12e+00
  91  1.548166e+03    5.26e-02    8.31e+02   1.12e+01   6.44e-01  2.66e+06        1    2.21e-02    2.14e+00
  92  1.548116e+03    5.00e-02    8.07e+02   1.10e+01   6.45e-01  2.73e+06        1    2.28e-02    2.17e+00
  93  1.548069e+03    4.74e-02    7.84e+02   1.09e+01   6.47e-01  2.80e+06        1    2.27e-02    2.19e+00
  94  1.548024e+03    4.49e-02    7.60e+02   1.08e+01   6.49e-01  2.88e+06        1    2.28e-02    2.21e+00
  95  1.547982e+03    4.24e-02    7.37e+02   1.06e+01   6.50e-01  2.96e+06        1    2.26e-02    2.23e+00
  96  1.547942e+03    4.00e-02    7.13e+02   1.05e+01   6.52e-01  3.04e+06        1    2.39e-02    2.26e+00
  97  1.547904e+03    3.77e-02    6.90e+02   1.04e+01   6.54e-01  3.13e+06        1    2.30e-02    2.28e+00
  98  1.547868e+03    3.54e-02    6.66e+02   1.02e+01   6.56e-01  3.23e+06        1    2.20e-02    2.30e+00
  99  1.547835e+03    3.32e-02    6.43e+02   1.01e+01   6.58e-01  3.34e+06        1    2.23e-02    2.33e+00
 100  1.547804e+03    3.11e-02    6.20e+02   9.90e+00   6.60e-01  3.45e+06        1    2.35e-02    2.35e+00
I0826 03:17:47.428824    27 misc.cc:205] 
Bundle adjustment report
------------------------
I0826 03:17:47.428898    27 bundle_adjustment.cc:942] 
    Residuals : 17062
   Parameters : 10649
   Iterations : 101
         Time : 2.3519 [s]
 Initial cost : 0.304258 [px]
   Final cost : 0.301192 [px]
  Termination : No convergence

I0826 03:17:47.454981    27 incremental_mapper.cc:175] => Completed observations: 0
I0826 03:17:47.464068    27 incremental_mapper.cc:178] => Merged observations: 0
I0826 03:17:47.469676    27 incremental_mapper.cc:160] => Filtered observations: 0
I0826 03:17:47.469730    27 incremental_mapper.cc:119] => Changed observations: 0.000000
I0826 03:17:47.469748    27 incremental_mapper.cc:167] => Filtered images: 0
I0826 03:17:47.592717    27 misc.cc:198] 
==============================================================================
Registering image #104 (4)
==============================================================================
I0826 03:17:47.592762    27 incremental_mapper.cc:495] => Image sees 2693 / 12514 points
I0826 03:17:47.975746    27 misc.cc:205] 
Pose refinement report
----------------------
I0826 03:17:47.975826    27 bundle_adjustment.cc:942] 
    Residuals : 5282
   Parameters : 8
   Iterations : 8
         Time : 0.045985 [s]
 Initial cost : 0.801005 [px]
   Final cost : 0.343945 [px]
  Termination : Convergence

I0826 03:17:48.013159    27 incremental_mapper.cc:40] => Continued observations: 2641
I0826 03:17:48.053239    27 incremental_mapper.cc:43] => Added observations: 3457
I0826 03:17:49.068277    27 misc.cc:205] 
Bundle adjustment report
------------------------
I0826 03:17:49.068357    27 bundle_adjustment.cc:942] 
    Residuals : 29258
   Parameters : 14770
   Iterations : 26
         Time : 0.981764 [s]
 Initial cost : 0.34498 [px]
   Final cost : 0.308402 [px]
  Termination : No convergence

I0826 03:17:49.150051    27 incremental_mapper.cc:78] => Merged observations: 10
I0826 03:17:49.150105    27 incremental_mapper.cc:79] => Completed observations: 397
I0826 03:17:49.150110    27 incremental_mapper.cc:81] => Filtered observations: 144
I0826 03:17:49.150111    27 incremental_mapper.cc:90] => Changed observations: 0.037665
W0826 03:17:49.891956    27 levenberg_marquardt_strategy.cc:115] Linear solver failure. Failed to compute a step: Eigen failure. Unable to perform dense Cholesky factorization.
W0826 03:17:49.947000    27 levenberg_marquardt_strategy.cc:115] Linear solver failure. Failed to compute a step: Eigen failure. Unable to perform dense Cholesky factorization.
W0826 03:17:49.960747    27 levenberg_marquardt_strategy.cc:115] Linear solver failure. Failed to compute a step: Eigen failure. Unable to perform dense Cholesky factorization.
W0826 03:17:50.016129    27 levenberg_marquardt_strategy.cc:115] Linear solver failure. Failed to compute a step: Eigen failure. Unable to perform dense Cholesky factorization.
W0826 03:17:50.072106    27 levenberg_marquardt_strategy.cc:115] Linear solver failure. Failed to compute a step: Eigen failure. Unable to perform dense Cholesky factorization.
W0826 03:17:50.126299    27 levenberg_marquardt_strategy.cc:115] Linear solver failure. Failed to compute a step: Eigen failure. Unable to perform dense Cholesky factorization.
I0826 03:17:50.132718    27 misc.cc:205] 
Bundle adjustment report
------------------------
I0826 03:17:50.132798    27 bundle_adjustment.cc:942] 
    Residuals : 29748
   Parameters : 14971
   Iterations : 26
         Time : 0.946403 [s]
 Initial cost : 0.321381 [px]
   Final cost : 0.311374 [px]
  Termination : No convergence

I0826 03:17:50.213382    27 incremental_mapper.cc:78] => Merged observations: 0
I0826 03:17:50.213439    27 incremental_mapper.cc:79] => Completed observations: 94
I0826 03:17:50.213443    27 incremental_mapper.cc:81] => Filtered observations: 119
I0826 03:17:50.213445    27 incremental_mapper.cc:90] => Changed observations: 0.014320
I0826 03:17:50.213706    27 misc.cc:198] 
==============================================================================
Retriangulation
==============================================================================
I0826 03:17:50.226387    27 incremental_mapper.cc:175] => Completed observations: 1
I0826 03:17:50.236514    27 incremental_mapper.cc:178] => Merged observations: 0
I0826 03:17:50.236570    27 incremental_mapper.cc:105] => Retriangulated observations: 0
I0826 03:17:50.244033    27 misc.cc:198] 
==============================================================================
Global bundle adjustment
==============================================================================
iter      cost      cost_change  |gradient|   |step|    tr_ratio  tr_radius  ls_iter  iter_time  total_time
   0  2.881250e+03    0.00e+00    4.64e+06   0.00e+00   0.00e+00  1.00e+04        0    2.21e-02    7.66e-02
   1  2.841119e+03    4.01e+01    5.81e+05   9.63e+00   1.00e+00  3.00e+04        1    4.36e-02    1.20e-01
   2  2.834820e+03    6.30e+00    2.72e+06   2.48e+01   9.96e-01  9.00e+04        1    3.88e-02    1.59e-01
   3  2.832307e+03    2.51e+00    2.26e+06   2.26e+01   9.90e-01  2.70e+05        1    3.85e-02    1.98e-01
   4  2.831969e+03    3.38e-01    5.25e+06   5.71e+00   9.84e-01  8.10e+05        1    3.83e-02    2.36e-01
   5  2.831917e+03    5.15e-02    2.91e+07   8.21e+00   8.77e-01  1.42e+06        1    3.86e-02    2.75e-01
   6  2.831900e+03    1.72e-02    3.16e+07   4.89e+00   9.71e-01  4.26e+06        1    3.86e-02    3.14e-01
   7  2.831898e+03    1.83e-03    3.98e+07   1.88e+00   9.86e-01  1.28e+07        1    3.78e-02    3.51e-01
   8  2.831897e+03    7.07e-04    1.77e+07   3.02e-01   9.95e-01  3.84e+07        1    3.82e-02    3.90e-01
   9  2.831896e+03    1.53e-03    2.45e+07   8.81e-02   9.98e-01  1.15e+08        1    3.86e-02    4.28e-01
  10  2.831897e+03   -1.53e-03    2.45e+07   1.72e-01  -4.17e-01  5.76e+07        1    1.92e-02    4.48e-01
  11  2.831895e+03    1.10e-03    1.74e+07   5.33e-02   9.99e-01  1.73e+08        1    3.76e-02    4.85e-01
  12  2.831895e+03    0.00e+00    1.74e+07   0.00e+00   0.00e+00  8.64e+07        1    1.16e-02    4.97e-01
W0826 03:17:50.770939    27 levenberg_marquardt_strategy.cc:115] Linear solver failure. Failed to compute a step: Eigen failure. Unable to perform dense Cholesky factorization.
W0826 03:17:50.782295    27 levenberg_marquardt_strategy.cc:115] Linear solver failure. Failed to compute a step: Eigen failure. Unable to perform dense Cholesky factorization.
  13  2.831895e+03    0.00e+00    1.74e+07   0.00e+00   0.00e+00  2.16e+07        1    1.13e-02    5.08e-01
  14  2.831894e+03    1.87e-04    3.07e+05   9.66e-03   1.00e+00  6.48e+07        1    3.91e-02    5.47e-01
  15  2.831894e+03    4.74e-04    1.23e+07   2.25e-02   1.00e+00  1.94e+08        1    3.83e-02    5.86e-01
W0826 03:17:50.871738    27 levenberg_marquardt_strategy.cc:115] Linear solver failure. Failed to compute a step: Eigen failure. Unable to perform dense Cholesky factorization.
  16  2.831894e+03    0.00e+00    1.23e+07   0.00e+00   0.00e+00  9.72e+07        1    1.19e-02    5.98e-01
  17  2.831893e+03    7.60e-04    7.87e+07   3.64e-02   9.96e-01  2.91e+08        1    3.67e-02    6.35e-01
W0826 03:17:50.920511    27 levenberg_marquardt_strategy.cc:115] Linear solver failure. Failed to compute a step: Eigen failure. Unable to perform dense Cholesky factorization.
  18  2.831893e+03    0.00e+00    7.87e+07   0.00e+00   0.00e+00  1.46e+08        1    1.20e-02    6.47e-01
  19  2.831893e+03    0.00e+00    7.87e+07   0.00e+00   0.00e+00  3.64e+07        1    1.05e-02    6.57e-01
W0826 03:17:50.931069    27 levenberg_marquardt_strategy.cc:115] Linear solver failure. Failed to compute a step: Eigen failure. Unable to perform dense Cholesky factorization.
  20  2.831893e+03    5.51e-05    4.07e+06   2.82e-03   1.00e+00  1.09e+08        1    3.67e-02    6.94e-01
  21  2.831893e+03    0.00e+00    4.07e+06   0.00e+00   0.00e+00  5.46e+07        1    1.19e-02    7.06e-01
W0826 03:17:50.979743    27 levenberg_marquardt_strategy.cc:115] Linear solver failure. Failed to compute a step: Eigen failure. Unable to perform dense Cholesky factorization.
  22  2.831893e+03    6.76e-05    1.87e+06   3.25e-03   1.00e+00  1.64e+08        1    3.66e-02    7.42e-01
  23  2.831893e+03    1.44e-04    5.22e+06   6.97e-03   1.00e+00  4.92e+08        1    3.84e-02    7.81e-01
  24  2.831893e+03    0.00e+00    5.22e+06   0.00e+00   0.00e+00  2.46e+08        1    1.17e-02    7.93e-01
W0826 03:17:51.066581    27 levenberg_marquardt_strategy.cc:115] Linear solver failure. Failed to compute a step: Eigen failure. Unable to perform dense Cholesky factorization.
W0826 03:17:51.077546    27 levenberg_marquardt_strategy.cc:115] Linear solver failure. Failed to compute a step: Eigen failure. Unable to perform dense Cholesky factorization.
  25  2.831893e+03    0.00e+00    5.22e+06   0.00e+00   0.00e+00  6.15e+07        1    1.09e-02    8.04e-01
  26  2.831893e+03    7.59e-05    1.43e+06   3.67e-03   1.00e+00  1.84e+08        1    3.75e-02    8.41e-01
W0826 03:17:51.126681    27 levenberg_marquardt_strategy.cc:115] Linear solver failure. Failed to compute a step: Eigen failure. Unable to perform dense Cholesky factorization.
  27  2.831893e+03    0.00e+00    1.43e+06   0.00e+00   0.00e+00  9.22e+07        1    1.16e-02    8.53e-01
W0826 03:17:51.137849    27 levenberg_marquardt_strategy.cc:115] Linear solver failure. Failed to compute a step: Eigen failure. Unable to perform dense Cholesky factorization.
  28  2.831893e+03    0.00e+00    1.43e+06   0.00e+00   0.00e+00  2.31e+07        1    1.11e-02    8.64e-01
  29  2.831893e+03    1.38e-05    1.02e+06   6.48e-04   1.00e+00  6.92e+07        1    3.82e-02    9.02e-01
  30  2.831893e+03    3.95e-05    1.25e+06   1.88e-03   1.00e+00  2.07e+08        1    3.85e-02    9.41e-01
  31  2.831893e+03    0.00e+00    1.25e+06   0.00e+00   0.00e+00  1.04e+08        1    1.24e-02    9.53e-01
W0826 03:17:51.227171    27 levenberg_marquardt_strategy.cc:115] Linear solver failure. Failed to compute a step: Eigen failure. Unable to perform dense Cholesky factorization.
  32  2.831893e+03    9.86e-05    1.97e+06   4.87e-03   1.00e+00  3.11e+08        1    3.83e-02    9.92e-01
  33  2.831893e+03    0.00e+00    1.97e+06   0.00e+00   0.00e+00  1.56e+08        1    1.17e-02    1.00e+00
W0826 03:17:51.277237    27 levenberg_marquardt_strategy.cc:115] Linear solver failure. Failed to compute a step: Eigen failure. Unable to perform dense Cholesky factorization.
  34  2.831893e+03    0.00e+00    1.97e+06   0.00e+00   0.00e+00  3.89e+07        1    1.11e-02    1.01e+00
W0826 03:17:51.288408    27 levenberg_marquardt_strategy.cc:115] Linear solver failure. Failed to compute a step: Eigen failure. Unable to perform dense Cholesky factorization.
  35  2.831893e+03    1.48e-05    1.50e+06   7.84e-04   1.00e+00  1.17e+08        1    3.88e-02    1.05e+00
  36  2.831893e+03    6.80e-05    1.08e+07   3.07e-03   1.00e+00  3.50e+08        1    3.88e-02    1.09e+00
W0826 03:17:51.378125    27 levenberg_marquardt_strategy.cc:115] Linear solver failure. Failed to compute a step: Eigen failure. Unable to perform dense Cholesky factorization.
  37  2.831893e+03    0.00e+00    1.08e+07   0.00e+00   0.00e+00  1.75e+08        1    1.19e-02    1.10e+00
  38  2.831893e+03    1.32e-04    2.76e+07   6.40e-03   1.00e+00  5.25e+08        1    3.94e-02    1.14e+00
  39  2.831893e+03    0.00e+00    2.76e+07   0.00e+00   0.00e+00  2.63e+08        1    1.20e-02    1.16e+00
W0826 03:17:51.429631    27 levenberg_marquardt_strategy.cc:115] Linear solver failure. Failed to compute a step: Eigen failure. Unable to perform dense Cholesky factorization.
W0826 03:17:51.441244    27 levenberg_marquardt_strategy.cc:115] Linear solver failure. Failed to compute a step: Eigen failure. Unable to perform dense Cholesky factorization.
  40  2.831893e+03    0.00e+00    2.76e+07   0.00e+00   0.00e+00  6.57e+07        1    1.16e-02    1.17e+00
  41  2.831893e+03    7.66e-06    4.37e+06   5.73e-04   1.00e+00  1.97e+08        1    3.85e-02    1.21e+00
W0826 03:17:51.491658    27 levenberg_marquardt_strategy.cc:115] Linear solver failure. Failed to compute a step: Eigen failure. Unable to perform dense Cholesky factorization.
  42  2.831893e+03    0.00e+00    4.37e+06   0.00e+00   0.00e+00  9.85e+07        1    1.18e-02    1.22e+00
  43  2.831893e+03    0.00e+00    4.37e+06   0.00e+00   0.00e+00  2.46e+07        1    1.06e-02    1.23e+00
W0826 03:17:51.502265    27 levenberg_marquardt_strategy.cc:115] Linear solver failure. Failed to compute a step: Eigen failure. Unable to perform dense Cholesky factorization.
  44  2.831893e+03    2.65e-06    8.61e+06   1.36e-04   9.99e-01  7.39e+07        1    3.69e-02    1.27e+00
  45  2.831893e+03    0.00e+00    8.61e+06   0.00e+00   0.00e+00  3.69e+07        1    1.14e-02    1.28e+00
W0826 03:17:51.550662    27 levenberg_marquardt_strategy.cc:115] Linear solver failure. Failed to compute a step: Eigen failure. Unable to perform dense Cholesky factorization.
  46  2.831893e+03    3.79e-06    6.35e+05   1.82e-04   1.00e+00  1.11e+08        1    3.68e-02    1.31e+00
  47  2.831892e+03    2.58e-05    5.22e+06   1.16e-03   1.00e+00  3.32e+08        1    3.93e-02    1.35e+00
  48  2.831892e+03    0.00e+00    5.22e+06   0.00e+00   0.00e+00  1.66e+08        1    1.20e-02    1.37e+00
W0826 03:17:51.639029    27 levenberg_marquardt_strategy.cc:115] Linear solver failure. Failed to compute a step: Eigen failure. Unable to perform dense Cholesky factorization.
  49  2.831892e+03    4.56e-05    4.62e+06   2.76e-03   1.00e+00  4.99e+08        1    3.84e-02    1.40e+00
  50  2.831892e+03    0.00e+00    4.62e+06   0.00e+00   0.00e+00  2.49e+08        1    1.20e-02    1.42e+00
W0826 03:17:51.689527    27 levenberg_marquardt_strategy.cc:115] Linear solver failure. Failed to compute a step: Eigen failure. Unable to perform dense Cholesky factorization.
  51  2.831892e+03    0.00e+00    4.62e+06   0.00e+00   0.00e+00  6.23e+07        1    1.14e-02    1.43e+00
W0826 03:17:51.700973    27 levenberg_marquardt_strategy.cc:115] Linear solver failure. Failed to compute a step: Eigen failure. Unable to perform dense Cholesky factorization.
  52  2.831892e+03    5.40e-06    1.60e+05   1.36e-04   1.00e+00  1.87e+08        1    3.80e-02    1.47e+00
W0826 03:17:51.751263    27 levenberg_marquardt_strategy.cc:115] Linear solver failure. Failed to compute a step: Eigen failure. Unable to perform dense Cholesky factorization.
  53  2.831892e+03    0.00e+00    1.60e+05   0.00e+00   0.00e+00  9.35e+07        1    1.22e-02    1.48e+00
  54  2.831892e+03    7.51e-06    2.57e+06   3.62e-04   1.00e+00  2.80e+08        1    3.77e-02    1.52e+00
  55  2.831892e+03    0.00e+00    2.57e+06   0.00e+00   0.00e+00  1.40e+08        1    1.29e-02    1.53e+00
W0826 03:17:51.802064    27 levenberg_marquardt_strategy.cc:115] Linear solver failure. Failed to compute a step: Eigen failure. Unable to perform dense Cholesky factorization.
  56  2.831892e+03    0.00e+00    2.57e+06   0.00e+00   0.00e+00  3.51e+07        1    1.14e-02    1.54e+00
W0826 03:17:51.813434    27 levenberg_marquardt_strategy.cc:115] Linear solver failure. Failed to compute a step: Eigen failure. Unable to perform dense Cholesky factorization.
  57  2.831892e+03    2.47e-06    7.56e+05   1.27e-04   1.00e+00  1.05e+08        1    3.90e-02    1.58e+00
  58  2.831892e+03    8.77e-06    2.51e+06   4.17e-04   1.00e+00  3.15e+08        1    3.76e-02    1.62e+00
  59  2.831892e+03    0.00e+00    2.51e+06   0.00e+00   0.00e+00  1.58e+08        1    1.14e-02    1.63e+00
W0826 03:17:51.901553    27 levenberg_marquardt_strategy.cc:115] Linear solver failure. Failed to compute a step: Eigen failure. Unable to perform dense Cholesky factorization.
  60  2.831892e+03    0.00e+00    2.51e+06   0.00e+00   0.00e+00  3.94e+07        1    1.09e-02    1.64e+00
W0826 03:17:51.912420    27 levenberg_marquardt_strategy.cc:115] Linear solver failure. Failed to compute a step: Eigen failure. Unable to perform dense Cholesky factorization.
  61  2.831892e+03    2.89e-06    5.38e+06   1.43e-04   1.00e+00  1.18e+08        1    3.81e-02    1.68e+00
  62  2.831892e+03    7.29e-06    8.72e+05   3.48e-04   1.00e+00  3.55e+08        1    3.83e-02    1.72e+00
  63  2.831892e+03    0.00e+00    8.72e+05   0.00e+00   0.00e+00  1.77e+08        1    1.18e-02    1.73e+00
W0826 03:17:52.000869    27 levenberg_marquardt_strategy.cc:115] Linear solver failure. Failed to compute a step: Eigen failure. Unable to perform dense Cholesky factorization.
  64  2.831892e+03    0.00e+00    8.72e+05   0.00e+00   0.00e+00  4.44e+07        1    1.16e-02    1.74e+00
W0826 03:17:52.012477    27 levenberg_marquardt_strategy.cc:115] Linear solver failure. Failed to compute a step: Eigen failure. Unable to perform dense Cholesky factorization.
  65  2.831892e+03    2.58e-06    1.48e+06   1.19e-04   1.00e+00  1.33e+08        1    3.90e-02    1.78e+00
  66  2.831892e+03    8.03e-06    1.48e+07   3.93e-04   1.00e+00  3.99e+08        1    3.95e-02    1.82e+00
  67  2.831892e+03    0.00e+00    1.48e+07   0.00e+00   0.00e+00  2.00e+08        1    1.18e-02    1.83e+00
W0826 03:17:52.103035    27 levenberg_marquardt_strategy.cc:115] Linear solver failure. Failed to compute a step: Eigen failure. Unable to perform dense Cholesky factorization.
  68  2.831892e+03    0.00e+00    1.48e+07   0.00e+00   0.00e+00  4.99e+07        1    1.16e-02    1.84e+00
W0826 03:17:52.114624    27 levenberg_marquardt_strategy.cc:115] Linear solver failure. Failed to compute a step: Eigen failure. Unable to perform dense Cholesky factorization.
  69  2.831892e+03    2.39e-06    1.82e+07   1.10e-04   9.98e-01  1.50e+08        1    3.82e-02    1.88e+00
W0826 03:17:52.164144    27 levenberg_marquardt_strategy.cc:115] Linear solver failure. Failed to compute a step: Eigen failure. Unable to perform dense Cholesky factorization.
  70  2.831892e+03    0.00e+00    1.82e+07   0.00e+00   0.00e+00  7.49e+07        1    1.12e-02    1.89e+00
W0826 03:17:52.174911    27 levenberg_marquardt_strategy.cc:115] Linear solver failure. Failed to compute a step: Eigen failure. Unable to perform dense Cholesky factorization.
  71  2.831892e+03    0.00e+00    1.82e+07   0.00e+00   0.00e+00  1.87e+07        1    1.08e-02    1.90e+00
  72  2.831892e+03    9.38e-07    1.73e+06   4.46e-05   1.00e+00  5.61e+07        1    3.83e-02    1.94e+00
  73  2.831892e+03    4.90e-06    2.59e+06   2.58e-04   1.00e+00  1.68e+08        1    3.93e-02    1.98e+00
W0826 03:17:52.265734    27 levenberg_marquardt_strategy.cc:115] Linear solver failure. Failed to compute a step: Eigen failure. Unable to perform dense Cholesky factorization.
  74  2.831892e+03    0.00e+00    2.59e+06   0.00e+00   0.00e+00  8.42e+07        1    1.30e-02    1.99e+00
  75  2.831892e+03    2.93e-05    2.00e+07   1.57e-03   1.00e+00  2.53e+08        1    3.67e-02    2.03e+00
W0826 03:17:52.315028    27 levenberg_marquardt_strategy.cc:115] Linear solver failure. Failed to compute a step: Eigen failure. Unable to perform dense Cholesky factorization.
  76  2.831892e+03    0.00e+00    2.00e+07   0.00e+00   0.00e+00  1.26e+08        1    1.25e-02    2.04e+00
  77  2.831892e+03    0.00e+00    2.00e+07   0.00e+00   0.00e+00  3.16e+07        1    1.11e-02    2.05e+00
W0826 03:17:52.326099    27 levenberg_marquardt_strategy.cc:115] Linear solver failure. Failed to compute a step: Eigen failure. Unable to perform dense Cholesky factorization.
  78  2.831892e+03    9.80e-07    3.07e+07   1.71e-04   9.91e-01  9.48e+07        1    3.81e-02    2.09e+00
  79  2.831892e+03    3.90e-06    3.40e+07   1.37e-04   9.97e-01  2.84e+08        1    3.87e-02    2.13e+00
W0826 03:17:52.414916    27 levenberg_marquardt_strategy.cc:115] Linear solver failure. Failed to compute a step: Eigen failure. Unable to perform dense Cholesky factorization.
  80  2.831892e+03    0.00e+00    3.40e+07   0.00e+00   0.00e+00  1.42e+08        1    1.18e-02    2.14e+00
  81  2.831892e+03    3.63e-04    4.11e+08   1.75e-02   9.91e-01  4.26e+08        1    3.75e-02    2.18e+00
  82  2.831892e+03    0.00e+00    4.11e+08   0.00e+00   0.00e+00  2.13e+08        1    1.19e-02    2.19e+00
W0826 03:17:52.464334    27 levenberg_marquardt_strategy.cc:115] Linear solver failure. Failed to compute a step: Eigen failure. Unable to perform dense Cholesky factorization.
  83  2.831892e+03    0.00e+00    4.11e+08   0.00e+00   0.00e+00  5.33e+07        1    1.17e-02    2.20e+00
W0826 03:17:52.476099    27 levenberg_marquardt_strategy.cc:115] Linear solver failure. Failed to compute a step: Eigen failure. Unable to perform dense Cholesky factorization.
  84  2.831892e+03    6.78e-06    2.99e+07   2.52e-04   9.97e-01  1.60e+08        1    3.81e-02    2.24e+00
W0826 03:17:52.526413    27 levenberg_marquardt_strategy.cc:115] Linear solver failure. Failed to compute a step: Eigen failure. Unable to perform dense Cholesky factorization.
  85  2.831892e+03    0.00e+00    2.99e+07   0.00e+00   0.00e+00  7.99e+07        1    1.21e-02    2.25e+00
  86  2.831892e+03    7.10e-06    8.42e+06   3.38e-04   1.00e+00  2.40e+08        1    3.81e-02    2.29e+00
W0826 03:17:52.576587    27 levenberg_marquardt_strategy.cc:115] Linear solver failure. Failed to compute a step: Eigen failure. Unable to perform dense Cholesky factorization.
  87  2.831892e+03    0.00e+00    8.42e+06   0.00e+00   0.00e+00  1.20e+08        1    1.19e-02    2.30e+00
  88  2.831892e+03    8.45e-06    1.03e+06   4.24e-04   1.00e+00  3.60e+08        1    3.99e-02    2.34e+00
  89  2.831892e+03    0.00e+00    1.03e+06   0.00e+00   0.00e+00  1.80e+08        1    1.23e-02    2.35e+00
W0826 03:17:52.628804    27 levenberg_marquardt_strategy.cc:115] Linear solver failure. Failed to compute a step: Eigen failure. Unable to perform dense Cholesky factorization.
  90  2.831892e+03    0.00e+00    1.03e+06   0.00e+00   0.00e+00  4.50e+07        1    1.17e-02    2.37e+00
W0826 03:17:52.640561    27 levenberg_marquardt_strategy.cc:115] Linear solver failure. Failed to compute a step: Eigen failure. Unable to perform dense Cholesky factorization.
  91  2.831892e+03    3.32e-06    8.09e+06   1.54e-04   1.00e+00  1.35e+08        1    3.97e-02    2.41e+00
  92  2.831890e+03    1.99e-03    1.24e+08   1.02e-01   9.79e-01  4.05e+08        1    3.75e-02    2.44e+00
W0826 03:17:52.729836    27 levenberg_marquardt_strategy.cc:115] Linear solver failure. Failed to compute a step: Eigen failure. Unable to perform dense Cholesky factorization.
  93  2.831890e+03    0.00e+00    1.24e+08   0.00e+00   0.00e+00  2.02e+08        1    1.19e-02    2.46e+00
W0826 03:17:52.741340    27 levenberg_marquardt_strategy.cc:115] Linear solver failure. Failed to compute a step: Eigen failure. Unable to perform dense Cholesky factorization.
  94  2.831890e+03    0.00e+00    1.24e+08   0.00e+00   0.00e+00  5.06e+07        1    1.15e-02    2.47e+00
  95  2.831889e+03    5.47e-04    2.20e+07   1.83e-02   9.96e-01  1.52e+08        1    3.86e-02    2.51e+00
  96  2.831889e+03    0.00e+00    2.20e+07   0.00e+00   0.00e+00  7.59e+07        1    1.22e-02    2.52e+00
W0826 03:17:52.792290    27 levenberg_marquardt_strategy.cc:115] Linear solver failure. Failed to compute a step: Eigen failure. Unable to perform dense Cholesky factorization.
  97  2.831888e+03    9.78e-04    1.40e+07   4.74e-02   9.99e-01  2.28e+08        1    3.64e-02    2.55e+00
  98  2.831888e+03    0.00e+00    1.40e+07   0.00e+00   0.00e+00  1.14e+08        1    1.14e-02    2.57e+00
W0826 03:17:52.840294    27 levenberg_marquardt_strategy.cc:115] Linear solver failure. Failed to compute a step: Eigen failure. Unable to perform dense Cholesky factorization.
W0826 03:17:52.851715    27 levenberg_marquardt_strategy.cc:115] Linear solver failure. Failed to compute a step: Eigen failure. Unable to perform dense Cholesky factorization.
  99  2.831888e+03    0.00e+00    1.40e+07   0.00e+00   0.00e+00  2.85e+07        1    1.14e-02    2.58e+00
 100  2.831888e+03    6.61e-04    5.18e+06   3.21e-02   1.00e+00  8.54e+07        1    3.74e-02    2.62e+00
I0826 03:17:52.894881    27 misc.cc:205] 
Bundle adjustment report
------------------------
I0826 03:17:52.894948    27 bundle_adjustment.cc:942] 
    Residuals : 29310
   Parameters : 14713
   Iterations : 101
         Time : 2.61775 [s]
 Initial cost : 0.313533 [px]
   Final cost : 0.310835 [px]
  Termination : No convergence

I0826 03:17:52.933315    27 incremental_mapper.cc:175] => Completed observations: 0
I0826 03:17:52.946350    27 incremental_mapper.cc:178] => Merged observations: 0
I0826 03:17:52.956043    27 incremental_mapper.cc:160] => Filtered observations: 10
I0826 03:17:52.956090    27 incremental_mapper.cc:119] => Changed observations: 0.000682
I0826 03:17:52.956110    27 misc.cc:198] 
==============================================================================
Global bundle adjustment
==============================================================================
iter      cost      cost_change  |gradient|   |step|    tr_ratio  tr_radius  ls_iter  iter_time  total_time
   0  2.811996e+03    0.00e+00    7.02e+03   0.00e+00   0.00e+00  1.00e+04        0    2.23e-02    7.73e-02
   1  2.777571e+03    3.44e+01    2.99e+02   3.86e+00   1.00e+00  3.00e+04        1    4.14e-02    1.19e-01
   2  2.776997e+03    5.74e-01    1.98e+01   1.41e+00   1.01e+00  9.00e+04        1    3.78e-02    1.57e-01
   3  2.776963e+03    3.37e-02    3.74e+01   1.17e+00   1.01e+00  2.70e+05        1    3.81e-02    1.95e-01
   4  2.776942e+03    2.16e-02    9.04e+01   2.43e+00   1.01e+00  8.10e+05        1    3.87e-02    2.34e-01
   5  2.776922e+03    2.03e-02    2.67e+01   3.02e+00   1.01e+00  2.43e+06        1    3.86e-02    2.72e-01
   6  2.776901e+03    2.07e-02    1.58e+02   2.27e+00   9.77e-01  7.29e+06        1    3.85e-02    3.11e-01
   7  2.776910e+03   -8.98e-03    1.58e+02   1.21e+01  -2.01e-01  3.64e+06        1    1.92e-02    3.30e-01
   8  2.776879e+03    2.18e-02    2.96e+02   6.23e+00   8.53e-01  5.62e+06        1    3.86e-02    3.69e-01
   9  2.776861e+03    1.77e-02    7.99e+02   9.53e+00   4.92e-01  5.62e+06        1    3.77e-02    4.07e-01
  10  2.776828e+03    3.32e-02    6.68e+02   8.79e+00   7.23e-01  6.16e+06        1    3.84e-02    4.45e-01
  11  2.776803e+03    2.53e-02    6.71e+02   8.82e+00   6.64e-01  6.39e+06        1    3.83e-02    4.83e-01
  12  2.776778e+03    2.47e-02    5.93e+02   8.32e+00   7.12e-01  6.92e+06        1    3.79e-02    5.21e-01
  13  2.776758e+03    2.03e-02    5.67e+02   8.14e+00   6.92e-01  7.33e+06        1    3.83e-02    5.60e-01
  14  2.776739e+03    1.84e-02    5.10e+02   7.74e+00   7.16e-01  7.98e+06        1    3.88e-02    5.99e-01
  15  2.776724e+03    1.53e-02    4.76e+02   7.49e+00   7.09e-01  8.61e+06        1    3.88e-02    6.38e-01
  16  2.776711e+03    1.33e-02    4.28e+02   7.12e+00   7.26e-01  9.48e+06        1    3.91e-02    6.77e-01
  17  2.776700e+03    1.10e-02    3.92e+02   6.82e+00   7.25e-01  1.04e+07        1    4.06e-02    7.17e-01
  18  2.776691e+03    9.28e-03    3.48e+02   6.44e+00   7.40e-01  1.17e+07        1    3.91e-02    7.57e-01
  19  2.776683e+03    7.47e-03    3.12e+02   6.10e+00   7.44e-01  1.33e+07        1    4.22e-02    7.99e-01
  20  2.776677e+03    6.02e-03    2.70e+02   5.70e+00   7.60e-01  1.54e+07        1    3.76e-02    8.37e-01
  21  2.776672e+03    4.63e-03    2.35e+02   5.32e+00   7.67e-01  1.82e+07        1    3.87e-02    8.75e-01
  22  2.776669e+03    3.53e-03    1.96e+02   4.87e+00   7.89e-01  2.26e+07        1    4.08e-02    9.16e-01
  23  2.776666e+03    2.51e-03    1.63e+02   4.44e+00   8.02e-01  2.90e+07        1    4.62e-02    9.63e-01
  24  2.776665e+03    1.74e-03    1.27e+02   3.92e+00   8.36e-01  4.16e+07        1    4.05e-02    1.00e+00
  25  2.776664e+03    1.08e-03    9.65e+01   3.42e+00   8.63e-01  6.75e+07        1    3.88e-02    1.04e+00
  26  2.776663e+03    6.21e-04    6.29e+01   2.77e+00   9.33e-01  1.92e+08        1    3.83e-02    1.08e+00
  27  2.776663e+03    2.79e-04    3.71e+01   2.12e+00   1.02e+00  5.76e+08        1    3.86e-02    1.12e+00
  28  2.776663e+03    9.49e-05    9.02e+00   1.06e+00   1.16e+00  1.73e+09        1    3.95e-02    1.16e+00
  29  2.776663e+03    1.53e-05    2.03e+00   4.89e-01   1.32e+00  5.18e+09        1    3.79e-02    1.20e+00
  30  2.776663e+03    2.81e-06    1.81e+00   2.21e-01   1.42e+00  1.55e+10        1    3.94e-02    1.24e+00
  31  2.776663e+03    5.60e-07    1.78e+00   1.00e-01   1.44e+00  4.66e+10        1    3.92e-02    1.28e+00
  32  2.776663e+03    1.14e-07    1.05e+00   4.52e-02   1.45e+00  1.40e+11        1    3.89e-02    1.31e+00
  33  2.776663e+03    2.32e-08    2.40e-01   2.04e-02   1.45e+00  4.20e+11        1    3.95e-02    1.35e+00
  34  2.776663e+03    4.69e-09    5.50e-02   9.20e-03   1.44e+00  1.26e+12        1    3.89e-02    1.39e+00
I0826 03:17:54.385174    27 misc.cc:205] 
Bundle adjustment report
------------------------
I0826 03:17:54.385239    27 bundle_adjustment.cc:942] 
    Residuals : 29266
   Parameters : 14689
   Iterations : 35
         Time : 1.39642 [s]
 Initial cost : 0.309974 [px]
   Final cost : 0.308021 [px]
  Termination : Convergence

I0826 03:17:54.422921    27 incremental_mapper.cc:175] => Completed observations: 0
I0826 03:17:54.435096    27 incremental_mapper.cc:178] => Merged observations: 0
I0826 03:17:54.445045    27 incremental_mapper.cc:160] => Filtered observations: 10
I0826 03:17:54.445106    27 incremental_mapper.cc:119] => Changed observations: 0.000683
I0826 03:17:54.445127    27 misc.cc:198] 
==============================================================================
Global bundle adjustment
==============================================================================
iter      cost      cost_change  |gradient|   |step|    tr_ratio  tr_radius  ls_iter  iter_time  total_time
   0  2.767764e+03    0.00e+00    5.40e+02   0.00e+00   0.00e+00  1.00e+04        0    2.15e-02    7.49e-02
   1  2.767755e+03    9.37e-03    3.85e+00   2.31e-02   9.99e-01  3.00e+04        1    4.18e-02    1.17e-01
   2  2.767754e+03    7.94e-04    1.61e+00   5.54e-02   1.00e+00  9.00e+04        1    3.76e-02    1.54e-01
   3  2.767754e+03    8.93e-05    1.44e+00   1.30e-01   1.01e+00  2.70e+05        1    3.84e-02    1.93e-01
   4  2.767754e+03    8.29e-05    1.62e+00   2.17e-01   1.00e+00  8.10e+05        1    4.05e-02    2.34e-01
   5  2.767754e+03    2.14e-04    2.06e+00   4.29e-01   1.00e+00  2.43e+06        1    3.82e-02    2.72e-01
   6  2.767753e+03    5.70e-04    9.26e+00   9.71e-01   1.00e+00  7.29e+06        1    3.82e-02    3.10e-01
   7  2.767752e+03    1.30e-03    4.94e+01   2.35e+00   9.77e-01  2.19e+07        1    3.79e-02    3.48e-01
   8  2.767750e+03    1.34e-03    1.97e+02   4.76e+00   6.05e-01  2.21e+07        1    3.88e-02    3.87e-01
   9  2.767748e+03    2.05e-03    9.80e+01   3.45e+00   9.24e-01  5.68e+07        1    3.84e-02    4.26e-01
  10  2.767748e+03    6.62e-04    1.68e+02   4.46e+00   5.10e-01  5.68e+07        1    3.92e-02    4.65e-01
  11  2.767747e+03    1.15e-03    5.03e+01   2.51e+00   9.96e-01  1.71e+08        1    3.83e-02    5.03e-01
  12  2.767746e+03    2.47e-04    4.19e+01   2.25e+00   9.81e-01  5.12e+08        1    3.90e-02    5.42e-01
  13  2.767746e+03    1.09e-04    1.01e+01   1.12e+00   1.15e+00  1.53e+09        1    3.89e-02    5.81e-01
  14  2.767746e+03    1.69e-05    2.25e+00   5.16e-01   1.31e+00  4.60e+09        1    3.81e-02    6.20e-01
  15  2.767746e+03    3.01e-06    1.64e+00   2.31e-01   1.41e+00  1.38e+10        1    3.82e-02    6.58e-01
  16  2.767746e+03    5.85e-07    1.84e+00   1.03e-01   1.44e+00  4.14e+10        1    3.69e-02    6.95e-01
  17  2.767746e+03    1.16e-07    1.09e+00   4.60e-02   1.44e+00  1.24e+11        1    3.81e-02    7.33e-01
  18  2.767746e+03    2.30e-08    2.42e-01   2.05e-02   1.45e+00  3.73e+11        1    3.76e-02    7.71e-01
  19  2.767746e+03    4.57e-09    5.40e-02   9.16e-03   1.44e+00  1.12e+12        1    3.73e-02    8.08e-01
I0826 03:17:55.289862    27 misc.cc:205] 
Bundle adjustment report
------------------------
I0826 03:17:55.289927    27 bundle_adjustment.cc:942] 
    Residuals : 29206
   Parameters : 14659
   Iterations : 20
         Time : 0.811638 [s]
 Initial cost : 0.307842 [px]
   Final cost : 0.307841 [px]
  Termination : Convergence

I0826 03:17:55.326668    27 incremental_mapper.cc:175] => Completed observations: 0
I0826 03:17:55.338687    27 incremental_mapper.cc:178] => Merged observations: 0
I0826 03:17:55.348366    27 incremental_mapper.cc:160] => Filtered observations: 0
I0826 03:17:55.348412    27 incremental_mapper.cc:119] => Changed observations: 0.000000
I0826 03:17:55.348429    27 incremental_mapper.cc:167] => Filtered images: 0
I0826 03:17:55.482199    27 misc.cc:198] 
==============================================================================
Registering image #106 (5)
==============================================================================
I0826 03:17:55.482245    27 incremental_mapper.cc:495] => Image sees 3510 / 12300 points
I0826 03:17:56.005054    27 misc.cc:205] 
Pose refinement report
----------------------
I0826 03:17:56.005124    27 bundle_adjustment.cc:942] 
    Residuals : 6972
   Parameters : 8
   Iterations : 8
         Time : 0.0642722 [s]
 Initial cost : 0.751728 [px]
   Final cost : 0.313738 [px]
  Termination : Convergence

I0826 03:17:56.047657    27 incremental_mapper.cc:40] => Continued observations: 3484
I0826 03:17:56.094491    27 incremental_mapper.cc:43] => Added observations: 1555
I0826 03:17:57.580261    27 misc.cc:205] 
Bundle adjustment report
------------------------
I0826 03:17:57.580335    27 bundle_adjustment.cc:942] 
    Residuals : 39284
   Parameters : 16455
   Iterations : 26
         Time : 1.44355 [s]
 Initial cost : 0.314867 [px]
   Final cost : 0.287605 [px]
  Termination : No convergence

I0826 03:17:57.688337    27 incremental_mapper.cc:78] => Merged observations: 12
I0826 03:17:57.688395    27 incremental_mapper.cc:79] => Completed observations: 203
I0826 03:17:57.688398    27 incremental_mapper.cc:81] => Filtered observations: 78
I0826 03:17:57.688400    27 incremental_mapper.cc:90] => Changed observations: 0.014917
I0826 03:17:59.247362    27 misc.cc:205] 
Bundle adjustment report
------------------------
I0826 03:17:59.247437    27 bundle_adjustment.cc:942] 
    Residuals : 39498
   Parameters : 16509
   Iterations : 26
         Time : 1.51453 [s]
 Initial cost : 0.31538 [px]
   Final cost : 0.304741 [px]
  Termination : No convergence

I0826 03:17:59.348824    27 incremental_mapper.cc:78] => Merged observations: 0
I0826 03:17:59.348886    27 incremental_mapper.cc:79] => Completed observations: 28
I0826 03:17:59.348891    27 incremental_mapper.cc:81] => Filtered observations: 72
I0826 03:17:59.348893    27 incremental_mapper.cc:90] => Changed observations: 0.005064
I0826 03:17:59.349180    27 misc.cc:198] 
==============================================================================
Retriangulation
==============================================================================
I0826 03:17:59.364650    27 incremental_mapper.cc:175] => Completed observations: 1
I0826 03:17:59.378625    27 incremental_mapper.cc:178] => Merged observations: 0
I0826 03:17:59.378674    27 incremental_mapper.cc:105] => Retriangulated observations: 0
I0826 03:17:59.386129    27 misc.cc:198] 
==============================================================================
Global bundle adjustment
==============================================================================
iter      cost      cost_change  |gradient|   |step|    tr_ratio  tr_radius  ls_iter  iter_time  total_time
   0  3.640027e+03    0.00e+00    3.62e+03   0.00e+00   0.00e+00  1.00e+04        0    2.88e-02    9.90e-02
   1  3.618040e+03    2.20e+01    4.97e+01   5.87e-01   1.00e+00  3.00e+04        1    5.87e-02    1.58e-01
   2  3.617935e+03    1.05e-01    7.59e+00   4.15e-01   1.01e+00  9.00e+04        1    5.24e-02    2.10e-01
   3  3.617920e+03    1.47e-02    2.78e+00   6.77e-01   1.02e+00  2.70e+05        1    5.37e-02    2.64e-01
   4  3.617912e+03    8.28e-03    8.55e+00   5.54e-01   1.01e+00  8.10e+05        1    5.67e-02    3.21e-01
   5  3.617895e+03    1.66e-02    5.51e+01   7.93e-01   1.01e+00  2.43e+06        1    5.26e-02    3.74e-01
   6  3.617858e+03    3.77e-02    1.61e+02   4.89e+00   9.45e-01  7.29e+06        1    5.28e-02    4.26e-01
   7  3.617926e+03   -6.82e-02    1.61e+02   1.55e+01  -7.04e-01  3.64e+06        1    2.64e-02    4.53e-01
   8  3.617815e+03    4.25e-02    6.18e+02   8.15e+00   7.72e-01  4.35e+06        1    5.03e-02    5.03e-01
   9  3.617768e+03    4.73e-02    8.23e+02   9.30e+00   7.02e-01  4.65e+06        1    5.27e-02    5.56e-01
  10  3.617717e+03    5.14e-02    8.11e+02   9.26e+00   7.26e-01  5.13e+06        1    5.46e-02    6.11e-01
  11  3.617670e+03    4.64e-02    8.33e+02   9.40e+00   6.94e-01  5.45e+06        1    5.36e-02    6.65e-01
  12  3.617626e+03    4.46e-02    7.83e+02   9.15e+00   7.12e-01  5.89e+06        1    5.33e-02    7.18e-01
  13  3.617586e+03    3.92e-02    7.56e+02   9.00e+00   7.00e-01  6.29e+06        1    5.36e-02    7.72e-01
  14  3.617551e+03    3.55e-02    7.00e+02   8.69e+00   7.11e-01  6.81e+06        1    5.32e-02    8.25e-01
  15  3.617520e+03    3.07e-02    6.55e+02   8.43e+00   7.09e-01  7.34e+06        1    5.33e-02    8.78e-01
  16  3.617493e+03    2.67e-02    5.99e+02   8.07e+00   7.18e-01  8.01e+06        1    5.36e-02    9.32e-01
  17  3.617471e+03    2.26e-02    5.49e+02   7.74e+00   7.21e-01  8.76e+06        1    5.16e-02    9.84e-01
  18  3.617452e+03    1.90e-02    4.93e+02   7.36e+00   7.30e-01  9.71e+06        1    5.17e-02    1.04e+00
  19  3.617436e+03    1.56e-02    4.42e+02   6.98e+00   7.36e-01  1.08e+07        1    5.14e-02    1.09e+00
  20  3.617424e+03    1.27e-02    3.88e+02   6.55e+00   7.46e-01  1.23e+07        1    5.11e-02    1.14e+00
  21  3.617414e+03    9.95e-03    3.38e+02   6.13e+00   7.55e-01  1.42e+07        1    5.44e-02    1.19e+00
  22  3.617406e+03    7.64e-03    2.87e+02   5.66e+00   7.69e-01  1.68e+07        1    5.19e-02    1.24e+00
  23  3.617400e+03    5.63e-03    2.39e+02   5.17e+00   7.82e-01  2.05e+07        1    5.27e-02    1.30e+00
  24  3.617396e+03    3.97e-03    1.92e+02   4.64e+00   8.02e-01  2.63e+07        1    5.28e-02    1.35e+00
  25  3.617394e+03    2.62e-03    1.48e+02   4.09e+00   8.25e-01  3.62e+07        1    5.44e-02    1.40e+00
  26  3.617392e+03    1.58e-03    1.06e+02   3.46e+00   8.60e-01  5.79e+07        1    5.36e-02    1.46e+00
  27  3.617391e+03    8.25e-04    6.82e+01   2.78e+00   9.07e-01  1.25e+08        1    5.27e-02    1.51e+00
  28  3.617391e+03    3.43e-04    3.43e+01   1.99e+00   9.89e-01  3.76e+08        1    5.21e-02    1.56e+00
  29  3.617391e+03    8.95e-05    8.40e+00   9.86e-01   1.11e+00  1.13e+09        1    5.23e-02    1.62e+00
  30  3.617391e+03    1.04e-05    1.91e+00   3.42e-01   1.23e+00  3.39e+09        1    5.20e-02    1.67e+00
  31  3.617391e+03    1.08e-06    1.99e+00   1.20e-01   1.32e+00  1.02e+10        1    5.40e-02    1.72e+00
  32  3.617391e+03    1.28e-07    9.44e-01   4.09e-02   1.34e+00  3.05e+10        1    5.23e-02    1.77e+00
  33  3.617391e+03    1.53e-08    1.35e-01   1.42e-02   1.34e+00  9.14e+10        1    5.23e-02    1.83e+00
  34  3.617391e+03    1.82e-09    2.74e-02   4.86e-03   1.34e+00  2.74e+11        1    5.20e-02    1.88e+00
I0826 03:18:01.308318    27 misc.cc:205] 
Bundle adjustment report
------------------------
I0826 03:18:01.308379    27 bundle_adjustment.cc:942] 
    Residuals : 39042
   Parameters : 16305
   Iterations : 35
         Time : 1.88197 [s]
 Initial cost : 0.305342 [px]
   Final cost : 0.304391 [px]
  Termination : Convergence

I0826 03:18:01.350232    27 incremental_mapper.cc:175] => Completed observations: 0
I0826 03:18:01.365046    27 incremental_mapper.cc:178] => Merged observations: 0
I0826 03:18:01.376783    27 incremental_mapper.cc:160] => Filtered observations: 6
I0826 03:18:01.376838    27 incremental_mapper.cc:119] => Changed observations: 0.000307
I0826 03:18:01.376854    27 incremental_mapper.cc:167] => Filtered images: 0
I0826 03:18:01.481437    27 misc.cc:198] 
==============================================================================
Registering image #110 (6)
==============================================================================
I0826 03:18:01.481477    27 incremental_mapper.cc:495] => Image sees 3696 / 11671 points
I0826 03:18:02.040026    27 misc.cc:205] 
Pose refinement report
----------------------
I0826 03:18:02.040102    27 bundle_adjustment.cc:942] 
    Residuals : 7136
   Parameters : 8
   Iterations : 10
         Time : 0.0864701 [s]
 Initial cost : 0.761652 [px]
   Final cost : 0.467652 [px]
  Termination : Convergence

I0826 03:18:02.082767    27 incremental_mapper.cc:40] => Continued observations: 3557
I0826 03:18:02.172242    27 incremental_mapper.cc:43] => Added observations: 13335
I0826 03:18:07.028942    27 misc.cc:205] 
Bundle adjustment report
------------------------
I0826 03:18:07.029038    27 bundle_adjustment.cc:942] 
    Residuals : 72798
   Parameters : 27998
   Iterations : 26
         Time : 4.77998 [s]
 Initial cost : 0.508894 [px]
   Final cost : 0.454826 [px]
  Termination : No convergence

I0826 03:18:07.180682    27 incremental_mapper.cc:78] => Merged observations: 114
I0826 03:18:07.180729    27 incremental_mapper.cc:79] => Completed observations: 1223
I0826 03:18:07.180734    27 incremental_mapper.cc:81] => Filtered observations: 1078
I0826 03:18:07.180737    27 incremental_mapper.cc:90] => Changed observations: 0.066348
I0826 03:18:12.019886    27 misc.cc:205] 
Bundle adjustment report
------------------------
I0826 03:18:12.019961    27 bundle_adjustment.cc:942] 
    Residuals : 72206
   Parameters : 27425
   Iterations : 26
         Time : 4.75958 [s]
 Initial cost : 0.378381 [px]
   Final cost : 0.358548 [px]
  Termination : No convergence

I0826 03:18:12.156550    27 incremental_mapper.cc:78] => Merged observations: 13
I0826 03:18:12.156598    27 incremental_mapper.cc:79] => Completed observations: 240
I0826 03:18:12.156603    27 incremental_mapper.cc:81] => Filtered observations: 78
I0826 03:18:12.156605    27 incremental_mapper.cc:90] => Changed observations: 0.009168
I0826 03:18:12.158140    27 misc.cc:198] 
==============================================================================
Retriangulation
==============================================================================
I0826 03:18:12.182751    27 incremental_mapper.cc:175] => Completed observations: 3
I0826 03:18:12.205708    27 incremental_mapper.cc:178] => Merged observations: 0
I0826 03:18:12.205785    27 incremental_mapper.cc:105] => Retriangulated observations: 0
I0826 03:18:12.213248    27 misc.cc:198] 
==============================================================================
Global bundle adjustment
==============================================================================
iter      cost      cost_change  |gradient|   |step|    tr_ratio  tr_radius  ls_iter  iter_time  total_time
   0  9.956356e+03    0.00e+00    1.97e+04   0.00e+00   0.00e+00  1.00e+04        0    1.82e-02    1.63e-01
   1  9.804016e+03    1.52e+02    6.09e+01   3.19e+00   1.00e+00  3.00e+04        1    1.70e-01    3.33e-01
   2  9.803623e+03    3.93e-01    2.41e+01   6.16e+00   9.92e-01  9.00e+04        1    1.31e-01    4.64e-01
   3  9.803436e+03    1.87e-01    5.26e+01   7.25e+00   9.90e-01  2.70e+05        1    1.83e-01    6.47e-01
   4  9.803210e+03    2.26e-01    3.96e+02   7.12e+00   9.88e-01  8.10e+05        1    1.86e-01    8.33e-01
   5  9.802758e+03    4.52e-01    2.49e+03   1.28e+01   8.75e-01  1.40e+06        1    1.99e-01    1.03e+00
   6  9.802308e+03    4.50e-01    4.23e+03   1.66e+01   7.00e-01  1.50e+06        1    1.15e-01    1.15e+00
   7  9.801833e+03    4.75e-01    2.69e+03   1.35e+01   8.50e-01  2.28e+06        1    1.84e-01    1.33e+00
   8  9.801567e+03    2.66e-01    2.99e+03   1.43e+01   7.16e-01  2.48e+06        1    2.00e-01    1.53e+00
   9  9.801352e+03    2.15e-01    1.53e+03   1.03e+01   8.82e-01  4.48e+06        1    1.18e-01    1.65e+00
  10  9.801267e+03    8.52e-02    1.45e+03   1.00e+01   7.64e-01  5.25e+06        1    1.85e-01    1.83e+00
  11  9.801222e+03    4.49e-02    4.30e+02   5.52e+00   9.46e-01  1.58e+07        1    1.98e-01    2.03e+00
  12  9.801214e+03    8.01e-03    2.35e+02   4.07e+00   8.92e-01  3.04e+07        1    1.17e-01    2.15e+00
  13  9.801213e+03    9.84e-04    8.59e+00   7.93e-01   1.02e+00  9.12e+07        1    1.89e-01    2.34e+00
  14  9.801213e+03    1.04e-05    1.82e+00   1.48e-01   1.06e+00  2.74e+08        1    1.93e-01    2.53e+00
  15  9.801213e+03    2.26e-07    1.20e-01   2.88e-03   1.06e+00  8.21e+08        1    1.24e-01    2.65e+00
  16  9.801213e+03    7.62e-09    2.80e-02   5.36e-03   8.88e-01  1.54e+09        1    1.91e-01    2.85e+00
I0826 03:18:15.138139    27 misc.cc:205] 
Bundle adjustment report
------------------------
I0826 03:18:15.138219    27 bundle_adjustment.cc:942] 
    Residuals : 72262
   Parameters : 27389
   Iterations : 17
         Time : 2.85162 [s]
 Initial cost : 0.371189 [px]
   Final cost : 0.368286 [px]
  Termination : Convergence

I0826 03:18:15.216708    27 incremental_mapper.cc:175] => Completed observations: 1
I0826 03:18:15.242393    27 incremental_mapper.cc:178] => Merged observations: 0
I0826 03:18:15.257658    27 incremental_mapper.cc:160] => Filtered observations: 46
I0826 03:18:15.257706    27 incremental_mapper.cc:119] => Changed observations: 0.001301
I0826 03:18:15.257726    27 misc.cc:198] 
==============================================================================
Global bundle adjustment
==============================================================================
iter      cost      cost_change  |gradient|   |step|    tr_ratio  tr_radius  ls_iter  iter_time  total_time
   0  9.431652e+03    0.00e+00    1.92e+04   0.00e+00   0.00e+00  1.00e+04        0    1.77e-02    1.58e-01
   1  9.427103e+03    4.55e+00    5.05e+01   8.68e-01   1.00e+00  3.00e+04        1    1.36e-01    2.95e-01
   2  9.427021e+03    8.18e-02    3.02e+01   9.08e-01   1.02e+00  9.00e+04        1    1.92e-01    4.86e-01
   3  9.426963e+03    5.83e-02    1.22e+02   1.64e+00   1.00e+00  2.70e+05        1    1.17e-01    6.03e-01
   4  9.426872e+03    9.09e-02    5.51e+02   4.89e+00   9.88e-01  8.10e+05        1    1.92e-01    7.95e-01
   5  9.426794e+03    7.83e-02    1.17e+03   7.71e+00   9.32e-01  2.27e+06        1    1.91e-01    9.86e-01
   6  9.426765e+03    2.87e-02    6.64e+02   5.76e+00   9.45e-01  6.82e+06        1    1.21e-01    1.11e+00
   7  9.426761e+03    3.88e-03    1.07e+02   2.22e+00   9.96e-01  2.05e+07        1    1.88e-01    1.30e+00
   8  9.426761e+03    1.17e-04    6.11e+00   5.19e-01   1.01e+00  6.14e+07        1    1.90e-01    1.49e+00
   9  9.426761e+03    2.31e-06    1.21e+00   7.02e-02   1.09e+00  1.84e+08        1    1.17e-01    1.60e+00
  10  9.426761e+03    5.08e-08    5.60e-02   8.41e-03   1.14e+00  5.52e+08        1    1.92e-01    1.80e+00
I0826 03:18:17.134629    27 misc.cc:205] 
Bundle adjustment report
------------------------
I0826 03:18:17.134795    27 bundle_adjustment.cc:942] 
    Residuals : 72070
   Parameters : 27320
   Iterations : 11
         Time : 1.80259 [s]
 Initial cost : 0.361757 [px]
   Final cost : 0.361663 [px]
  Termination : Convergence

I0826 03:18:17.208814    27 incremental_mapper.cc:175] => Completed observations: 1
I0826 03:18:17.235762    27 incremental_mapper.cc:178] => Merged observations: 0
I0826 03:18:17.250984    27 incremental_mapper.cc:160] => Filtered observations: 3
I0826 03:18:17.251049    27 incremental_mapper.cc:119] => Changed observations: 0.000111
I0826 03:18:17.251070    27 incremental_mapper.cc:167] => Filtered images: 0
I0826 03:18:17.391105    27 misc.cc:198] 
==============================================================================
Registering image #111 (7)
==============================================================================
I0826 03:18:17.391155    27 incremental_mapper.cc:495] => Image sees 5772 / 11358 points
I0826 03:18:18.882323    27 misc.cc:205] 
Pose refinement report
----------------------
I0826 03:18:18.882604    27 bundle_adjustment.cc:942] 
    Residuals : 11376
   Parameters : 8
   Iterations : 13
         Time : 0.155715 [s]
 Initial cost : 0.849313 [px]
   Final cost : 0.539525 [px]
  Termination : Convergence

I0826 03:18:18.958971    27 incremental_mapper.cc:40] => Continued observations: 5670
I0826 03:18:19.014253    27 incremental_mapper.cc:43] => Added observations: 8091
I0826 03:18:24.824132    27 misc.cc:205] 
Bundle adjustment report
------------------------
I0826 03:18:24.824209    27 bundle_adjustment.cc:942] 
    Residuals : 98102
   Parameters : 33152
   Iterations : 26
         Time : 5.70476 [s]
 Initial cost : 0.689062 [px]
   Final cost : 0.656632 [px]
  Termination : No convergence

I0826 03:18:24.992547    27 incremental_mapper.cc:78] => Merged observations: 148
I0826 03:18:24.992604    27 incremental_mapper.cc:79] => Completed observations: 563
I0826 03:18:24.992609    27 incremental_mapper.cc:81] => Filtered observations: 2534
I0826 03:18:24.992611    27 incremental_mapper.cc:90] => Changed observations: 0.066156
I0826 03:18:26.050799    27 misc.cc:205] 
Bundle adjustment report
------------------------
I0826 03:18:26.050879    27 bundle_adjustment.cc:942] 
    Residuals : 93448
   Parameters : 31079
   Iterations : 5
         Time : 0.956176 [s]
 Initial cost : 0.449834 [px]
   Final cost : 0.42176 [px]
  Termination : Convergence

I0826 03:18:26.252687    27 incremental_mapper.cc:78] => Merged observations: 7
I0826 03:18:26.252730    27 incremental_mapper.cc:79] => Completed observations: 326
I0826 03:18:26.252735    27 incremental_mapper.cc:81] => Filtered observations: 115
I0826 03:18:26.252737    27 incremental_mapper.cc:90] => Changed observations: 0.009588
I0826 03:18:26.253690    27 misc.cc:198] 
==============================================================================
Retriangulation
==============================================================================
I0826 03:18:26.284452    27 incremental_mapper.cc:175] => Completed observations: 4
I0826 03:18:26.312060    27 incremental_mapper.cc:178] => Merged observations: 0
I0826 03:18:26.312109    27 incremental_mapper.cc:105] => Retriangulated observations: 0
I0826 03:18:26.319370    27 misc.cc:198] 
==============================================================================
Global bundle adjustment
==============================================================================
iter      cost      cost_change  |gradient|   |step|    tr_ratio  tr_radius  ls_iter  iter_time  total_time
   0  1.733334e+04    0.00e+00    1.69e+04   0.00e+00   0.00e+00  1.00e+04        0    2.19e-02    2.12e-01
   1  1.720480e+04    1.29e+02    2.99e+02   2.59e+01   1.00e+00  3.00e+04        1    2.11e-01    4.23e-01
   2  1.719210e+04    1.27e+01    5.28e+02   4.37e+01   9.94e-01  9.00e+04        1    2.06e-01    6.30e-01
   3  1.718634e+04    5.76e+00    7.47e+02   4.16e+01   9.83e-01  2.70e+05        1    2.78e-01    9.07e-01
   4  1.718567e+04    6.71e-01    2.95e+02   1.69e+01   9.85e-01  8.10e+05        1    2.01e-01    1.11e+00
   5  1.718557e+04    9.25e-02    1.93e+02   3.77e+00   9.98e-01  2.43e+06        1    1.98e-01    1.31e+00
   6  1.718553e+04    3.89e-02    2.25e+02   1.33e+00   9.80e-01  7.29e+06        1    2.11e-01    1.52e+00
   7  1.718553e+04    7.26e-03    3.22e+01   1.63e+00   9.72e-01  2.19e+07        1    2.04e-01    1.72e+00
   8  1.718553e+04    3.31e-04    3.30e+00   4.24e-01   1.02e+00  6.56e+07        1    2.12e-01    1.93e+00
   9  1.718553e+04    4.12e-06    7.58e-01   4.10e-02   1.10e+00  1.97e+08        1    2.72e-01    2.21e+00
  10  1.718553e+04    7.27e-08    6.32e-02   5.45e-03   1.14e+00  5.90e+08        1    2.00e-01    2.41e+00
I0826 03:18:28.828490    27 misc.cc:205] 
Bundle adjustment report
------------------------
I0826 03:18:28.828575    27 bundle_adjustment.cc:942] 
    Residuals : 95104
   Parameters : 33409
   Iterations : 11
         Time : 2.41194 [s]
 Initial cost : 0.426915 [px]
   Final cost : 0.425091 [px]
  Termination : Convergence

I0826 03:18:28.921316    27 incremental_mapper.cc:175] => Completed observations: 3
I0826 03:18:28.951113    27 incremental_mapper.cc:178] => Merged observations: 0
I0826 03:18:28.970213    27 incremental_mapper.cc:160] => Filtered observations: 34
I0826 03:18:28.970271    27 incremental_mapper.cc:119] => Changed observations: 0.000778
I0826 03:18:28.970290    27 misc.cc:198] 
==============================================================================
Global bundle adjustment
==============================================================================
iter      cost      cost_change  |gradient|   |step|    tr_ratio  tr_radius  ls_iter  iter_time  total_time
   0  1.691899e+04    0.00e+00    9.72e+03   0.00e+00   0.00e+00  1.00e+04        0    2.67e-02    2.18e-01
   1  1.690125e+04    1.77e+01    2.36e+01   9.50e-01   1.00e+00  3.00e+04        1    2.38e-01    4.55e-01
   2  1.690119e+04    5.64e-02    7.69e+00   1.67e+00   1.01e+00  9.00e+04        1    2.01e-01    6.57e-01
   3  1.690116e+04    3.78e-02    2.69e+01   1.38e+00   9.98e-01  2.70e+05        1    2.04e-01    8.61e-01
   4  1.690111e+04    4.46e-02    1.11e+02   1.95e+00   1.00e+00  8.10e+05        1    2.19e-01    1.08e+00
   5  1.690107e+04    3.72e-02    1.25e+02   2.67e+00   1.00e+00  2.43e+06        1    2.78e-01    1.36e+00
   6  1.690106e+04    1.16e-02    4.92e+01   1.15e+00   1.00e+00  7.29e+06        1    1.99e-01    1.56e+00
   7  1.690106e+04    1.26e-03    6.88e+00   3.98e-01   9.89e-01  2.19e+07        1    2.03e-01    1.76e+00
   8  1.690106e+04    3.97e-05    2.00e+00   1.22e-01   1.02e+00  6.56e+07        1    1.98e-01    1.96e+00
   9  1.690106e+04    4.31e-07    1.53e-01   1.22e-02   1.10e+00  1.97e+08        1    2.15e-01    2.17e+00
  10  1.690106e+04    7.13e-09    1.78e-02   1.59e-03   1.15e+00  5.90e+08        1    2.08e-01    2.38e+00
I0826 03:18:31.453935    27 misc.cc:205] 
Bundle adjustment report
------------------------
I0826 03:18:31.454006    27 bundle_adjustment.cc:942] 
    Residuals : 94976
   Parameters : 33358
   Iterations : 11
         Time : 2.3877 [s]
 Initial cost : 0.422066 [px]
   Final cost : 0.421842 [px]
  Termination : Convergence

I0826 03:18:31.599141    27 incremental_mapper.cc:175] => Completed observations: 1
I0826 03:18:31.631570    27 incremental_mapper.cc:178] => Merged observations: 0
I0826 03:18:31.656265    27 incremental_mapper.cc:160] => Filtered observations: 3
I0826 03:18:31.656347    27 incremental_mapper.cc:119] => Changed observations: 0.000084
I0826 03:18:31.656374    27 incremental_mapper.cc:167] => Filtered images: 0
I0826 03:18:31.789558    27 misc.cc:198] 
==============================================================================
Registering image #107 (8)
==============================================================================
I0826 03:18:31.789637    27 incremental_mapper.cc:495] => Image sees 6973 / 11960 points
I0826 03:18:33.524256    27 misc.cc:205] 
Pose refinement report
----------------------
I0826 03:18:33.524338    27 bundle_adjustment.cc:942] 
    Residuals : 10970
   Parameters : 8
   Iterations : 9
         Time : 0.104176 [s]
 Initial cost : 0.890169 [px]
   Final cost : 0.327863 [px]
  Termination : Convergence

I0826 03:18:33.581764    27 incremental_mapper.cc:40] => Continued observations: 5451
I0826 03:18:33.640107    27 incremental_mapper.cc:43] => Added observations: 5344
I0826 03:18:38.922842    27 misc.cc:205] 
Bundle adjustment report
------------------------
I0826 03:18:38.922902    27 bundle_adjustment.cc:942] 
    Residuals : 108828
   Parameters : 27785
   Iterations : 26
         Time : 5.17122 [s]
 Initial cost : 0.594111 [px]
   Final cost : 0.572197 [px]
  Termination : No convergence

I0826 03:18:39.118551    27 incremental_mapper.cc:78] => Merged observations: 344
I0826 03:18:39.118602    27 incremental_mapper.cc:79] => Completed observations: 265
I0826 03:18:39.118605    27 incremental_mapper.cc:81] => Filtered observations: 2214
I0826 03:18:39.118607    27 incremental_mapper.cc:90] => Changed observations: 0.051880
I0826 03:18:39.925751    27 misc.cc:205] 
Bundle adjustment report
------------------------
I0826 03:18:39.925822    27 bundle_adjustment.cc:942] 
    Residuals : 102694
   Parameters : 25109
   Iterations : 4
         Time : 0.701705 [s]
 Initial cost : 0.435377 [px]
   Final cost : 0.42456 [px]
  Termination : Convergence

I0826 03:18:40.125669    27 incremental_mapper.cc:78] => Merged observations: 0
I0826 03:18:40.125713    27 incremental_mapper.cc:79] => Completed observations: 543
I0826 03:18:40.125718    27 incremental_mapper.cc:81] => Filtered observations: 147
I0826 03:18:40.125720    27 incremental_mapper.cc:90] => Changed observations: 0.013438
I0826 03:18:40.126835    27 misc.cc:198] 
==============================================================================
Retriangulation
==============================================================================
I0826 03:18:40.161890    27 incremental_mapper.cc:175] => Completed observations: 2
I0826 03:18:40.198417    27 incremental_mapper.cc:178] => Merged observations: 0
I0826 03:18:40.198489    27 incremental_mapper.cc:105] => Retriangulated observations: 0
I0826 03:18:40.206447    27 misc.cc:198] 
==============================================================================
Global bundle adjustment
==============================================================================
iter      cost      cost_change  |gradient|   |step|    tr_ratio  tr_radius  ls_iter  iter_time  total_time
   0  2.059616e+04    0.00e+00    3.61e+04   0.00e+00   0.00e+00  1.00e+04        0    4.20e-02    2.61e-01
   1  2.039889e+04    1.97e+02    3.99e+02   2.34e+00   1.00e+00  3.00e+04        1    2.47e-01    5.08e-01
   2  2.039756e+04    1.33e+00    5.44e+01   3.37e+00   1.01e+00  9.00e+04        1    2.93e-01    8.01e-01
   3  2.039750e+04    6.16e-02    2.22e+01   3.16e+00   1.00e+00  2.70e+05        1    2.21e-01    1.02e+00
   4  2.039748e+04    1.97e-02    9.27e+01   2.69e+00   9.92e-01  8.10e+05        1    2.84e-01    1.31e+00
   5  2.039746e+04    2.66e-02    3.10e+02   3.65e+00   9.68e-01  2.43e+06        1    2.11e-01    1.52e+00
   6  2.039743e+04    2.13e-02    4.27e+02   4.26e+00   9.22e-01  6.06e+06        1    2.89e-01    1.81e+00
   7  2.039743e+04    6.73e-03    1.40e+02   2.47e+00   9.58e-01  1.82e+07        1    2.14e-01    2.02e+00
   8  2.039743e+04    5.42e-04    1.07e+01   6.83e-01   1.01e+00  5.46e+07        1    2.86e-01    2.31e+00
   9  2.039743e+04    8.28e-06    1.09e+00   6.27e-02   1.09e+00  1.64e+08        1    2.11e-01    2.52e+00
  10  2.039743e+04    1.42e-07    1.04e-01   9.83e-03   1.11e+00  4.91e+08        1    2.89e-01    2.81e+00
  11  2.039743e+04    3.77e-09    2.44e-02   1.61e-04   1.07e+00  1.47e+09        1    2.14e-01    3.02e+00
I0826 03:18:43.344813    27 misc.cc:205] 
Bundle adjustment report
------------------------
I0826 03:18:43.344893    27 bundle_adjustment.cc:942] 
    Residuals : 111708
   Parameters : 34662
   Iterations : 12
         Time : 3.02865 [s]
 Initial cost : 0.429389 [px]
   Final cost : 0.427312 [px]
  Termination : Convergence

I0826 03:18:43.468770    27 incremental_mapper.cc:175] => Completed observations: 4
I0826 03:18:43.501317    27 incremental_mapper.cc:178] => Merged observations: 0
I0826 03:18:43.519894    27 incremental_mapper.cc:160] => Filtered observations: 57
I0826 03:18:43.519955    27 incremental_mapper.cc:119] => Changed observations: 0.001092
I0826 03:18:43.519976    27 misc.cc:198] 
==============================================================================
Global bundle adjustment
==============================================================================
iter      cost      cost_change  |gradient|   |step|    tr_ratio  tr_radius  ls_iter  iter_time  total_time
   0  1.994174e+04    0.00e+00    2.52e+04   0.00e+00   0.00e+00  1.00e+04        0    2.94e-02    2.52e-01
   1  1.992555e+04    1.62e+01    6.12e+01   6.59e-01   1.00e+00  3.00e+04        1    2.42e-01    4.95e-01
   2  1.992550e+04    5.40e-02    2.32e+01   1.41e+00   1.02e+00  9.00e+04        1    2.17e-01    7.12e-01
   3  1.992545e+04    5.19e-02    9.51e+01   2.47e+00   1.00e+00  2.70e+05        1    2.83e-01    9.95e-01
   4  1.992536e+04    8.49e-02    3.87e+02   4.14e+00   9.95e-01  8.10e+05        1    2.91e-01    1.29e+00
   5  1.992529e+04    7.19e-02    7.89e+02   5.66e+00   9.70e-01  2.43e+06        1    2.17e-01    1.50e+00
   6  1.992527e+04    2.26e-02    4.73e+02   4.25e+00   9.71e-01  7.29e+06        1    2.90e-01    1.79e+00
   7  1.992526e+04    2.47e-03    6.83e+01   1.52e+00   1.01e+00  2.19e+07        1    2.15e-01    2.01e+00
   8  1.992526e+04    5.68e-05    2.67e+00   2.52e-01   1.04e+00  6.56e+07        1    2.87e-01    2.30e+00
   9  1.992526e+04    6.74e-07    5.11e-01   2.31e-02   1.12e+00  1.97e+08        1    2.14e-01    2.51e+00
  10  1.992526e+04    1.39e-08    4.29e-02   2.74e-03   1.14e+00  5.90e+08        1    2.85e-01    2.80e+00
I0826 03:18:46.431766    27 misc.cc:205] 
Bundle adjustment report
------------------------
I0826 03:18:46.431847    27 bundle_adjustment.cc:942] 
    Residuals : 111468
   Parameters : 34575
   Iterations : 11
         Time : 2.80443 [s]
 Initial cost : 0.422967 [px]
   Final cost : 0.422792 [px]
  Termination : Convergence

I0826 03:18:46.535567    27 incremental_mapper.cc:175] => Completed observations: 0
I0826 03:18:46.567982    27 incremental_mapper.cc:178] => Merged observations: 0
I0826 03:18:46.586900    27 incremental_mapper.cc:160] => Filtered observations: 4
I0826 03:18:46.586952    27 incremental_mapper.cc:119] => Changed observations: 0.000072
I0826 03:18:46.586971    27 incremental_mapper.cc:167] => Filtered images: 0
I0826 03:18:46.697781    27 misc.cc:198] 
==============================================================================
Registering image #102 (9)
==============================================================================
I0826 03:18:46.697825    27 incremental_mapper.cc:495] => Image sees 6885 / 11686 points
I0826 03:18:48.243391    27 misc.cc:205] 
Pose refinement report
----------------------
I0826 03:18:48.243461    27 bundle_adjustment.cc:942] 
    Residuals : 12896
   Parameters : 8
   Iterations : 11
         Time : 0.193142 [s]
 Initial cost : 0.903276 [px]
   Final cost : 0.420144 [px]
  Termination : Convergence

I0826 03:18:48.312561    27 incremental_mapper.cc:40] => Continued observations: 6409
I0826 03:18:48.370827    27 incremental_mapper.cc:43] => Added observations: 5063
I0826 03:18:54.023897    27 misc.cc:205] 
Bundle adjustment report
------------------------
I0826 03:18:54.023972    27 bundle_adjustment.cc:942] 
    Residuals : 121750
   Parameters : 27050
   Iterations : 26
         Time : 5.53745 [s]
 Initial cost : 0.573633 [px]
   Final cost : 0.547891 [px]
  Termination : No convergence

I0826 03:18:54.245790    27 incremental_mapper.cc:78] => Merged observations: 229
I0826 03:18:54.245836    27 incremental_mapper.cc:79] => Completed observations: 376
I0826 03:18:54.245841    27 incremental_mapper.cc:81] => Filtered observations: 2049
I0826 03:18:54.245843    27 incremental_mapper.cc:90] => Changed observations: 0.043598
I0826 03:18:55.143024    27 misc.cc:205] 
Bundle adjustment report
------------------------
I0826 03:18:55.143098    27 bundle_adjustment.cc:942] 
    Residuals : 116152
   Parameters : 25295
   Iterations : 4
         Time : 0.776347 [s]
 Initial cost : 0.446111 [px]
   Final cost : 0.43669 [px]
  Termination : Convergence

I0826 03:18:55.391227    27 incremental_mapper.cc:78] => Merged observations: 9
I0826 03:18:55.391278    27 incremental_mapper.cc:79] => Completed observations: 757
I0826 03:18:55.391283    27 incremental_mapper.cc:81] => Filtered observations: 123
I0826 03:18:55.391285    27 incremental_mapper.cc:90] => Changed observations: 0.015308
I0826 03:18:55.392167    27 misc.cc:198] 
==============================================================================
Retriangulation
==============================================================================
I0826 03:18:55.429246    27 incremental_mapper.cc:175] => Completed observations: 5
I0826 03:18:55.464092    27 incremental_mapper.cc:178] => Merged observations: 0
I0826 03:18:55.464152    27 incremental_mapper.cc:105] => Retriangulated observations: 0
I0826 03:18:55.471340    27 misc.cc:198] 
==============================================================================
Global bundle adjustment
==============================================================================
iter      cost      cost_change  |gradient|   |step|    tr_ratio  tr_radius  ls_iter  iter_time  total_time
   0  2.545824e+04    0.00e+00    3.44e+04   0.00e+00   0.00e+00  1.00e+04        0    5.35e-02    3.21e-01
   1  2.524439e+04    2.14e+02    3.81e+02   2.75e+00   9.99e-01  3.00e+04        1    3.09e-01    6.30e-01
   2  2.524129e+04    3.10e+00    4.25e+02   3.37e+00   1.01e+00  9.00e+04        1    3.02e-01    9.32e-01
   3  2.523933e+04    1.96e+00    3.68e+02   3.55e+00   1.00e+00  2.70e+05        1    2.99e-01    1.23e+00
   4  2.523563e+04    3.70e+00    3.07e+03   5.56e+00   9.68e-01  8.10e+05        1    2.99e-01    1.53e+00
   5  2.523104e+04    4.59e+00    8.60e+03   1.32e+01   8.23e-01  1.11e+06        1    2.98e-01    1.83e+00
   6  2.522769e+04    3.36e+00    3.90e+03   1.68e+01   8.72e-01  1.89e+06        1    2.99e-01    2.13e+00
   7  2.522641e+04    1.27e+00    7.53e+03   1.98e+01   6.45e-01  1.94e+06        1    2.96e-01    2.42e+00
   8  2.522542e+04    9.97e-01    2.99e+03   1.17e+01   9.17e-01  4.63e+06        1    3.02e-01    2.72e+00
   9  2.522523e+04    1.85e-01    2.19e+03   9.87e+00   7.97e-01  5.85e+06        1    2.98e-01    3.02e+00
  10  2.522518e+04    5.53e-02    2.30e+02   3.11e+00   9.91e-01  1.76e+07        1    2.95e-01    3.32e+00
  11  2.522518e+04    1.45e-03    2.56e+01   1.06e+00   9.84e-01  5.27e+07        1    2.22e-01    3.54e+00
  12  2.522518e+04    2.32e-05    1.65e+00   7.36e-02   1.04e+00  1.58e+08        1    2.94e-01    3.83e+00
  13  2.522518e+04    3.33e-07    2.86e-01   1.79e-02   9.62e-01  4.74e+08        1    3.07e-01    4.14e+00
  14  2.522518e+04    1.28e-08    6.78e-02   1.76e-03   8.25e-01  6.55e+08        1    2.91e-01    4.43e+00
I0826 03:19:00.042541    27 misc.cc:205] 
Bundle adjustment report
------------------------
I0826 03:19:00.042639    27 bundle_adjustment.cc:942] 
    Residuals : 129612
   Parameters : 36455
   Iterations : 15
         Time : 4.44326 [s]
 Initial cost : 0.443192 [px]
   Final cost : 0.441158 [px]
  Termination : Convergence

I0826 03:19:00.172783    27 incremental_mapper.cc:175] => Completed observations: 2
I0826 03:19:00.207873    27 incremental_mapper.cc:178] => Merged observations: 8
I0826 03:19:00.227919    27 incremental_mapper.cc:160] => Filtered observations: 84
I0826 03:19:00.227975    27 incremental_mapper.cc:119] => Changed observations: 0.001450
I0826 03:19:00.227995    27 misc.cc:198] 
==============================================================================
Global bundle adjustment
==============================================================================
iter      cost      cost_change  |gradient|   |step|    tr_ratio  tr_radius  ls_iter  iter_time  total_time
   0  2.454633e+04    0.00e+00    1.70e+04   0.00e+00   0.00e+00  1.00e+04        0    7.65e-02    3.65e-01
   1  2.453182e+04    1.45e+01    9.72e+01   7.25e-01   1.00e+00  3.00e+04        1    3.00e-01    6.65e-01
   2  2.453163e+04    1.96e-01    2.78e+01   7.93e-01   1.01e+00  9.00e+04        1    2.24e-01    8.89e-01
   3  2.453151e+04    1.13e-01    8.05e+01   2.14e+00   1.00e+00  2.70e+05        1    3.04e-01    1.19e+00
   4  2.453132e+04    1.99e-01    2.79e+02   4.19e+00   9.98e-01  8.10e+05        1    2.85e-01    1.48e+00
   5  2.453112e+04    1.91e-01    2.36e+02   5.14e+00   9.91e-01  2.43e+06        1    2.99e-01    1.78e+00
   6  2.453105e+04    7.25e-02    2.91e+02   2.31e+00   9.81e-01  7.29e+06        1    2.94e-01    2.07e+00
   7  2.453104e+04    1.04e-02    3.94e+01   1.27e+00   9.78e-01  2.19e+07        1    2.98e-01    2.37e+00
   8  2.453104e+04    3.90e-04    3.47e+00   4.23e-01   1.01e+00  6.56e+07        1    2.99e-01    2.67e+00
   9  2.453104e+04    3.97e-06    7.15e-01   3.92e-02   1.08e+00  1.97e+08        1    3.01e-01    2.97e+00
  10  2.453104e+04    5.42e-08    8.63e-02   4.70e-03   1.13e+00  5.90e+08        1    2.99e-01    3.27e+00
I0826 03:19:03.636130    27 misc.cc:205] 
Bundle adjustment report
------------------------
I0826 03:19:03.636210    27 bundle_adjustment.cc:942] 
    Residuals : 129144
   Parameters : 36314
   Iterations : 11
         Time : 3.28028 [s]
 Initial cost : 0.43597 [px]
   Final cost : 0.435834 [px]
  Termination : Convergence

I0826 03:19:03.753893    27 incremental_mapper.cc:175] => Completed observations: 2
I0826 03:19:03.790040    27 incremental_mapper.cc:178] => Merged observations: 0
I0826 03:19:03.808320    27 incremental_mapper.cc:160] => Filtered observations: 11
I0826 03:19:03.808378    27 incremental_mapper.cc:119] => Changed observations: 0.000201
I0826 03:19:03.808395    27 incremental_mapper.cc:167] => Filtered images: 0
I0826 03:19:03.911473    27 misc.cc:198] 
==============================================================================
Registering image #101 (10)
==============================================================================
I0826 03:19:03.911527    27 incremental_mapper.cc:495] => Image sees 6863 / 11223 points
I0826 03:19:05.751075    27 misc.cc:205] 
Pose refinement report
----------------------
I0826 03:19:05.751137    27 bundle_adjustment.cc:942] 
    Residuals : 10376
   Parameters : 8
   Iterations : 16
         Time : 0.202164 [s]
 Initial cost : 0.776703 [px]
   Final cost : 0.470021 [px]
  Termination : Convergence

I0826 03:19:05.820945    27 incremental_mapper.cc:40] => Continued observations: 5159
I0826 03:19:05.895984    27 incremental_mapper.cc:43] => Added observations: 6927
I0826 03:19:11.734416    27 misc.cc:205] 
Bundle adjustment report
------------------------
I0826 03:19:11.734515    27 bundle_adjustment.cc:942] 
    Residuals : 135886
   Parameters : 26360
   Iterations : 26
         Time : 5.70431 [s]
 Initial cost : 0.709807 [px]
   Final cost : 0.637884 [px]
  Termination : No convergence

I0826 03:19:12.029366    27 incremental_mapper.cc:78] => Merged observations: 211
I0826 03:19:12.029422    27 incremental_mapper.cc:79] => Completed observations: 576
I0826 03:19:12.029428    27 incremental_mapper.cc:81] => Filtered observations: 3530
I0826 03:19:12.029429    27 incremental_mapper.cc:90] => Changed observations: 0.063539
I0826 03:19:13.122871    27 misc.cc:205] 
Bundle adjustment report
------------------------
I0826 03:19:13.122937    27 bundle_adjustment.cc:942] 
    Residuals : 124120
   Parameters : 23867
   Iterations : 5
         Time : 0.973369 [s]
 Initial cost : 0.511395 [px]
   Final cost : 0.495029 [px]
  Termination : Convergence

I0826 03:19:13.346321    27 incremental_mapper.cc:78] => Merged observations: 5
I0826 03:19:13.346379    27 incremental_mapper.cc:79] => Completed observations: 1050
I0826 03:19:13.346383    27 incremental_mapper.cc:81] => Filtered observations: 184
I0826 03:19:13.346385    27 incremental_mapper.cc:90] => Changed observations: 0.019965
I0826 03:19:13.347322    27 misc.cc:198] 
==============================================================================
Retriangulation
==============================================================================
I0826 03:19:13.389474    27 incremental_mapper.cc:175] => Completed observations: 34
I0826 03:19:13.427668    27 incremental_mapper.cc:178] => Merged observations: 21
I0826 03:19:13.427723    27 incremental_mapper.cc:105] => Retriangulated observations: 0
I0826 03:19:13.435971    27 misc.cc:198] 
==============================================================================
Global bundle adjustment
==============================================================================
iter      cost      cost_change  |gradient|   |step|    tr_ratio  tr_radius  ls_iter  iter_time  total_time
   0  3.487928e+04    0.00e+00    9.39e+04   0.00e+00   0.00e+00  1.00e+04        0    5.74e-02    3.48e-01
   1  3.439424e+04    4.85e+02    6.98e+02   7.69e+00   1.00e+00  3.00e+04        1    3.05e-01    6.53e-01
   2  3.438922e+04    5.02e+00    4.85e+02   9.76e+00   1.03e+00  9.00e+04        1    3.01e-01    9.54e-01
   3  3.438485e+04    4.37e+00    3.63e+03   1.22e+01   9.85e-01  2.70e+05        1    3.88e-01    1.34e+00
   4  3.437982e+04    5.03e+00    2.03e+04   3.06e+01   6.75e-01  2.82e+05        1    3.05e-01    1.65e+00
   5  3.437408e+04    5.74e+00    1.22e+04   2.46e+01   8.69e-01  4.73e+05        1    3.01e-01    1.95e+00
   6  3.437129e+04    2.80e+00    1.32e+04   2.56e+01   7.34e-01  5.27e+05        1    3.01e-01    2.25e+00
   7  3.436929e+04    2.00e+00    5.65e+03   1.67e+01   9.15e-01  1.24e+06        1    3.12e-01    2.56e+00
   8  3.436870e+04    5.91e-01    4.41e+03   1.47e+01   8.38e-01  1.79e+06        1    3.84e-01    2.95e+00
   9  3.436851e+04    1.86e-01    7.45e+02   6.12e+00   9.83e-01  5.37e+06        1    3.04e-01    3.25e+00
  10  3.436850e+04    1.03e-02    8.64e+01   2.20e+00   9.98e-01  1.61e+07        1    2.99e-01    3.55e+00
  11  3.436850e+04    1.74e-04    2.27e+00   2.78e-01   1.02e+00  4.84e+07        1    3.15e-01    3.86e+00
  12  3.436850e+04    8.49e-07    1.78e+00   1.63e-02   1.09e+00  1.45e+08        1    3.81e-01    4.25e+00
  13  3.436850e+04    9.60e-09    1.79e-01   1.81e-03   1.12e+00  4.35e+08        1    3.04e-01    4.55e+00
I0826 03:19:18.137216    27 misc.cc:205] 
Bundle adjustment report
------------------------
I0826 03:19:18.137528    27 bundle_adjustment.cc:942] 
    Residuals : 144610
   Parameters : 37675
   Iterations : 14
         Time : 4.55953 [s]
 Initial cost : 0.491117 [px]
   Final cost : 0.487507 [px]
  Termination : Convergence

I0826 03:19:18.264197    27 incremental_mapper.cc:175] => Completed observations: 58
I0826 03:19:18.302129    27 incremental_mapper.cc:178] => Merged observations: 10
I0826 03:19:18.322170    27 incremental_mapper.cc:160] => Filtered observations: 78
I0826 03:19:18.322224    27 incremental_mapper.cc:119] => Changed observations: 0.002019
I0826 03:19:18.322245    27 misc.cc:198] 
==============================================================================
Global bundle adjustment
==============================================================================
iter      cost      cost_change  |gradient|   |step|    tr_ratio  tr_radius  ls_iter  iter_time  total_time
   0  3.411381e+04    0.00e+00    5.64e+04   0.00e+00   0.00e+00  1.00e+04        0    6.66e-02    3.51e-01
   1  3.396216e+04    1.52e+02    2.89e+02   1.85e+00   1.00e+00  3.00e+04        1    3.07e-01    6.58e-01
   2  3.396145e+04    7.03e-01    7.63e+01   8.50e-01   1.08e+00  9.00e+04        1    3.03e-01    9.61e-01
   3  3.396142e+04    3.02e-02    3.56e+01   1.39e+00   1.05e+00  2.70e+05        1    2.99e-01    1.26e+00
   4  3.396140e+04    2.56e-02    1.18e+02   2.21e+00   9.98e-01  8.10e+05        1    3.91e-01    1.65e+00
   5  3.396137e+04    2.28e-02    2.58e+02   3.14e+00   9.85e-01  2.43e+06        1    3.06e-01    1.96e+00
   6  3.396137e+04    7.46e-03    1.90e+02   2.60e+00   9.71e-01  7.29e+06        1    3.02e-01    2.26e+00
   7  3.396137e+04    9.08e-04    3.55e+01   1.07e+00   9.78e-01  2.19e+07        1    3.03e-01    2.56e+00
   8  3.396137e+04    3.11e-05    2.00e+00   1.84e-01   1.02e+00  6.56e+07        1    3.09e-01    2.87e+00
   9  3.396137e+04    3.68e-07    4.25e-01   1.33e-02   1.11e+00  1.97e+08        1    3.87e-01    3.26e+00
I0826 03:19:21.734365    27 misc.cc:205] 
Bundle adjustment report
------------------------
I0826 03:19:21.734450    27 bundle_adjustment.cc:942] 
    Residuals : 144384
   Parameters : 37597
   Iterations : 10
         Time : 3.26848 [s]
 Initial cost : 0.486078 [px]
   Final cost : 0.48499 [px]
  Termination : Convergence

I0826 03:19:21.862538    27 incremental_mapper.cc:175] => Completed observations: 33
I0826 03:19:21.899652    27 incremental_mapper.cc:178] => Merged observations: 0
I0826 03:19:21.919744    27 incremental_mapper.cc:160] => Filtered observations: 26
I0826 03:19:21.919799    27 incremental_mapper.cc:119] => Changed observations: 0.000817
I0826 03:19:21.919818    27 misc.cc:198] 
==============================================================================
Global bundle adjustment
==============================================================================
iter      cost      cost_change  |gradient|   |step|    tr_ratio  tr_radius  ls_iter  iter_time  total_time
   0  3.397001e+04    0.00e+00    4.43e+04   0.00e+00   0.00e+00  1.00e+04        0    2.96e-02    3.10e-01
   1  3.388798e+04    8.20e+01    1.63e+02   1.02e+00   9.99e-01  3.00e+04        1    3.53e-01    6.63e-01
   2  3.388766e+04    3.20e-01    5.12e+01   4.71e-01   1.07e+00  9.00e+04        1    3.04e-01    9.68e-01
   3  3.388764e+04    2.27e-02    1.39e+01   7.56e-01   1.03e+00  2.70e+05        1    3.02e-01    1.27e+00
   4  3.388761e+04    2.97e-02    2.54e+01   1.30e+00   9.99e-01  8.10e+05        1    3.10e-01    1.58e+00
   5  3.388758e+04    3.11e-02    4.93e+01   1.41e+00   9.93e-01  2.43e+06        1    3.85e-01    1.96e+00
   6  3.388757e+04    1.48e-02    4.89e+01   8.53e-01   9.79e-01  7.29e+06        1    3.05e-01    2.27e+00
   7  3.388756e+04    2.82e-03    1.91e+01   1.06e+00   9.63e-01  2.19e+07        1    3.01e-01    2.57e+00
   8  3.388756e+04    1.32e-04    2.00e+00   2.97e-01   1.01e+00  6.56e+07        1    3.08e-01    2.88e+00
   9  3.388756e+04    1.49e-06    6.25e-01   2.26e-02   1.09e+00  1.97e+08        1    3.89e-01    3.27e+00
I0826 03:19:25.333977    27 misc.cc:205] 
Bundle adjustment report
------------------------
I0826 03:19:25.334053    27 bundle_adjustment.cc:942] 
    Residuals : 144364
   Parameters : 37582
   Iterations : 10
         Time : 3.27733 [s]
 Initial cost : 0.485086 [px]
   Final cost : 0.484497 [px]
  Termination : Convergence

I0826 03:19:25.459360    27 incremental_mapper.cc:175] => Completed observations: 30
I0826 03:19:25.496408    27 incremental_mapper.cc:178] => Merged observations: 0
I0826 03:19:25.515297    27 incremental_mapper.cc:160] => Filtered observations: 23
I0826 03:19:25.515354    27 incremental_mapper.cc:119] => Changed observations: 0.000734
I0826 03:19:25.515373    27 misc.cc:198] 
==============================================================================
Global bundle adjustment
==============================================================================
iter      cost      cost_change  |gradient|   |step|    tr_ratio  tr_radius  ls_iter  iter_time  total_time
   0  3.392346e+04    0.00e+00    5.20e+04   0.00e+00   0.00e+00  1.00e+04        0    2.92e-02    3.08e-01
   1  3.383256e+04    9.09e+01    1.78e+02   6.20e-01   1.00e+00  3.00e+04        1    3.61e-01    6.70e-01
   2  3.383222e+04    3.48e-01    4.76e+01   5.67e-01   1.07e+00  9.00e+04        1    3.04e-01    9.74e-01
   3  3.383221e+04    1.01e-02    6.82e+00   5.04e-01   1.07e+00  2.70e+05        1    2.99e-01    1.27e+00
   4  3.383221e+04    6.09e-04    4.00e+00   3.55e-01   1.03e+00  8.10e+05        1    3.02e-01    1.57e+00
   5  3.383221e+04    3.53e-04    5.98e+00   3.81e-01   1.00e+00  2.43e+06        1    3.02e-01    1.88e+00
   6  3.383221e+04    1.06e-04    4.16e+00   2.98e-01   9.99e-01  7.29e+06        1    3.88e-01    2.26e+00
   7  3.383221e+04    8.89e-06    1.87e+00   1.14e-01   9.95e-01  2.19e+07        1    3.06e-01    2.57e+00
   8  3.383221e+04    2.47e-07    8.23e-01   1.88e-02   1.03e+00  6.56e+07        1    3.04e-01    2.87e+00
I0826 03:19:28.536284    27 misc.cc:205] 
Bundle adjustment report
------------------------
I0826 03:19:28.536361    27 bundle_adjustment.cc:942] 
    Residuals : 144366
   Parameters : 37576
   Iterations : 9
         Time : 2.88364 [s]
 Initial cost : 0.48475 [px]
   Final cost : 0.484097 [px]
  Termination : Convergence

I0826 03:19:28.662482    27 incremental_mapper.cc:175] => Completed observations: 25
I0826 03:19:28.699435    27 incremental_mapper.cc:178] => Merged observations: 0
I0826 03:19:28.719550    27 incremental_mapper.cc:160] => Filtered observations: 13
I0826 03:19:28.719604    27 incremental_mapper.cc:119] => Changed observations: 0.000526
I0826 03:19:28.719624    27 misc.cc:198] 
==============================================================================
Global bundle adjustment
==============================================================================
iter      cost      cost_change  |gradient|   |step|    tr_ratio  tr_radius  ls_iter  iter_time  total_time
   0  3.391138e+04    0.00e+00    3.98e+04   0.00e+00   0.00e+00  1.00e+04        0    7.41e-02    3.67e-01
   1  3.384673e+04    6.46e+01    1.09e+02   3.97e-01   9.99e-01  3.00e+04        1    3.05e-01    6.72e-01
   2  3.384654e+04    1.97e-01    3.58e+01   4.40e-01   1.05e+00  9.00e+04        1    2.97e-01    9.69e-01
   3  3.384653e+04    4.58e-03    4.46e+00   3.74e-01   1.07e+00  2.70e+05        1    3.02e-01    1.27e+00
   4  3.384653e+04    1.49e-04    1.84e+00   1.87e-01   1.04e+00  8.10e+05        1    3.06e-01    1.58e+00
   5  3.384653e+04    6.64e-05    2.00e+00   1.62e-01   9.91e-01  2.43e+06        1    3.84e-01    1.96e+00
   6  3.384653e+04    5.71e-05    1.99e+00   1.96e-01   9.70e-01  7.29e+06        1    3.06e-01    2.27e+00
   7  3.384653e+04    1.55e-05    1.93e+00   1.26e-01   9.60e-01  2.19e+07        1    3.04e-01    2.57e+00
   8  3.384653e+04    7.93e-07    7.81e-01   2.83e-02   1.01e+00  6.56e+07        1    2.98e-01    2.87e+00
I0826 03:19:31.738035    27 misc.cc:205] 
Bundle adjustment report
------------------------
I0826 03:19:31.738109    27 bundle_adjustment.cc:942] 
    Residuals : 144390
   Parameters : 37576
   Iterations : 9
         Time : 2.88 [s]
 Initial cost : 0.484623 [px]
   Final cost : 0.48416 [px]
  Termination : Convergence

I0826 03:19:31.892617    27 incremental_mapper.cc:175] => Completed observations: 18
I0826 03:19:31.930472    27 incremental_mapper.cc:178] => Merged observations: 0
I0826 03:19:31.952157    27 incremental_mapper.cc:160] => Filtered observations: 6
I0826 03:19:31.952209    27 incremental_mapper.cc:119] => Changed observations: 0.000332
I0826 03:19:31.952226    27 incremental_mapper.cc:167] => Filtered images: 0
I0826 03:19:32.052793    27 misc.cc:198] 
==============================================================================
Registering image #103 (11)
==============================================================================
I0826 03:19:32.052847    27 incremental_mapper.cc:495] => Image sees 7441 / 12121 points
I0826 03:19:33.637516    27 misc.cc:205] 
Pose refinement report
----------------------
I0826 03:19:33.637588    27 bundle_adjustment.cc:942] 
    Residuals : 12096
   Parameters : 8
   Iterations : 8
         Time : 0.105263 [s]
 Initial cost : 0.792335 [px]
   Final cost : 0.374496 [px]
  Termination : Convergence

I0826 03:19:33.697696    27 incremental_mapper.cc:40] => Continued observations: 5995
I0826 03:19:33.789569    27 incremental_mapper.cc:43] => Added observations: 6262
I0826 03:19:39.799726    27 misc.cc:205] 
Bundle adjustment report
------------------------
I0826 03:19:39.799791    27 bundle_adjustment.cc:942] 
    Residuals : 147856
   Parameters : 26981
   Iterations : 26
         Time : 5.80746 [s]
 Initial cost : 0.62849 [px]
   Final cost : 0.598274 [px]
  Termination : No convergence

I0826 03:19:40.063637    27 incremental_mapper.cc:78] => Merged observations: 294
I0826 03:19:40.063685    27 incremental_mapper.cc:79] => Completed observations: 376
I0826 03:19:40.063690    27 incremental_mapper.cc:81] => Filtered observations: 2572
I0826 03:19:40.063692    27 incremental_mapper.cc:90] => Changed observations: 0.043853
I0826 03:19:41.024294    27 misc.cc:205] 
Bundle adjustment report
------------------------
I0826 03:19:41.024359    27 bundle_adjustment.cc:942] 
    Residuals : 140438
   Parameters : 25169
   Iterations : 4
         Time : 0.822096 [s]
 Initial cost : 0.493523 [px]
   Final cost : 0.484502 [px]
  Termination : Convergence

I0826 03:19:41.289192    27 incremental_mapper.cc:78] => Merged observations: 21
I0826 03:19:41.289261    27 incremental_mapper.cc:79] => Completed observations: 941
I0826 03:19:41.289265    27 incremental_mapper.cc:81] => Filtered observations: 150
I0826 03:19:41.289268    27 incremental_mapper.cc:90] => Changed observations: 0.015836
I0826 03:19:41.290638    27 misc.cc:198] 
==============================================================================
Retriangulation
==============================================================================
I0826 03:19:41.334198    27 incremental_mapper.cc:175] => Completed observations: 10
I0826 03:19:41.375901    27 incremental_mapper.cc:178] => Merged observations: 25
I0826 03:19:41.375959    27 incremental_mapper.cc:105] => Retriangulated observations: 0
I0826 03:19:41.383751    27 misc.cc:198] 
==============================================================================
Global bundle adjustment
==============================================================================
iter      cost      cost_change  |gradient|   |step|    tr_ratio  tr_radius  ls_iter  iter_time  total_time
   0  3.816922e+04    0.00e+00    2.75e+04   0.00e+00   0.00e+00  1.00e+04        0    4.32e-02    3.81e-01
   1  3.782124e+04    3.48e+02    6.71e+02   3.31e+00   1.00e+00  3.00e+04        1    3.93e-01    7.73e-01
   2  3.781946e+04    1.78e+00    1.81e+02   2.04e+00   1.06e+00  9.00e+04        1    3.08e-01    1.08e+00
   3  3.781918e+04    2.76e-01    8.87e+01   9.73e-01   1.01e+00  2.70e+05        1    3.98e-01    1.48e+00
   4  3.781865e+04    5.35e-01    4.73e+02   4.46e+00   9.90e-01  8.10e+05        1    3.92e-01    1.87e+00
   5  3.781775e+04    9.01e-01    3.19e+03   1.21e+01   8.82e-01  1.46e+06        1    3.10e-01    2.18e+00
   6  3.781709e+04    6.61e-01    4.90e+03   1.47e+01   7.29e-01  1.62e+06        1    3.95e-01    2.58e+00
   7  3.781659e+04    4.96e-01    2.30e+03   9.90e+00   9.01e-01  3.35e+06        1    3.89e-01    2.97e+00
   8  3.781643e+04    1.62e-01    1.89e+03   8.96e+00   8.11e-01  4.41e+06        1    3.15e-01    3.28e+00
   9  3.781637e+04    5.67e-02    3.77e+02   3.96e+00   9.69e-01  1.32e+07        1    3.96e-01    3.68e+00
  10  3.781637e+04    4.46e-03    7.71e+01   1.81e+00   9.62e-01  3.97e+07        1    3.93e-01    4.07e+00
  11  3.781637e+04    1.29e-04    1.95e+00   1.97e-01   1.03e+00  1.19e+08        1    3.07e-01    4.38e+00
  12  3.781637e+04    1.04e-06    5.92e-01   2.54e-02   1.06e+00  3.57e+08        1    3.99e-01    4.78e+00
I0826 03:19:46.337522    27 misc.cc:205] 
Bundle adjustment report
------------------------
I0826 03:19:46.338173    27 bundle_adjustment.cc:942] 
    Residuals : 162280
   Parameters : 38751
   Iterations : 13
         Time : 4.78811 [s]
 Initial cost : 0.48498 [px]
   Final cost : 0.482733 [px]
  Termination : Convergence

I0826 03:19:46.472397    27 incremental_mapper.cc:175] => Completed observations: 15
I0826 03:19:46.513371    27 incremental_mapper.cc:178] => Merged observations: 18
I0826 03:19:46.535506    27 incremental_mapper.cc:160] => Filtered observations: 81
I0826 03:19:46.535569    27 incremental_mapper.cc:119] => Changed observations: 0.001405
I0826 03:19:46.535590    27 misc.cc:198] 
==============================================================================
Global bundle adjustment
==============================================================================
iter      cost      cost_change  |gradient|   |step|    tr_ratio  tr_radius  ls_iter  iter_time  total_time
   0  3.720530e+04    0.00e+00    2.63e+03   0.00e+00   0.00e+00  1.00e+04        0    9.77e-02    4.21e-01
   1  3.714720e+04    5.81e+01    3.87e+01   2.92e+00   1.00e+00  3.00e+04        1    3.11e-01    7.33e-01
   2  3.714690e+04    2.94e-01    4.46e+01   1.90e+00   1.02e+00  9.00e+04        1    3.99e-01    1.13e+00
   3  3.714681e+04    9.43e-02    1.27e+02   3.15e+00   1.00e+00  2.70e+05        1    3.11e-01    1.44e+00
   4  3.714667e+04    1.43e-01    4.85e+02   5.37e+00   9.91e-01  8.10e+05        1    3.89e-01    1.83e+00
   5  3.714655e+04    1.19e-01    1.05e+03   7.39e+00   9.54e-01  2.43e+06        1    3.98e-01    2.23e+00
   6  3.714651e+04    3.93e-02    7.64e+02   5.68e+00   9.28e-01  6.55e+06        1    3.11e-01    2.54e+00
   7  3.714650e+04    6.56e-03    1.46e+02   2.39e+00   9.78e-01  1.97e+07        1    3.90e-01    2.93e+00
   8  3.714650e+04    2.70e-04    8.12e+00   5.56e-01   1.01e+00  5.90e+07        1    3.94e-01    3.32e+00
   9  3.714650e+04    2.72e-06    1.49e+00   4.55e-02   1.09e+00  1.77e+08        1    3.08e-01    3.63e+00
  10  3.714650e+04    4.56e-08    2.14e-01   5.70e-03   1.11e+00  5.31e+08        1    3.97e-01    4.03e+00
I0826 03:19:50.734421    27 misc.cc:205] 
Bundle adjustment report
------------------------
I0826 03:19:50.734486    27 bundle_adjustment.cc:942] 
    Residuals : 161814
   Parameters : 38631
   Iterations : 11
         Time : 4.03957 [s]
 Initial cost : 0.479506 [px]
   Final cost : 0.479127 [px]
  Termination : Convergence

I0826 03:19:50.869650    27 incremental_mapper.cc:175] => Completed observations: 7
I0826 03:19:50.910544    27 incremental_mapper.cc:178] => Merged observations: 0
I0826 03:19:50.930860    27 incremental_mapper.cc:160] => Filtered observations: 9
I0826 03:19:50.930917    27 incremental_mapper.cc:119] => Changed observations: 0.000198
I0826 03:19:50.930932    27 incremental_mapper.cc:167] => Filtered images: 0
I0826 03:19:51.039570    27 misc.cc:198] 
==============================================================================
Registering image #108 (12)
==============================================================================
I0826 03:19:51.039628    27 incremental_mapper.cc:495] => Image sees 5374 / 7889 points
I0826 03:19:52.300508    27 misc.cc:205] 
Pose refinement report
----------------------
I0826 03:19:52.300571    27 bundle_adjustment.cc:942] 
    Residuals : 8636
   Parameters : 8
   Iterations : 9
         Time : 0.0880499 [s]
 Initial cost : 0.79733 [px]
   Final cost : 0.390645 [px]
  Termination : Convergence

I0826 03:19:52.353034    27 incremental_mapper.cc:40] => Continued observations: 4261
I0826 03:19:52.434823    27 incremental_mapper.cc:43] => Added observations: 5917
I0826 03:19:57.623401    27 misc.cc:205] 
Bundle adjustment report
------------------------
I0826 03:19:57.623484    27 bundle_adjustment.cc:942] 
    Residuals : 142350
   Parameters : 19322
   Iterations : 26
         Time : 5.05894 [s]
 Initial cost : 0.6473 [px]
   Final cost : 0.631828 [px]
  Termination : No convergence

I0826 03:19:57.856395    27 incremental_mapper.cc:78] => Merged observations: 368
I0826 03:19:57.856452    27 incremental_mapper.cc:79] => Completed observations: 344
I0826 03:19:57.856457    27 incremental_mapper.cc:81] => Filtered observations: 2874
I0826 03:19:57.856459    27 incremental_mapper.cc:90] => Changed observations: 0.050383
I0826 03:19:58.519656    27 misc.cc:205] 
Bundle adjustment report
------------------------
I0826 03:19:58.519734    27 bundle_adjustment.cc:942] 
    Residuals : 135350
   Parameters : 17783
   Iterations : 3
         Time : 0.540069 [s]
 Initial cost : 0.4898 [px]
   Final cost : 0.481792 [px]
  Termination : Convergence

I0826 03:19:58.757347    27 incremental_mapper.cc:78] => Merged observations: 7
I0826 03:19:58.757406    27 incremental_mapper.cc:79] => Completed observations: 1084
I0826 03:19:58.757411    27 incremental_mapper.cc:81] => Filtered observations: 250
I0826 03:19:58.757413    27 incremental_mapper.cc:90] => Changed observations: 0.019815
I0826 03:19:58.868252    27 misc.cc:198] 
==============================================================================
Registering image #112 (13)
==============================================================================
I0826 03:19:58.868310    27 incremental_mapper.cc:495] => Image sees 5012 / 7614 points
I0826 03:20:00.462970    27 misc.cc:205] 
Pose refinement report
----------------------
I0826 03:20:00.463034    27 bundle_adjustment.cc:942] 
    Residuals : 9440
   Parameters : 8
   Iterations : 17
         Time : 0.219995 [s]
 Initial cost : 0.851721 [px]
   Final cost : 0.681503 [px]
  Termination : Convergence

I0826 03:20:00.519824    27 incremental_mapper.cc:40] => Continued observations: 4678
I0826 03:20:00.585840    27 incremental_mapper.cc:43] => Added observations: 6622
I0826 03:20:05.827713    27 misc.cc:205] 
Bundle adjustment report
------------------------
I0826 03:20:05.827785    27 bundle_adjustment.cc:942] 
    Residuals : 151040
   Parameters : 20318
   Iterations : 26
         Time : 5.11125 [s]
 Initial cost : 0.855625 [px]
   Final cost : 0.793607 [px]
  Termination : No convergence

I0826 03:20:06.127821    27 incremental_mapper.cc:78] => Merged observations: 267
I0826 03:20:06.127871    27 incremental_mapper.cc:79] => Completed observations: 574
I0826 03:20:06.127875    27 incremental_mapper.cc:81] => Filtered observations: 4734
I0826 03:20:06.127877    27 incremental_mapper.cc:90] => Changed observations: 0.073822
I0826 03:20:07.208235    27 misc.cc:205] 
Bundle adjustment report
------------------------
I0826 03:20:07.208320    27 bundle_adjustment.cc:942] 
    Residuals : 140796
   Parameters : 18395
   Iterations : 5
         Time : 0.953886 [s]
 Initial cost : 0.53721 [px]
   Final cost : 0.522563 [px]
  Termination : Convergence

I0826 03:20:07.430754    27 incremental_mapper.cc:78] => Merged observations: 7
I0826 03:20:07.430847    27 incremental_mapper.cc:79] => Completed observations: 925
I0826 03:20:07.430856    27 incremental_mapper.cc:81] => Filtered observations: 131
I0826 03:20:07.430860    27 incremental_mapper.cc:90] => Changed observations: 0.015100
I0826 03:20:07.432204    27 misc.cc:198] 
==============================================================================
Retriangulation
==============================================================================
I0826 03:20:07.485677    27 incremental_mapper.cc:175] => Completed observations: 71
I0826 03:20:07.534488    27 incremental_mapper.cc:178] => Merged observations: 0
I0826 03:20:07.534545    27 incremental_mapper.cc:105] => Retriangulated observations: 0
I0826 03:20:07.542089    27 misc.cc:198] 
==============================================================================
Global bundle adjustment
==============================================================================
iter      cost      cost_change  |gradient|   |step|    tr_ratio  tr_radius  ls_iter  iter_time  total_time
   0  5.205216e+04    0.00e+00    3.60e+04   0.00e+00   0.00e+00  1.00e+04        0    1.24e-01    5.02e-01
   1  5.124012e+04    8.12e+02    6.63e+02   2.56e+01   9.99e-01  3.00e+04        1    3.99e-01    9.01e-01
   2  5.122353e+04    1.66e+01    8.56e+02   3.37e+01   9.97e-01  9.00e+04        1    4.04e-01    1.31e+00
   3  5.121555e+04    7.98e+00    4.80e+02   2.74e+01   9.93e-01  2.70e+05        1    4.90e-01    1.80e+00
   4  5.120687e+04    8.67e+00    6.22e+03   2.97e+01   9.66e-01  8.10e+05        1    4.06e-01    2.20e+00
   5  5.119904e+04    7.84e+00    1.17e+04   4.50e+01   8.75e-01  1.40e+06        1    4.04e-01    2.61e+00
   6  5.119653e+04    2.51e+00    1.37e+04   3.73e+01   5.59e-01  1.41e+06        1    4.00e-01    3.01e+00
   7  5.119407e+04    2.46e+00    5.47e+03   1.94e+01   8.98e-01  2.83e+06        1    4.93e-01    3.50e+00
   8  5.119365e+04    4.24e-01    3.47e+03   1.42e+01   7.98e-01  3.59e+06        1    4.05e-01    3.90e+00
   9  5.119351e+04    1.31e-01    5.22e+02   5.25e+00   9.81e-01  1.08e+07        1    4.03e-01    4.31e+00
  10  5.119351e+04    4.95e-03    7.89e+01   1.96e+00   9.81e-01  3.23e+07        1    4.92e-01    4.80e+00
  11  5.119351e+04    8.84e-05    1.99e+00   2.08e-01   1.02e+00  9.70e+07        1    4.00e-01    5.20e+00
  12  5.119351e+04    3.88e-07    6.38e-01   1.66e-02   1.05e+00  2.91e+08        1    4.08e-01    5.61e+00
I0826 03:20:13.342723    27 misc.cc:205] 
Bundle adjustment report
------------------------
I0826 03:20:13.342795    27 bundle_adjustment.cc:942] 
    Residuals : 188982
   Parameters : 41920
   Iterations : 13
         Time : 5.61752 [s]
 Initial cost : 0.524819 [px]
   Final cost : 0.520472 [px]
  Termination : Convergence

I0826 03:20:13.505401    27 incremental_mapper.cc:175] => Completed observations: 38
I0826 03:20:13.555372    27 incremental_mapper.cc:178] => Merged observations: 10
I0826 03:20:13.582094    27 incremental_mapper.cc:160] => Filtered observations: 125
I0826 03:20:13.582155    27 incremental_mapper.cc:119] => Changed observations: 0.001831
I0826 03:20:13.582175    27 misc.cc:198] 
==============================================================================
Global bundle adjustment
==============================================================================
iter      cost      cost_change  |gradient|   |step|    tr_ratio  tr_radius  ls_iter  iter_time  total_time
   0  5.037762e+04    0.00e+00    2.40e+04   0.00e+00   0.00e+00  1.00e+04        0    6.91e-02    4.63e-01
   1  5.027755e+04    1.00e+02    9.74e+01   3.01e+00   1.00e+00  3.00e+04        1    4.02e-01    8.65e-01
   2  5.027718e+04    3.72e-01    6.92e+01   1.47e+00   1.02e+00  9.00e+04        1    4.00e-01    1.27e+00
   3  5.027709e+04    8.50e-02    1.28e+02   2.27e+00   1.01e+00  2.70e+05        1    4.02e-01    1.67e+00
   4  5.027697e+04    1.19e-01    5.25e+02   4.62e+00   9.88e-01  8.10e+05        1    4.90e-01    2.16e+00
   5  5.027685e+04    1.19e-01    1.35e+03   7.33e+00   9.11e-01  1.82e+06        1    4.06e-01    2.56e+00
   6  5.027679e+04    6.63e-02    1.03e+03   6.56e+00   8.95e-01  3.58e+06        1    4.03e-01    2.97e+00
   7  5.027677e+04    2.06e-02    3.01e+02   3.66e+00   9.61e-01  1.07e+07        1    4.00e-01    3.37e+00
   8  5.027676e+04    1.95e-03    4.03e+01   1.32e+00   9.87e-01  3.22e+07        1    4.01e-01    3.77e+00
   9  5.027676e+04    3.21e-05    1.91e+00   1.51e-01   1.03e+00  9.66e+07        1    4.93e-01    4.26e+00
  10  5.027676e+04    1.78e-07    4.95e-01   1.05e-02   1.08e+00  2.90e+08        1    4.04e-01    4.66e+00
I0826 03:20:18.441030    27 misc.cc:205] 
Bundle adjustment report
------------------------
I0826 03:20:18.441579    27 bundle_adjustment.cc:942] 
    Residuals : 188400
   Parameters : 41755
   Iterations : 11
         Time : 4.67513 [s]
 Initial cost : 0.517105 [px]
   Final cost : 0.516587 [px]
  Termination : Convergence

I0826 03:20:18.592555    27 incremental_mapper.cc:175] => Completed observations: 6
I0826 03:20:18.640853    27 incremental_mapper.cc:178] => Merged observations: 0
I0826 03:20:18.664021    27 incremental_mapper.cc:160] => Filtered observations: 17
I0826 03:20:18.664096    27 incremental_mapper.cc:119] => Changed observations: 0.000244
I0826 03:20:18.664114    27 incremental_mapper.cc:167] => Filtered images: 0
I0826 03:20:18.773557    27 misc.cc:198] 
==============================================================================
Registering image #113 (14)
==============================================================================
I0826 03:20:18.773607    27 incremental_mapper.cc:495] => Image sees 5127 / 7572 points
I0826 03:20:20.678550    27 misc.cc:205] 
Pose refinement report
----------------------
I0826 03:20:20.678617    27 bundle_adjustment.cc:942] 
    Residuals : 9692
   Parameters : 8
   Iterations : 15
         Time : 0.15447 [s]
 Initial cost : 0.846107 [px]
   Final cost : 0.686953 [px]
  Termination : Convergence

I0826 03:20:20.737383    27 incremental_mapper.cc:40] => Continued observations: 4800
I0826 03:20:20.803066    27 incremental_mapper.cc:43] => Added observations: 6580
I0826 03:20:26.222390    27 misc.cc:205] 
Bundle adjustment report
------------------------
I0826 03:20:26.222465    27 bundle_adjustment.cc:942] 
    Residuals : 158630
   Parameters : 21452
   Iterations : 26
         Time : 5.28089 [s]
 Initial cost : 0.932324 [px]
   Final cost : 0.842509 [px]
  Termination : No convergence

I0826 03:20:26.478053    27 incremental_mapper.cc:78] => Merged observations: 223
I0826 03:20:26.478104    27 incremental_mapper.cc:79] => Completed observations: 485
I0826 03:20:26.478108    27 incremental_mapper.cc:81] => Filtered observations: 5065
I0826 03:20:26.478111    27 incremental_mapper.cc:90] => Changed observations: 0.072786
I0826 03:20:27.520670    27 misc.cc:205] 
Bundle adjustment report
------------------------
I0826 03:20:27.520738    27 bundle_adjustment.cc:942] 
    Residuals : 147782
   Parameters : 18743
   Iterations : 5
         Time : 0.890474 [s]
 Initial cost : 0.557424 [px]
   Final cost : 0.545278 [px]
  Termination : Convergence

I0826 03:20:27.755028    27 incremental_mapper.cc:78] => Merged observations: 26
I0826 03:20:27.755090    27 incremental_mapper.cc:79] => Completed observations: 1044
I0826 03:20:27.755095    27 incremental_mapper.cc:81] => Filtered observations: 108
I0826 03:20:27.755097    27 incremental_mapper.cc:90] => Changed observations: 0.015942
I0826 03:20:27.861368    27 misc.cc:198] 
==============================================================================
Registering image #114 (15)
==============================================================================
I0826 03:20:27.861418    27 incremental_mapper.cc:495] => Image sees 5279 / 7668 points
I0826 03:20:30.107970    27 misc.cc:205] 
Pose refinement report
----------------------
I0826 03:20:30.108034    27 bundle_adjustment.cc:942] 
    Residuals : 9526
   Parameters : 8
   Iterations : 17
         Time : 0.182347 [s]
 Initial cost : 0.813979 [px]
   Final cost : 0.757401 [px]
  Termination : Convergence

I0826 03:20:30.165887    27 incremental_mapper.cc:40] => Continued observations: 4680
I0826 03:20:30.232913    27 incremental_mapper.cc:43] => Added observations: 7604
I0826 03:20:35.609028    27 misc.cc:205] 
Bundle adjustment report
------------------------
I0826 03:20:35.609105    27 bundle_adjustment.cc:942] 
    Residuals : 160144
   Parameters : 22229
   Iterations : 26
         Time : 5.23666 [s]
 Initial cost : 1.01025 [px]
   Final cost : 0.896279 [px]
  Termination : No convergence

I0826 03:20:35.875603    27 incremental_mapper.cc:78] => Merged observations: 211
I0826 03:20:35.875656    27 incremental_mapper.cc:79] => Completed observations: 463
I0826 03:20:35.875660    27 incremental_mapper.cc:81] => Filtered observations: 6375
I0826 03:20:35.875662    27 incremental_mapper.cc:90] => Changed observations: 0.088033
I0826 03:20:37.016057    27 misc.cc:205] 
Bundle adjustment report
------------------------
I0826 03:20:37.016136    27 bundle_adjustment.cc:942] 
    Residuals : 140040
   Parameters : 18971
   Iterations : 6
         Time : 1.01852 [s]
 Initial cost : 0.62571 [px]
   Final cost : 0.60445 [px]
  Termination : Convergence

I0826 03:20:37.252835    27 incremental_mapper.cc:78] => Merged observations: 200
I0826 03:20:37.252897    27 incremental_mapper.cc:79] => Completed observations: 1483
I0826 03:20:37.252902    27 incremental_mapper.cc:81] => Filtered observations: 158
I0826 03:20:37.252903    27 incremental_mapper.cc:90] => Changed observations: 0.026292
I0826 03:20:37.253494    27 misc.cc:198] 
==============================================================================
Retriangulation
==============================================================================
I0826 03:20:37.314126    27 incremental_mapper.cc:175] => Completed observations: 105
I0826 03:20:37.371933    27 incremental_mapper.cc:178] => Merged observations: 19
I0826 03:20:37.371994    27 incremental_mapper.cc:105] => Retriangulated observations: 0
I0826 03:20:37.379645    27 misc.cc:198] 
==============================================================================
Global bundle adjustment
==============================================================================
iter      cost      cost_change  |gradient|   |step|    tr_ratio  tr_radius  ls_iter  iter_time  total_time
   0  7.229089e+04    0.00e+00    6.17e+04   0.00e+00   0.00e+00  1.00e+04        0    1.09e-01    5.41e-01
   1  7.051167e+04    1.78e+03    2.02e+04   3.57e+01   9.93e-01  3.00e+04        1    4.92e-01    1.03e+00
   2  7.046245e+04    4.92e+01    7.90e+02   3.86e+01   9.92e-01  9.00e+04        1    4.10e-01    1.44e+00
   3  7.044076e+04    2.17e+01    5.61e+03   2.79e+01   9.94e-01  2.70e+05        1    4.95e-01    1.94e+00
   4  7.042160e+04    1.92e+01    1.97e+04   3.40e+01   9.74e-01  8.10e+05        1    5.00e-01    2.44e+00
   5  7.041528e+04    6.32e+00    2.35e+04   4.19e+01   5.48e-01  8.11e+05        1    4.98e-01    2.93e+00
   6  7.040887e+04    6.40e+00    1.28e+04   2.47e+01   8.31e-01  1.14e+06        1    4.10e-01    3.34e+00
   7  7.040713e+04    1.74e+00    7.48e+03   1.81e+01   8.03e-01  1.47e+06        1    4.93e-01    3.84e+00
   8  7.040654e+04    5.94e-01    2.41e+03   1.02e+01   9.28e-01  3.96e+06        1    4.99e-01    4.34e+00
   9  7.040646e+04    8.29e-02    8.71e+02   6.09e+00   9.25e-01  1.03e+07        1    5.00e-01    4.84e+00
  10  7.040645e+04    7.32e-03    4.69e+01   1.35e+00   9.98e-01  3.08e+07        1    4.91e-01    5.33e+00
  11  7.040645e+04    3.47e-05    1.90e+00   1.08e-01   1.04e+00  9.24e+07        1    4.14e-01    5.74e+00
  12  7.040645e+04    1.74e-07    4.10e-01   7.20e-03   1.09e+00  2.77e+08        1    4.94e-01    6.24e+00
I0826 03:20:43.842144    27 misc.cc:205] 
Bundle adjustment report
------------------------
I0826 03:20:43.842209    27 bundle_adjustment.cc:942] 
    Residuals : 213986
   Parameters : 46898
   Iterations : 13
         Time : 6.24942 [s]
 Initial cost : 0.581231 [px]
   Final cost : 0.573606 [px]
  Termination : Convergence

I0826 03:20:44.021070    27 incremental_mapper.cc:175] => Completed observations: 73
I0826 03:20:44.076699    27 incremental_mapper.cc:178] => Merged observations: 34
I0826 03:20:44.106438    27 incremental_mapper.cc:160] => Filtered observations: 127
I0826 03:20:44.106498    27 incremental_mapper.cc:119] => Changed observations: 0.002187
I0826 03:20:44.106518    27 misc.cc:198] 
==============================================================================
Global bundle adjustment
==============================================================================
iter      cost      cost_change  |gradient|   |step|    tr_ratio  tr_radius  ls_iter  iter_time  total_time
   0  6.987146e+04    0.00e+00    4.60e+04   0.00e+00   0.00e+00  1.00e+04        0    9.59e-02    5.17e-01
   1  6.966302e+04    2.08e+02    1.06e+03   2.65e+00   9.97e-01  3.00e+04        1    4.93e-01    1.01e+00
   2  6.966066e+04    2.36e+00    1.58e+02   2.36e+00   9.89e-01  9.00e+04        1    4.16e-01    1.42e+00
   3  6.966030e+04    3.58e-01    3.02e+02   1.62e+00   1.01e+00  2.70e+05        1    4.93e-01    1.92e+00
   4  6.966019e+04    1.06e-01    2.59e+02   2.47e+00   1.00e+00  8.10e+05        1    4.94e-01    2.41e+00
   5  6.966008e+04    1.11e-01    8.19e+02   5.28e+00   9.45e-01  2.43e+06        1    4.98e-01    2.91e+00
   6  6.966003e+04    5.33e-02    8.11e+02   5.35e+00   8.97e-01  4.86e+06        1    4.10e-01    3.32e+00
   7  6.966002e+04    9.88e-03    1.10e+02   1.93e+00   9.83e-01  1.46e+07        1    4.98e-01    3.82e+00
   8  6.966002e+04    2.50e-04    5.24e+00   3.71e-01   1.00e+00  4.37e+07        1    4.93e-01    4.31e+00
   9  6.966002e+04    1.61e-06    8.89e-01   2.06e-02   1.07e+00  1.31e+08        1    4.97e-01    4.81e+00
I0826 03:20:49.137243    27 misc.cc:205] 
Bundle adjustment report
------------------------
I0826 03:20:49.137331    27 bundle_adjustment.cc:942] 
    Residuals : 213612
   Parameters : 46766
   Iterations : 10
         Time : 4.82053 [s]
 Initial cost : 0.571922 [px]
   Final cost : 0.571056 [px]
  Termination : Convergence

I0826 03:20:49.309177    27 incremental_mapper.cc:175] => Completed observations: 23
I0826 03:20:49.368206    27 incremental_mapper.cc:178] => Merged observations: 27
I0826 03:20:49.395397    27 incremental_mapper.cc:160] => Filtered observations: 43
I0826 03:20:49.395459    27 incremental_mapper.cc:119] => Changed observations: 0.000871
I0826 03:20:49.395480    27 misc.cc:198] 
==============================================================================
Global bundle adjustment
==============================================================================
iter      cost      cost_change  |gradient|   |step|    tr_ratio  tr_radius  ls_iter  iter_time  total_time
   0  6.952901e+04    0.00e+00    2.52e+04   0.00e+00   0.00e+00  1.00e+04        0    1.10e-01    5.34e-01
   1  6.945733e+04    7.17e+01    4.67e+02   1.35e+00   9.97e-01  3.00e+04        1    4.93e-01    1.03e+00
   2  6.945637e+04    9.58e-01    4.51e+01   1.65e+00   9.93e-01  9.00e+04        1    5.00e-01    1.53e+00
   3  6.945617e+04    2.06e-01    9.68e+01   1.66e+00   1.00e+00  2.70e+05        1    4.06e-01    1.93e+00
   4  6.945609e+04    7.80e-02    1.68e+02   2.47e+00   1.00e+00  8.10e+05        1    4.96e-01    2.43e+00
   5  6.945606e+04    2.64e-02    1.76e+02   2.77e+00   9.95e-01  2.43e+06        1    4.95e-01    2.93e+00
   6  6.945606e+04    5.18e-03    9.00e+01   1.83e+00   9.78e-01  7.29e+06        1    4.97e-01    3.42e+00
   7  6.945606e+04    4.80e-04    1.26e+01   6.18e-01   9.85e-01  2.19e+07        1    4.13e-01    3.84e+00
   8  6.945606e+04    8.23e-06    1.91e+00   7.14e-02   1.04e+00  6.56e+07        1    4.91e-01    4.33e+00
   9  6.945606e+04    5.75e-08    2.84e-01   4.34e-03   1.09e+00  1.97e+08        1    4.97e-01    4.82e+00
I0826 03:20:54.438069    27 misc.cc:205] 
Bundle adjustment report
------------------------
I0826 03:20:54.438192    27 bundle_adjustment.cc:942] 
    Residuals : 213512
   Parameters : 46724
   Iterations : 10
         Time : 4.83552 [s]
 Initial cost : 0.570653 [px]
   Final cost : 0.570353 [px]
  Termination : Convergence

I0826 03:20:54.606134    27 incremental_mapper.cc:175] => Completed observations: 11
I0826 03:20:54.663040    27 incremental_mapper.cc:178] => Merged observations: 0
I0826 03:20:54.690447    27 incremental_mapper.cc:160] => Filtered observations: 19
I0826 03:20:54.690505    27 incremental_mapper.cc:119] => Changed observations: 0.000281
I0826 03:20:54.690524    27 incremental_mapper.cc:167] => Filtered images: 0
I0826 03:20:54.807520    27 misc.cc:198] 
==============================================================================
Registering image #115 (16)
==============================================================================
I0826 03:20:54.807569    27 incremental_mapper.cc:495] => Image sees 5562 / 7775 points
I0826 03:20:57.062093    27 misc.cc:205] 
Pose refinement report
----------------------
I0826 03:20:57.062167    27 bundle_adjustment.cc:942] 
    Residuals : 9296
   Parameters : 8
   Iterations : 14
         Time : 0.146608 [s]
 Initial cost : 0.857753 [px]
   Final cost : 0.70735 [px]
  Termination : Convergence

I0826 03:20:57.119210    27 incremental_mapper.cc:40] => Continued observations: 4550
I0826 03:20:57.190734    27 incremental_mapper.cc:43] => Added observations: 8231
I0826 03:21:02.025838    27 misc.cc:205] 
Bundle adjustment report
------------------------
I0826 03:21:02.025908    27 bundle_adjustment.cc:942] 
    Residuals : 152234
   Parameters : 22193
   Iterations : 26
         Time : 4.69662 [s]
 Initial cost : 1.10435 [px]
   Final cost : 0.979471 [px]
  Termination : No convergence

I0826 03:21:02.332494    27 incremental_mapper.cc:78] => Merged observations: 301
I0826 03:21:02.332567    27 incremental_mapper.cc:79] => Completed observations: 407
I0826 03:21:02.332571    27 incremental_mapper.cc:81] => Filtered observations: 6868
I0826 03:21:02.332573    27 incremental_mapper.cc:90] => Changed observations: 0.099531
I0826 03:21:03.023867    27 misc.cc:205] 
Bundle adjustment report
------------------------
I0826 03:21:03.023943    27 bundle_adjustment.cc:942] 
    Residuals : 131888
   Parameters : 19049
   Iterations : 4
         Time : 0.57831 [s]
 Initial cost : 0.66945 [px]
   Final cost : 0.645204 [px]
  Termination : Convergence

I0826 03:21:03.289423    27 incremental_mapper.cc:78] => Merged observations: 57
I0826 03:21:03.289502    27 incremental_mapper.cc:79] => Completed observations: 1352
I0826 03:21:03.289507    27 incremental_mapper.cc:81] => Filtered observations: 112
I0826 03:21:03.289510    27 incremental_mapper.cc:90] => Changed observations: 0.023065
I0826 03:21:03.413154    27 misc.cc:198] 
==============================================================================
Registering image #116 (17)
==============================================================================
I0826 03:21:03.413213    27 incremental_mapper.cc:495] => Image sees 5749 / 7857 points
I0826 03:21:05.950940    27 misc.cc:205] 
Pose refinement report
----------------------
I0826 03:21:05.951013    27 bundle_adjustment.cc:942] 
    Residuals : 9232
   Parameters : 8
   Iterations : 20
         Time : 0.215352 [s]
 Initial cost : 0.934097 [px]
   Final cost : 0.726985 [px]
  Termination : Convergence

I0826 03:21:06.008469    27 incremental_mapper.cc:40] => Continued observations: 4477
I0826 03:21:06.083268    27 incremental_mapper.cc:43] => Added observations: 9080
I0826 03:21:10.427675    27 misc.cc:205] 
Bundle adjustment report
------------------------
I0826 03:21:10.427765    27 bundle_adjustment.cc:942] 
    Residuals : 138954
   Parameters : 21539
   Iterations : 26
         Time : 4.21399 [s]
 Initial cost : 1.2446 [px]
   Final cost : 1.10125 [px]
  Termination : No convergence

I0826 03:21:10.728480    27 incremental_mapper.cc:78] => Merged observations: 234
I0826 03:21:10.728543    27 incremental_mapper.cc:79] => Completed observations: 360
I0826 03:21:10.728549    27 incremental_mapper.cc:81] => Filtered observations: 7891
I0826 03:21:10.728550    27 incremental_mapper.cc:90] => Changed observations: 0.122127
I0826 03:21:11.511838    27 misc.cc:205] 
Bundle adjustment report
------------------------
I0826 03:21:11.511909    27 bundle_adjustment.cc:942] 
    Residuals : 117522
   Parameters : 18326
   Iterations : 5
         Time : 0.670958 [s]
 Initial cost : 0.737653 [px]
   Final cost : 0.704615 [px]
  Termination : Convergence

I0826 03:21:11.723680    27 incremental_mapper.cc:78] => Merged observations: 132
I0826 03:21:11.723759    27 incremental_mapper.cc:79] => Completed observations: 1332
I0826 03:21:11.723763    27 incremental_mapper.cc:81] => Filtered observations: 184
I0826 03:21:11.723765    27 incremental_mapper.cc:90] => Changed observations: 0.028046
I0826 03:21:11.724416    27 misc.cc:198] 
==============================================================================
Retriangulation
==============================================================================
I0826 03:21:11.795441    27 incremental_mapper.cc:175] => Completed observations: 209
I0826 03:21:11.862259    27 incremental_mapper.cc:178] => Merged observations: 69
I0826 03:21:11.862326    27 incremental_mapper.cc:105] => Retriangulated observations: 0
I0826 03:21:11.870632    27 misc.cc:198] 
==============================================================================
Global bundle adjustment
==============================================================================
iter      cost      cost_change  |gradient|   |step|    tr_ratio  tr_radius  ls_iter  iter_time  total_time
   0  9.225653e+04    0.00e+00    2.57e+05   0.00e+00   0.00e+00  1.00e+04        0    5.91e-02    5.37e-01
   1  8.956999e+04    2.69e+03    1.88e+04   1.26e+01   9.99e-01  3.00e+04        1    5.87e-01    1.12e+00
   2  8.952799e+04    4.20e+01    1.68e+04   7.11e+00   9.91e-01  9.00e+04        1    5.09e-01    1.63e+00
   3  8.951727e+04    1.07e+01    3.07e+04   1.41e+01   9.53e-01  2.70e+05        1    5.92e-01    2.23e+00
   4  8.951376e+04    3.52e+00    1.71e+05   3.03e+01   3.44e-01  2.62e+05        1    5.07e-01    2.73e+00
   5  8.950351e+04    1.02e+01    4.44e+04   1.87e+01   9.25e-01  6.80e+05        1    5.92e-01    3.32e+00
   6  8.950180e+04    1.72e+00    1.55e+05   2.68e+01   3.05e-01  6.42e+05        1    5.07e-01    3.83e+00
   7  8.949658e+04    5.21e+00    2.10e+04   1.30e+01   9.62e-01  1.93e+06        1    5.92e-01    4.42e+00
   8  8.949563e+04    9.58e-01    1.61e+05   1.51e+01   6.33e-01  1.96e+06        1    5.08e-01    4.93e+00
   9  8.949476e+04    8.68e-01    2.37e+04   5.35e+00   9.90e-01  5.89e+06        1    5.92e-01    5.52e+00
  10  8.949445e+04    3.08e-01    1.89e+05   5.66e+00   8.16e-01  7.87e+06        1    5.11e-01    6.03e+00
  11  8.949426e+04    1.88e-01    8.20e+04   2.01e+00   9.70e-01  2.36e+07        1    5.92e-01    6.63e+00
  12  8.949430e+04   -3.67e-02    8.20e+04   2.01e+00  -2.75e-01  1.18e+07        1    4.01e-01    7.03e+00
  13  8.949419e+04    7.25e-02    1.10e+05   1.14e+00   9.46e-01  3.54e+07        1    5.96e-01    7.62e+00
  14  8.949411e+04    8.26e-02    1.85e+05   1.24e+00   9.91e-01  1.06e+08        1    5.03e-01    8.13e+00
  15  8.949410e+04    7.67e-03    1.80e+06   1.30e-01   5.55e-01  1.06e+08        1    5.05e-01    8.63e+00
  16  8.949410e+04    0.00e+00    1.80e+06   0.00e+00   0.00e+00  5.32e+07        1    3.90e-01    9.02e+00
W0826 03:21:21.102284    27 levenberg_marquardt_strategy.cc:115] Linear solver failure. Failed to compute a step: Eigen failure. Unable to perform dense Cholesky factorization.
  17  8.949409e+04    6.71e-03    1.99e+05   1.16e-02   9.91e-01  1.60e+08        1    5.95e-01    9.62e+00
W0826 03:21:22.002247    27 levenberg_marquardt_strategy.cc:115] Linear solver failure. Failed to compute a step: Eigen failure. Unable to perform dense Cholesky factorization.
  18  8.949409e+04    0.00e+00    1.99e+05   0.00e+00   0.00e+00  7.98e+07        1    3.05e-01    9.92e+00
  19  8.949409e+04    1.50e-03    1.49e+04   5.08e-02   1.00e+00  2.39e+08        1    5.95e-01    1.05e+01
W0826 03:21:22.904225    27 levenberg_marquardt_strategy.cc:115] Linear solver failure. Failed to compute a step: Eigen failure. Unable to perform dense Cholesky factorization.
  20  8.949409e+04    0.00e+00    1.49e+04   0.00e+00   0.00e+00  1.20e+08        1    3.07e-01    1.08e+01
  21  8.949409e+04    1.30e-03    2.31e+03   9.79e-03   1.00e+00  3.59e+08        1    6.00e-01    1.14e+01
  22  8.949409e+04    0.00e+00    2.31e+03   0.00e+00   0.00e+00  1.80e+08        1    3.00e-01    1.17e+01
W0826 03:21:23.804114    27 levenberg_marquardt_strategy.cc:115] Linear solver failure. Failed to compute a step: Eigen failure. Unable to perform dense Cholesky factorization.
  23  8.949409e+04    0.00e+00    2.31e+03   0.00e+00   0.00e+00  4.49e+07        1    3.95e-01    1.21e+01
W0826 03:21:24.199415    27 levenberg_marquardt_strategy.cc:115] Linear solver failure. Failed to compute a step: Eigen failure. Unable to perform dense Cholesky factorization.
  24  8.949409e+04    4.21e-04    7.29e+02   1.04e-02   1.00e+00  1.35e+08        1    5.20e-01    1.26e+01
  25  8.949409e+04    0.00e+00    7.29e+02   0.00e+00   0.00e+00  6.73e+07        1    3.83e-01    1.30e+01
W0826 03:21:25.102267    27 levenberg_marquardt_strategy.cc:115] Linear solver failure. Failed to compute a step: Eigen failure. Unable to perform dense Cholesky factorization.
W0826 03:21:25.497920    27 levenberg_marquardt_strategy.cc:115] Linear solver failure. Failed to compute a step: Eigen failure. Unable to perform dense Cholesky factorization.
  26  8.949409e+04    0.00e+00    7.29e+02   0.00e+00   0.00e+00  1.68e+07        1    3.96e-01    1.34e+01
  27  8.949409e+04    1.27e-04    3.15e+01   1.66e-03   1.00e+00  5.05e+07        1    5.14e-01    1.39e+01
  28  8.949409e+04    3.96e-04    3.21e+02   6.08e-03   1.00e+00  1.51e+08        1    5.94e-01    1.45e+01
W0826 03:21:26.994287    27 levenberg_marquardt_strategy.cc:115] Linear solver failure. Failed to compute a step: Eigen failure. Unable to perform dense Cholesky factorization.
  29  8.949409e+04    0.00e+00    3.21e+02   0.00e+00   0.00e+00  7.57e+07        1    3.88e-01    1.49e+01
  30  8.949409e+04    4.63e-04    7.14e+02   9.83e-03   1.00e+00  2.27e+08        1    5.13e-01    1.54e+01
  31  8.949409e+04    0.00e+00    7.14e+02   0.00e+00   0.00e+00  1.14e+08        1    3.88e-01    1.58e+01
W0826 03:21:27.895287    27 levenberg_marquardt_strategy.cc:115] Linear solver failure. Failed to compute a step: Eigen failure. Unable to perform dense Cholesky factorization.
  32  8.949409e+04    6.98e-04    2.29e+03   6.85e-03   1.00e+00  3.41e+08        1    5.13e-01    1.63e+01
W0826 03:21:28.797358    27 levenberg_marquardt_strategy.cc:115] Linear solver failure. Failed to compute a step: Eigen failure. Unable to perform dense Cholesky factorization.
  33  8.949409e+04    0.00e+00    2.29e+03   0.00e+00   0.00e+00  1.70e+08        1    3.89e-01    1.67e+01
  34  8.949409e+04    0.00e+00    2.29e+03   0.00e+00   0.00e+00  4.26e+07        1    3.10e-01    1.70e+01
W0826 03:21:29.106932    27 levenberg_marquardt_strategy.cc:115] Linear solver failure. Failed to compute a step: Eigen failure. Unable to perform dense Cholesky factorization.
  35  8.949409e+04    2.12e-04    1.97e+02   3.77e-03   1.00e+00  1.28e+08        1    6.00e-01    1.76e+01
  36  8.949409e+04    4.64e-04    1.47e+03   2.49e-03   1.00e+00  3.83e+08        1    5.12e-01    1.81e+01
  37  8.949409e+04    0.00e+00    1.47e+03   0.00e+00   0.00e+00  1.92e+08        1    3.83e-01    1.85e+01
W0826 03:21:30.602146    27 levenberg_marquardt_strategy.cc:115] Linear solver failure. Failed to compute a step: Eigen failure. Unable to perform dense Cholesky factorization.
  38  8.949409e+04    0.00e+00    1.47e+03   0.00e+00   0.00e+00  4.79e+07        1    3.98e-01    1.89e+01
W0826 03:21:31.000291    27 levenberg_marquardt_strategy.cc:115] Linear solver failure. Failed to compute a step: Eigen failure. Unable to perform dense Cholesky factorization.
  39  8.949409e+04    1.70e-04    4.98e+01   2.68e-03   1.00e+00  1.44e+08        1    5.15e-01    1.94e+01
  40  8.949409e+04    0.00e+00    4.98e+01   0.00e+00   0.00e+00  7.19e+07        1    3.87e-01    1.98e+01
W0826 03:21:31.901803    27 levenberg_marquardt_strategy.cc:115] Linear solver failure. Failed to compute a step: Eigen failure. Unable to perform dense Cholesky factorization.
  41  8.949409e+04    4.36e-04    1.89e+04   3.46e-02   1.00e+00  2.16e+08        1    5.13e-01    2.03e+01
  42  8.949409e+04    0.00e+00    1.89e+04   0.00e+00   0.00e+00  1.08e+08        1    3.86e-01    2.07e+01
W0826 03:21:32.800283    27 levenberg_marquardt_strategy.cc:115] Linear solver failure. Failed to compute a step: Eigen failure. Unable to perform dense Cholesky factorization.
W0826 03:21:33.196450    27 levenberg_marquardt_strategy.cc:115] Linear solver failure. Failed to compute a step: Eigen failure. Unable to perform dense Cholesky factorization.
  43  8.949409e+04    0.00e+00    1.89e+04   0.00e+00   0.00e+00  2.70e+07        1    3.96e-01    2.11e+01
  44  8.949409e+04    4.93e-05    2.49e+02   1.83e-03   1.00e+00  8.09e+07        1    5.16e-01    2.16e+01
  45  8.949409e+04    1.91e-04    1.76e+02   3.81e-03   1.00e+00  2.43e+08        1    5.91e-01    2.22e+01
  46  8.949409e+04    5.30e-04    1.01e+04   9.16e-03   1.00e+00  7.28e+08        1    5.06e-01    2.27e+01
W0826 03:21:35.196089    27 levenberg_marquardt_strategy.cc:115] Linear solver failure. Failed to compute a step: Eigen failure. Unable to perform dense Cholesky factorization.
  47  8.949409e+04    0.00e+00    1.01e+04   0.00e+00   0.00e+00  3.64e+08        1    3.87e-01    2.31e+01
W0826 03:21:35.504041    27 levenberg_marquardt_strategy.cc:115] Linear solver failure. Failed to compute a step: Eigen failure. Unable to perform dense Cholesky factorization.
  48  8.949409e+04    0.00e+00    1.01e+04   0.00e+00   0.00e+00  9.10e+07        1    3.08e-01    2.34e+01
W0826 03:21:35.899031    27 levenberg_marquardt_strategy.cc:115] Linear solver failure. Failed to compute a step: Eigen failure. Unable to perform dense Cholesky factorization.
  49  8.949409e+04    0.00e+00    1.01e+04   0.00e+00   0.00e+00  1.14e+07        1    3.95e-01    2.38e+01
  50  8.949409e+04    2.07e-05    4.23e+01   2.54e-03   1.00e+00  3.41e+07        1    5.13e-01    2.43e+01
I0826 03:21:36.515646    27 misc.cc:205] 
Bundle adjustment report
------------------------
I0826 03:21:36.515734    27 bundle_adjustment.cc:942] 
    Residuals : 238968
   Parameters : 52326
   Iterations : 51
         Time : 24.4119 [s]
 Initial cost : 0.621339 [px]
   Final cost : 0.611966 [px]
  Termination : No convergence

I0826 03:21:36.718611    27 incremental_mapper.cc:175] => Completed observations: 189
I0826 03:21:36.788338    27 incremental_mapper.cc:178] => Merged observations: 101
I0826 03:21:36.821738    27 incremental_mapper.cc:160] => Filtered observations: 159
I0826 03:21:36.821806    27 incremental_mapper.cc:119] => Changed observations: 0.003758
I0826 03:21:36.821827    27 misc.cc:198] 
==============================================================================
Global bundle adjustment
==============================================================================
iter      cost      cost_change  |gradient|   |step|    tr_ratio  tr_radius  ls_iter  iter_time  total_time
   0  8.948029e+04    0.00e+00    2.22e+05   0.00e+00   0.00e+00  1.00e+04        0    9.98e-02    5.80e-01
   1  8.895798e+04    5.22e+02    2.92e+03   4.29e+00   9.99e-01  3.00e+04        1    5.81e-01    1.16e+00
   2  8.895077e+04    7.21e+00    1.56e+03   6.51e+00   9.93e-01  9.00e+04        1    5.14e-01    1.67e+00
   3  8.894756e+04    3.22e+00    2.94e+03   6.24e+00   9.92e-01  2.70e+05        1    5.05e-01    2.18e+00
   4  8.894609e+04    1.47e+00    3.10e+03   2.64e+00   9.94e-01  8.10e+05        1    5.93e-01    2.77e+00
   5  8.894550e+04    5.83e-01    1.62e+03   4.49e+00   9.82e-01  2.43e+06        1    5.10e-01    3.28e+00
   6  8.894538e+04    1.24e-01    1.09e+03   5.66e+00   9.11e-01  5.46e+06        1    5.92e-01    3.87e+00
   7  8.894536e+04    1.69e-02    1.01e+02   1.82e+00   9.91e-01  1.64e+07        1    5.05e-01    4.38e+00
   8  8.894536e+04    2.32e-04    1.95e+00   2.39e-01   1.02e+00  4.91e+07        1    5.94e-01    4.97e+00
   9  8.894536e+04    1.16e-06    5.62e-01   1.24e-02   1.08e+00  1.47e+08        1    5.89e-01    5.56e+00
I0826 03:21:42.629402    27 misc.cc:205] 
Bundle adjustment report
------------------------
I0826 03:21:42.629474    27 bundle_adjustment.cc:942] 
    Residuals : 238782
   Parameters : 52176
   Iterations : 10
         Time : 5.57456 [s]
 Initial cost : 0.612157 [px]
   Final cost : 0.610325 [px]
  Termination : Convergence

I0826 03:21:42.820631    27 incremental_mapper.cc:175] => Completed observations: 62
I0826 03:21:42.887207    27 incremental_mapper.cc:178] => Merged observations: 50
I0826 03:21:42.919322    27 incremental_mapper.cc:160] => Filtered observations: 70
I0826 03:21:42.919382    27 incremental_mapper.cc:119] => Changed observations: 0.001524
I0826 03:21:42.919404    27 misc.cc:198] 
==============================================================================
Global bundle adjustment
==============================================================================
iter      cost      cost_change  |gradient|   |step|    tr_ratio  tr_radius  ls_iter  iter_time  total_time
   0  8.891422e+04    0.00e+00    4.85e+04   0.00e+00   0.00e+00  1.00e+04        0    9.78e-02    5.82e-01
   1  8.869079e+04    2.23e+02    1.17e+03   2.27e+00   1.00e+00  3.00e+04        1    5.89e-01    1.17e+00
   2  8.868736e+04    3.43e+00    1.36e+03   5.66e+00   9.92e-01  9.00e+04        1    5.09e-01    1.68e+00
   3  8.868528e+04    2.09e+00    2.35e+03   5.30e+00   9.92e-01  2.70e+05        1    5.94e-01    2.27e+00
   4  8.868407e+04    1.21e+00    2.77e+03   2.49e+00   9.94e-01  8.10e+05        1    5.04e-01    2.78e+00
   5  8.868351e+04    5.61e-01    1.38e+03   5.36e+00   9.71e-01  2.43e+06        1    5.04e-01    3.28e+00
   6  8.868337e+04    1.38e-01    1.31e+03   6.28e+00   8.92e-01  4.70e+06        1    5.92e-01    3.88e+00
   7  8.868335e+04    2.22e-02    1.18e+02   1.97e+00   9.92e-01  1.41e+07        1    5.05e-01    4.38e+00
   8  8.868334e+04    3.42e-04    3.29e+00   3.24e-01   1.01e+00  4.23e+07        1    5.91e-01    4.97e+00
   9  8.868334e+04    2.00e-06    7.28e-01   1.64e-02   1.07e+00  1.27e+08        1    5.07e-01    5.48e+00
I0826 03:21:48.698407    27 misc.cc:205] 
Bundle adjustment report
------------------------
I0826 03:21:48.698483    27 bundle_adjustment.cc:942] 
    Residuals : 238664
   Parameters : 52140
   Iterations : 10
         Time : 5.49242 [s]
 Initial cost : 0.610369 [px]
   Final cost : 0.609576 [px]
  Termination : Convergence

I0826 03:21:48.888283    27 incremental_mapper.cc:175] => Completed observations: 20
I0826 03:21:48.956776    27 incremental_mapper.cc:178] => Merged observations: 22
I0826 03:21:48.989763    27 incremental_mapper.cc:160] => Filtered observations: 44
I0826 03:21:48.989828    27 incremental_mapper.cc:119] => Changed observations: 0.000721
I0826 03:21:48.989850    27 misc.cc:198] 
==============================================================================
Global bundle adjustment
==============================================================================
iter      cost      cost_change  |gradient|   |step|    tr_ratio  tr_radius  ls_iter  iter_time  total_time
   0  8.852197e+04    0.00e+00    7.83e+03   0.00e+00   0.00e+00  1.00e+04        0    1.33e-01    6.12e-01
   1  8.842694e+04    9.50e+01    1.91e+02   1.10e+00   1.00e+00  3.00e+04        1    5.02e-01    1.11e+00
   2  8.842597e+04    9.71e-01    2.05e+02   2.13e+00   9.94e-01  9.00e+04        1    5.92e-01    1.71e+00
   3  8.842540e+04    5.70e-01    4.31e+02   2.29e+00   9.94e-01  2.70e+05        1    5.06e-01    2.21e+00
   4  8.842509e+04    3.16e-01    5.60e+02   1.33e+00   9.98e-01  8.10e+05        1    5.93e-01    2.80e+00
   5  8.842497e+04    1.20e-01    3.81e+02   1.61e+00   9.94e-01  2.43e+06        1    5.06e-01    3.31e+00
   6  8.842494e+04    2.32e-02    1.76e+02   2.28e+00   9.68e-01  7.29e+06        1    5.95e-01    3.91e+00
   7  8.842494e+04    1.69e-03    1.96e+01   8.08e-01   9.88e-01  2.19e+07        1    5.06e-01    4.41e+00
   8  8.842494e+04    2.20e-05    1.78e+00   7.31e-02   1.04e+00  6.56e+07        1    5.92e-01    5.00e+00
   9  8.842494e+04    1.39e-07    2.97e-01   5.55e-03   1.08e+00  1.97e+08        1    5.13e-01    5.52e+00
I0826 03:21:54.825441    27 misc.cc:205] 
Bundle adjustment report
------------------------
I0826 03:21:54.825527    27 bundle_adjustment.cc:942] 
    Residuals : 238500
   Parameters : 52101
   Iterations : 10
         Time : 5.60435 [s]
 Initial cost : 0.60923 [px]
   Final cost : 0.608896 [px]
  Termination : Convergence

I0826 03:21:55.013036    27 incremental_mapper.cc:175] => Completed observations: 7
I0826 03:21:55.079044    27 incremental_mapper.cc:178] => Merged observations: 0
I0826 03:21:55.111025    27 incremental_mapper.cc:160] => Filtered observations: 31
I0826 03:21:55.111088    27 incremental_mapper.cc:119] => Changed observations: 0.000319
I0826 03:21:55.111104    27 incremental_mapper.cc:167] => Filtered images: 0
I0826 03:21:55.221115    27 misc.cc:198] 
==============================================================================
Registering image #117 (18)
==============================================================================
I0826 03:21:55.221172    27 incremental_mapper.cc:495] => Image sees 5918 / 7905 points
I0826 03:21:57.812309    27 misc.cc:205] 
Pose refinement report
----------------------
I0826 03:21:57.812376    27 bundle_adjustment.cc:942] 
    Residuals : 10312
   Parameters : 8
   Iterations : 18
         Time : 0.188012 [s]
 Initial cost : 0.841025 [px]
   Final cost : 0.720058 [px]
  Termination : Convergence

I0826 03:21:57.872268    27 incremental_mapper.cc:40] => Continued observations: 4864
I0826 03:21:57.953452    27 incremental_mapper.cc:43] => Added observations: 9061
I0826 03:22:02.211660    27 misc.cc:205] 
Bundle adjustment report
------------------------
I0826 03:22:02.211745    27 bundle_adjustment.cc:942] 
    Residuals : 132282
   Parameters : 21524
   Iterations : 26
         Time : 4.13396 [s]
 Initial cost : 1.3185 [px]
   Final cost : 1.17332 [px]
  Termination : No convergence

I0826 03:22:02.473575    27 incremental_mapper.cc:78] => Merged observations: 438
I0826 03:22:02.473632    27 incremental_mapper.cc:79] => Completed observations: 314
I0826 03:22:02.473637    27 incremental_mapper.cc:81] => Filtered observations: 8278
I0826 03:22:02.473639    27 incremental_mapper.cc:90] => Changed observations: 0.136527
I0826 03:22:03.220502    27 misc.cc:205] 
Bundle adjustment report
------------------------
I0826 03:22:03.220577    27 bundle_adjustment.cc:942] 
    Residuals : 116398
   Parameters : 17237
   Iterations : 5
         Time : 0.63227 [s]
 Initial cost : 0.739705 [px]
   Final cost : 0.707029 [px]
  Termination : Convergence

I0826 03:22:03.476672    27 incremental_mapper.cc:78] => Merged observations: 84
I0826 03:22:03.476732    27 incremental_mapper.cc:79] => Completed observations: 1284
I0826 03:22:03.476737    27 incremental_mapper.cc:81] => Filtered observations: 184
I0826 03:22:03.476737    27 incremental_mapper.cc:90] => Changed observations: 0.026667
I0826 03:22:03.583668    27 misc.cc:198] 
==============================================================================
Registering image #126 (19)
==============================================================================
I0826 03:22:03.583731    27 incremental_mapper.cc:495] => Image sees 5900 / 8419 points
I0826 03:22:06.371272    27 misc.cc:205] 
Pose refinement report
----------------------
I0826 03:22:06.371344    27 bundle_adjustment.cc:942] 
    Residuals : 8618
   Parameters : 8
   Iterations : 26
         Time : 0.245798 [s]
 Initial cost : 0.863619 [px]
   Final cost : 0.765932 [px]
  Termination : Convergence

I0826 03:22:06.423668    27 incremental_mapper.cc:40] => Continued observations: 4131
I0826 03:22:06.517102    27 incremental_mapper.cc:43] => Added observations: 10571
I0826 03:22:10.617071    27 misc.cc:205] 
Bundle adjustment report
------------------------
I0826 03:22:10.617141    27 bundle_adjustment.cc:942] 
    Residuals : 119312
   Parameters : 22148
   Iterations : 26
         Time : 3.992 [s]
 Initial cost : 1.50153 [px]
   Final cost : 1.32055 [px]
  Termination : No convergence

I0826 03:22:10.889454    27 incremental_mapper.cc:78] => Merged observations: 192
I0826 03:22:10.889523    27 incremental_mapper.cc:79] => Completed observations: 508
I0826 03:22:10.889528    27 incremental_mapper.cc:81] => Filtered observations: 10280
I0826 03:22:10.889529    27 incremental_mapper.cc:90] => Changed observations: 0.184055
I0826 03:22:11.711629    27 misc.cc:205] 
Bundle adjustment report
------------------------
I0826 03:22:11.711696    27 bundle_adjustment.cc:942] 
    Residuals : 101856
   Parameters : 17624
   Iterations : 6
         Time : 0.730872 [s]
 Initial cost : 0.797746 [px]
   Final cost : 0.747131 [px]
  Termination : Convergence

I0826 03:22:11.905995    27 incremental_mapper.cc:78] => Merged observations: 190
I0826 03:22:11.906049    27 incremental_mapper.cc:79] => Completed observations: 1198
I0826 03:22:11.906052    27 incremental_mapper.cc:81] => Filtered observations: 170
I0826 03:22:11.906054    27 incremental_mapper.cc:90] => Changed observations: 0.030592
I0826 03:22:11.906693    27 misc.cc:198] 
==============================================================================
Retriangulation
==============================================================================
I0826 03:22:11.996403    27 incremental_mapper.cc:175] => Completed observations: 611
I0826 03:22:12.074354    27 incremental_mapper.cc:178] => Merged observations: 49
I0826 03:22:12.074438    27 incremental_mapper.cc:105] => Retriangulated observations: 0
I0826 03:22:12.082445    27 misc.cc:198] 
==============================================================================
Global bundle adjustment
==============================================================================
iter      cost      cost_change  |gradient|   |step|    tr_ratio  tr_radius  ls_iter  iter_time  total_time
   0  1.107775e+05    0.00e+00    1.05e+06   0.00e+00   0.00e+00  1.00e+04        0    7.42e-02    5.96e-01
   1  1.069554e+05    3.82e+03    3.14e+04   3.05e+01   1.00e+00  3.00e+04        1    5.96e-01    1.19e+00
   2  1.068174e+05    1.38e+02    5.06e+04   3.93e+01   1.00e+00  9.00e+04        1    6.01e-01    1.79e+00
   3  1.067661e+05    5.12e+01    4.80e+04   5.32e+01   7.38e-01  1.01e+05        1    5.99e-01    2.39e+00
   4  1.067173e+05    4.89e+01    4.74e+04   4.11e+01   7.54e-01  1.16e+05        1    6.82e-01    3.08e+00
   5  1.066776e+05    3.97e+01    4.67e+04   3.79e+01   7.23e-01  1.27e+05        1    6.08e-01    3.68e+00
   6  1.066428e+05    3.48e+01    4.05e+04   3.44e+01   7.54e-01  1.47e+05        1    5.98e-01    4.28e+00
   7  1.066161e+05    2.68e+01    3.74e+04   3.24e+01   7.42e-01  1.66e+05        1    5.12e-01    4.79e+00
   8  1.065947e+05    2.14e+01    3.11e+04   2.93e+01   7.69e-01  1.96e+05        1    5.94e-01    5.39e+00
   9  1.065793e+05    1.54e+01    2.65e+04   2.70e+01   7.67e-01  2.32e+05        1    6.00e-01    5.99e+00
  10  1.065683e+05    1.11e+01    2.06e+04   2.37e+01   7.95e-01  2.92e+05        1    6.00e-01    6.59e+00
  11  1.065612e+05    7.06e+00    1.61e+04   2.09e+01   8.01e-01  3.74e+05        1    5.99e-01    7.19e+00
  12  1.065570e+05    4.26e+00    1.10e+04   1.72e+01   8.37e-01  5.38e+05        1    6.00e-01    7.79e+00
  13  1.065548e+05    2.11e+00    7.16e+03   1.38e+01   8.56e-01  8.42e+05        1    5.98e-01    8.39e+00
  14  1.065540e+05    8.47e-01    3.44e+03   9.56e+00   9.06e-01  1.82e+06        1    6.01e-01    8.99e+00
  15  1.065538e+05    2.00e-01    1.14e+03   5.50e+00   9.45e-01  5.45e+06        1    6.05e-01    9.59e+00
  16  1.065538e+05    1.78e-02    1.00e+02   1.66e+00   9.91e-01  1.63e+07        1    5.92e-01    1.02e+01
  17  1.065538e+05    1.98e-04    1.59e+00   1.40e-01   1.03e+00  4.90e+07        1    6.00e-01    1.08e+01
  18  1.065538e+05    9.48e-07    5.54e-01   1.08e-02   1.08e+00  1.47e+08        1    6.01e-01    1.14e+01
I0826 03:22:23.741109    27 misc.cc:205] 
Bundle adjustment report
------------------------
I0826 03:22:23.741173    27 bundle_adjustment.cc:942] 
    Residuals : 261328
   Parameters : 56896
   Iterations : 19
         Time : 11.4002 [s]
 Initial cost : 0.651078 [px]
   Final cost : 0.638545 [px]
  Termination : Convergence

I0826 03:22:23.959923    27 incremental_mapper.cc:175] => Completed observations: 359
I0826 03:22:24.038044    27 incremental_mapper.cc:178] => Merged observations: 9
I0826 03:22:24.076727    27 incremental_mapper.cc:160] => Filtered observations: 284
I0826 03:22:24.076793    27 incremental_mapper.cc:119] => Changed observations: 0.004990
I0826 03:22:24.076815    27 misc.cc:198] 
==============================================================================
Global bundle adjustment
==============================================================================
iter      cost      cost_change  |gradient|   |step|    tr_ratio  tr_radius  ls_iter  iter_time  total_time
   0  1.066417e+05    0.00e+00    7.33e+04   0.00e+00   0.00e+00  1.00e+04        0    8.72e-02    6.03e-01
   1  1.056776e+05    9.64e+02    5.12e+03   7.15e+00   1.00e+00  3.00e+04        1    5.97e-01    1.20e+00
   2  1.056576e+05    2.01e+01    8.65e+03   1.43e+01   1.00e+00  9.00e+04        1    5.96e-01    1.80e+00
   3  1.056439e+05    1.36e+01    3.05e+04   1.39e+01   9.79e-01  2.70e+05        1    6.01e-01    2.40e+00
   4  1.056338e+05    1.02e+01    4.74e+04   1.17e+01   9.49e-01  8.10e+05        1    6.00e-01    3.00e+00
   5  1.056294e+05    4.36e+00    2.55e+04   1.93e+01   6.74e-01  8.46e+05        1    5.99e-01    3.60e+00
   6  1.056264e+05    2.96e+00    4.65e+03   1.03e+01   9.51e-01  2.54e+06        1    6.03e-01    4.20e+00
   7  1.056261e+05    3.54e-01    2.30e+03   7.52e+00   8.96e-01  5.06e+06        1    5.99e-01    4.80e+00
   8  1.056260e+05    4.49e-02    1.02e+02   1.61e+00   1.00e+00  1.52e+07        1    5.97e-01    5.40e+00
   9  1.056260e+05    2.41e-04    2.00e+00   1.93e-01   1.03e+00  4.55e+07        1    5.98e-01    5.99e+00
  10  1.056260e+05    1.30e-06    6.77e-01   8.47e-03   1.08e+00  1.37e+08        1    6.00e-01    6.59e+00
I0826 03:22:30.941715    27 misc.cc:205] 
Bundle adjustment report
------------------------
I0826 03:22:30.941808    27 bundle_adjustment.cc:942] 
    Residuals : 260898
   Parameters : 56593
   Iterations : 11
         Time : 6.60915 [s]
 Initial cost : 0.639335 [px]
   Final cost : 0.636283 [px]
  Termination : Convergence

I0826 03:22:31.150867    27 incremental_mapper.cc:175] => Completed observations: 131
I0826 03:22:31.230197    27 incremental_mapper.cc:178] => Merged observations: 94
I0826 03:22:31.265909    27 incremental_mapper.cc:160] => Filtered observations: 148
I0826 03:22:31.265971    27 incremental_mapper.cc:119] => Changed observations: 0.002859
I0826 03:22:31.265992    27 misc.cc:198] 
==============================================================================
Global bundle adjustment
==============================================================================
iter      cost      cost_change  |gradient|   |step|    tr_ratio  tr_radius  ls_iter  iter_time  total_time
   0  1.055352e+05    0.00e+00    1.17e+05   0.00e+00   0.00e+00  1.00e+04        0    1.01e-01    6.20e-01
   1  1.051315e+05    4.04e+02    1.83e+03   3.06e+00   1.00e+00  3.00e+04        1    5.99e-01    1.22e+00
   2  1.051235e+05    7.98e+00    4.55e+03   7.67e+00   9.95e-01  9.00e+04        1    5.94e-01    1.81e+00
   3  1.051165e+05    7.00e+00    1.42e+04   8.23e+00   9.84e-01  2.70e+05        1    6.01e-01    2.41e+00
   4  1.051111e+05    5.43e+00    2.32e+04   6.17e+00   9.73e-01  8.10e+05        1    5.99e-01    3.01e+00
   5  1.051085e+05    2.65e+00    1.54e+04   1.06e+01   9.07e-01  1.76e+06        1    6.01e-01    3.61e+00
   6  1.051078e+05    7.00e-01    3.26e+03   8.59e+00   8.99e-01  3.58e+06        1    5.97e-01    4.21e+00
   7  1.051076e+05    1.10e-01    3.86e+02   3.05e+00   9.88e-01  1.07e+07        1    5.95e-01    4.81e+00
   8  1.051076e+05    2.08e-03    1.14e+01   5.26e-01   1.01e+00  3.22e+07        1    6.02e-01    5.41e+00
   9  1.051076e+05    9.76e-06    1.54e+00   2.84e-02   1.07e+00  9.66e+07        1    6.02e-01    6.01e+00
  10  1.051076e+05    7.62e-08    1.78e-01   3.23e-03   1.08e+00  2.90e+08        1    5.96e-01    6.61e+00
I0826 03:22:38.141664    27 misc.cc:205] 
Bundle adjustment report
------------------------
I0826 03:22:38.141731    27 bundle_adjustment.cc:942] 
    Residuals : 260612
   Parameters : 56443
   Iterations : 11
         Time : 6.62238 [s]
 Initial cost : 0.636358 [px]
   Final cost : 0.635068 [px]
  Termination : Convergence

I0826 03:22:38.345252    27 incremental_mapper.cc:175] => Completed observations: 72
I0826 03:22:38.422451    27 incremental_mapper.cc:178] => Merged observations: 0
I0826 03:22:38.458491    27 incremental_mapper.cc:160] => Filtered observations: 128
I0826 03:22:38.458566    27 incremental_mapper.cc:119] => Changed observations: 0.001535
I0826 03:22:38.458596    27 misc.cc:198] 
==============================================================================
Global bundle adjustment
==============================================================================
iter      cost      cost_change  |gradient|   |step|    tr_ratio  tr_radius  ls_iter  iter_time  total_time
   0  1.046991e+05    0.00e+00    1.26e+05   0.00e+00   0.00e+00  1.00e+04        0    1.02e-01    6.20e-01
   1  1.044302e+05    2.69e+02    1.33e+03   3.24e+00   1.00e+00  3.00e+04        1    5.94e-01    1.21e+00
   2  1.044239e+05    6.25e+00    2.51e+03   7.32e+00   9.94e-01  9.00e+04        1    6.02e-01    1.82e+00
   3  1.044185e+05    5.42e+00    5.50e+03   7.72e+00   9.87e-01  2.70e+05        1    5.98e-01    2.41e+00
   4  1.044152e+05    3.27e+00    7.64e+03   4.95e+00   9.83e-01  8.10e+05        1    6.00e-01    3.01e+00
   5  1.044141e+05    1.16e+00    6.25e+03   2.84e+00   9.87e-01  2.43e+06        1    6.00e-01    3.61e+00
   6  1.044139e+05    1.51e-01    1.06e+03   3.03e+00   9.81e-01  7.29e+06        1    5.98e-01    4.21e+00
   7  1.044139e+05    6.84e-03    4.04e+01   9.71e-01   1.00e+00  2.19e+07        1    5.99e-01    4.81e+00
   8  1.044139e+05    6.44e-05    1.98e+00   7.77e-02   1.05e+00  6.56e+07        1    6.00e-01    5.41e+00
   9  1.044139e+05    3.81e-07    3.54e-01   6.40e-03   1.08e+00  1.97e+08        1    6.00e-01    6.01e+00
I0826 03:22:44.742219    27 misc.cc:205] 
Bundle adjustment report
------------------------
I0826 03:22:44.742287    27 bundle_adjustment.cc:942] 
    Residuals : 260222
   Parameters : 56314
   Iterations : 10
         Time : 6.02766 [s]
 Initial cost : 0.634307 [px]
   Final cost : 0.633443 [px]
  Termination : Convergence

I0826 03:22:44.947412    27 incremental_mapper.cc:175] => Completed observations: 42
I0826 03:22:45.026783    27 incremental_mapper.cc:178] => Merged observations: 0
I0826 03:22:45.061640    27 incremental_mapper.cc:160] => Filtered observations: 92
I0826 03:22:45.061707    27 incremental_mapper.cc:119] => Changed observations: 0.001030
I0826 03:22:45.061728    27 misc.cc:198] 
==============================================================================
Global bundle adjustment
==============================================================================
iter      cost      cost_change  |gradient|   |step|    tr_ratio  tr_radius  ls_iter  iter_time  total_time
   0  1.040172e+05    0.00e+00    4.50e+04   0.00e+00   0.00e+00  1.00e+04        0    9.27e-02    6.28e-01
   1  1.038663e+05    1.51e+02    5.86e+02   1.96e+00   1.00e+00  3.00e+04        1    5.89e-01    1.22e+00
   2  1.038628e+05    3.52e+00    1.03e+03   5.13e+00   9.95e-01  9.00e+04        1    6.00e-01    1.82e+00
   3  1.038598e+05    2.92e+00    1.94e+03   5.59e+00   9.90e-01  2.70e+05        1    6.00e-01    2.42e+00
   4  1.038580e+05    1.89e+00    2.68e+03   4.40e+00   9.89e-01  8.10e+05        1    5.98e-01    3.02e+00
   5  1.038573e+05    6.44e-01    2.70e+03   2.36e+00   9.93e-01  2.43e+06        1    5.99e-01    3.61e+00
   6  1.038572e+05    7.12e-02    5.69e+02   1.40e+00   9.95e-01  7.29e+06        1    6.00e-01    4.21e+00
   7  1.038572e+05    2.25e-03    1.23e+01   5.19e-01   1.01e+00  2.19e+07        1    6.00e-01    4.81e+00
   8  1.038572e+05    2.13e-05    1.98e+00   4.42e-02   1.06e+00  6.56e+07        1    6.01e-01    5.42e+00
   9  1.038572e+05    1.42e-07    2.34e-01   3.62e-03   1.08e+00  1.97e+08        1    6.01e-01    6.02e+00
I0826 03:22:51.342597    27 misc.cc:205] 
Bundle adjustment report
------------------------
I0826 03:22:51.342669    27 bundle_adjustment.cc:942] 
    Residuals : 259892
   Parameters : 56206
   Iterations : 10
         Time : 6.03102 [s]
 Initial cost : 0.632639 [px]
   Final cost : 0.632153 [px]
  Termination : Convergence

I0826 03:22:51.547163    27 incremental_mapper.cc:175] => Completed observations: 36
I0826 03:22:51.624521    27 incremental_mapper.cc:178] => Merged observations: 0
I0826 03:22:51.660740    27 incremental_mapper.cc:160] => Filtered observations: 48
I0826 03:22:51.660804    27 incremental_mapper.cc:119] => Changed observations: 0.000646
I0826 03:22:51.660821    27 incremental_mapper.cc:167] => Filtered images: 0
I0826 03:22:51.772720    27 misc.cc:198] 
==============================================================================
Registering image #125 (20)
==============================================================================
I0826 03:22:51.772769    27 incremental_mapper.cc:495] => Image sees 5995 / 8252 points
I0826 03:22:54.575831    27 misc.cc:205] 
Pose refinement report
----------------------
I0826 03:22:54.575907    27 bundle_adjustment.cc:942] 
    Residuals : 9568
   Parameters : 8
   Iterations : 15
         Time : 0.144009 [s]
 Initial cost : 0.84247 [px]
   Final cost : 0.696996 [px]
  Termination : Convergence

I0826 03:22:54.630342    27 incremental_mapper.cc:40] => Continued observations: 4428
I0826 03:22:54.739607    27 incremental_mapper.cc:43] => Added observations: 11295
I0826 03:22:58.915083    27 misc.cc:205] 
Bundle adjustment report
------------------------
I0826 03:22:58.915155    27 bundle_adjustment.cc:942] 
    Residuals : 131278
   Parameters : 21950
   Iterations : 26
         Time : 4.05201 [s]
 Initial cost : 1.47881 [px]
   Final cost : 1.31545 [px]
  Termination : No convergence

I0826 03:22:59.201046    27 incremental_mapper.cc:78] => Merged observations: 414
I0826 03:22:59.201107    27 incremental_mapper.cc:79] => Completed observations: 337
I0826 03:22:59.201113    27 incremental_mapper.cc:81] => Filtered observations: 10483
I0826 03:22:59.201115    27 incremental_mapper.cc:90] => Changed observations: 0.171148
I0826 03:22:59.910943    27 misc.cc:205] 
Bundle adjustment report
------------------------
I0826 03:22:59.911003    27 bundle_adjustment.cc:942] 
    Residuals : 104514
   Parameters : 16886
   Iterations : 5
         Time : 0.60832 [s]
 Initial cost : 0.776629 [px]
   Final cost : 0.737334 [px]
  Termination : Convergence

I0826 03:23:00.148695    27 incremental_mapper.cc:78] => Merged observations: 234
I0826 03:23:00.148752    27 incremental_mapper.cc:79] => Completed observations: 1224
I0826 03:23:00.148757    27 incremental_mapper.cc:81] => Filtered observations: 154
I0826 03:23:00.148759    27 incremental_mapper.cc:90] => Changed observations: 0.030848
I0826 03:23:00.263760    27 misc.cc:198] 
==============================================================================
Registering image #123 (21)
==============================================================================
I0826 03:23:00.263811    27 incremental_mapper.cc:495] => Image sees 6231 / 8214 points
I0826 03:23:03.345055    27 misc.cc:205] 
Pose refinement report
----------------------
I0826 03:23:03.345118    27 bundle_adjustment.cc:942] 
    Residuals : 10504
   Parameters : 8
   Iterations : 17
         Time : 0.212749 [s]
 Initial cost : 0.87355 [px]
   Final cost : 0.680261 [px]
  Termination : Convergence

I0826 03:23:03.404603    27 incremental_mapper.cc:40] => Continued observations: 4808
I0826 03:23:03.514914    27 incremental_mapper.cc:43] => Added observations: 11811
I0826 03:23:07.513170    27 misc.cc:205] 
Bundle adjustment report
------------------------
I0826 03:23:07.513245    27 bundle_adjustment.cc:942] 
    Residuals : 127176
   Parameters : 21503
   Iterations : 26
         Time : 3.88481 [s]
 Initial cost : 1.5163 [px]
   Final cost : 1.36297 [px]
  Termination : No convergence

I0826 03:23:07.826076    27 incremental_mapper.cc:78] => Merged observations: 409
I0826 03:23:07.826135    27 incremental_mapper.cc:79] => Completed observations: 403
I0826 03:23:07.826140    27 incremental_mapper.cc:81] => Filtered observations: 10984
I0826 03:23:07.826141    27 incremental_mapper.cc:90] => Changed observations: 0.185507
I0826 03:23:08.501060    27 misc.cc:205] 
Bundle adjustment report
------------------------
I0826 03:23:08.501137    27 bundle_adjustment.cc:942] 
    Residuals : 104394
   Parameters : 15758
   Iterations : 5
         Time : 0.578528 [s]
 Initial cost : 0.781412 [px]
   Final cost : 0.747756 [px]
  Termination : Convergence

I0826 03:23:08.714661    27 incremental_mapper.cc:78] => Merged observations: 159
I0826 03:23:08.714718    27 incremental_mapper.cc:79] => Completed observations: 1110
I0826 03:23:08.714723    27 incremental_mapper.cc:81] => Filtered observations: 173
I0826 03:23:08.714725    27 incremental_mapper.cc:90] => Changed observations: 0.027626
I0826 03:23:08.715881    27 misc.cc:198] 
==============================================================================
Retriangulation
==============================================================================
I0826 03:23:08.806604    27 incremental_mapper.cc:175] => Completed observations: 510
I0826 03:23:08.888403    27 incremental_mapper.cc:178] => Merged observations: 191
I0826 03:23:08.888469    27 incremental_mapper.cc:105] => Retriangulated observations: 0
I0826 03:23:08.896682    27 misc.cc:198] 
==============================================================================
Global bundle adjustment
==============================================================================
iter      cost      cost_change  |gradient|   |step|    tr_ratio  tr_radius  ls_iter  iter_time  total_time
   0  1.250148e+05    0.00e+00    3.97e+05   0.00e+00   0.00e+00  1.00e+04        0    1.03e-01    6.64e-01
   1  1.213846e+05    3.63e+03    4.86e+04   2.21e+01   1.00e+00  3.00e+04        1    6.93e-01    1.36e+00
   2  1.212411e+05    1.43e+02    4.66e+04   2.56e+01   1.02e+00  9.00e+04        1    6.06e-01    1.96e+00
   3  1.211980e+05    4.32e+01    4.75e+04   3.17e+01   9.29e-01  2.44e+05        1    6.90e-01    2.65e+00
   4  1.211979e+05    1.50e-02    4.75e+04   4.85e+01   2.84e-04  1.22e+05        1    5.00e-01    3.15e+00
   5  1.211695e+05    2.85e+01    2.96e+04   2.83e+01   8.33e-01  1.73e+05        1    6.04e-01    3.76e+00
   6  1.211463e+05    2.32e+01    3.92e+04   3.05e+01   7.05e-01  1.86e+05        1    6.95e-01    4.45e+00
   7  1.211238e+05    2.25e+01    2.85e+04   2.55e+01   8.16e-01  2.49e+05        1    6.05e-01    5.06e+00
   8  1.211104e+05    1.35e+01    2.91e+04   2.51e+01   7.37e-01  2.79e+05        1    6.95e-01    5.75e+00
   9  1.211000e+05    1.03e+01    1.88e+04   1.99e+01   8.43e-01  4.11e+05        1    6.04e-01    6.36e+00
  10  1.210949e+05    5.09e+00    1.61e+04   1.83e+01   7.87e-01  5.07e+05        1    6.96e-01    7.05e+00
  11  1.210920e+05    2.90e+00    7.90e+03   1.28e+01   8.97e-01  1.02e+06        1    6.05e-01    7.66e+00
  12  1.210911e+05    9.29e-01    4.94e+03   1.01e+01   8.73e-01  1.74e+06        1    6.95e-01    8.35e+00
  13  1.210909e+05    2.37e-01    1.03e+03   4.59e+00   9.72e-01  5.22e+06        1    6.02e-01    8.96e+00
  14  1.210908e+05    1.42e-02    9.78e+01   1.46e+00   9.92e-01  1.57e+07        1    6.96e-01    9.65e+00
  15  1.210908e+05    1.76e-04    1.98e+00   1.37e-01   1.03e+00  4.70e+07        1    6.03e-01    1.03e+01
  16  1.210908e+05    8.36e-07    4.72e-01   9.09e-03   1.08e+00  1.41e+08        1    6.04e-01    1.09e+01
I0826 03:23:20.048202    27 misc.cc:205] 
Bundle adjustment report
------------------------
I0826 03:23:20.048269    27 bundle_adjustment.cc:942] 
    Residuals : 282050
   Parameters : 58781
   Iterations : 17
         Time : 10.8779 [s]
 Initial cost : 0.66576 [px]
   Final cost : 0.655228 [px]
  Termination : Convergence

I0826 03:23:20.303236    27 incremental_mapper.cc:175] => Completed observations: 294
I0826 03:23:20.384953    27 incremental_mapper.cc:178] => Merged observations: 206
I0826 03:23:20.421082    27 incremental_mapper.cc:160] => Filtered observations: 312
I0826 03:23:20.421139    27 incremental_mapper.cc:119] => Changed observations: 0.005758
I0826 03:23:20.421161    27 misc.cc:198] 
==============================================================================
Global bundle adjustment
==============================================================================
iter      cost      cost_change  |gradient|   |step|    tr_ratio  tr_radius  ls_iter  iter_time  total_time
   0  1.209406e+05    0.00e+00    1.89e+05   0.00e+00   0.00e+00  1.00e+04        0    8.59e-02    6.48e-01
   1  1.201004e+05    8.40e+02    8.35e+03   4.92e+00   1.00e+00  3.00e+04        1    6.90e-01    1.34e+00
   2  1.200851e+05    1.53e+01    6.39e+03   9.58e+00   1.00e+00  9.00e+04        1    6.05e-01    1.94e+00
   3  1.200744e+05    1.07e+01    1.40e+04   9.87e+00   9.85e-01  2.70e+05        1    6.94e-01    2.64e+00
   4  1.200670e+05    7.40e+00    2.27e+04   5.79e+00   9.69e-01  8.10e+05        1    6.01e-01    3.24e+00
   5  1.200637e+05    3.26e+00    1.59e+04   6.63e+00   9.65e-01  2.43e+06        1    6.88e-01    3.93e+00
   6  1.200632e+05    5.56e-01    2.14e+03   6.39e+00   9.41e-01  7.29e+06        1    6.12e-01    4.54e+00
   7  1.200631e+05    4.86e-02    1.51e+02   1.76e+00   1.00e+00  2.19e+07        1    6.85e-01    5.22e+00
   8  1.200631e+05    3.18e-04    1.98e+00   1.37e-01   1.03e+00  6.56e+07        1    6.14e-01    5.84e+00
   9  1.200631e+05    1.03e-06    4.23e-01   9.52e-03   1.07e+00  1.97e+08        1    6.96e-01    6.53e+00
I0826 03:23:27.240204    27 misc.cc:205] 
Bundle adjustment report
------------------------
I0826 03:23:27.240684    27 bundle_adjustment.cc:942] 
    Residuals : 281176
   Parameters : 58325
   Iterations : 10
         Time : 6.54921 [s]
 Initial cost : 0.655838 [px]
   Final cost : 0.653455 [px]
  Termination : Convergence

I0826 03:23:27.476069    27 incremental_mapper.cc:175] => Completed observations: 136
I0826 03:23:27.563326    27 incremental_mapper.cc:178] => Merged observations: 104
I0826 03:23:27.598044    27 incremental_mapper.cc:160] => Filtered observations: 139
I0826 03:23:27.598104    27 incremental_mapper.cc:119] => Changed observations: 0.002696
I0826 03:23:27.598125    27 misc.cc:198] 
==============================================================================
Global bundle adjustment
==============================================================================
iter      cost      cost_change  |gradient|   |step|    tr_ratio  tr_radius  ls_iter  iter_time  total_time
   0  1.200632e+05    0.00e+00    7.43e+04   0.00e+00   0.00e+00  1.00e+04        0    1.07e-01    6.64e-01
   1  1.196606e+05    4.03e+02    3.03e+03   2.36e+00   1.00e+00  3.00e+04        1    6.89e-01    1.35e+00
   2  1.196557e+05    4.90e+00    2.36e+03   5.22e+00   1.00e+00  9.00e+04        1    6.06e-01    1.96e+00
   3  1.196524e+05    3.31e+00    5.26e+03   6.38e+00   9.90e-01  2.70e+05        1    6.90e-01    2.65e+00
   4  1.196506e+05    1.78e+00    7.25e+03   3.96e+00   9.83e-01  8.10e+05        1    6.06e-01    3.26e+00
   5  1.196499e+05    7.56e-01    4.14e+03   4.21e+00   9.79e-01  2.43e+06        1    6.92e-01    3.95e+00
   6  1.196497e+05    1.35e-01    6.82e+02   3.68e+00   9.67e-01  7.29e+06        1    6.07e-01    4.55e+00
   7  1.196497e+05    8.23e-03    4.52e+01   9.91e-01   1.00e+00  2.19e+07        1    6.02e-01    5.16e+00
   8  1.196497e+05    6.35e-05    1.99e+00   7.85e-02   1.04e+00  6.56e+07        1    6.96e-01    5.85e+00
   9  1.196497e+05    3.07e-07    2.82e-01   5.50e-03   1.08e+00  1.97e+08        1    6.90e-01    6.54e+00
I0826 03:23:34.430989    27 misc.cc:205] 
Bundle adjustment report
------------------------
I0826 03:23:34.431061    27 bundle_adjustment.cc:942] 
    Residuals : 280898
   Parameters : 58148
   Iterations : 10
         Time : 6.55766 [s]
 Initial cost : 0.653778 [px]
   Final cost : 0.652652 [px]
  Termination : Convergence

I0826 03:23:34.647449    27 incremental_mapper.cc:175] => Completed observations: 61
I0826 03:23:34.728492    27 incremental_mapper.cc:178] => Merged observations: 37
I0826 03:23:34.763608    27 incremental_mapper.cc:160] => Filtered observations: 89
I0826 03:23:34.763666    27 incremental_mapper.cc:119] => Changed observations: 0.001331
I0826 03:23:34.763689    27 misc.cc:198] 
==============================================================================
Global bundle adjustment
==============================================================================
iter      cost      cost_change  |gradient|   |step|    tr_ratio  tr_radius  ls_iter  iter_time  total_time
   0  1.193838e+05    0.00e+00    7.02e+04   0.00e+00   0.00e+00  1.00e+04        0    1.37e-01    6.91e-01
   1  1.191883e+05    1.95e+02    5.16e+02   2.49e+00   1.00e+00  3.00e+04        1    6.04e-01    1.30e+00
   2  1.191844e+05    3.88e+00    1.06e+03   5.14e+00   1.00e+00  9.00e+04        1    7.01e-01    2.00e+00
   3  1.191813e+05    3.16e+00    2.24e+03   5.82e+00   9.92e-01  2.70e+05        1    6.00e-01    2.60e+00
   4  1.191795e+05    1.82e+00    2.83e+03   3.98e+00   9.89e-01  8.10e+05        1    6.89e-01    3.29e+00
   5  1.191788e+05    6.09e-01    2.39e+03   2.01e+00   9.93e-01  2.43e+06        1    6.10e-01    3.90e+00
   6  1.191788e+05    6.74e-02    4.61e+02   1.12e+00   9.99e-01  7.29e+06        1    6.93e-01    4.59e+00
   7  1.191788e+05    1.92e-03    8.13e+00   3.91e-01   1.01e+00  2.19e+07        1    6.09e-01    5.20e+00
   8  1.191788e+05    1.55e-05    8.87e-01   3.30e-02   1.05e+00  6.56e+07        1    6.93e-01    5.89e+00
I0826 03:23:40.939006    27 misc.cc:205] 
Bundle adjustment report
------------------------
I0826 03:23:40.939072    27 bundle_adjustment.cc:942] 
    Residuals : 280688
   Parameters : 58061
   Iterations : 9
         Time : 5.90851 [s]
 Initial cost : 0.65217 [px]
   Final cost : 0.65161 [px]
  Termination : Convergence

I0826 03:23:41.154522    27 incremental_mapper.cc:175] => Completed observations: 46
I0826 03:23:41.232976    27 incremental_mapper.cc:178] => Merged observations: 18
I0826 03:23:41.265498    27 incremental_mapper.cc:160] => Filtered observations: 69
I0826 03:23:41.265563    27 incremental_mapper.cc:119] => Changed observations: 0.000948
I0826 03:23:41.265584    27 misc.cc:198] 
==============================================================================
Global bundle adjustment
==============================================================================
iter      cost      cost_change  |gradient|   |step|    tr_ratio  tr_radius  ls_iter  iter_time  total_time
   0  1.190197e+05    0.00e+00    4.07e+04   0.00e+00   0.00e+00  1.00e+04        0    1.30e-01    6.81e-01
   1  1.188740e+05    1.46e+02    8.79e+01   1.52e+00   1.00e+00  3.00e+04        1    6.15e-01    1.30e+00
   2  1.188721e+05    1.85e+00    8.08e+01   2.85e+00   1.00e+00  9.00e+04        1    6.04e-01    1.90e+00
   3  1.188708e+05    1.32e+00    1.58e+02   3.77e+00   9.95e-01  2.70e+05        1    6.93e-01    2.59e+00
   4  1.188701e+05    6.33e-01    3.56e+02   3.18e+00   9.96e-01  8.10e+05        1    6.08e-01    3.20e+00
   5  1.188700e+05    1.77e-01    1.75e+02   2.36e+00   1.00e+00  2.43e+06        1    6.93e-01    3.89e+00
   6  1.188700e+05    1.43e-02    9.47e+00   7.13e-01   1.01e+00  7.29e+06        1    6.87e-01    4.58e+00
   7  1.188700e+05    2.43e-04    1.98e+00   7.32e-02   1.03e+00  2.19e+07        1    6.12e-01    5.19e+00
   8  1.188700e+05    1.42e-06    9.54e-01   4.65e-03   1.05e+00  6.56e+07        1    6.96e-01    5.89e+00
I0826 03:23:47.433060    27 misc.cc:205] 
Bundle adjustment report
------------------------
I0826 03:23:47.433132    27 bundle_adjustment.cc:942] 
    Residuals : 280574
   Parameters : 57995
   Iterations : 9
         Time : 5.90498 [s]
 Initial cost : 0.651307 [px]
   Final cost : 0.650897 [px]
  Termination : Convergence

I0826 03:23:47.648552    27 incremental_mapper.cc:175] => Completed observations: 29
I0826 03:23:47.727569    27 incremental_mapper.cc:178] => Merged observations: 45
I0826 03:23:47.759119    27 incremental_mapper.cc:160] => Filtered observations: 54
I0826 03:23:47.759182    27 incremental_mapper.cc:119] => Changed observations: 0.000912
I0826 03:23:47.759207    27 incremental_mapper.cc:167] => Filtered images: 0
I0826 03:23:47.875622    27 misc.cc:198] 
==============================================================================
Registering image #120 (22)
==============================================================================
I0826 03:23:47.875672    27 incremental_mapper.cc:495] => Image sees 6203 / 8249 points
I0826 03:23:50.913573    27 misc.cc:205] 
Pose refinement report
----------------------
I0826 03:23:50.913650    27 bundle_adjustment.cc:942] 
    Residuals : 10672
   Parameters : 8
   Iterations : 9
         Time : 0.098006 [s]
 Initial cost : 0.86373 [px]
   Final cost : 0.661259 [px]
  Termination : Convergence

I0826 03:23:50.974558    27 incremental_mapper.cc:40] => Continued observations: 4812
I0826 03:23:51.105147    27 incremental_mapper.cc:43] => Added observations: 12830
I0826 03:23:55.313230    27 misc.cc:205] 
Bundle adjustment report
------------------------
I0826 03:23:55.313308    27 bundle_adjustment.cc:942] 
    Residuals : 138622
   Parameters : 21260
   Iterations : 26
         Time : 4.07382 [s]
 Initial cost : 1.47598 [px]
   Final cost : 1.34754 [px]
  Termination : No convergence

I0826 03:23:55.626241    27 incremental_mapper.cc:78] => Merged observations: 489
I0826 03:23:55.626287    27 incremental_mapper.cc:79] => Completed observations: 303
I0826 03:23:55.626292    27 incremental_mapper.cc:81] => Filtered observations: 11477
I0826 03:23:55.626294    27 incremental_mapper.cc:90] => Changed observations: 0.177014
I0826 03:23:56.199961    27 misc.cc:205] 
Bundle adjustment report
------------------------
I0826 03:23:56.200032    27 bundle_adjustment.cc:942] 
    Residuals : 107670
   Parameters : 15992
   Iterations : 4
         Time : 0.471145 [s]
 Initial cost : 0.750958 [px]
   Final cost : 0.722405 [px]
  Termination : Convergence

I0826 03:23:56.439743    27 incremental_mapper.cc:78] => Merged observations: 74
I0826 03:23:56.439797    27 incremental_mapper.cc:79] => Completed observations: 1423
I0826 03:23:56.439801    27 incremental_mapper.cc:81] => Filtered observations: 151
I0826 03:23:56.439803    27 incremental_mapper.cc:90] => Changed observations: 0.030612
I0826 03:23:56.559597    27 misc.cc:198] 
==============================================================================
Registering image #121 (23)
==============================================================================
I0826 03:23:56.559641    27 incremental_mapper.cc:495] => Image sees 6209 / 8187 points
I0826 03:23:59.595872    27 misc.cc:205] 
Pose refinement report
----------------------
I0826 03:23:59.595937    27 bundle_adjustment.cc:942] 
    Residuals : 10740
   Parameters : 8
   Iterations : 12
         Time : 0.137631 [s]
 Initial cost : 0.897199 [px]
   Final cost : 0.638575 [px]
  Termination : Convergence

I0826 03:23:59.654109    27 incremental_mapper.cc:40] => Continued observations: 4865
I0826 03:23:59.789901    27 incremental_mapper.cc:43] => Added observations: 13369
I0826 03:24:03.902128    27 misc.cc:205] 
Bundle adjustment report
------------------------
I0826 03:24:03.902199    27 bundle_adjustment.cc:942] 
    Residuals : 138480
   Parameters : 19820
   Iterations : 26
         Time : 3.98377 [s]
 Initial cost : 1.4922 [px]
   Final cost : 1.35748 [px]
  Termination : No convergence

I0826 03:24:04.199553    27 incremental_mapper.cc:78] => Merged observations: 430
I0826 03:24:04.199611    27 incremental_mapper.cc:79] => Completed observations: 351
I0826 03:24:04.199615    27 incremental_mapper.cc:81] => Filtered observations: 11376
I0826 03:24:04.199617    27 incremental_mapper.cc:90] => Changed observations: 0.175578
I0826 03:24:04.897758    27 misc.cc:205] 
Bundle adjustment report
------------------------
I0826 03:24:04.897831    27 bundle_adjustment.cc:942] 
    Residuals : 106150
   Parameters : 14240
   Iterations : 5
         Time : 0.59714 [s]
 Initial cost : 0.747454 [px]
   Final cost : 0.721708 [px]
  Termination : Convergence

I0826 03:24:05.127274    27 incremental_mapper.cc:78] => Merged observations: 68
I0826 03:24:05.127331    27 incremental_mapper.cc:79] => Completed observations: 1213
I0826 03:24:05.127336    27 incremental_mapper.cc:81] => Filtered observations: 132
I0826 03:24:05.127337    27 incremental_mapper.cc:90] => Changed observations: 0.026623
I0826 03:24:05.260855    27 misc.cc:198] 
==============================================================================
Registering image #124 (24)
==============================================================================
I0826 03:24:05.260910    27 incremental_mapper.cc:495] => Image sees 6349 / 8300 points
I0826 03:24:08.324517    27 misc.cc:205] 
Pose refinement report
----------------------
I0826 03:24:08.324576    27 bundle_adjustment.cc:942] 
    Residuals : 10336
   Parameters : 8
   Iterations : 9
         Time : 0.101264 [s]
 Initial cost : 0.888581 [px]
   Final cost : 0.638012 [px]
  Termination : Convergence

I0826 03:24:08.383442    27 incremental_mapper.cc:40] => Continued observations: 4642
I0826 03:24:08.542374    27 incremental_mapper.cc:43] => Added observations: 14463
I0826 03:24:12.701259    27 misc.cc:205] 
Bundle adjustment report
------------------------
I0826 03:24:12.701333    27 bundle_adjustment.cc:942] 
    Residuals : 144454
   Parameters : 19823
   Iterations : 26
         Time : 4.02859 [s]
 Initial cost : 1.46687 [px]
   Final cost : 1.33245 [px]
  Termination : No convergence

I0826 03:24:13.012480    27 incremental_mapper.cc:78] => Merged observations: 243
I0826 03:24:13.012543    27 incremental_mapper.cc:79] => Completed observations: 458
I0826 03:24:13.012552    27 incremental_mapper.cc:81] => Filtered observations: 11331
I0826 03:24:13.012553    27 incremental_mapper.cc:90] => Changed observations: 0.166586
I0826 03:24:13.597409    27 misc.cc:205] 
Bundle adjustment report
------------------------
I0826 03:24:13.597482    27 bundle_adjustment.cc:942] 
    Residuals : 110378
   Parameters : 14339
   Iterations : 4
         Time : 0.482869 [s]
 Initial cost : 0.742238 [px]
   Final cost : 0.714576 [px]
  Termination : Convergence

I0826 03:24:13.838712    27 incremental_mapper.cc:78] => Merged observations: 221
I0826 03:24:13.838764    27 incremental_mapper.cc:79] => Completed observations: 1206
I0826 03:24:13.838769    27 incremental_mapper.cc:81] => Filtered observations: 146
I0826 03:24:13.838771    27 incremental_mapper.cc:90] => Changed observations: 0.028502
I0826 03:24:13.839401    27 misc.cc:198] 
==============================================================================
Retriangulation
==============================================================================
I0826 03:24:13.941793    27 incremental_mapper.cc:175] => Completed observations: 840
I0826 03:24:14.036268    27 incremental_mapper.cc:178] => Merged observations: 231
I0826 03:24:14.036338    27 incremental_mapper.cc:105] => Retriangulated observations: 0
I0826 03:24:14.044543    27 misc.cc:198] 
==============================================================================
Global bundle adjustment
==============================================================================
iter      cost      cost_change  |gradient|   |step|    tr_ratio  tr_radius  ls_iter  iter_time  total_time
   0  1.428083e+05    0.00e+00    4.41e+05   0.00e+00   0.00e+00  1.00e+04        0    1.57e-01    7.92e-01
   1  1.388344e+05    3.97e+03    2.36e+04   1.48e+01   1.00e+00  3.00e+04        1    7.87e-01    1.58e+00
   2  1.387509e+05    8.36e+01    2.40e+04   1.41e+01   1.02e+00  9.00e+04        1    7.04e-01    2.28e+00
   3  1.387275e+05    2.33e+01    3.15e+04   1.76e+01   9.82e-01  2.70e+05        1    7.91e-01    3.07e+00
   4  1.387138e+05    1.38e+01    3.23e+04   2.85e+01   6.75e-01  2.82e+05        1    7.13e-01    3.79e+00
   5  1.387000e+05    1.38e+01    1.84e+04   1.98e+01   8.71e-01  4.76e+05        1    7.89e-01    4.58e+00
   6  1.386941e+05    5.88e+00    2.18e+04   2.02e+01   7.16e-01  5.18e+05        1    7.06e-01    5.28e+00
   7  1.386900e+05    4.14e+00    9.08e+03   1.27e+01   9.17e-01  1.23e+06        1    7.82e-01    6.07e+00
   8  1.386889e+05    1.09e+00    7.09e+03   1.12e+01   8.28e-01  1.72e+06        1    7.18e-01    6.78e+00
   9  1.386885e+05    3.29e-01    1.09e+03   4.33e+00   9.82e-01  5.16e+06        1    7.00e-01    7.48e+00
  10  1.386885e+05    1.50e-02    1.24e+02   1.50e+00   9.88e-01  1.55e+07        1    7.97e-01    8.28e+00
  11  1.386885e+05    2.17e-04    1.98e+00   1.54e-01   1.03e+00  4.64e+07        1    7.00e-01    8.98e+00
  12  1.386885e+05    9.16e-07    5.60e-01   9.55e-03   1.07e+00  1.39e+08        1    7.96e-01    9.78e+00
I0826 03:24:24.141719    27 misc.cc:205] 
Bundle adjustment report
------------------------
I0826 03:24:24.141786    27 bundle_adjustment.cc:942] 
    Residuals : 314322
   Parameters : 60074
   Iterations : 13
         Time : 9.79316 [s]
 Initial cost : 0.674046 [px]
   Final cost : 0.664252 [px]
  Termination : Convergence

I0826 03:24:24.387720    27 incremental_mapper.cc:175] => Completed observations: 281
I0826 03:24:24.480566    27 incremental_mapper.cc:178] => Merged observations: 129
I0826 03:24:24.519354    27 incremental_mapper.cc:160] => Filtered observations: 371
I0826 03:24:24.519424    27 incremental_mapper.cc:119] => Changed observations: 0.004969
I0826 03:24:24.519446    27 misc.cc:198] 
==============================================================================
Global bundle adjustment
==============================================================================
iter      cost      cost_change  |gradient|   |step|    tr_ratio  tr_radius  ls_iter  iter_time  total_time
   0  1.374728e+05    0.00e+00    1.68e+05   0.00e+00   0.00e+00  1.00e+04        0    1.06e-01    7.28e-01
   1  1.367042e+05    7.69e+02    3.96e+03   4.80e+00   1.00e+00  3.00e+04        1    7.89e-01    1.52e+00
   2  1.366942e+05    1.01e+01    4.19e+03   9.83e+00   9.99e-01  9.00e+04        1    7.04e-01    2.22e+00
   3  1.366855e+05    8.71e+00    1.07e+04   1.03e+01   9.88e-01  2.70e+05        1    7.88e-01    3.01e+00
   4  1.366801e+05    5.37e+00    1.68e+04   6.70e+00   9.73e-01  8.10e+05        1    7.09e-01    3.72e+00
   5  1.366777e+05    2.35e+00    1.15e+04   5.74e+00   9.68e-01  2.43e+06        1    7.86e-01    4.51e+00
   6  1.366773e+05    4.37e-01    1.46e+03   5.17e+00   9.60e-01  7.29e+06        1    7.13e-01    5.22e+00
   7  1.366773e+05    3.02e-02    1.16e+02   1.51e+00   9.99e-01  2.19e+07        1    7.89e-01    6.01e+00
   8  1.366773e+05    2.31e-04    1.99e+00   1.23e-01   1.03e+00  6.56e+07        1    7.10e-01    6.72e+00
   9  1.366773e+05    8.33e-07    3.89e-01   8.06e-03   1.08e+00  1.97e+08        1    7.05e-01    7.42e+00
I0826 03:24:32.249285    27 misc.cc:205] 
Bundle adjustment report
------------------------
I0826 03:24:32.249356    27 bundle_adjustment.cc:942] 
    Residuals : 313216
   Parameters : 59606
   Iterations : 10
         Time : 7.43868 [s]
 Initial cost : 0.662501 [px]
   Final cost : 0.660581 [px]
  Termination : Convergence

I0826 03:24:32.514880    27 incremental_mapper.cc:175] => Completed observations: 158
I0826 03:24:32.609586    27 incremental_mapper.cc:178] => Merged observations: 102
I0826 03:24:32.644347    27 incremental_mapper.cc:160] => Filtered observations: 102
I0826 03:24:32.644414    27 incremental_mapper.cc:119] => Changed observations: 0.002312
I0826 03:24:32.644436    27 misc.cc:198] 
==============================================================================
Global bundle adjustment
==============================================================================
iter      cost      cost_change  |gradient|   |step|    tr_ratio  tr_radius  ls_iter  iter_time  total_time
   0  1.369766e+05    0.00e+00    1.19e+05   0.00e+00   0.00e+00  1.00e+04        0    1.50e-01    7.70e-01
   1  1.365900e+05    3.87e+02    5.81e+02   2.51e+00   1.00e+00  3.00e+04        1    7.16e-01    1.49e+00
   2  1.365867e+05    3.29e+00    1.29e+03   5.23e+00   9.98e-01  9.00e+04        1    7.83e-01    2.27e+00
   3  1.365836e+05    3.03e+00    3.54e+03   6.13e+00   9.93e-01  2.70e+05        1    7.14e-01    2.98e+00
   4  1.365820e+05    1.60e+00    5.43e+03   4.30e+00   9.87e-01  8.10e+05        1    7.05e-01    3.69e+00
   5  1.365814e+05    5.95e-01    3.32e+03   3.24e+00   9.84e-01  2.43e+06        1    7.96e-01    4.49e+00
   6  1.365813e+05    1.04e-01    4.03e+02   2.74e+00   9.79e-01  7.29e+06        1    7.02e-01    5.19e+00
   7  1.365813e+05    5.30e-03    3.14e+01   7.91e-01   1.00e+00  2.19e+07        1    7.95e-01    5.98e+00
   8  1.365813e+05    4.44e-05    1.94e+00   6.35e-02   1.04e+00  6.56e+07        1    7.02e-01    6.68e+00
   9  1.365813e+05    1.93e-07    1.84e-01   3.98e-03   1.07e+00  1.97e+08        1    7.04e-01    7.39e+00
I0826 03:24:40.404266    27 misc.cc:205] 
Bundle adjustment report
------------------------
I0826 03:24:40.404335    27 bundle_adjustment.cc:942] 
    Residuals : 313070
   Parameters : 59471
   Iterations : 10
         Time : 7.40461 [s]
 Initial cost : 0.661458 [px]
   Final cost : 0.660503 [px]
  Termination : Convergence

I0826 03:24:40.640004    27 incremental_mapper.cc:175] => Completed observations: 69
I0826 03:24:40.729437    27 incremental_mapper.cc:178] => Merged observations: 49
I0826 03:24:40.762810    27 incremental_mapper.cc:160] => Filtered observations: 62
I0826 03:24:40.762872    27 incremental_mapper.cc:119] => Changed observations: 0.001150
I0826 03:24:40.762893    27 misc.cc:198] 
==============================================================================
Global bundle adjustment
==============================================================================
iter      cost      cost_change  |gradient|   |step|    tr_ratio  tr_radius  ls_iter  iter_time  total_time
   0  1.365975e+05    0.00e+00    9.21e+04   0.00e+00   0.00e+00  1.00e+04        0    1.49e-01    7.78e-01
   1  1.363593e+05    2.38e+02    4.03e+02   2.04e+00   1.00e+00  3.00e+04        1    7.85e-01    1.56e+00
   2  1.363579e+05    1.40e+00    5.90e+02   3.50e+00   9.98e-01  9.00e+04        1    7.03e-01    2.27e+00
   3  1.363566e+05    1.36e+00    1.88e+03   3.92e+00   9.94e-01  2.70e+05        1    7.88e-01    3.05e+00
   4  1.363557e+05    8.94e-01    3.28e+03   3.07e+00   9.89e-01  8.10e+05        1    7.11e-01    3.77e+00
   5  1.363553e+05    4.08e-01    2.09e+03   3.15e+00   9.83e-01  2.43e+06        1    7.82e-01    4.55e+00
   6  1.363552e+05    8.01e-02    3.75e+02   2.66e+00   9.77e-01  7.29e+06        1    7.15e-01    5.26e+00
   7  1.363552e+05    4.38e-03    2.84e+01   7.57e-01   1.00e+00  2.19e+07        1    7.04e-01    5.97e+00
   8  1.363552e+05    3.78e-05    1.88e+00   6.19e-02   1.04e+00  6.56e+07        1    7.93e-01    6.76e+00
   9  1.363552e+05    1.72e-07    2.03e-01   3.93e-03   1.07e+00  1.97e+08        1    7.07e-01    7.47e+00
I0826 03:24:48.545431    27 misc.cc:205] 
Bundle adjustment report
------------------------
I0826 03:24:48.545516    27 bundle_adjustment.cc:942] 
    Residuals : 312972
   Parameters : 59381
   Iterations : 10
         Time : 7.48572 [s]
 Initial cost : 0.660646 [px]
   Final cost : 0.660059 [px]
  Termination : Convergence

I0826 03:24:48.792655    27 incremental_mapper.cc:175] => Completed observations: 40
I0826 03:24:48.886250    27 incremental_mapper.cc:178] => Merged observations: 70
I0826 03:24:48.920539    27 incremental_mapper.cc:160] => Filtered observations: 33
I0826 03:24:48.920599    27 incremental_mapper.cc:119] => Changed observations: 0.000914
I0826 03:24:48.920621    27 misc.cc:198] 
==============================================================================
Global bundle adjustment
==============================================================================
iter      cost      cost_change  |gradient|   |step|    tr_ratio  tr_radius  ls_iter  iter_time  total_time
   0  1.365210e+05    0.00e+00    2.66e+04   0.00e+00   0.00e+00  1.00e+04        0    1.03e-01    7.18e-01
   1  1.363387e+05    1.82e+02    2.09e+02   1.50e+00   1.00e+00  3.00e+04        1    7.88e-01    1.51e+00
   2  1.363382e+05    5.15e-01    1.35e+02   2.21e+00   1.00e+00  9.00e+04        1    7.96e-01    2.30e+00
   3  1.363377e+05    4.18e-01    2.43e+02   2.24e+00   9.97e-01  2.70e+05        1    7.05e-01    3.01e+00
   4  1.363375e+05    2.11e-01    3.27e+02   1.56e+00   9.98e-01  8.10e+05        1    7.84e-01    3.79e+00
   5  1.363375e+05    6.01e-02    2.40e+02   6.75e-01   9.99e-01  2.43e+06        1    7.14e-01    4.51e+00
   6  1.363375e+05    7.08e-03    4.64e+01   3.17e-01   1.00e+00  7.29e+06        1    7.06e-01    5.21e+00
   7  1.363375e+05    2.19e-04    2.00e+00   1.12e-01   1.01e+00  2.19e+07        1    7.93e-01    6.01e+00
   8  1.363375e+05    1.74e-06    3.50e-01   9.41e-03   1.04e+00  6.56e+07        1    7.06e-01    6.71e+00
I0826 03:24:55.987630    27 misc.cc:205] 
Bundle adjustment report
------------------------
I0826 03:24:55.987717    27 bundle_adjustment.cc:942] 
    Residuals : 312932
   Parameters : 59333
   Iterations : 9
         Time : 6.72898 [s]
 Initial cost : 0.660503 [px]
   Final cost : 0.660059 [px]
  Termination : Convergence

I0826 03:24:56.235679    27 incremental_mapper.cc:175] => Completed observations: 32
I0826 03:24:56.327006    27 incremental_mapper.cc:178] => Merged observations: 51
I0826 03:24:56.363831    27 incremental_mapper.cc:160] => Filtered observations: 20
I0826 03:24:56.363893    27 incremental_mapper.cc:119] => Changed observations: 0.000658
I0826 03:24:56.363917    27 incremental_mapper.cc:167] => Filtered images: 0
I0826 03:24:56.472675    27 misc.cc:198] 
==============================================================================
Registering image #122 (25)
==============================================================================
I0826 03:24:56.472721    27 incremental_mapper.cc:495] => Image sees 6344 / 8217 points
I0826 03:24:59.721909    27 misc.cc:205] 
Pose refinement report
----------------------
I0826 03:24:59.721985    27 bundle_adjustment.cc:942] 
    Residuals : 10822
   Parameters : 8
   Iterations : 10
         Time : 0.109749 [s]
 Initial cost : 0.851254 [px]
   Final cost : 0.616741 [px]
  Termination : Convergence

I0826 03:24:59.784765    27 incremental_mapper.cc:40] => Continued observations: 4817
I0826 03:24:59.946982    27 incremental_mapper.cc:43] => Added observations: 14682
I0826 03:25:04.207376    27 misc.cc:205] 
Bundle adjustment report
------------------------
I0826 03:25:04.207441    27 bundle_adjustment.cc:942] 
    Residuals : 148574
   Parameters : 20135
   Iterations : 26
         Time : 4.11921 [s]
 Initial cost : 1.42993 [px]
   Final cost : 1.29332 [px]
  Termination : No convergence

I0826 03:25:04.569023    27 incremental_mapper.cc:78] => Merged observations: 395
I0826 03:25:04.569083    27 incremental_mapper.cc:79] => Completed observations: 449
I0826 03:25:04.569088    27 incremental_mapper.cc:81] => Filtered observations: 10837
I0826 03:25:04.569090    27 incremental_mapper.cc:90] => Changed observations: 0.157242
I0826 03:25:05.195101    27 misc.cc:205] 
Bundle adjustment report
------------------------
I0826 03:25:05.195166    27 bundle_adjustment.cc:942] 
    Residuals : 120692
   Parameters : 14891
   Iterations : 4
         Time : 0.508165 [s]
 Initial cost : 0.712909 [px]
   Final cost : 0.690569 [px]
  Termination : Convergence

I0826 03:25:05.477381    27 incremental_mapper.cc:78] => Merged observations: 158
I0826 03:25:05.477439    27 incremental_mapper.cc:79] => Completed observations: 1654
I0826 03:25:05.477444    27 incremental_mapper.cc:81] => Filtered observations: 164
I0826 03:25:05.477445    27 incremental_mapper.cc:90] => Changed observations: 0.032745
I0826 03:25:05.586531    27 misc.cc:198] 
==============================================================================
Registering image #119 (26)
==============================================================================
I0826 03:25:05.586585    27 incremental_mapper.cc:495] => Image sees 6303 / 8161 points
I0826 03:25:08.729387    27 misc.cc:205] 
Pose refinement report
----------------------
I0826 03:25:08.729454    27 bundle_adjustment.cc:942] 
    Residuals : 10898
   Parameters : 8
   Iterations : 11
         Time : 0.127202 [s]
 Initial cost : 0.90482 [px]
   Final cost : 0.597327 [px]
  Termination : Convergence

I0826 03:25:08.793912    27 incremental_mapper.cc:40] => Continued observations: 4845
I0826 03:25:08.980948    27 incremental_mapper.cc:43] => Added observations: 15990
I0826 03:25:13.096764    27 misc.cc:205] 
Bundle adjustment report
------------------------
I0826 03:25:13.096830    27 bundle_adjustment.cc:942] 
    Residuals : 146384
   Parameters : 18617
   Iterations : 26
         Time : 3.97141 [s]
 Initial cost : 1.52128 [px]
   Final cost : 1.36241 [px]
  Termination : No convergence

I0826 03:25:13.416021    27 incremental_mapper.cc:78] => Merged observations: 405
I0826 03:25:13.416082    27 incremental_mapper.cc:79] => Completed observations: 483
I0826 03:25:13.416087    27 incremental_mapper.cc:81] => Filtered observations: 11378
I0826 03:25:13.416090    27 incremental_mapper.cc:90] => Changed observations: 0.167587
I0826 03:25:13.990216    27 misc.cc:205] 
Bundle adjustment report
------------------------
I0826 03:25:13.990295    27 bundle_adjustment.cc:942] 
    Residuals : 109146
   Parameters : 13139
   Iterations : 4
         Time : 0.466131 [s]
 Initial cost : 0.72773 [px]
   Final cost : 0.705015 [px]
  Termination : Convergence

I0826 03:25:14.258441    27 incremental_mapper.cc:78] => Merged observations: 141
I0826 03:25:14.258496    27 incremental_mapper.cc:79] => Completed observations: 1387
I0826 03:25:14.258502    27 incremental_mapper.cc:81] => Filtered observations: 146
I0826 03:25:14.258503    27 incremental_mapper.cc:90] => Changed observations: 0.030675
I0826 03:25:14.376374    27 misc.cc:198] 
==============================================================================
Registering image #118 (27)
==============================================================================
I0826 03:25:14.376420    27 incremental_mapper.cc:495] => Image sees 6328 / 7914 points
I0826 03:25:17.628890    27 misc.cc:205] 
Pose refinement report
----------------------
I0826 03:25:17.628960    27 bundle_adjustment.cc:942] 
    Residuals : 10858
   Parameters : 8
   Iterations : 10
         Time : 0.113915 [s]
 Initial cost : 0.90617 [px]
   Final cost : 0.599733 [px]
  Termination : Convergence

I0826 03:25:17.690286    27 incremental_mapper.cc:40] => Continued observations: 4870
I0826 03:25:17.876031    27 incremental_mapper.cc:43] => Added observations: 16588
I0826 03:25:22.094560    27 misc.cc:205] 
Bundle adjustment report
------------------------
I0826 03:25:22.094632    27 bundle_adjustment.cc:942] 
    Residuals : 149884
   Parameters : 18572
   Iterations : 26
         Time : 4.08218 [s]
 Initial cost : 1.47789 [px]
   Final cost : 1.33138 [px]
  Termination : No convergence

I0826 03:25:22.412889    27 incremental_mapper.cc:78] => Merged observations: 443
I0826 03:25:22.412941    27 incremental_mapper.cc:79] => Completed observations: 641
I0826 03:25:22.412946    27 incremental_mapper.cc:81] => Filtered observations: 11438
I0826 03:25:22.412948    27 incremental_mapper.cc:90] => Changed observations: 0.167089
I0826 03:25:22.987571    27 misc.cc:205] 
Bundle adjustment report
------------------------
I0826 03:25:22.987630    27 bundle_adjustment.cc:942] 
    Residuals : 112068
   Parameters : 13064
   Iterations : 4
         Time : 0.462515 [s]
 Initial cost : 0.7187 [px]
   Final cost : 0.699099 [px]
  Termination : Convergence

I0826 03:25:23.261902    27 incremental_mapper.cc:78] => Merged observations: 94
I0826 03:25:23.261965    27 incremental_mapper.cc:79] => Completed observations: 1646
I0826 03:25:23.261970    27 incremental_mapper.cc:81] => Filtered observations: 166
I0826 03:25:23.261972    27 incremental_mapper.cc:90] => Changed observations: 0.034015
I0826 03:25:23.262625    27 misc.cc:198] 
==============================================================================
Retriangulation
==============================================================================
I0826 03:25:23.375391    27 incremental_mapper.cc:175] => Completed observations: 878
I0826 03:25:23.480279    27 incremental_mapper.cc:178] => Merged observations: 299
I0826 03:25:23.480345    27 incremental_mapper.cc:105] => Retriangulated observations: 0
I0826 03:25:23.489178    27 misc.cc:198] 
==============================================================================
Global bundle adjustment
==============================================================================
iter      cost      cost_change  |gradient|   |step|    tr_ratio  tr_radius  ls_iter  iter_time  total_time
   0  1.598162e+05    0.00e+00    3.39e+05   0.00e+00   0.00e+00  1.00e+04        0    1.94e-01    9.06e-01
   1  1.559717e+05    3.84e+03    1.84e+04   1.04e+01   1.00e+00  3.00e+04        1    8.79e-01    1.79e+00
   2  1.559250e+05    4.67e+01    1.32e+04   8.20e+00   1.02e+00  9.00e+04        1    8.15e-01    2.60e+00
   3  1.559112e+05    1.38e+01    1.42e+04   1.28e+01   9.86e-01  2.70e+05        1    9.02e-01    3.50e+00
   4  1.558996e+05    1.15e+01    2.78e+04   2.55e+01   7.14e-01  2.93e+05        1    8.97e-01    4.40e+00
   5  1.558886e+05    1.10e+01    1.77e+04   1.89e+01   8.64e-01  4.77e+05        1    8.90e-01    5.29e+00
   6  1.558832e+05    5.44e+00    2.00e+04   1.88e+01   7.47e-01  5.42e+05        1    8.14e-01    6.10e+00
   7  1.558796e+05    3.64e+00    9.04e+03   1.24e+01   9.09e-01  1.19e+06        1    8.95e-01    7.00e+00
   8  1.558784e+05    1.11e+00    6.79e+03   1.07e+01   8.41e-01  1.75e+06        1    8.05e-01    7.80e+00
   9  1.558781e+05    3.33e-01    1.24e+03   4.54e+00   9.75e-01  5.26e+06        1    8.96e-01    8.70e+00
  10  1.558781e+05    1.98e-02    1.56e+02   1.64e+00   9.83e-01  1.58e+07        1    8.94e-01    9.59e+00
  11  1.558781e+05    3.13e-04    2.56e+00   1.69e-01   1.02e+00  4.73e+07        1    8.10e-01    1.04e+01
  12  1.558781e+05    1.13e-06    5.26e-01   9.20e-03   1.07e+00  1.42e+08        1    8.96e-01    1.13e+01
I0826 03:25:35.149214    27 misc.cc:205] 
Bundle adjustment report
------------------------
I0826 03:25:35.149297    27 bundle_adjustment.cc:942] 
    Residuals : 350340
   Parameters : 61364
   Iterations : 13
         Time : 11.3189 [s]
 Initial cost : 0.675407 [px]
   Final cost : 0.667034 [px]
  Termination : Convergence

I0826 03:25:35.409354    27 incremental_mapper.cc:175] => Completed observations: 203
I0826 03:25:35.514210    27 incremental_mapper.cc:178] => Merged observations: 187
I0826 03:25:35.556610    27 incremental_mapper.cc:160] => Filtered observations: 351
I0826 03:25:35.556677    27 incremental_mapper.cc:119] => Changed observations: 0.004230
I0826 03:25:35.556716    27 misc.cc:198] 
==============================================================================
Global bundle adjustment
==============================================================================
iter      cost      cost_change  |gradient|   |step|    tr_ratio  tr_radius  ls_iter  iter_time  total_time
   0  1.545400e+05    0.00e+00    9.40e+04   0.00e+00   0.00e+00  1.00e+04        0    1.55e-01    8.48e-01
   1  1.538163e+05    7.24e+02    1.88e+03   3.28e+00   1.00e+00  3.00e+04        1    8.78e-01    1.73e+00
   2  1.538091e+05    7.17e+00    1.84e+03   4.69e+00   1.00e+00  9.00e+04        1    8.19e-01    2.54e+00
   3  1.538022e+05    6.96e+00    6.36e+03   8.35e+00   9.92e-01  2.70e+05        1    8.93e-01    3.44e+00
   4  1.537988e+05    3.38e+00    1.03e+04   7.04e+00   9.80e-01  8.10e+05        1    8.08e-01    4.25e+00
   5  1.537977e+05    1.08e+00    6.47e+03   4.27e+00   9.77e-01  2.43e+06        1    8.96e-01    5.14e+00
   6  1.537975e+05    2.02e-01    7.88e+02   3.46e+00   9.76e-01  7.29e+06        1    8.04e-01    5.95e+00
   7  1.537975e+05    1.18e-02    6.15e+01   1.07e+00   9.98e-01  2.19e+07        1    8.93e-01    6.84e+00
   8  1.537975e+05    1.10e-04    2.00e+00   8.76e-02   1.03e+00  6.56e+07        1    8.98e-01    7.74e+00
   9  1.537975e+05    4.47e-07    5.70e-01   5.46e-03   1.07e+00  1.97e+08        1    8.06e-01    8.54e+00
I0826 03:25:44.446913    27 misc.cc:205] 
Bundle adjustment report
------------------------
I0826 03:25:44.446990    27 bundle_adjustment.cc:942] 
    Residuals : 349056
   Parameters : 60938
   Iterations : 10
         Time : 8.56416 [s]
 Initial cost : 0.665385 [px]
   Final cost : 0.663784 [px]
  Termination : Convergence

I0826 03:25:44.726651    27 incremental_mapper.cc:175] => Completed observations: 98
I0826 03:25:44.828577    27 incremental_mapper.cc:178] => Merged observations: 146
I0826 03:25:44.866189    27 incremental_mapper.cc:160] => Filtered observations: 91
I0826 03:25:44.866264    27 incremental_mapper.cc:119] => Changed observations: 0.001919
I0826 03:25:44.866286    27 misc.cc:198] 
==============================================================================
Global bundle adjustment
==============================================================================
iter      cost      cost_change  |gradient|   |step|    tr_ratio  tr_radius  ls_iter  iter_time  total_time
   0  1.539739e+05    0.00e+00    2.68e+04   0.00e+00   0.00e+00  1.00e+04        0    1.99e-01    9.07e-01
   1  1.537141e+05    2.60e+02    4.07e+02   1.65e+00   1.00e+00  3.00e+04        1    8.13e-01    1.72e+00
   2  1.537130e+05    1.06e+00    2.04e+02   1.65e+00   1.00e+00  9.00e+04        1    8.96e-01    2.62e+00
   3  1.537121e+05    9.43e-01    7.30e+02   2.91e+00   9.96e-01  2.70e+05        1    8.95e-01    3.51e+00
   4  1.537116e+05    4.75e-01    1.27e+03   2.52e+00   9.93e-01  8.10e+05        1    8.11e-01    4.32e+00
   5  1.537115e+05    1.49e-01    8.78e+02   1.41e+00   9.93e-01  2.43e+06        1    8.97e-01    5.22e+00
   6  1.537114e+05    2.52e-02    1.29e+02   1.15e+00   9.90e-01  7.29e+06        1    8.94e-01    6.11e+00
   7  1.537114e+05    1.19e-03    7.51e+00   3.71e-01   1.00e+00  2.19e+07        1    8.07e-01    6.92e+00
   8  1.537114e+05    1.17e-05    8.21e-01   3.09e-02   1.04e+00  6.56e+07        1    8.99e-01    7.82e+00
I0826 03:25:53.047257    27 misc.cc:205] 
Bundle adjustment report
------------------------
I0826 03:25:53.047324    27 bundle_adjustment.cc:942] 
    Residuals : 348904
   Parameters : 60827
   Iterations : 9
         Time : 7.83715 [s]
 Initial cost : 0.66431 [px]
   Final cost : 0.663743 [px]
  Termination : Convergence

I0826 03:25:53.300992    27 incremental_mapper.cc:175] => Completed observations: 37
I0826 03:25:53.400830    27 incremental_mapper.cc:178] => Merged observations: 0
I0826 03:25:53.437390    27 incremental_mapper.cc:160] => Filtered observations: 50
I0826 03:25:53.437454    27 incremental_mapper.cc:119] => Changed observations: 0.000499
I0826 03:25:53.437480    27 incremental_mapper.cc:167] => Filtered images: 0
I0826 03:25:53.557024    27 misc.cc:198] 
==============================================================================
Registering image #130 (28)
==============================================================================
I0826 03:25:53.557072    27 incremental_mapper.cc:495] => Image sees 6033 / 8174 points
I0826 03:25:56.691259    27 misc.cc:205] 
Pose refinement report
----------------------
I0826 03:25:56.691323    27 bundle_adjustment.cc:942] 
    Residuals : 9346
   Parameters : 8
   Iterations : 27
         Time : 0.280569 [s]
 Initial cost : 0.868787 [px]
   Final cost : 0.757848 [px]
  Termination : Convergence

I0826 03:25:56.753022    27 incremental_mapper.cc:40] => Continued observations: 4248
I0826 03:25:56.922142    27 incremental_mapper.cc:43] => Added observations: 14711
I0826 03:26:00.894263    27 misc.cc:205] 
Bundle adjustment report
------------------------
I0826 03:26:00.894346    27 bundle_adjustment.cc:942] 
    Residuals : 144650
   Parameters : 18155
   Iterations : 26
         Time : 3.81685 [s]
 Initial cost : 1.50879 [px]
   Final cost : 1.29273 [px]
  Termination : No convergence

I0826 03:26:01.223822    27 incremental_mapper.cc:78] => Merged observations: 194
I0826 03:26:01.223881    27 incremental_mapper.cc:79] => Completed observations: 939
I0826 03:26:01.223886    27 incremental_mapper.cc:81] => Filtered observations: 11593
I0826 03:26:01.223887    27 incremental_mapper.cc:90] => Changed observations: 0.175956
I0826 03:26:01.815056    27 misc.cc:205] 
Bundle adjustment report
------------------------
I0826 03:26:01.815148    27 bundle_adjustment.cc:942] 
    Residuals : 105492
   Parameters : 11927
   Iterations : 5
         Time : 0.495143 [s]
 Initial cost : 0.736013 [px]
   Final cost : 0.706543 [px]
  Termination : Convergence

I0826 03:26:02.115418    27 incremental_mapper.cc:78] => Merged observations: 198
I0826 03:26:02.115473    27 incremental_mapper.cc:79] => Completed observations: 1619
I0826 03:26:02.115477    27 incremental_mapper.cc:81] => Filtered observations: 206
I0826 03:26:02.115479    27 incremental_mapper.cc:90] => Changed observations: 0.038354
I0826 03:26:02.234840    27 misc.cc:198] 
==============================================================================
Registering image #131 (29)
==============================================================================
I0826 03:26:02.234880    27 incremental_mapper.cc:495] => Image sees 6276 / 8275 points
I0826 03:26:05.459823    27 misc.cc:205] 
Pose refinement report
----------------------
I0826 03:26:05.459896    27 bundle_adjustment.cc:942] 
    Residuals : 8572
   Parameters : 8
   Iterations : 27
         Time : 0.254213 [s]
 Initial cost : 0.943012 [px]
   Final cost : 0.801685 [px]
  Termination : Convergence

I0826 03:26:05.507505    27 incremental_mapper.cc:40] => Continued observations: 3787
I0826 03:26:05.698608    27 incremental_mapper.cc:43] => Added observations: 18046
I0826 03:26:09.486495    27 misc.cc:205] 
Bundle adjustment report
------------------------
I0826 03:26:09.486572    27 bundle_adjustment.cc:942] 
    Residuals : 133048
   Parameters : 18545
   Iterations : 26
         Time : 3.67074 [s]
 Initial cost : 1.66609 [px]
   Final cost : 1.45476 [px]
  Termination : No convergence

I0826 03:26:09.798116    27 incremental_mapper.cc:78] => Merged observations: 107
I0826 03:26:09.798174    27 incremental_mapper.cc:79] => Completed observations: 899
I0826 03:26:09.798179    27 incremental_mapper.cc:81] => Filtered observations: 13362
I0826 03:26:09.798182    27 incremental_mapper.cc:90] => Changed observations: 0.215982
I0826 03:26:10.489369    27 misc.cc:205] 
Bundle adjustment report
------------------------
I0826 03:26:10.489441    27 bundle_adjustment.cc:942] 
    Residuals : 98124
   Parameters : 12509
   Iterations : 6
         Time : 0.596448 [s]
 Initial cost : 0.777788 [px]
   Final cost : 0.751137 [px]
  Termination : Convergence

I0826 03:26:10.719040    27 incremental_mapper.cc:78] => Merged observations: 111
I0826 03:26:10.719100    27 incremental_mapper.cc:79] => Completed observations: 1823
I0826 03:26:10.719105    27 incremental_mapper.cc:81] => Filtered observations: 229
I0826 03:26:10.719106    27 incremental_mapper.cc:90] => Changed observations: 0.044087
I0826 03:26:10.836696    27 misc.cc:198] 
==============================================================================
Registering image #129 (30)
==============================================================================
I0826 03:26:10.836747    27 incremental_mapper.cc:495] => Image sees 6444 / 8023 points
I0826 03:26:14.430593    27 misc.cc:205] 
Pose refinement report
----------------------
I0826 03:26:14.430660    27 bundle_adjustment.cc:942] 
    Residuals : 10598
   Parameters : 8
   Iterations : 38
         Time : 0.414137 [s]
 Initial cost : 0.842182 [px]
   Final cost : 0.772919 [px]
  Termination : Convergence

I0826 03:26:14.493263    27 incremental_mapper.cc:40] => Continued observations: 4662
I0826 03:26:14.663901    27 incremental_mapper.cc:43] => Added observations: 16727
I0826 03:26:18.494064    27 misc.cc:205] 
Bundle adjustment report
------------------------
I0826 03:26:18.494138    27 bundle_adjustment.cc:942] 
    Residuals : 139070
   Parameters : 19433
   Iterations : 26
         Time : 3.70829 [s]
 Initial cost : 1.54444 [px]
   Final cost : 1.39144 [px]
  Termination : No convergence

I0826 03:26:18.824911    27 incremental_mapper.cc:78] => Merged observations: 309
I0826 03:26:18.824970    27 incremental_mapper.cc:79] => Completed observations: 813
I0826 03:26:18.824973    27 incremental_mapper.cc:81] => Filtered observations: 13369
I0826 03:26:18.824975    27 incremental_mapper.cc:90] => Changed observations: 0.208399
I0826 03:26:19.608093    27 misc.cc:205] 
Bundle adjustment report
------------------------
I0826 03:26:19.608167    27 bundle_adjustment.cc:942] 
    Residuals : 107872
   Parameters : 14051
   Iterations : 7
         Time : 0.677288 [s]
 Initial cost : 0.767812 [px]
   Final cost : 0.737946 [px]
  Termination : Convergence

I0826 03:26:19.890403    27 incremental_mapper.cc:78] => Merged observations: 159
I0826 03:26:19.890465    27 incremental_mapper.cc:79] => Completed observations: 1782
I0826 03:26:19.890468    27 incremental_mapper.cc:81] => Filtered observations: 171
I0826 03:26:19.890470    27 incremental_mapper.cc:90] => Changed observations: 0.039158
I0826 03:26:19.891366    27 misc.cc:198] 
==============================================================================
Retriangulation
==============================================================================
I0826 03:26:20.022356    27 incremental_mapper.cc:175] => Completed observations: 641
I0826 03:26:20.145469    27 incremental_mapper.cc:178] => Merged observations: 179
I0826 03:26:20.145527    27 incremental_mapper.cc:105] => Retriangulated observations: 2366
I0826 03:26:20.184623    27 misc.cc:198] 
==============================================================================
Global bundle adjustment
==============================================================================
iter      cost      cost_change  |gradient|   |step|    tr_ratio  tr_radius  ls_iter  iter_time  total_time
   0  2.292624e+06    0.00e+00    2.23e+06   0.00e+00   0.00e+00  1.00e+04        0    1.95e-01    9.77e-01
   1  1.765468e+06    5.27e+05    1.08e+07   5.72e+02   3.28e-01  9.61e+03        1    9.89e-01    1.97e+00
   2  1.188399e+06    5.77e+05    5.99e+06   2.11e+02   6.57e-01  9.92e+03        1    9.07e-01    2.87e+00
   3  5.308697e+12   -5.31e+12    5.99e+06   1.58e+02  -2.58e+07  4.96e+03        1    7.91e-01    3.66e+00
   4  1.094693e+06    9.37e+04    8.97e+05   9.95e+01   4.73e-01  4.96e+03        1    9.99e-01    4.66e+00
   5  8.672474e+05    2.27e+05    4.68e+05   9.72e+01   8.33e-01  7.04e+03        1    9.13e-01    5.58e+00
   6  7.431258e+05    1.24e+05    2.10e+05   6.62e+01   8.62e-01  1.13e+04        1    1.00e+00    6.58e+00
   7  6.962407e+05    4.69e+04    2.99e+05   1.48e+02   9.34e-01  3.27e+04        1    9.89e-01    7.57e+00
   8  6.860042e+05    1.02e+04    7.85e+05   3.42e+02   1.02e+00  9.81e+04        1    1.00e+00    8.57e+00
   9  6.843453e+05    1.66e+03    1.79e+06   1.28e+03   4.75e-01  9.81e+04        1    9.06e-01    9.47e+00
  10  6.811393e+05    3.21e+03    6.11e+05   1.44e+03   9.66e-01  2.94e+05        1    1.00e+00    1.05e+01
  11  6.805122e+05    6.27e+02    3.70e+05   5.82e+03   5.72e-01  2.95e+05        1    9.96e-01    1.15e+01
  12  6.798868e+05    6.25e+02    1.28e+05   5.32e+03   9.21e-01  7.36e+05        1    9.91e-01    1.25e+01
  13  6.797486e+05    1.38e+02    1.31e+05   1.12e+04   5.84e-01  7.40e+05        1    9.10e-01    1.34e+01
  14  6.796612e+05    8.73e+01    2.86e+04   6.75e+03   8.64e-01  1.21e+06        1    9.91e-01    1.44e+01
  15  6.796395e+05    2.18e+01    1.10e+04   7.48e+03   5.81e-01  1.21e+06        1    9.06e-01    1.53e+01
  16  6.796287e+05    1.08e+01    5.09e+03   4.64e+03   6.64e-01  1.26e+06        1    9.98e-01    1.63e+01
  17  6.796248e+05    3.91e+00    3.58e+03   4.30e+03   4.78e-01  1.26e+06        1    9.96e-01    1.73e+01
  18  6.796226e+05    2.22e+00    2.38e+03   3.65e+03   4.91e-01  1.26e+06        1    9.98e-01    1.83e+01
  19  6.796213e+05    1.28e+00    1.40e+03   3.49e+03   4.37e-01  1.25e+06        1    9.10e-01    1.92e+01
  20  6.796204e+05    8.76e-01    1.27e+03   3.18e+03   4.78e-01  1.25e+06        1    9.94e-01    2.02e+01
  21  6.796198e+05    6.09e-01    4.68e+02   3.10e+03   4.79e-01  1.25e+06        1    9.94e-01    2.12e+01
  22  6.796194e+05    4.53e-01    6.09e+02   2.92e+03   5.35e-01  1.25e+06        1    9.11e-01    2.21e+01
  23  6.796190e+05    3.43e-01    1.83e+02   2.88e+03   5.61e-01  1.26e+06        1    9.91e-01    2.31e+01
  24  6.796187e+05    2.71e-01    2.93e+02   2.77e+03   6.26e-01  1.28e+06        1    9.99e-01    2.41e+01
  25  6.796185e+05    2.21e-01    1.05e+02   2.77e+03   6.63e-01  1.32e+06        1    9.09e-01    2.50e+01
  26  6.796183e+05    1.85e-01    1.47e+02   2.73e+03   7.26e-01  1.46e+06        1    1.00e+00    2.60e+01
  27  6.796182e+05    1.65e-01    6.45e+01   2.91e+03   7.63e-01  1.71e+06        1    9.99e-01    2.70e+01
  28  6.796180e+05    1.53e-01    8.00e+01   3.18e+03   8.12e-01  2.25e+06        1    9.94e-01    2.80e+01
  29  6.796179e+05    1.50e-01    4.44e+01   3.82e+03   8.31e-01  3.17e+06        1    9.99e-01    2.90e+01
  30  6.796177e+05    1.48e-01    4.84e+01   4.71e+03   8.55e-01  4.95e+06        1    9.09e-01    2.99e+01
  31  6.796176e+05    1.57e-01    3.39e+01   6.42e+03   8.49e-01  7.51e+06        1    1.00e+00    3.09e+01
  32  6.796174e+05    1.54e-01    2.98e+01   8.25e+03   8.53e-01  1.16e+07        1    1.00e+00    3.19e+01
  33  6.796173e+05    1.47e-01    2.73e+01   1.06e+04   8.40e-01  1.69e+07        1    9.95e-01    3.29e+01
  34  6.796171e+05    1.29e-01    2.08e+01   1.26e+04   8.45e-01  2.51e+07        1    9.95e-01    3.39e+01
  35  6.796170e+05    1.14e-01    2.25e+01   1.52e+04   8.37e-01  3.63e+07        1    9.08e-01    3.48e+01
  36  6.796169e+05    9.75e-02    1.80e+01   1.74e+04   8.44e-01  5.37e+07        1    9.99e-01    3.58e+01
  37  6.796168e+05    8.26e-02    1.86e+01   2.02e+04   8.54e-01  8.31e+07        1    9.94e-01    3.68e+01
  38  6.796168e+05    7.49e-02    1.58e+01   2.43e+04   8.55e-01  1.29e+08        1    9.99e-01    3.78e+01
  39  6.796167e+05    6.72e-02    1.61e+01   2.92e+04   8.50e-01  1.97e+08        1    9.11e-01    3.87e+01
  40  6.796166e+05    5.83e-02    1.39e+01   3.36e+04   8.52e-01  3.02e+08        1    9.96e-01    3.97e+01
  41  6.796166e+05    5.12e-02    1.40e+01   3.93e+04   8.49e-01  4.58e+08        1    9.93e-01    4.07e+01
  42  6.796165e+05    4.41e-02    1.23e+01   4.50e+04   8.52e-01  7.03e+08        1    1.00e+00    4.17e+01
  43  6.796165e+05    3.86e-02    1.22e+01   5.22e+04   8.49e-01  1.07e+09        1    9.10e-01    4.26e+01
  44  6.796165e+05    3.33e-02    1.08e+01   5.97e+04   8.51e-01  1.63e+09        1    9.93e-01    4.36e+01
  45  6.796164e+05    2.91e-02    1.07e+01   6.91e+04   8.49e-01  2.47e+09        1    9.98e-01    4.46e+01
  46  6.796164e+05    2.51e-02    9.53e+00   7.90e+04   8.51e-01  3.78e+09        1    9.06e-01    4.55e+01
  47  6.796164e+05    2.19e-02    9.33e+00   9.14e+04   8.49e-01  5.73e+09        1    9.96e-01    4.65e+01
  48  6.796164e+05    1.89e-02    8.39e+00   1.04e+05   8.51e-01  8.75e+09        1    9.95e-01    4.75e+01
  49  6.796164e+05    1.65e-02    8.16e+00   1.21e+05   8.49e-01  1.33e+10        1    9.85e-01    4.84e+01
  50  6.796163e+05    1.43e-02    7.39e+00   1.38e+05   8.50e-01  2.02e+10        1    9.21e-01    4.94e+01
I0826 03:27:09.953296    27 misc.cc:205] 
Bundle adjustment report
------------------------
I0826 03:27:09.953366    27 bundle_adjustment.cc:942] 
    Residuals : 386458
   Parameters : 70661
   Iterations : 51
         Time : 49.3907 [s]
 Initial cost : 2.43565 [px]
   Final cost : 1.32611 [px]
  Termination : No convergence

I0826 03:27:10.274577    27 incremental_mapper.cc:175] => Completed observations: 1564
I0826 03:27:10.405093    27 incremental_mapper.cc:178] => Merged observations: 984
I0826 03:27:10.527387    27 incremental_mapper.cc:160] => Filtered observations: 8504
I0826 03:27:10.527456    27 incremental_mapper.cc:119] => Changed observations: 0.057196
I0826 03:27:10.527479    27 misc.cc:198] 
==============================================================================
Global bundle adjustment
==============================================================================
iter      cost      cost_change  |gradient|   |step|    tr_ratio  tr_radius  ls_iter  iter_time  total_time
   0  2.015781e+05    0.00e+00    1.29e+06   0.00e+00   0.00e+00  1.00e+04        0    2.01e-01    9.38e-01
   1  1.801688e+05    2.14e+04    4.43e+05   7.97e+01   9.95e-01  3.00e+04        1    9.03e-01    1.84e+00
   2  1.783368e+05    1.83e+03    1.54e+05   6.48e+01   9.50e-01  9.00e+04        1    9.01e-01    2.74e+00
   3  1.774769e+05    8.60e+02    3.69e+05   6.54e+01   7.66e-01  1.06e+05        1    9.95e-01    3.74e+00
   4  1.769483e+05    5.29e+02    1.87e+05   4.62e+01   9.28e-01  2.83e+05        1    9.03e-01    4.64e+00
   5  1.768068e+05    1.41e+02    3.22e+05   5.35e+01   6.29e-01  2.88e+05        1    9.78e-01    5.62e+00
   6  1.766773e+05    1.30e+02    5.77e+04   2.83e+01   9.69e-01  8.64e+05        1    9.14e-01    6.53e+00
   7  1.766476e+05    2.98e+01    2.65e+04   2.44e+01   9.22e-01  2.16e+06        1    9.04e-01    7.44e+00
   8  1.766401e+05    7.50e+00    2.19e+04   2.24e+01   7.02e-01  2.32e+06        1    9.05e-01    8.34e+00
   9  1.766359e+05    4.20e+00    9.16e+03   1.17e+01   9.25e-01  6.01e+06        1    8.99e-01    9.24e+00
  10  1.766353e+05    5.73e-01    3.73e+03   7.20e+00   9.17e-01  1.42e+07        1    9.88e-01    1.02e+01
  11  1.766352e+05    6.47e-02    1.92e+02   1.64e+00   1.01e+00  4.27e+07        1    9.08e-01    1.11e+01
  12  1.766352e+05    5.63e-04    2.31e+00   1.83e-01   1.06e+00  1.28e+08        1    9.02e-01    1.20e+01
  13  1.766352e+05    3.44e-05    1.98e+00   1.54e-02   9.26e-01  3.36e+08        1    9.93e-01    1.30e+01
  14  1.766352e+05    6.42e-06    5.98e-01   4.10e-03   7.51e-01  3.85e+08        1    9.00e-01    1.39e+01
I0826 03:27:24.834435    27 misc.cc:205] 
Bundle adjustment report
------------------------
I0826 03:27:24.834510    27 bundle_adjustment.cc:942] 
    Residuals : 369358
   Parameters : 65696
   Iterations : 15
         Time : 13.949 [s]
 Initial cost : 0.738751 [px]
   Final cost : 0.691536 [px]
  Termination : Convergence

I0826 03:27:25.147220    27 incremental_mapper.cc:175] => Completed observations: 2039
I0826 03:27:25.272367    27 incremental_mapper.cc:178] => Merged observations: 1032
I0826 03:27:25.321050    27 incremental_mapper.cc:160] => Filtered observations: 499
I0826 03:27:25.321117    27 incremental_mapper.cc:119] => Changed observations: 0.019331
I0826 03:27:25.321138    27 misc.cc:198] 
==============================================================================
Global bundle adjustment
==============================================================================
iter      cost      cost_change  |gradient|   |step|    tr_ratio  tr_radius  ls_iter  iter_time  total_time
   0  1.820321e+05    0.00e+00    2.99e+05   0.00e+00   0.00e+00  1.00e+04        0    2.07e-01    9.48e-01
   1  1.783769e+05    3.66e+03    3.62e+04   3.76e+01   1.00e+00  3.00e+04        1    8.97e-01    1.84e+00
   2  1.782472e+05    1.30e+02    6.97e+04   3.35e+01   9.78e-01  9.00e+04        1    9.94e-01    2.84e+00
   3  1.781857e+05    6.15e+01    1.11e+05   2.16e+01   9.69e-01  2.70e+05        1    9.08e-01    3.75e+00
   4  1.781705e+05    1.51e+01    1.53e+05   2.92e+01   5.48e-01  2.70e+05        1    9.97e-01    4.74e+00
   5  1.781520e+05    1.85e+01    5.30e+04   1.96e+01   8.77e-01  4.73e+05        1    9.03e-01    5.65e+00
   6  1.781468e+05    5.19e+00    4.89e+04   2.09e+01   5.93e-01  4.76e+05        1    9.93e-01    6.64e+00
   7  1.781410e+05    5.80e+00    1.82e+04   1.36e+01   8.97e-01  9.56e+05        1    9.05e-01    7.55e+00
   8  1.781389e+05    2.08e+00    1.88e+04   1.47e+01   6.86e-01  1.01e+06        1    9.89e-01    8.54e+00
   9  1.781372e+05    1.70e+00    5.93e+03   8.67e+00   9.37e-01  3.02e+06        1    9.12e-01    9.45e+00
  10  1.781368e+05    4.53e-01    5.49e+03   8.54e+00   8.06e-01  3.92e+06        1    9.86e-01    1.04e+01
  11  1.781366e+05    1.50e-01    6.21e+02   2.90e+00   9.92e-01  1.18e+07        1    9.05e-01    1.13e+01
  12  1.781366e+05    5.51e-03    7.26e+01   9.81e-01   1.00e+00  3.53e+07        1    9.06e-01    1.22e+01
  13  1.781366e+05    9.74e-05    1.98e+00   1.00e-01   1.06e+00  1.06e+08        1    9.91e-01    1.32e+01
  14  1.781366e+05    1.05e-06    5.88e-01   9.00e-03   1.04e+00  3.17e+08        1    9.07e-01    1.41e+01
I0826 03:27:39.841547    27 misc.cc:205] 
Bundle adjustment report
------------------------
I0826 03:27:39.841624    27 bundle_adjustment.cc:942] 
    Residuals : 372088
   Parameters : 65153
   Iterations : 15
         Time : 14.1625 [s]
 Initial cost : 0.699441 [px]
   Final cost : 0.691917 [px]
  Termination : Convergence

I0826 03:27:40.132470    27 incremental_mapper.cc:175] => Completed observations: 608
I0826 03:27:40.253044    27 incremental_mapper.cc:178] => Merged observations: 399
I0826 03:27:40.299705    27 incremental_mapper.cc:160] => Filtered observations: 283
I0826 03:27:40.299777    27 incremental_mapper.cc:119] => Changed observations: 0.006934
I0826 03:27:40.299800    27 misc.cc:198] 
==============================================================================
Global bundle adjustment
==============================================================================
iter      cost      cost_change  |gradient|   |step|    tr_ratio  tr_radius  ls_iter  iter_time  total_time
   0  1.799767e+05    0.00e+00    1.79e+05   0.00e+00   0.00e+00  1.00e+04        0    2.08e-01    9.67e-01
   1  1.786269e+05    1.35e+03    1.54e+04   2.72e+01   1.00e+00  3.00e+04        1    9.02e-01    1.87e+00
   2  1.785675e+05    5.94e+01    5.36e+04   2.31e+01   9.82e-01  9.00e+04        1    9.89e-01    2.86e+00
   3  1.785373e+05    3.02e+01    6.17e+04   1.56e+01   9.79e-01  2.70e+05        1    9.03e-01    3.76e+00
   4  1.785273e+05    9.98e+00    9.04e+04   2.35e+01   6.37e-01  2.76e+05        1    9.87e-01    4.75e+00
   5  1.785163e+05    1.11e+01    3.68e+04   1.74e+01   8.68e-01  4.58e+05        1    9.17e-01    5.67e+00
   6  1.785111e+05    5.18e+00    3.70e+04   1.93e+01   6.63e-01  4.75e+05        1    9.02e-01    6.57e+00
   7  1.785058e+05    5.28e+00    1.67e+04   1.37e+01   8.86e-01  8.76e+05        1    9.93e-01    7.56e+00
   8  1.785034e+05    2.38e+00    1.74e+04   1.47e+01   7.24e-01  9.63e+05        1    9.08e-01    8.47e+00
   9  1.785016e+05    1.77e+00    6.44e+03   9.20e+00   9.27e-01  2.55e+06        1    9.92e-01    9.46e+00
  10  1.785011e+05    5.20e-01    5.43e+03   8.60e+00   8.26e-01  3.53e+06        1    9.08e-01    1.04e+01
  11  1.785010e+05    1.63e-01    7.65e+02   3.24e+00   9.87e-01  1.06e+07        1    9.88e-01    1.14e+01
  12  1.785009e+05    7.52e-03    9.30e+01   1.12e+00   9.98e-01  3.17e+07        1    9.08e-01    1.23e+01
  13  1.785009e+05    1.33e-04    1.99e+00   1.19e-01   1.05e+00  9.52e+07        1    9.92e-01    1.33e+01
  14  1.785009e+05    1.19e-06    6.03e-01   9.71e-03   1.08e+00  2.86e+08        1    9.09e-01    1.42e+01
I0826 03:27:54.845149    27 misc.cc:205] 
Bundle adjustment report
------------------------
I0826 03:27:54.845232    27 bundle_adjustment.cc:942] 
    Residuals : 372544
   Parameters : 64904
   Iterations : 15
         Time : 14.1861 [s]
 Initial cost : 0.695055 [px]
   Final cost : 0.6922 [px]
  Termination : Convergence

I0826 03:27:55.145004    27 incremental_mapper.cc:175] => Completed observations: 312
I0826 03:27:55.263953    27 incremental_mapper.cc:178] => Merged observations: 175
I0826 03:27:55.312541    27 incremental_mapper.cc:160] => Filtered observations: 161
I0826 03:27:55.312589    27 incremental_mapper.cc:119] => Changed observations: 0.003479
I0826 03:27:55.312611    27 misc.cc:198] 
==============================================================================
Global bundle adjustment
==============================================================================
iter      cost      cost_change  |gradient|   |step|    tr_ratio  tr_radius  ls_iter  iter_time  total_time
   0  1.796326e+05    0.00e+00    2.11e+05   0.00e+00   0.00e+00  1.00e+04        0    2.03e-01    9.51e-01
   1  1.789282e+05    7.04e+02    3.51e+04   1.29e+01   1.00e+00  3.00e+04        1    9.01e-01    1.85e+00
   2  1.789166e+05    1.15e+01    2.19e+03   7.29e+00   9.75e-01  9.00e+04        1    9.92e-01    2.84e+00
   3  1.789123e+05    4.35e+00    9.13e+03   6.92e+00   1.00e+00  2.70e+05        1    9.05e-01    3.75e+00
   4  1.789089e+05    3.40e+00    2.59e+04   1.31e+01   8.72e-01  4.60e+05        1    9.91e-01    4.74e+00
   5  1.789063e+05    2.53e+00    2.20e+04   1.40e+01   7.89e-01  5.70e+05        1    9.05e-01    5.65e+00
   6  1.789044e+05    1.91e+00    1.09e+04   1.07e+01   8.87e-01  1.07e+06        1    9.90e-01    6.64e+00
   7  1.789034e+05    9.93e-01    8.63e+03   1.01e+01   8.29e-01  1.49e+06        1    9.12e-01    7.55e+00
   8  1.789029e+05    4.97e-01    3.14e+03   6.36e+00   9.37e-01  4.48e+06        1    9.95e-01    8.54e+00
   9  1.789028e+05    1.17e-01    1.40e+03   4.36e+00   9.34e-01  1.30e+07        1    9.06e-01    9.45e+00
  10  1.789028e+05    1.19e-02    9.14e+01   1.10e+00   1.00e+00  3.90e+07        1    9.02e-01    1.04e+01
  11  1.789028e+05    1.04e-04    1.98e+00   9.85e-02   1.06e+00  1.17e+08        1    9.89e-01    1.13e+01
  12  1.789028e+05    8.20e-07    7.92e-01   7.96e-03   1.08e+00  3.51e+08        1    9.10e-01    1.23e+01
I0826 03:28:07.993180    27 misc.cc:205] 
Bundle adjustment report
------------------------
I0826 03:28:07.993257    27 bundle_adjustment.cc:942] 
    Residuals : 372714
   Parameters : 64742
   Iterations : 13
         Time : 12.2705 [s]
 Initial cost : 0.694232 [px]
   Final cost : 0.69282 [px]
  Termination : Convergence

I0826 03:28:08.273038    27 incremental_mapper.cc:175] => Completed observations: 123
I0826 03:28:08.389842    27 incremental_mapper.cc:178] => Merged observations: 88
I0826 03:28:08.432829    27 incremental_mapper.cc:160] => Filtered observations: 103
I0826 03:28:08.432889    27 incremental_mapper.cc:119] => Changed observations: 0.001685
I0826 03:28:08.432914    27 incremental_mapper.cc:167] => Filtered images: 0
I0826 03:28:08.557870    27 misc.cc:198] 
==============================================================================
Registering image #127 (31)
==============================================================================
I0826 03:28:08.557924    27 incremental_mapper.cc:495] => Image sees 6316 / 7977 points
I0826 03:28:11.925453    27 misc.cc:205] 
Pose refinement report
----------------------
I0826 03:28:11.925524    27 bundle_adjustment.cc:942] 
    Residuals : 11174
   Parameters : 8
   Iterations : 17
         Time : 0.214101 [s]
 Initial cost : 0.930495 [px]
   Final cost : 0.640034 [px]
  Termination : Convergence

I0826 03:28:11.988001    27 incremental_mapper.cc:40] => Continued observations: 4877
I0826 03:28:12.203497    27 incremental_mapper.cc:43] => Added observations: 21890
I0826 03:28:16.698892    27 misc.cc:205] 
Bundle adjustment report
------------------------
I0826 03:28:16.698966    27 bundle_adjustment.cc:942] 
    Residuals : 170008
   Parameters : 23849
   Iterations : 26
         Time : 4.35216 [s]
 Initial cost : 1.56067 [px]
   Final cost : 1.42076 [px]
  Termination : No convergence

I0826 03:28:17.126058    27 incremental_mapper.cc:78] => Merged observations: 476
I0826 03:28:17.126117    27 incremental_mapper.cc:79] => Completed observations: 796
I0826 03:28:17.126122    27 incremental_mapper.cc:81] => Filtered observations: 15172
I0826 03:28:17.126124    27 incremental_mapper.cc:90] => Changed observations: 0.193450
I0826 03:28:17.983556    27 misc.cc:205] 
Bundle adjustment report
------------------------
I0826 03:28:17.983623    27 bundle_adjustment.cc:942] 
    Residuals : 133084
   Parameters : 18200
   Iterations : 6
         Time : 0.736463 [s]
 Initial cost : 0.752664 [px]
   Final cost : 0.722051 [px]
  Termination : Convergence

I0826 03:28:18.329891    27 incremental_mapper.cc:78] => Merged observations: 168
I0826 03:28:18.329949    27 incremental_mapper.cc:79] => Completed observations: 3114
I0826 03:28:18.329953    27 incremental_mapper.cc:81] => Filtered observations: 168
I0826 03:28:18.329955    27 incremental_mapper.cc:90] => Changed observations: 0.051847
I0826 03:28:18.443810    27 misc.cc:198] 
==============================================================================
Registering image #132 (32)
==============================================================================
I0826 03:28:18.443867    27 incremental_mapper.cc:495] => Image sees 6478 / 8453 points
I0826 03:28:22.145303    27 misc.cc:205] 
Pose refinement report
----------------------
I0826 03:28:22.145372    27 bundle_adjustment.cc:942] 
    Residuals : 9166
   Parameters : 8
   Iterations : 35
         Time : 0.344369 [s]
 Initial cost : 0.916668 [px]
   Final cost : 0.800323 [px]
  Termination : Convergence

I0826 03:28:22.200206    27 incremental_mapper.cc:40] => Continued observations: 4149
I0826 03:28:22.410528    27 incremental_mapper.cc:43] => Added observations: 20988
I0826 03:28:26.482472    27 misc.cc:205] 
Bundle adjustment report
------------------------
I0826 03:28:26.482546    27 bundle_adjustment.cc:942] 
    Residuals : 141528
   Parameters : 19694
   Iterations : 26
         Time : 3.93628 [s]
 Initial cost : 1.73984 [px]
   Final cost : 1.56426 [px]
  Termination : No convergence

I0826 03:28:26.833693    27 incremental_mapper.cc:78] => Merged observations: 164
I0826 03:28:26.833747    27 incremental_mapper.cc:79] => Completed observations: 699
I0826 03:28:26.833752    27 incremental_mapper.cc:81] => Filtered observations: 17388
I0826 03:28:26.833755    27 incremental_mapper.cc:90] => Changed observations: 0.257914
I0826 03:28:27.298864    27 misc.cc:205] 
Bundle adjustment report
------------------------
I0826 03:28:27.298954    27 bundle_adjustment.cc:942] 
    Residuals : 104744
   Parameters : 13124
   Iterations : 4
         Time : 0.361618 [s]
 Initial cost : 0.764632 [px]
   Final cost : 0.723818 [px]
  Termination : Convergence

I0826 03:28:27.593181    27 incremental_mapper.cc:78] => Merged observations: 149
I0826 03:28:27.593231    27 incremental_mapper.cc:79] => Completed observations: 2255
I0826 03:28:27.593236    27 incremental_mapper.cc:81] => Filtered observations: 148
I0826 03:28:27.593238    27 incremental_mapper.cc:90] => Changed observations: 0.048728
I0826 03:28:27.594117    27 misc.cc:198] 
==============================================================================
Retriangulation
==============================================================================
I0826 03:28:27.736099    27 incremental_mapper.cc:175] => Completed observations: 760
I0826 03:28:27.868296    27 incremental_mapper.cc:178] => Merged observations: 158
I0826 03:28:27.868358    27 incremental_mapper.cc:105] => Retriangulated observations: 3097
I0826 03:28:27.912935    27 misc.cc:198] 
==============================================================================
Global bundle adjustment
==============================================================================
iter      cost      cost_change  |gradient|   |step|    tr_ratio  tr_radius  ls_iter  iter_time  total_time
   0  2.206283e+06    0.00e+00    8.64e+06   0.00e+00   0.00e+00  1.00e+04        0    2.85e-01    1.12e+00
   1  6.976914e+05    1.51e+06    4.65e+06   3.38e+02   1.01e+00  3.00e+04        1    1.09e+00    2.21e+00
   2  6.196884e+05    7.80e+04    2.91e+06   1.24e+02   9.91e-01  9.00e+04        1    1.01e+00    3.22e+00
   3  6.369198e+05   -1.72e+04    2.91e+06   2.47e+02  -1.14e+00  4.50e+04        1    8.94e-01    4.11e+00
   4  6.323331e+05   -1.26e+04    2.91e+06   1.49e+02  -1.05e+00  1.12e+04        1    8.11e-01    4.92e+00
   5  6.138174e+05    5.87e+03    2.24e+06   4.69e+01   7.11e-01  1.22e+04        1    1.08e+00    6.01e+00
   6  6.100327e+05    3.78e+03    5.27e+05   4.60e+01   9.25e-01  3.14e+04        1    1.10e+00    7.11e+00
   7  6.070355e+05    3.00e+03    8.47e+05   9.43e+01   8.51e-01  4.79e+04        1    1.11e+00    8.21e+00
   8  6.040930e+05    2.94e+03    1.26e+06   1.03e+02   7.77e-01  5.77e+04        1    1.11e+00    9.32e+00
   9  6.013730e+05    2.72e+03    6.49e+05   7.27e+01   9.14e-01  1.34e+05        1    1.10e+00    1.04e+01
  10  7.143058e+05   -1.13e+05    6.49e+05   8.14e+01  -4.40e+01  6.70e+04        1    8.97e-01    1.13e+01
  11  5.996166e+05    1.76e+03    3.23e+05   5.35e+01   9.53e-01  2.01e+05        1    1.10e+00    1.24e+01
  12  6.490732e+05   -4.95e+04    3.23e+05   5.70e+01  -3.07e+01  1.00e+05        1    8.78e-01    1.33e+01
  13  5.985206e+05    1.10e+03    5.90e+05   3.84e+01   9.41e-01  3.01e+05        1    1.12e+00    1.44e+01
  14  1.843655e+06   -1.25e+06    5.90e+05   6.07e+01  -1.18e+03  1.51e+05        1    8.78e-01    1.53e+01
  15  5.977658e+05    7.55e+02    5.69e+05   3.28e+01   9.70e-01  4.52e+05        1    1.12e+00    1.64e+01
  16  5.977122e+05    5.35e+01    1.16e+06   8.09e+01   7.25e-02  2.78e+05        1    1.10e+00    1.75e+01
  17  5.967408e+05    9.71e+02    2.97e+05   3.80e+01   9.79e-01  8.35e+05        1    1.10e+00    1.86e+01
  18  5.967351e+05    5.75e+00    3.33e+05   6.34e+01   2.39e-02  4.48e+05        1    1.19e+00    1.98e+01
  19  5.964730e+05    2.62e+02    3.30e+04   1.91e+01   1.00e+00  1.34e+06        1    1.11e+00    2.09e+01
  20  5.964640e+05    8.96e+00    3.47e+04   1.90e+01   8.52e-01  2.06e+06        1    1.20e+00    2.21e+01
  21  5.964613e+05    2.77e+00    3.58e+03   7.04e+00   9.82e-01  6.18e+06        1    1.10e+00    2.32e+01
  22  5.964611e+05    1.98e-01    4.73e+03   2.60e+00   5.43e-01  6.18e+06        1    1.20e+00    2.44e+01
  23  5.964610e+05    4.18e-02    1.35e+03   2.81e+00   2.17e-01  5.24e+06        1    1.19e+00    2.56e+01
  24  5.964610e+05    1.62e-02    1.89e+03   2.27e+00   1.15e-01  3.59e+06        1    1.12e+00    2.67e+01
  25  5.964610e+05    1.73e-02    1.15e+03   2.12e+00   1.54e-01  2.70e+06        1    1.19e+00    2.79e+01
  26  5.964610e+05    1.36e-02    8.72e+02   1.66e+00   1.73e-01  2.11e+06        1    1.20e+00    2.91e+01
  27  5.964610e+05    1.13e-02    4.94e+02   1.33e+00   2.19e-01  1.79e+06        1    1.11e+00    3.02e+01
  28  5.964610e+05    7.04e-03    2.85e+02   9.46e-01   2.38e-01  1.56e+06        1    1.30e+00    3.15e+01
  29  5.964610e+05    4.19e-03    1.35e+02   6.83e-01   2.66e-01  1.42e+06        1    1.18e+00    3.27e+01
  30  5.964610e+05    2.14e-03    7.05e+01   4.53e-01   2.81e-01  1.31e+06        1    1.12e+00    3.38e+01
  31  5.964610e+05    1.04e-03    4.81e+01   3.03e-01   2.98e-01  1.23e+06        1    1.19e+00    3.50e+01
  32  5.964610e+05    4.61e-04    3.08e+01   1.92e-01   3.10e-01  1.16e+06        1    1.20e+00    3.62e+01
  33  5.964610e+05    1.96e-04    1.97e+01   1.22e-01   3.21e-01  1.11e+06        1    1.21e+00    3.74e+01
  34  5.964610e+05    7.87e-05    1.22e+01   7.44e-02   3.30e-01  1.07e+06        1    1.19e+00    3.86e+01
  35  5.964610e+05    3.04e-05    7.44e+00   4.52e-02   3.38e-01  1.04e+06        1    1.21e+00    3.98e+01
  36  5.964610e+05    1.13e-05    4.46e+00   2.68e-02   3.45e-01  1.01e+06        1    1.20e+00    4.10e+01
  37  5.964610e+05    4.08e-06    2.64e+00   1.58e-02   3.51e-01  9.81e+05        1    1.29e+00    4.23e+01
  38  5.964610e+05    1.43e-06    1.92e+00   9.17e-03   3.57e-01  9.58e+05        1    1.22e+00    4.35e+01
  39  5.964610e+05    4.88e-07    1.97e+00   5.27e-03   3.61e-01  9.38e+05        1    1.19e+00    4.47e+01
  40  5.964610e+05    1.62e-07    1.08e+00   2.99e-03   3.64e-01  9.20e+05        1    1.20e+00    4.59e+01
  41  5.964610e+05    5.60e-08    1.97e+00   1.68e-03   3.88e-01  9.10e+05        1    1.29e+00    4.72e+01
  42  5.964610e+05    1.61e-08    1.10e+00   9.41e-04   3.58e-01  8.89e+05        1    1.20e+00    4.84e+01
  43  5.964610e+05    4.77e-09    7.36e-01   5.22e-04   3.18e-01  8.49e+05        1    1.30e+00    4.97e+01
I0826 03:29:18.154601    27 misc.cc:205] 
Bundle adjustment report
------------------------
I0826 03:29:18.154724    27 bundle_adjustment.cc:942] 
    Residuals : 413834
   Parameters : 74580
   Iterations : 44
         Time : 49.8241 [s]
 Initial cost : 2.30897 [px]
   Final cost : 1.20054 [px]
  Termination : Convergence

I0826 03:29:18.621805    27 incremental_mapper.cc:175] => Completed observations: 1398
I0826 03:29:18.767649    27 incremental_mapper.cc:178] => Merged observations: 619
I0826 03:29:18.902232    27 incremental_mapper.cc:160] => Filtered observations: 8960
I0826 03:29:18.902289    27 incremental_mapper.cc:119] => Changed observations: 0.053050
I0826 03:29:18.904783    27 misc.cc:198] 
==============================================================================
Global bundle adjustment
==============================================================================
iter      cost      cost_change  |gradient|   |step|    tr_ratio  tr_radius  ls_iter  iter_time  total_time
   0  2.201795e+05    0.00e+00    1.19e+06   0.00e+00   0.00e+00  1.00e+04        0    2.30e-01    1.04e+00
   1  1.983238e+05    2.19e+04    5.87e+05   6.98e+01   9.94e-01  3.00e+04        1    9.96e-01    2.03e+00
   2  1.968026e+05    1.52e+03    2.90e+05   5.79e+01   8.93e-01  5.82e+04        1    1.00e+00    3.03e+00
   3  1.959818e+05    8.21e+02    7.18e+05   7.06e+01   6.68e-01  6.05e+04        1    1.00e+00    4.04e+00
   4  1.951258e+05    8.56e+02    4.96e+05   6.23e+01   8.30e-01  8.50e+04        1    1.00e+00    5.04e+00
   5  1.946630e+05    4.63e+02    5.51e+05   6.84e+01   6.67e-01  8.83e+04        1    9.99e-01    6.04e+00
   6  1.942118e+05    4.51e+02    3.33e+05   5.53e+01   8.31e-01  1.24e+05        1    9.97e-01    7.03e+00
   7  1.939759e+05    2.36e+02    3.22e+05   5.65e+01   7.17e-01  1.35e+05        1    1.10e+00    8.13e+00
   8  1.937830e+05    1.93e+02    1.81e+05   4.39e+01   8.60e-01  2.16e+05        1    9.98e-01    9.13e+00
   9  1.936903e+05    9.26e+01    1.66e+05   4.33e+01   7.70e-01  2.56e+05        1    1.00e+00    1.01e+01
  10  1.936301e+05    6.02e+01    7.30e+04   2.97e+01   9.15e-01  6.00e+05        1    1.00e+00    1.11e+01
  11  1.936083e+05    2.19e+01    4.61e+04   2.54e+01   8.95e-01  1.19e+06        1    1.00e+00    1.21e+01
  12  1.936021e+05    6.12e+00    3.76e+03   1.03e+01   9.93e-01  3.56e+06        1    1.00e+00    1.31e+01
  13  1.936016e+05    5.76e-01    1.19e+03   6.48e+00   9.79e-01  1.07e+07        1    1.00e+00    1.41e+01
  14  1.936015e+05    6.16e-02    8.45e+02   3.73e+00   9.80e-01  3.21e+07        1    1.00e+00    1.51e+01
  15  1.936015e+05    4.26e-03    2.91e+01   6.39e-01   1.04e+00  9.62e+07        1    1.00e+00    1.61e+01
  16  1.936015e+05    4.07e-05    1.96e+00   7.89e-02   1.11e+00  2.89e+08        1    9.98e-01    1.71e+01
  17  1.936015e+05    8.65e-07    1.21e+00   9.67e-03   1.03e+00  8.66e+08        1    1.07e+00    1.82e+01
  18  1.936015e+05    3.63e-08    1.11e+00   1.32e-03   7.03e-01  9.28e+08        1    1.00e+00    1.92e+01
  19  1.936015e+05    5.30e-09    5.68e-01   3.28e-04   5.87e-01  9.33e+08        1    1.01e+00    2.02e+01
I0826 03:29:39.533339    27 misc.cc:205] 
Bundle adjustment report
------------------------
I0826 03:29:39.533414    27 bundle_adjustment.cc:942] 
    Residuals : 396130
   Parameters : 68997
   Iterations : 20
         Time : 20.2432 [s]
 Initial cost : 0.745538 [px]
   Final cost : 0.699094 [px]
  Termination : Convergence

I0826 03:29:39.871946    27 incremental_mapper.cc:175] => Completed observations: 2394
I0826 03:29:40.012213    27 incremental_mapper.cc:178] => Merged observations: 808
I0826 03:29:40.064314    27 incremental_mapper.cc:160] => Filtered observations: 503
I0826 03:29:40.064385    27 incremental_mapper.cc:119] => Changed observations: 0.018706
I0826 03:29:40.064407    27 misc.cc:198] 
==============================================================================
Global bundle adjustment
==============================================================================
iter      cost      cost_change  |gradient|   |step|    tr_ratio  tr_radius  ls_iter  iter_time  total_time
   0  2.006888e+05    0.00e+00    3.97e+05   0.00e+00   0.00e+00  1.00e+04        0    2.68e-01    1.07e+00
   1  1.965347e+05    4.15e+03    5.87e+04   3.18e+01   9.99e-01  3.00e+04        1    1.00e+00    2.07e+00
   2  1.964148e+05    1.20e+02    8.29e+04   3.01e+01   9.83e-01  9.00e+04        1    1.00e+00    3.07e+00
   3  1.963160e+05    9.88e+01    2.38e+05   4.26e+01   7.58e-01  1.04e+05        1    1.09e+00    4.17e+00
   4  1.962303e+05    8.57e+01    1.58e+05   3.57e+01   8.35e-01  1.49e+05        1    1.00e+00    5.17e+00
   5  1.961846e+05    4.57e+01    1.59e+05   3.76e+01   6.72e-01  1.56e+05        1    1.01e+00    6.17e+00
   6  1.961433e+05    4.13e+01    9.22e+04   3.00e+01   8.17e-01  2.09e+05        1    1.09e+00    7.26e+00
   7  1.961234e+05    1.99e+01    8.43e+04   2.97e+01   6.81e-01  2.20e+05        1    9.93e-01    8.26e+00
   8  1.961063e+05    1.71e+01    5.00e+04   2.35e+01   8.18e-01  2.96e+05        1    1.01e+00    9.27e+00
   9  1.960974e+05    8.89e+00    4.61e+04   2.31e+01   7.03e-01  3.17e+05        1    9.98e-01    1.03e+01
  10  1.960895e+05    7.90e+00    2.83e+04   1.86e+01   8.30e-01  4.46e+05        1    1.01e+00    1.13e+01
  11  1.960847e+05    4.79e+00    2.77e+04   1.91e+01   7.27e-01  4.92e+05        1    1.01e+00    1.23e+01
  12  1.960803e+05    4.36e+00    1.75e+04   1.57e+01   8.44e-01  7.31e+05        1    1.08e+00    1.34e+01
  13  1.960777e+05    2.67e+00    1.77e+04   1.63e+01   7.44e-01  8.27e+05        1    1.01e+00    1.44e+01
  14  1.960755e+05    2.17e+00    1.03e+04   1.27e+01   8.68e-01  1.38e+06        1    1.00e+00    1.54e+01
  15  1.960744e+05    1.07e+00    9.61e+03   1.24e+01   7.79e-01  1.67e+06        1    1.01e+00    1.64e+01
  16  1.960738e+05    6.32e-01    4.04e+03   8.09e+00   9.22e-01  4.20e+06        1    1.08e+00    1.75e+01
  17  1.960736e+05    1.77e-01    2.69e+03   6.62e+00   8.75e-01  7.25e+06        1    1.01e+00    1.85e+01
  18  1.960736e+05    3.99e-02    3.40e+02   2.35e+00   1.00e+00  2.18e+07        1    1.00e+00    1.95e+01
  19  1.960736e+05    1.35e-03    2.37e+01   6.07e-01   1.04e+00  6.53e+07        1    1.00e+00    2.05e+01
  20  1.960736e+05    2.61e-05    1.91e+00   6.19e-02   1.11e+00  1.96e+08        1    1.08e+00    2.16e+01
  21  1.960736e+05    5.77e-07    9.53e-01   1.15e-02   1.02e+00  5.88e+08        1    1.01e+00    2.26e+01
I0826 03:30:03.032766    27 misc.cc:205] 
Bundle adjustment report
------------------------
I0826 03:30:03.032833    27 bundle_adjustment.cc:942] 
    Residuals : 399690
   Parameters : 68598
   Iterations : 22
         Time : 22.5834 [s]
 Initial cost : 0.708598 [px]
   Final cost : 0.700403 [px]
  Termination : Convergence

I0826 03:30:03.348188    27 incremental_mapper.cc:175] => Completed observations: 840
I0826 03:30:03.479317    27 incremental_mapper.cc:178] => Merged observations: 293
I0826 03:30:03.527163    27 incremental_mapper.cc:160] => Filtered observations: 293
I0826 03:30:03.527220    27 incremental_mapper.cc:119] => Changed observations: 0.007136
I0826 03:30:03.527243    27 misc.cc:198] 
==============================================================================
Global bundle adjustment
==============================================================================
iter      cost      cost_change  |gradient|   |step|    tr_ratio  tr_radius  ls_iter  iter_time  total_time
   0  1.991906e+05    0.00e+00    1.99e+05   0.00e+00   0.00e+00  1.00e+04        0    2.11e-01    1.02e+00
   1  1.973539e+05    1.84e+03    2.52e+04   1.55e+01   9.99e-01  3.00e+04        1    9.95e-01    2.01e+00
   2  1.973220e+05    3.18e+01    2.16e+04   1.44e+01   9.99e-01  9.00e+04        1    1.09e+00    3.10e+00
   3  1.972938e+05    2.83e+01    5.74e+04   2.10e+01   9.55e-01  2.70e+05        1    1.00e+00    4.10e+00
   4  1.972829e+05    1.08e+01    1.38e+05   3.40e+01   4.25e-01  2.69e+05        1    1.00e+00    5.10e+00
   5  1.972620e+05    2.09e+01    5.31e+04   2.33e+01   8.57e-01  4.23e+05        1    1.01e+00    6.11e+00
   6  1.972558e+05    6.20e+00    5.10e+04   2.46e+01   5.74e-01  4.24e+05        1    1.08e+00    7.19e+00
   7  1.972484e+05    7.41e+00    2.38e+04   1.78e+01   8.55e-01  6.62e+05        1    1.01e+00    8.20e+00
   8  1.972452e+05    3.16e+00    2.45e+04   1.88e+01   6.64e-01  6.86e+05        1    1.00e+00    9.21e+00
   9  1.972421e+05    3.10e+00    1.22e+04   1.37e+01   8.75e-01  1.19e+06        1    1.01e+00    1.02e+01
  10  1.972408e+05    1.36e+00    1.31e+04   1.45e+01   7.11e-01  1.29e+06        1    1.09e+00    1.13e+01
  11  1.972397e+05    1.05e+00    5.31e+03   9.38e+00   9.18e-01  3.10e+06        1    1.00e+00    1.23e+01
  12  1.972394e+05    3.15e-01    4.78e+03   8.95e+00   7.96e-01  3.91e+06        1    1.00e+00    1.33e+01
  13  1.972393e+05    1.23e-01    8.11e+02   3.69e+00   9.88e-01  1.17e+07        1    1.00e+00    1.43e+01
  14  1.972393e+05    8.43e-03    1.63e+02   1.65e+00   9.99e-01  3.52e+07        1    1.09e+00    1.54e+01
  15  1.972393e+05    3.06e-04    3.94e+00   2.39e-01   1.07e+00  1.06e+08        1    1.00e+00    1.64e+01
  16  1.972393e+05    5.00e-06    1.97e+00   3.48e-02   1.03e+00  3.17e+08        1    1.00e+00    1.74e+01
  17  1.972393e+05    1.87e-07    1.20e+00   2.46e-03   6.36e-01  3.24e+08        1    1.00e+00    1.84e+01
  18  1.972393e+05    3.09e-08    1.70e+00   1.22e-03   4.29e-01  3.23e+08        1    1.00e+00    1.94e+01
  19  1.972393e+05    1.01e-08    1.09e+00   3.52e-04   4.21e-01  3.21e+08        1    1.00e+00    2.04e+01
  20  1.972393e+05    3.35e-09    8.10e-01   2.20e-04   3.78e-01  3.17e+08        1    1.09e+00    2.15e+01
I0826 03:30:25.431717    27 misc.cc:205] 
Bundle adjustment report
------------------------
I0826 03:30:25.432143    27 bundle_adjustment.cc:942] 
    Residuals : 400622
   Parameters : 68403
   Iterations : 21
         Time : 21.5201 [s]
 Initial cost : 0.705126 [px]
   Final cost : 0.701664 [px]
  Termination : Convergence

I0826 03:30:25.742442    27 incremental_mapper.cc:175] => Completed observations: 508
I0826 03:30:25.870198    27 incremental_mapper.cc:178] => Merged observations: 290
I0826 03:30:25.918629    27 incremental_mapper.cc:160] => Filtered observations: 238
I0826 03:30:25.918692    27 incremental_mapper.cc:119] => Changed observations: 0.005172
I0826 03:30:25.918716    27 misc.cc:198] 
==============================================================================
Global bundle adjustment
==============================================================================
iter      cost      cost_change  |gradient|   |step|    tr_ratio  tr_radius  ls_iter  iter_time  total_time
   0  1.990496e+05    0.00e+00    1.68e+05   0.00e+00   0.00e+00  1.00e+04        0    2.65e-01    1.12e+00
   1  1.977962e+05    1.25e+03    1.21e+04   9.13e+00   9.99e-01  3.00e+04        1    9.94e-01    2.12e+00
   2  1.977822e+05    1.40e+01    5.48e+03   8.41e+00   1.00e+00  9.00e+04        1    1.01e+00    3.12e+00
   3  1.977696e+05    1.25e+01    2.12e+04   1.33e+01   9.92e-01  2.70e+05        1    1.09e+00    4.21e+00
   4  1.977620e+05    7.61e+00    5.09e+04   2.06e+01   8.14e-01  3.59e+05        1    1.00e+00    5.21e+00
   5  1.977571e+05    4.91e+00    2.79e+04   1.73e+01   8.31e-01  5.05e+05        1    1.01e+00    6.22e+00
   6  1.977543e+05    2.79e+00    1.96e+04   1.58e+01   7.92e-01  6.30e+05        1    9.97e-01    7.22e+00
   7  1.977524e+05    1.94e+00    1.18e+04   1.29e+01   8.50e-01  9.59e+05        1    1.09e+00    8.31e+00
   8  1.977512e+05    1.15e+00    9.56e+03   1.22e+01   8.10e-01  1.26e+06        1    1.01e+00    9.32e+00
   9  1.977505e+05    7.34e-01    5.38e+03   9.40e+00   8.86e-01  2.33e+06        1    9.99e-01    1.03e+01
  10  1.977502e+05    3.15e-01    3.72e+03   7.95e+00   8.66e-01  3.83e+06        1    1.09e+00    1.14e+01
  11  1.977501e+05    1.07e-01    1.14e+03   4.43e+00   9.61e-01  1.15e+07        1    1.00e+00    1.24e+01
  12  1.977501e+05    1.32e-02    2.28e+02   1.98e+00   9.97e-01  3.45e+07        1    1.01e+00    1.34e+01
  13  1.977501e+05    4.93e-04    6.19e+00   3.06e-01   1.06e+00  1.03e+08        1    1.09e+00    1.45e+01
  14  1.977501e+05    7.14e-06    1.59e+00   4.19e-02   1.10e+00  3.10e+08        1    1.01e+00    1.55e+01
  15  1.977501e+05    1.88e-07    1.82e+00   3.74e-03   8.15e-01  4.14e+08        1    1.01e+00    1.65e+01
  16  1.977501e+05    1.73e-08    1.32e+00   1.19e-03   4.17e-01  4.12e+08        1    1.09e+00    1.76e+01
  17  1.977501e+05    5.91e-09    1.03e+00   2.67e-04   3.79e-01  4.07e+08        1    1.01e+00    1.86e+01
  18  1.977501e+05    2.33e-09    7.86e-01   1.91e-04   3.71e-01  4.00e+08        1    1.01e+00    1.96e+01
I0826 03:30:45.979514    27 misc.cc:205] 
Bundle adjustment report
------------------------
I0826 03:30:45.979580    27 bundle_adjustment.cc:942] 
    Residuals : 401036
   Parameters : 68202
   Iterations : 19
         Time : 19.6424 [s]
 Initial cost : 0.704513 [px]
   Final cost : 0.702209 [px]
  Termination : Convergence

I0826 03:30:46.284610    27 incremental_mapper.cc:175] => Completed observations: 348
I0826 03:30:46.412742    27 incremental_mapper.cc:178] => Merged observations: 56
I0826 03:30:46.459365    27 incremental_mapper.cc:160] => Filtered observations: 186
I0826 03:30:46.459429    27 incremental_mapper.cc:119] => Changed observations: 0.002942
I0826 03:30:46.459455    27 incremental_mapper.cc:167] => Filtered images: 0
I0826 03:30:46.564148    27 misc.cc:198] 
==============================================================================
Registering image #128 (33)
==============================================================================
I0826 03:30:46.564200    27 incremental_mapper.cc:495] => Image sees 6431 / 8005 points
I0826 03:30:50.227523    27 misc.cc:205] 
Pose refinement report
----------------------
I0826 03:30:50.227593    27 bundle_adjustment.cc:942] 
    Residuals : 13004
   Parameters : 8
   Iterations : 19
         Time : 0.230653 [s]
 Initial cost : 0.883631 [px]
   Final cost : 0.737544 [px]
  Termination : Convergence

I0826 03:30:50.290405    27 incremental_mapper.cc:40] => Continued observations: 5365
I0826 03:30:50.493486    27 incremental_mapper.cc:43] => Added observations: 19946
I0826 03:30:54.982651    27 misc.cc:205] 
Bundle adjustment report
------------------------
I0826 03:30:54.982723    27 bundle_adjustment.cc:942] 
    Residuals : 174360
   Parameters : 25781
   Iterations : 26
         Time : 4.34278 [s]
 Initial cost : 1.59317 [px]
   Final cost : 1.46774 [px]
  Termination : No convergence

I0826 03:30:55.398702    27 incremental_mapper.cc:78] => Merged observations: 345
I0826 03:30:55.398761    27 incremental_mapper.cc:79] => Completed observations: 671
I0826 03:30:55.398765    27 incremental_mapper.cc:81] => Filtered observations: 16241
I0826 03:30:55.398767    27 incremental_mapper.cc:90] => Changed observations: 0.197947
I0826 03:30:56.172508    27 misc.cc:205] 
Bundle adjustment report
------------------------
I0826 03:30:56.172569    27 bundle_adjustment.cc:942] 
    Residuals : 139616
   Parameters : 19580
   Iterations : 5
         Time : 0.650058 [s]
 Initial cost : 0.746745 [px]
   Final cost : 0.715666 [px]
  Termination : Convergence

I0826 03:30:56.522900    27 incremental_mapper.cc:78] => Merged observations: 167
I0826 03:30:56.522971    27 incremental_mapper.cc:79] => Completed observations: 2354
I0826 03:30:56.522976    27 incremental_mapper.cc:81] => Filtered observations: 152
I0826 03:30:56.522977    27 incremental_mapper.cc:90] => Changed observations: 0.038291
I0826 03:30:56.632529    27 misc.cc:198] 
==============================================================================
Registering image #133 (34)
==============================================================================
I0826 03:30:56.632575    27 incremental_mapper.cc:495] => Image sees 6330 / 8159 points
I0826 03:31:00.296233    27 misc.cc:205] 
Pose refinement report
----------------------
I0826 03:31:00.296294    27 bundle_adjustment.cc:942] 
    Residuals : 10528
   Parameters : 8
   Iterations : 19
         Time : 0.209361 [s]
 Initial cost : 0.886767 [px]
   Final cost : 0.782665 [px]
  Termination : Convergence

I0826 03:31:00.354724    27 incremental_mapper.cc:40] => Continued observations: 4359
I0826 03:31:00.553920    27 incremental_mapper.cc:43] => Added observations: 19959
I0826 03:31:04.485085    27 misc.cc:205] 
Bundle adjustment report
------------------------
I0826 03:31:04.485167    27 bundle_adjustment.cc:942] 
    Residuals : 145382
   Parameters : 20792
   Iterations : 26
         Time : 3.80063 [s]
 Initial cost : 1.69623 [px]
   Final cost : 1.54957 [px]
  Termination : No convergence

I0826 03:31:04.864008    27 incremental_mapper.cc:78] => Merged observations: 459
I0826 03:31:04.864063    27 incremental_mapper.cc:79] => Completed observations: 540
I0826 03:31:04.864068    27 incremental_mapper.cc:81] => Filtered observations: 16623
I0826 03:31:04.864069    27 incremental_mapper.cc:90] => Changed observations: 0.242423
I0826 03:31:05.794926    27 misc.cc:205] 
Bundle adjustment report
------------------------
I0826 03:31:05.794991    27 bundle_adjustment.cc:942] 
    Residuals : 102512
   Parameters : 16850
   Iterations : 8
         Time : 0.83156 [s]
 Initial cost : 0.813019 [px]
   Final cost : 0.777298 [px]
  Termination : Convergence

I0826 03:31:06.088923    27 incremental_mapper.cc:78] => Merged observations: 393
I0826 03:31:06.088971    27 incremental_mapper.cc:79] => Completed observations: 1724
I0826 03:31:06.088976    27 incremental_mapper.cc:81] => Filtered observations: 171
I0826 03:31:06.088977    27 incremental_mapper.cc:90] => Changed observations: 0.044639
I0826 03:31:06.089797    27 misc.cc:198] 
==============================================================================
Retriangulation
==============================================================================
I0826 03:31:06.248211    27 incremental_mapper.cc:175] => Completed observations: 1155
I0826 03:31:06.401636    27 incremental_mapper.cc:178] => Merged observations: 539
I0826 03:31:06.401710    27 incremental_mapper.cc:105] => Retriangulated observations: 0
I0826 03:31:06.411337    27 misc.cc:198] 
==============================================================================
Global bundle adjustment
==============================================================================
iter      cost      cost_change  |gradient|   |step|    tr_ratio  tr_radius  ls_iter  iter_time  total_time
   0  2.302106e+05    0.00e+00    6.22e+05   0.00e+00   0.00e+00  1.00e+04        0    3.00e-01    1.17e+00
   1  2.252452e+05    4.97e+03    5.30e+04   1.99e+01   1.00e+00  3.00e+04        1    1.10e+00    2.27e+00
   2  2.250982e+05    1.47e+02    6.91e+04   2.80e+01   9.79e-01  9.00e+04        1    1.10e+00    3.38e+00
   3  2.250124e+05    8.58e+01    2.34e+05   3.99e+01   7.71e-01  1.07e+05        1    1.19e+00    4.57e+00
   4  2.249422e+05    7.02e+01    1.43e+05   3.34e+01   8.38e-01  1.55e+05        1    1.11e+00    5.67e+00
   5  2.249014e+05    4.08e+01    1.47e+05   3.69e+01   6.63e-01  1.60e+05        1    1.10e+00    6.77e+00
   6  2.248602e+05    4.12e+01    8.62e+04   3.07e+01   8.06e-01  2.08e+05        1    1.10e+00    7.88e+00
   7  2.248359e+05    2.43e+01    7.86e+04   3.13e+01   6.90e-01  2.20e+05        1    1.10e+00    8.98e+00
   8  2.248130e+05    2.29e+01    4.95e+04   2.65e+01   8.04e-01  2.84e+05        1    1.19e+00    1.02e+01
   9  2.247981e+05    1.49e+01    4.44e+04   2.66e+01   7.22e-01  3.11e+05        1    1.11e+00    1.13e+01
  10  2.247846e+05    1.35e+01    2.94e+04   2.29e+01   8.13e-01  4.12e+05        1    1.19e+00    1.25e+01
  11  2.247756e+05    9.04e+00    2.66e+04   2.28e+01   7.48e-01  4.69e+05        1    1.10e+00    1.36e+01
  12  2.247680e+05    7.51e+00    1.83e+04   1.93e+01   8.29e-01  6.57e+05        1    1.10e+00    1.47e+01
  13  2.247635e+05    4.57e+00    1.64e+04   1.85e+01   7.76e-01  7.91e+05        1    1.10e+00    1.58e+01
  14  2.247603e+05    3.17e+00    9.93e+03   1.46e+01   8.64e-01  1.29e+06        1    1.19e+00    1.70e+01
  15  2.247588e+05    1.49e+00    7.65e+03   1.29e+01   8.28e-01  1.79e+06        1    1.10e+00    1.81e+01
  16  2.247581e+05    6.80e-01    3.16e+03   8.30e+00   9.28e-01  4.82e+06        1    1.10e+00    1.92e+01
  17  2.247580e+05    1.53e-01    1.35e+03   5.44e+00   9.38e-01  1.45e+07        1    1.11e+00    2.03e+01
  18  2.247580e+05    1.66e-02    1.13e+02   1.52e+00   1.01e+00  4.34e+07        1    1.19e+00    2.15e+01
  19  2.247580e+05    1.98e-04    3.05e+00   1.69e-01   1.01e+00  1.30e+08        1    1.10e+00    2.26e+01
  20  2.247580e+05    1.45e-06    7.22e+00   1.88e-02   1.19e-01  9.02e+07        1    1.10e+00    2.37e+01
  21  2.247580e+05   -8.45e-07    7.22e+00   6.83e-03  -7.05e-02  4.51e+07        1    8.79e-01    2.46e+01
  22  2.247580e+05   -6.40e-07    7.22e+00   6.75e-03  -5.34e-02  1.13e+07        1    8.28e-01    2.54e+01
  23  2.247580e+05    4.42e-07    6.56e+00   6.32e-03   3.71e-02  6.28e+06        1    1.10e+00    2.65e+01
  24  2.247580e+05    1.24e-06    6.08e+00   5.59e-03   1.13e-01  4.29e+06        1    1.19e+00    2.77e+01
  25  2.247580e+05    1.50e-06    4.98e+00   4.62e-03   1.81e-01  3.41e+06        1    1.10e+00    2.88e+01
  26  2.247580e+05    1.18e-06    3.78e+00   3.54e-03   2.28e-01  2.94e+06        1    1.10e+00    2.99e+01
  27  2.247580e+05    7.22e-07    2.67e+00   2.53e-03   2.61e-01  2.65e+06        1    1.10e+00    3.10e+01
  28  2.247580e+05    3.75e-07    1.80e+00   1.71e-03   2.85e-01  2.45e+06        1    1.20e+00    3.22e+01
  29  2.247580e+05    1.74e-07    1.16e+00   1.11e-03   3.04e-01  2.31e+06        1    1.11e+00    3.33e+01
  30  2.247580e+05    7.33e-08    1.07e+00   6.99e-04   3.18e-01  2.21e+06        1    1.10e+00    3.44e+01
  31  2.247580e+05    2.84e-08    1.11e+00   4.28e-04   3.22e-01  2.11e+06        1    1.10e+00    3.55e+01
  32  2.247580e+05    1.08e-08    1.96e+00   2.55e-04   3.44e-01  2.05e+06        1    1.10e+00    3.66e+01
  33  2.247580e+05    3.90e-09    1.11e+00   1.49e-04   3.63e-01  2.01e+06        1    1.19e+00    3.78e+01
  34  2.247580e+05    8.73e-10    8.11e-01   8.59e-05   2.83e-01  1.86e+06        1    1.10e+00    3.89e+01
I0826 03:31:45.732664    27 misc.cc:205] 
Bundle adjustment report
------------------------
I0826 03:31:45.732733    27 bundle_adjustment.cc:942] 
    Residuals : 436954
   Parameters : 77512
   Iterations : 35
         Time : 38.8926 [s]
 Initial cost : 0.725847 [px]
   Final cost : 0.717199 [px]
  Termination : Convergence

I0826 03:31:46.073948    27 incremental_mapper.cc:175] => Completed observations: 558
I0826 03:31:46.232836    27 incremental_mapper.cc:178] => Merged observations: 954
I0826 03:31:46.293222    27 incremental_mapper.cc:160] => Filtered observations: 666
I0826 03:31:46.293280    27 incremental_mapper.cc:119] => Changed observations: 0.009969
I0826 03:31:46.293303    27 misc.cc:198] 
==============================================================================
Global bundle adjustment
==============================================================================
iter      cost      cost_change  |gradient|   |step|    tr_ratio  tr_radius  ls_iter  iter_time  total_time
   0  2.256672e+05    0.00e+00    3.43e+05   0.00e+00   0.00e+00  1.00e+04        0    2.47e-01    1.12e+00
   1  2.241188e+05    1.55e+03    2.99e+03   6.26e+00   9.98e-01  3.00e+04        1    1.18e+00    2.30e+00
   2  2.240957e+05    2.30e+01    4.92e+03   8.45e+00   9.96e-01  9.00e+04        1    1.10e+00    3.41e+00
   3  2.240781e+05    1.76e+01    2.04e+04   1.16e+01   9.85e-01  2.70e+05        1    1.10e+00    4.51e+00
   4  2.240643e+05    1.38e+01    4.27e+04   1.75e+01   9.33e-01  7.68e+05        1    1.10e+00    5.61e+00
   5  2.240574e+05    6.98e+00    6.01e+04   2.65e+01   5.92e-01  7.73e+05        1    1.19e+00    6.80e+00
   6  2.240481e+05    9.28e+00    1.83e+04   1.62e+01   9.69e-01  2.32e+06        1    1.10e+00    7.90e+00
   7  2.240461e+05    1.97e+00    2.24e+04   1.86e+01   6.07e-01  2.34e+06        1    1.10e+00    9.00e+00
   8  2.240443e+05    1.80e+00    2.54e+03   7.01e+00   9.98e-01  7.03e+06        1    1.10e+00    1.01e+01
   9  2.240442e+05    1.37e-01    2.29e+03   3.61e+00   6.13e-01  7.11e+06        1    1.10e+00    1.12e+01
  10  2.240442e+05    1.88e-02    6.48e+02   5.68e-01   1.35e-01  5.12e+06        1    1.10e+00    1.23e+01
  11  2.240442e+05   -5.35e-03    6.48e+02   5.72e-01  -3.32e-02  2.56e+06        1    8.78e-01    1.32e+01
  12  2.240441e+05    1.90e-02    1.38e+03   5.06e-01   1.22e-01  1.79e+06        1    1.12e+00    1.43e+01
  13  2.240441e+05    2.66e-02    6.02e+02   3.59e-01   2.22e-01  1.52e+06        1    1.01e+00    1.53e+01
  14  2.240441e+05    1.68e-02    5.89e+02   3.19e-01   2.14e-01  1.28e+06        1    1.19e+00    1.65e+01
  15  2.240441e+05    1.20e-02    3.30e+02   2.01e-01   2.90e-01  1.20e+06        1    1.10e+00    1.76e+01
  16  2.240441e+05    5.72e-03    2.76e+02   1.54e-01   2.77e-01  1.10e+06        1    1.10e+00    1.87e+01
  17  2.240441e+05    2.81e-03    1.40e+02   8.87e-02   3.31e-01  1.06e+06        1    1.10e+00    1.98e+01
  18  2.240441e+05    1.15e-03    1.12e+02   6.41e-02   3.12e-01  1.00e+06        1    1.10e+00    2.09e+01
  19  2.240441e+05    4.77e-04    5.12e+01   3.50e-02   3.66e-01  9.86e+05        1    1.19e+00    2.21e+01
  20  2.240441e+05    1.79e-04    4.23e+01   2.52e-02   3.38e-01  9.53e+05        1    1.10e+00    2.32e+01
  21  2.240441e+05    6.81e-05    1.68e+01   1.34e-02   4.06e-01  9.47e+05        1    1.10e+00    2.43e+01
  22  2.240441e+05    2.47e-05    1.54e+01   9.94e-03   3.64e-01  9.28e+05        1    1.11e+00    2.54e+01
  23  2.240441e+05    9.20e-06    5.00e+00   5.40e-03   4.68e-01  9.28e+05        1    1.19e+00    2.66e+01
  24  2.240441e+05    3.42e-06    5.60e+00   4.18e-03   4.08e-01  9.22e+05        1    1.11e+00    2.77e+01
  25  2.240441e+05    1.32e-06    1.31e+00   2.43e-03   5.79e-01  9.26e+05        1    1.10e+00    2.88e+01
  26  2.240441e+05    5.25e-07    2.10e+00   1.90e-03   4.87e-01  9.26e+05        1    1.10e+00    2.99e+01
  27  2.240441e+05    2.19e-07    1.91e+00   1.19e-03   7.66e-01  1.09e+06        1    1.20e+00    3.11e+01
  28  2.240441e+05    9.45e-08    1.62e+00   1.01e-03   5.85e-01  1.09e+06        1    1.10e+00    3.22e+01
  29  2.240441e+05    4.32e-08    5.66e-01   6.29e-04   8.76e-01  1.90e+06        1    1.10e+00    3.33e+01
I0826 03:32:20.038285    27 misc.cc:205] 
Bundle adjustment report
------------------------
I0826 03:32:20.038345    27 bundle_adjustment.cc:942] 
    Residuals : 435486
   Parameters : 76204
   Iterations : 30
         Time : 33.3294 [s]
 Initial cost : 0.719859 [px]
   Final cost : 0.717265 [px]
  Termination : Convergence

I0826 03:32:20.374249    27 incremental_mapper.cc:175] => Completed observations: 435
I0826 03:32:20.531530    27 incremental_mapper.cc:178] => Merged observations: 613
I0826 03:32:20.586771    27 incremental_mapper.cc:160] => Filtered observations: 243
I0826 03:32:20.586830    27 incremental_mapper.cc:119] => Changed observations: 0.005929
I0826 03:32:20.588888    27 misc.cc:198] 
==============================================================================
Global bundle adjustment
==============================================================================
iter      cost      cost_change  |gradient|   |step|    tr_ratio  tr_radius  ls_iter  iter_time  total_time
   0  2.250759e+05    0.00e+00    2.69e+05   0.00e+00   0.00e+00  1.00e+04        0    2.22e-01    1.11e+00
   1  2.237456e+05    1.33e+03    1.03e+04   6.15e+00   1.00e+00  3.00e+04        1    1.09e+00    2.21e+00
   2  2.237165e+05    2.91e+01    5.09e+03   6.29e+00   1.03e+00  9.00e+04        1    1.10e+00    3.31e+00
   3  2.237103e+05    6.22e+00    4.55e+03   5.54e+00   1.06e+00  2.70e+05        1    1.10e+00    4.41e+00
   4  2.237072e+05    3.11e+00    5.23e+03   9.21e+00   9.89e-01  8.10e+05        1    1.19e+00    5.60e+00
   5  2.237041e+05    3.05e+00    1.55e+04   1.86e+01   7.10e-01  8.75e+05        1    1.11e+00    6.71e+00
   6  2.237013e+05    2.80e+00    8.23e+03   1.36e+01   8.89e-01  1.66e+06        1    1.10e+00    7.81e+00
   7  2.237002e+05    1.12e+00    7.93e+03   1.32e+01   7.77e-01  2.00e+06        1    1.11e+00    8.92e+00
   8  2.236996e+05    5.75e-01    2.48e+03   7.31e+00   9.53e-01  5.99e+06        1    1.18e+00    1.01e+01
   9  2.236995e+05    9.61e-02    1.10e+03   4.85e+00   9.43e-01  1.80e+07        1    1.10e+00    1.12e+01
  10  2.236995e+05    9.68e-03    7.44e+01   1.20e+00   1.02e+00  5.39e+07        1    1.10e+00    1.23e+01
  11  2.236995e+05    1.10e-04    2.00e+00   1.37e-01   1.10e+00  1.62e+08        1    1.10e+00    1.34e+01
  12  2.236995e+05    2.33e-06    7.65e-01   1.68e-02   1.19e+00  4.85e+08        1    1.19e+00    1.46e+01
I0826 03:32:35.627404    27 misc.cc:205] 
Bundle adjustment report
------------------------
I0826 03:32:35.627480    27 bundle_adjustment.cc:942] 
    Residuals : 435578
   Parameters : 75889
   Iterations : 13
         Time : 14.6178 [s]
 Initial cost : 0.718839 [px]
   Final cost : 0.716638 [px]
  Termination : Convergence

I0826 03:32:35.956051    27 incremental_mapper.cc:175] => Completed observations: 259
I0826 03:32:36.108210    27 incremental_mapper.cc:178] => Merged observations: 545
I0826 03:32:36.161315    27 incremental_mapper.cc:160] => Filtered observations: 174
I0826 03:32:36.161383    27 incremental_mapper.cc:119] => Changed observations: 0.004491
I0826 03:32:36.161405    27 misc.cc:198] 
==============================================================================
Global bundle adjustment
==============================================================================
iter      cost      cost_change  |gradient|   |step|    tr_ratio  tr_radius  ls_iter  iter_time  total_time
   0  2.244642e+05    0.00e+00    1.25e+05   0.00e+00   0.00e+00  1.00e+04        0    2.62e-01    1.14e+00
   1  2.237122e+05    7.52e+02    4.09e+03   4.83e+00   9.97e-01  3.00e+04        1    1.10e+00    2.23e+00
   2  2.236983e+05    1.39e+01    1.05e+03   4.45e+00   1.04e+00  9.00e+04        1    1.19e+00    3.42e+00
   3  2.236952e+05    3.17e+00    8.92e+02   4.42e+00   1.06e+00  2.70e+05        1    1.11e+00    4.53e+00
   4  2.236943e+05    8.19e-01    1.90e+03   4.91e+00   1.02e+00  8.10e+05        1    1.10e+00    5.63e+00
   5  2.236938e+05    5.76e-01    3.18e+03   7.61e+00   9.43e-01  2.43e+06        1    1.18e+00    6.81e+00
   6  2.236934e+05    3.61e-01    3.88e+03   9.20e+00   8.25e-01  3.35e+06        1    1.11e+00    7.92e+00
   7  2.236933e+05    1.40e-01    8.20e+02   4.18e+00   9.82e-01  1.01e+07        1    1.10e+00    9.03e+00
   8  2.236933e+05    1.19e-02    1.58e+02   1.82e+00   1.00e+00  3.02e+07        1    1.10e+00    1.01e+01
   9  2.236933e+05    3.93e-04    5.46e+00   2.88e-01   1.07e+00  9.06e+07        1    1.10e+00    1.12e+01
  10  2.236933e+05    6.48e-06    1.44e+00   3.33e-02   1.16e+00  2.72e+08        1    1.18e+00    1.24e+01
  11  2.236933e+05    2.44e-07    3.28e-01   3.98e-03   1.23e+00  8.15e+08        1    1.11e+00    1.35e+01
I0826 03:32:50.130252    27 misc.cc:205] 
Bundle adjustment report
------------------------
I0826 03:32:50.130326    27 bundle_adjustment.cc:942] 
    Residuals : 435680
   Parameters : 75727
   Iterations : 12
         Time : 13.5483 [s]
 Initial cost : 0.717777 [px]
   Final cost : 0.716544 [px]
  Termination : Convergence

I0826 03:32:50.482585    27 incremental_mapper.cc:175] => Completed observations: 165
I0826 03:32:50.642019    27 incremental_mapper.cc:178] => Merged observations: 657
I0826 03:32:50.696357    27 incremental_mapper.cc:160] => Filtered observations: 128
I0826 03:32:50.696416    27 incremental_mapper.cc:119] => Changed observations: 0.004361
I0826 03:32:50.696439    27 misc.cc:198] 
==============================================================================
Global bundle adjustment
==============================================================================
iter      cost      cost_change  |gradient|   |step|    tr_ratio  tr_radius  ls_iter  iter_time  total_time
   0  2.242472e+05    0.00e+00    2.39e+05   0.00e+00   0.00e+00  1.00e+04        0    2.33e-01    1.11e+00
   1  2.237106e+05    5.37e+02    1.76e+03   3.66e+00   9.99e-01  3.00e+04        1    1.09e+00    2.20e+00
   2  2.237006e+05    1.01e+01    6.06e+02   4.64e+00   1.04e+00  9.00e+04        1    1.19e+00    3.39e+00
   3  2.236969e+05    3.65e+00    6.74e+02   5.43e+00   1.03e+00  2.70e+05        1    1.11e+00    4.50e+00
   4  2.236958e+05    1.09e+00    1.91e+03   5.32e+00   1.02e+00  8.10e+05        1    1.10e+00    5.60e+00
   5  2.236952e+05    6.24e-01    2.97e+03   7.39e+00   9.56e-01  2.43e+06        1    1.10e+00    6.70e+00
   6  2.236948e+05    3.75e-01    3.85e+03   9.28e+00   8.28e-01  3.39e+06        1    1.11e+00    7.81e+00
   7  2.236947e+05    1.46e-01    8.82e+02   4.36e+00   9.80e-01  1.02e+07        1    1.19e+00    9.00e+00
   8  2.236947e+05    1.33e-02    1.77e+02   1.93e+00   1.00e+00  3.05e+07        1    1.10e+00    1.01e+01
   9  2.236947e+05    4.67e-04    6.81e+00   3.14e-01   1.07e+00  9.16e+07        1    1.18e+00    1.13e+01
  10  2.236947e+05    8.35e-06    1.72e+00   3.82e-02   1.18e+00  2.75e+08        1    1.12e+00    1.24e+01
  11  2.236947e+05    3.59e-07    3.91e-01   4.77e-03   1.24e+00  8.24e+08        1    1.10e+00    1.35e+01
I0826 03:33:04.635366    27 misc.cc:205] 
Bundle adjustment report
------------------------
I0826 03:33:04.635471    27 bundle_adjustment.cc:942] 
    Residuals : 435664
   Parameters : 75580
   Iterations : 12
         Time : 13.5195 [s]
 Initial cost : 0.717443 [px]
   Final cost : 0.716559 [px]
  Termination : Convergence

I0826 03:33:04.966576    27 incremental_mapper.cc:175] => Completed observations: 143
I0826 03:33:05.118553    27 incremental_mapper.cc:178] => Merged observations: 360
I0826 03:33:05.170420    27 incremental_mapper.cc:160] => Filtered observations: 85
I0826 03:33:05.170485    27 incremental_mapper.cc:119] => Changed observations: 0.002699
I0826 03:33:05.170511    27 incremental_mapper.cc:167] => Filtered images: 0
I0826 03:33:05.278364    27 misc.cc:198] 
==============================================================================
Registering image #134 (35)
==============================================================================
I0826 03:33:05.278411    27 incremental_mapper.cc:495] => Image sees 5363 / 7744 points
I0826 03:33:06.430806    27 misc.cc:205] 
Pose refinement report
----------------------
I0826 03:33:06.430871    27 bundle_adjustment.cc:942] 
    Residuals : 7988
   Parameters : 8
   Iterations : 31
         Time : 0.250543 [s]
 Initial cost : 0.916391 [px]
   Final cost : 0.864169 [px]
  Termination : Convergence

I0826 03:33:06.467727    27 incremental_mapper.cc:40] => Continued observations: 2980
I0826 03:33:06.639223    27 incremental_mapper.cc:43] => Added observations: 17326
I0826 03:33:10.684212    27 misc.cc:205] 
Bundle adjustment report
------------------------
I0826 03:33:10.684284    27 bundle_adjustment.cc:942] 
    Residuals : 157088
   Parameters : 23285
   Iterations : 26
         Time : 3.90186 [s]
 Initial cost : 1.60487 [px]
   Final cost : 1.36924 [px]
  Termination : No convergence

I0826 03:33:11.099803    27 incremental_mapper.cc:78] => Merged observations: 171
I0826 03:33:11.099870    27 incremental_mapper.cc:79] => Completed observations: 482
I0826 03:33:11.099874    27 incremental_mapper.cc:81] => Filtered observations: 16128
I0826 03:33:11.099876    27 incremental_mapper.cc:90] => Changed observations: 0.213651
I0826 03:33:11.574447    27 misc.cc:205] 
Bundle adjustment report
------------------------
I0826 03:33:11.574512    27 bundle_adjustment.cc:942] 
    Residuals : 107268
   Parameters : 14957
   Iterations : 4
         Time : 0.370322 [s]
 Initial cost : 0.773242 [px]
   Final cost : 0.730593 [px]
  Termination : Convergence

I0826 03:33:11.836485    27 incremental_mapper.cc:78] => Merged observations: 644
I0826 03:33:11.836534    27 incremental_mapper.cc:79] => Completed observations: 1751
I0826 03:33:11.836539    27 incremental_mapper.cc:81] => Filtered observations: 90
I0826 03:33:11.836541    27 incremental_mapper.cc:90] => Changed observations: 0.046333
I0826 03:33:11.942096    27 misc.cc:198] 
==============================================================================
Registering image #137 (36)
==============================================================================
I0826 03:33:11.942168    27 incremental_mapper.cc:495] => Image sees 4899 / 8050 points
I0826 03:33:14.354640    27 misc.cc:205] 
Pose refinement report
----------------------
I0826 03:33:14.354713    27 bundle_adjustment.cc:942] 
    Residuals : 10718
   Parameters : 8
   Iterations : 34
         Time : 0.370532 [s]
 Initial cost : 0.857401 [px]
   Final cost : 0.792242 [px]
  Termination : Convergence

I0826 03:33:14.408833    27 incremental_mapper.cc:40] => Continued observations: 3851
I0826 03:33:14.541213    27 incremental_mapper.cc:43] => Added observations: 15060
I0826 03:33:18.570365    27 misc.cc:205] 
Bundle adjustment report
------------------------
I0826 03:33:18.570436    27 bundle_adjustment.cc:942] 
    Residuals : 153270
   Parameters : 21158
   Iterations : 26
         Time : 3.88951 [s]
 Initial cost : 1.30841 [px]
   Final cost : 1.20225 [px]
  Termination : No convergence

I0826 03:33:18.933879    27 incremental_mapper.cc:78] => Merged observations: 211
I0826 03:33:18.933935    27 incremental_mapper.cc:79] => Completed observations: 611
I0826 03:33:18.933939    27 incremental_mapper.cc:81] => Filtered observations: 11715
I0826 03:33:18.933941    27 incremental_mapper.cc:90] => Changed observations: 0.163594
I0826 03:33:19.776746    27 misc.cc:205] 
Bundle adjustment report
------------------------
I0826 03:33:19.776823    27 bundle_adjustment.cc:942] 
    Residuals : 127530
   Parameters : 14759
   Iterations : 6
         Time : 0.720587 [s]
 Initial cost : 0.717615 [px]
   Final cost : 0.691414 [px]
  Termination : Convergence

I0826 03:33:20.076973    27 incremental_mapper.cc:78] => Merged observations: 180
I0826 03:33:20.077034    27 incremental_mapper.cc:79] => Completed observations: 1466
I0826 03:33:20.077039    27 incremental_mapper.cc:81] => Filtered observations: 104
I0826 03:33:20.077041    27 incremental_mapper.cc:90] => Changed observations: 0.027445
I0826 03:33:20.077785    27 misc.cc:198] 
==============================================================================
Retriangulation
==============================================================================
I0826 03:33:20.233639    27 incremental_mapper.cc:175] => Completed observations: 553
I0826 03:33:20.396733    27 incremental_mapper.cc:178] => Merged observations: 175
I0826 03:33:20.396801    27 incremental_mapper.cc:105] => Retriangulated observations: 3433
I0826 03:33:20.449690    27 misc.cc:198] 
==============================================================================
Global bundle adjustment
==============================================================================
iter      cost      cost_change  |gradient|   |step|    tr_ratio  tr_radius  ls_iter  iter_time  total_time
   0  6.959461e+06    0.00e+00    1.46e+07   0.00e+00   0.00e+00  1.00e+04        0    2.41e-01    1.21e+00
   1  1.296789e+06    5.66e+06    2.04e+07   6.67e+02   9.42e-01  3.00e+04        1    1.28e+00    2.50e+00
   2  1.136457e+06    1.60e+05    5.26e+06   6.03e+02   4.23e-01  2.99e+04        1    1.20e+00    3.70e+00
   3  2.445263e+11   -2.45e+11    5.26e+06   6.83e+02  -9.11e+05  1.49e+04        1    9.79e-01    4.68e+00
   4  7.868523e+08   -7.86e+08    5.26e+06   5.19e+02  -3.01e+03  3.74e+03        1    9.20e-01    5.60e+00
   5  1.832320e+07   -1.72e+07    5.26e+06   2.94e+02  -7.00e+01  4.67e+02        1    9.17e-01    6.52e+00
   6  9.286907e+05    2.08e+05    2.42e+05   1.56e+02   9.35e-01  1.36e+03        1    1.28e+00    7.80e+00
   7  9.020644e+05    2.66e+04    7.22e+04   9.46e+01   9.12e-01  3.10e+03        1    1.20e+00    9.00e+00
   8  8.929199e+05    9.14e+03    2.50e+05   6.58e+01   6.14e-01  3.14e+03        1    1.21e+00    1.02e+01
   9  8.735451e+05    1.94e+04    6.97e+04   9.60e+01   1.10e+00  9.42e+03        1    1.29e+00    1.15e+01
  10  8.639134e+05    9.63e+03    3.77e+05   2.12e+02   6.84e-01  9.92e+03        1    1.20e+00    1.27e+01
  11  8.460591e+05    1.79e+04    2.15e+05   2.06e+02   1.05e+00  2.97e+04        1    1.20e+00    1.39e+01
  12  8.387516e+05    7.31e+03    1.11e+06   2.73e+02   8.19e-01  4.02e+04        1    1.20e+00    1.51e+01
  13  8.343204e+05    4.43e+03    7.53e+05   1.26e+02   8.29e-01  5.62e+04        1    1.20e+00    1.63e+01
  14  8.316619e+05    2.66e+03    8.65e+05   1.17e+02   6.09e-01  5.68e+04        1    1.29e+00    1.76e+01
  15  8.277274e+05    3.93e+03    6.47e+05   1.09e+02   7.65e-01  6.68e+04        1    1.20e+00    1.88e+01
  16  8.252238e+05    2.50e+03    6.27e+05   1.18e+02   5.96e-01  6.73e+04        1    1.20e+00    2.00e+01
  17  8.226984e+05    2.53e+03    3.72e+05   1.09e+02   6.79e-01  7.05e+04        1    1.20e+00    2.12e+01
  18  8.208352e+05    1.86e+03    3.46e+05   1.05e+02   6.55e-01  7.27e+04        1    1.29e+00    2.25e+01
  19  8.192667e+05    1.57e+03    2.88e+05   9.91e+01   6.79e-01  7.61e+04        1    1.21e+00    2.37e+01
  20  8.180262e+05    1.24e+03    2.62e+05   9.44e+01   6.79e-01  7.98e+04        1    1.20e+00    2.49e+01
  21  8.170125e+05    1.01e+03    2.29e+05   8.94e+01   6.93e-01  8.47e+04        1    1.20e+00    2.61e+01
  22  8.161981e+05    8.14e+02    2.06e+05   8.51e+01   6.98e-01  9.03e+04        1    1.29e+00    2.74e+01
  23  8.155360e+05    6.62e+02    1.84e+05   8.10e+01   7.07e-01  9.72e+04        1    1.20e+00    2.86e+01
  24  8.150043e+05    5.32e+02    1.65e+05   7.69e+01   7.12e-01  1.05e+05        1    1.20e+00    2.98e+01
  25  8.145805e+05    4.24e+02    1.46e+05   7.22e+01   7.21e-01  1.15e+05        1    1.30e+00    3.11e+01
  26  8.142497e+05    3.31e+02    1.27e+05   6.75e+01   7.29e-01  1.27e+05        1    1.20e+00    3.23e+01
  27  8.139951e+05    2.55e+02    1.09e+05   6.27e+01   7.39e-01  1.43e+05        1    1.20e+00    3.35e+01
  28  8.138038e+05    1.91e+02    9.20e+04   5.80e+01   7.49e-01  1.63e+05        1    1.20e+00    3.47e+01
  29  8.136632e+05    1.41e+02    7.65e+04   5.30e+01   7.61e-01  1.90e+05        1    1.20e+00    3.59e+01
  30  8.135638e+05    9.95e+01    6.23e+04   4.80e+01   7.73e-01  2.27e+05        1    1.20e+00    3.71e+01
  31  8.134965e+05    6.73e+01    4.90e+04   4.26e+01   7.90e-01  2.82e+05        1    1.20e+00    3.83e+01
  32  8.134539e+05    4.26e+01    3.69e+04   3.70e+01   8.09e-01  3.69e+05        1    1.27e+00    3.96e+01
  33  8.134295e+05    2.45e+01    2.58e+04   3.09e+01   8.34e-01  5.25e+05        1    1.22e+00    4.08e+01
  34  8.134174e+05    1.21e+01    1.61e+04   2.43e+01   8.66e-01  8.65e+05        1    1.28e+00    4.21e+01
  35  8.134127e+05    4.64e+00    8.07e+03   1.70e+01   9.13e-01  1.98e+06        1    1.22e+00    4.33e+01
  36  8.134116e+05    1.09e+00    2.53e+03   9.30e+00   9.78e-01  5.95e+06        1    1.21e+00    4.45e+01
  37  8.134115e+05    1.01e-01    1.78e+02   2.30e+00   1.09e+00  1.79e+07        1    1.20e+00    4.57e+01
  38  8.134115e+05    5.31e-03    2.49e+01   3.85e-01   1.32e+00  5.36e+07        1    1.29e+00    4.70e+01
  39  8.134115e+05    7.73e-04    1.24e+01   5.35e-02   1.40e+00  1.61e+08        1    1.20e+00    4.82e+01
  40  8.134115e+05    1.49e-04    7.75e+00   4.96e-02   1.39e+00  4.82e+08        1    1.21e+00    4.94e+01
  41  8.134115e+05    3.18e-05    2.08e+00   1.01e-02   1.32e+00  1.45e+09        1    1.27e+00    5.07e+01
  42  8.134115e+05    7.27e-06    1.98e+00   1.69e-02   1.20e+00  4.34e+09        1    1.22e+00    5.19e+01
  43  8.134115e+05    1.78e-06    1.22e+00   7.32e-03   1.01e+00  1.30e+10        1    1.20e+00    5.31e+01
  44  8.134115e+05    4.69e-07    1.98e+00   7.21e-03   7.92e-01  1.63e+10        1    1.20e+00    5.43e+01
  45  8.134115e+05    1.39e-07    9.56e-01   4.05e-03   6.12e-01  1.65e+10        1    1.20e+00    5.55e+01
I0826 03:34:16.474212    27 misc.cc:205] 
Bundle adjustment report
------------------------
I0826 03:34:16.474274    27 bundle_adjustment.cc:942] 
    Residuals : 467144
   Parameters : 86033
   Iterations : 46
         Time : 55.5265 [s]
 Initial cost : 3.85978 [px]
   Final cost : 1.31956 [px]
  Termination : Convergence

I0826 03:34:16.851496    27 incremental_mapper.cc:175] => Completed observations: 2003
I0826 03:34:17.037029    27 incremental_mapper.cc:178] => Merged observations: 1424
I0826 03:34:17.170987    27 incremental_mapper.cc:160] => Filtered observations: 9416
I0826 03:34:17.171054    27 incremental_mapper.cc:119] => Changed observations: 0.054985
I0826 03:34:17.171077    27 misc.cc:198] 
==============================================================================
Global bundle adjustment
==============================================================================
iter      cost      cost_change  |gradient|   |step|    tr_ratio  tr_radius  ls_iter  iter_time  total_time
   0  2.701878e+05    0.00e+00    3.02e+06   0.00e+00   0.00e+00  1.00e+04        0    2.74e-01    1.21e+00
   1  2.405061e+05    2.97e+04    7.11e+05   4.40e+01   9.96e-01  3.00e+04        1    1.18e+00    2.39e+00
   2  2.396159e+05    8.90e+02    2.17e+05   3.77e+01   9.82e-01  9.00e+04        1    1.11e+00    3.50e+00
   3  2.389687e+05    6.47e+02    9.96e+04   1.01e+02   9.44e-01  2.70e+05        1    1.19e+00    4.69e+00
   4  2.383814e+05    5.87e+02    1.14e+05   1.55e+02   7.94e-01  3.39e+05        1    1.10e+00    5.79e+00
   5  2.379838e+05    3.98e+02    6.26e+04   1.15e+02   8.06e-01  4.40e+05        1    1.20e+00    6.99e+00
   6  2.378844e+05    9.95e+01    1.07e+05   1.07e+02   3.28e-01  4.22e+05        1    1.10e+00    8.09e+00
   7  2.376916e+05    1.93e+02    1.05e+05   8.28e+01   6.16e-01  4.28e+05        1    1.19e+00    9.28e+00
   8  2.375728e+05    1.19e+02    8.86e+04   6.75e+01   6.41e-01  4.38e+05        1    1.11e+00    1.04e+01
   9  2.374985e+05    7.43e+01    6.50e+04   5.46e+01   6.99e-01  4.67e+05        1    1.11e+00    1.15e+01
  10  2.374574e+05    4.11e+01    4.69e+04   4.50e+01   7.24e-01  5.13e+05        1    1.19e+00    1.27e+01
  11  2.374339e+05    2.35e+01    3.29e+04   3.69e+01   7.61e-01  5.98e+05        1    1.11e+00    1.38e+01
  12  2.374209e+05    1.30e+01    2.33e+04   3.07e+01   7.83e-01  7.31e+05        1    1.19e+00    1.50e+01
  13  2.374137e+05    7.20e+00    1.57e+04   2.50e+01   8.18e-01  9.84e+05        1    1.20e+00    1.62e+01
  14  2.374101e+05    3.63e+00    1.02e+04   2.01e+01   8.45e-01  1.47e+06        1    1.10e+00    1.73e+01
  15  2.374085e+05    1.60e+00    5.60e+03   1.49e+01   8.92e-01  2.84e+06        1    1.19e+00    1.85e+01
  16  2.374080e+05    5.03e-01    2.39e+03   9.74e+00   9.43e-01  8.51e+06        1    1.11e+00    1.96e+01
  17  2.374079e+05    8.40e-02    4.66e+02   4.31e+00   1.02e+00  2.55e+07        1    1.20e+00    2.08e+01
  18  2.374079e+05    3.75e-03    1.64e+01   8.21e-01   1.09e+00  7.65e+07        1    1.11e+00    2.19e+01
  19  2.374079e+05    9.79e-05    1.98e+00   1.37e-01   1.20e+00  2.30e+08        1    1.19e+00    2.31e+01
  20  2.374079e+05    4.61e-06    8.84e-01   2.47e-02   1.23e+00  6.89e+08        1    1.19e+00    2.43e+01
I0826 03:34:41.921871    27 misc.cc:205] 
Bundle adjustment report
------------------------
I0826 03:34:41.921938    27 bundle_adjustment.cc:942] 
    Residuals : 449652
   Parameters : 79745
   Iterations : 21
         Time : 24.3125 [s]
 Initial cost : 0.775166 [px]
   Final cost : 0.726623 [px]
  Termination : Convergence

I0826 03:34:42.312283    27 incremental_mapper.cc:175] => Completed observations: 2650
I0826 03:34:42.486599    27 incremental_mapper.cc:178] => Merged observations: 1483
I0826 03:34:42.558313    27 incremental_mapper.cc:160] => Filtered observations: 680
I0826 03:34:42.558389    27 incremental_mapper.cc:119] => Changed observations: 0.021408
I0826 03:34:42.558418    27 misc.cc:198] 
==============================================================================
Global bundle adjustment
==============================================================================
iter      cost      cost_change  |gradient|   |step|    tr_ratio  tr_radius  ls_iter  iter_time  total_time
   0  2.441577e+05    0.00e+00    4.59e+05   0.00e+00   0.00e+00  1.00e+04        0    2.77e-01    1.20e+00
   1  2.392575e+05    4.90e+03    5.55e+04   3.68e+01   9.98e-01  3.00e+04        1    1.19e+00    2.39e+00
   2  2.391836e+05    7.39e+01    2.68e+04   5.35e+01   1.00e+00  9.00e+04        1    1.11e+00    3.50e+00
   3  2.391295e+05    5.41e+01    4.68e+04   6.58e+01   9.55e-01  2.70e+05        1    1.20e+00    4.69e+00
   4  2.390823e+05    4.72e+01    6.10e+04   6.33e+01   8.79e-01  4.79e+05        1    1.19e+00    5.89e+00
   5  2.390575e+05    2.48e+01    1.36e+04   3.50e+01   9.71e-01  1.44e+06        1    1.11e+00    7.00e+00
   6  2.390513e+05    6.26e+00    7.08e+03   2.29e+01   9.76e-01  4.31e+06        1    1.19e+00    8.19e+00
   7  2.390503e+05    9.63e-01    3.30e+03   1.46e+01   9.15e-01  1.01e+07        1    1.20e+00    9.39e+00
   8  2.390501e+05    1.79e-01    4.59e+02   4.59e+00   1.02e+00  3.03e+07        1    1.11e+00    1.05e+01
   9  2.390501e+05    4.20e-03    1.81e+01   8.79e-01   1.10e+00  9.09e+07        1    1.19e+00    1.17e+01
  10  2.390501e+05    1.05e-04    1.98e+00   1.39e-01   1.19e+00  2.73e+08        1    1.20e+00    1.29e+01
  11  2.390501e+05    4.71e-06    9.03e-01   2.57e-02   1.23e+00  8.18e+08        1    1.11e+00    1.40e+01
I0826 03:34:57.070859    27 misc.cc:205] 
Bundle adjustment report
------------------------
I0826 03:34:57.070930    27 bundle_adjustment.cc:942] 
    Residuals : 453296
   Parameters : 79169
   Iterations : 12
         Time : 14.0186 [s]
 Initial cost : 0.733912 [px]
   Final cost : 0.726195 [px]
  Termination : Convergence

I0826 03:34:57.426641    27 incremental_mapper.cc:175] => Completed observations: 638
I0826 03:34:57.591435    27 incremental_mapper.cc:178] => Merged observations: 823
I0826 03:34:57.652771    27 incremental_mapper.cc:160] => Filtered observations: 345
I0826 03:34:57.652844    27 incremental_mapper.cc:119] => Changed observations: 0.007968
I0826 03:34:57.652870    27 misc.cc:198] 
==============================================================================
Global bundle adjustment
==============================================================================
iter      cost      cost_change  |gradient|   |step|    tr_ratio  tr_radius  ls_iter  iter_time  total_time
   0  2.408371e+05    0.00e+00    1.43e+05   0.00e+00   0.00e+00  1.00e+04        0    2.09e-01    1.12e+00
   1  2.387986e+05    2.04e+03    8.38e+03   3.31e+01   9.98e-01  3.00e+04        1    1.19e+00    2.31e+00
   2  2.387624e+05    3.62e+01    8.14e+03   3.78e+01   1.02e+00  9.00e+04        1    1.19e+00    3.51e+00
   3  2.387472e+05    1.52e+01    1.67e+04   3.46e+01   1.00e+00  2.70e+05        1    1.20e+00    4.71e+00
   4  2.387379e+05    9.23e+00    2.09e+04   2.82e+01   9.45e-01  8.10e+05        1    1.11e+00    5.82e+00
   5  2.387343e+05    3.65e+00    1.17e+04   1.90e+01   9.42e-01  2.43e+06        1    1.19e+00    7.01e+00
   6  2.387338e+05    5.34e-01    1.43e+03   6.79e+00   1.00e+00  7.29e+06        1    1.20e+00    8.21e+00
   7  2.387337e+05    1.14e-02    3.52e+01   9.51e-01   1.06e+00  2.19e+07        1    1.11e+00    9.31e+00
   8  2.387337e+05    1.85e-04    1.88e+00   9.61e-02   1.21e+00  6.56e+07        1    1.19e+00    1.05e+01
   9  2.387337e+05    1.01e-05    1.91e+00   1.47e-02   1.27e+00  1.97e+08        1    1.11e+00    1.16e+01
  10  2.387337e+05    7.63e-07    6.66e-01   3.21e-03   1.29e+00  5.90e+08        1    1.20e+00    1.28e+01
I0826 03:35:10.941288    27 misc.cc:205] 
Bundle adjustment report
------------------------
I0826 03:35:10.941365    27 bundle_adjustment.cc:942] 
    Residuals : 453690
   Parameters : 78908
   Iterations : 11
         Time : 12.8329 [s]
 Initial cost : 0.728588 [px]
   Final cost : 0.7254 [px]
  Termination : Convergence

I0826 03:35:11.286540    27 incremental_mapper.cc:175] => Completed observations: 397
I0826 03:35:11.447181    27 incremental_mapper.cc:178] => Merged observations: 648
I0826 03:35:11.502681    27 incremental_mapper.cc:160] => Filtered observations: 191
I0826 03:35:11.502740    27 incremental_mapper.cc:119] => Changed observations: 0.005449
I0826 03:35:11.502763    27 misc.cc:198] 
==============================================================================
Global bundle adjustment
==============================================================================
iter      cost      cost_change  |gradient|   |step|    tr_ratio  tr_radius  ls_iter  iter_time  total_time
   0  2.403093e+05    0.00e+00    1.54e+05   0.00e+00   0.00e+00  1.00e+04        0    2.44e-01    1.17e+00
   1  2.390920e+05    1.22e+03    7.13e+03   1.82e+01   9.97e-01  3.00e+04        1    1.19e+00    2.36e+00
   2  2.390784e+05    1.36e+01    2.01e+03   1.93e+01   1.02e+00  9.00e+04        1    1.20e+00    3.56e+00
   3  2.390738e+05    4.55e+00    4.78e+03   1.70e+01   1.01e+00  2.70e+05        1    1.20e+00    4.76e+00
   4  2.390713e+05    2.49e+00    7.18e+03   1.42e+01   9.80e-01  8.10e+05        1    1.20e+00    5.95e+00
   5  2.390704e+05    9.04e-01    5.50e+03   1.12e+01   9.45e-01  2.43e+06        1    1.11e+00    7.06e+00
   6  2.390703e+05    1.87e-01    1.56e+03   6.22e+00   9.73e-01  7.29e+06        1    1.20e+00    8.26e+00
   7  2.390702e+05    1.99e-02    1.50e+02   2.21e+00   1.03e+00  2.19e+07        1    1.19e+00    9.46e+00
   8  2.390702e+05    7.44e-04    5.91e+00   4.27e-01   1.14e+00  6.56e+07        1    1.20e+00    1.07e+01
   9  2.390702e+05    3.18e-05    1.98e+00   6.87e-02   1.24e+00  1.97e+08        1    1.19e+00    1.18e+01
  10  2.390702e+05    2.15e-06    8.49e-01   1.30e-02   1.28e+00  5.90e+08        1    1.11e+00    1.30e+01
I0826 03:35:24.952618    27 misc.cc:205] 
Bundle adjustment report
------------------------
I0826 03:35:24.952699    27 bundle_adjustment.cc:942] 
    Residuals : 454046
   Parameters : 78716
   Iterations : 11
         Time : 12.9794 [s]
 Initial cost : 0.727504 [px]
   Final cost : 0.725626 [px]
  Termination : Convergence

I0826 03:35:25.295693    27 incremental_mapper.cc:175] => Completed observations: 260
I0826 03:35:25.454625    27 incremental_mapper.cc:178] => Merged observations: 471
I0826 03:35:25.508827    27 incremental_mapper.cc:160] => Filtered observations: 140
I0826 03:35:25.508891    27 incremental_mapper.cc:119] => Changed observations: 0.003837
I0826 03:35:25.508919    27 incremental_mapper.cc:167] => Filtered images: 0
I0826 03:35:25.631531    27 misc.cc:198] 
==============================================================================
Registering image #138 (37)
==============================================================================
I0826 03:35:25.631582    27 incremental_mapper.cc:495] => Image sees 5178 / 8013 points
I0826 03:35:27.438825    27 misc.cc:205] 
Pose refinement report
----------------------
I0826 03:35:27.438900    27 bundle_adjustment.cc:942] 
    Residuals : 13572
   Parameters : 8
   Iterations : 11
         Time : 0.177437 [s]
 Initial cost : 0.759326 [px]
   Final cost : 0.746 [px]
  Termination : Convergence

I0826 03:35:27.501137    27 incremental_mapper.cc:40] => Continued observations: 4789
I0826 03:35:27.631379    27 incremental_mapper.cc:43] => Added observations: 14211
I0826 03:35:32.177991    27 misc.cc:205] 
Bundle adjustment report
------------------------
I0826 03:35:32.178062    27 bundle_adjustment.cc:942] 
    Residuals : 184478
   Parameters : 26765
   Iterations : 26
         Time : 4.38905 [s]
 Initial cost : 1.21786 [px]
   Final cost : 1.12231 [px]
  Termination : No convergence

I0826 03:35:32.585687    27 incremental_mapper.cc:78] => Merged observations: 275
I0826 03:35:32.585736    27 incremental_mapper.cc:79] => Completed observations: 578
I0826 03:35:32.585739    27 incremental_mapper.cc:81] => Filtered observations: 10673
I0826 03:35:32.585741    27 incremental_mapper.cc:90] => Changed observations: 0.124958
I0826 03:35:33.351369    27 misc.cc:205] 
Bundle adjustment report
------------------------
I0826 03:35:33.351429    27 bundle_adjustment.cc:942] 
    Residuals : 162494
   Parameters : 22364
   Iterations : 4
         Time : 0.613688 [s]
 Initial cost : 0.715897 [px]
   Final cost : 0.695472 [px]
  Termination : Convergence

I0826 03:35:33.668645    27 incremental_mapper.cc:78] => Merged observations: 160
I0826 03:35:33.668699    27 incremental_mapper.cc:79] => Completed observations: 1900
I0826 03:35:33.668704    27 incremental_mapper.cc:81] => Filtered observations: 99
I0826 03:35:33.668706    27 incremental_mapper.cc:90] => Changed observations: 0.026573
I0826 03:35:33.780085    27 misc.cc:198] 
==============================================================================
Registering image #139 (38)
==============================================================================
I0826 03:35:33.780141    27 incremental_mapper.cc:495] => Image sees 5796 / 7980 points
I0826 03:35:36.039288    27 misc.cc:205] 
Pose refinement report
----------------------
I0826 03:35:36.039384    27 bundle_adjustment.cc:942] 
    Residuals : 14894
   Parameters : 8
   Iterations : 12
         Time : 0.179251 [s]
 Initial cost : 0.814804 [px]
   Final cost : 0.761284 [px]
  Termination : Convergence

I0826 03:35:36.106379    27 incremental_mapper.cc:40] => Continued observations: 5246
I0826 03:35:36.211673    27 incremental_mapper.cc:43] => Added observations: 11393
I0826 03:35:40.169188    27 misc.cc:205] 
Bundle adjustment report
------------------------
I0826 03:35:40.169294    27 bundle_adjustment.cc:942] 
    Residuals : 155444
   Parameters : 18701
   Iterations : 26
         Time : 3.81093 [s]
 Initial cost : 1.2958 [px]
   Final cost : 1.19752 [px]
  Termination : No convergence

I0826 03:35:40.525027    27 incremental_mapper.cc:78] => Merged observations: 149
I0826 03:35:40.525084    27 incremental_mapper.cc:79] => Completed observations: 588
I0826 03:35:40.525089    27 incremental_mapper.cc:81] => Filtered observations: 10495
I0826 03:35:40.525090    27 incremental_mapper.cc:90] => Changed observations: 0.144515
I0826 03:35:41.256776    27 misc.cc:205] 
Bundle adjustment report
------------------------
I0826 03:35:41.256850    27 bundle_adjustment.cc:942] 
    Residuals : 133642
   Parameters : 14303
   Iterations : 5
         Time : 0.600379 [s]
 Initial cost : 0.707248 [px]
   Final cost : 0.687327 [px]
  Termination : Convergence

I0826 03:35:41.552232    27 incremental_mapper.cc:78] => Merged observations: 154
I0826 03:35:41.552289    27 incremental_mapper.cc:79] => Completed observations: 1215
I0826 03:35:41.552294    27 incremental_mapper.cc:81] => Filtered observations: 96
I0826 03:35:41.552294    27 incremental_mapper.cc:90] => Changed observations: 0.021924
I0826 03:35:41.673777    27 misc.cc:198] 
==============================================================================
Registering image #140 (39)
==============================================================================
I0826 03:35:41.673828    27 incremental_mapper.cc:495] => Image sees 5953 / 7849 points
I0826 03:35:44.118037    27 misc.cc:205] 
Pose refinement report
----------------------
I0826 03:35:44.118119    27 bundle_adjustment.cc:942] 
    Residuals : 15108
   Parameters : 8
   Iterations : 14
         Time : 0.213726 [s]
 Initial cost : 0.861551 [px]
   Final cost : 0.764081 [px]
  Termination : Convergence

I0826 03:35:44.182794    27 incremental_mapper.cc:40] => Continued observations: 5315
I0826 03:35:44.294724    27 incremental_mapper.cc:43] => Added observations: 11069
I0826 03:35:48.264882    27 misc.cc:205] 
Bundle adjustment report
------------------------
I0826 03:35:48.264968    27 bundle_adjustment.cc:942] 
    Residuals : 157652
   Parameters : 18812
   Iterations : 26
         Time : 3.80336 [s]
 Initial cost : 1.26263 [px]
   Final cost : 1.17815 [px]
  Termination : No convergence

I0826 03:35:48.612730    27 incremental_mapper.cc:78] => Merged observations: 259
I0826 03:35:48.612779    27 incremental_mapper.cc:79] => Completed observations: 579
I0826 03:35:48.612784    27 incremental_mapper.cc:81] => Filtered observations: 10401
I0826 03:35:48.612787    27 incremental_mapper.cc:90] => Changed observations: 0.142580
I0826 03:35:49.256150    27 misc.cc:205] 
Bundle adjustment report
------------------------
I0826 03:35:49.256222    27 bundle_adjustment.cc:942] 
    Residuals : 135778
   Parameters : 14297
   Iterations : 4
         Time : 0.513715 [s]
 Initial cost : 0.719377 [px]
   Final cost : 0.700365 [px]
  Termination : Convergence

I0826 03:35:49.495229    27 incremental_mapper.cc:78] => Merged observations: 143
I0826 03:35:49.495286    27 incremental_mapper.cc:79] => Completed observations: 1250
I0826 03:35:49.495291    27 incremental_mapper.cc:81] => Filtered observations: 90
I0826 03:35:49.495293    27 incremental_mapper.cc:90] => Changed observations: 0.021844
I0826 03:35:49.496281    27 misc.cc:198] 
==============================================================================
Retriangulation
==============================================================================
I0826 03:35:49.671454    27 incremental_mapper.cc:175] => Completed observations: 741
I0826 03:35:49.852205    27 incremental_mapper.cc:178] => Merged observations: 236
I0826 03:35:49.852262    27 incremental_mapper.cc:105] => Retriangulated observations: 0
I0826 03:35:49.862471    27 misc.cc:198] 
==============================================================================
Global bundle adjustment
==============================================================================
iter      cost      cost_change  |gradient|   |step|    tr_ratio  tr_radius  ls_iter  iter_time  total_time
   0  2.792807e+05    0.00e+00    2.84e+05   0.00e+00   0.00e+00  1.00e+04        0    3.07e-01    1.35e+00
   1  2.734595e+05    5.82e+03    1.59e+04   9.13e+01   9.94e-01  3.00e+04        1    1.30e+00    2.65e+00
   2  2.731750e+05    2.84e+02    2.09e+04   1.13e+02   1.00e+00  9.00e+04        1    1.30e+00    3.95e+00
   3  2.730685e+05    1.07e+02    2.53e+04   1.14e+02   9.75e-01  2.70e+05        1    1.38e+00    5.33e+00
   4  2.730411e+05    2.74e+01    1.61e+04   7.46e+01   9.64e-01  8.10e+05        1    1.30e+00    6.63e+00
   5  2.730336e+05    7.46e+00    6.72e+03   3.06e+01   8.81e-01  1.46e+06        1    1.31e+00    7.94e+00
   6  2.730309e+05    2.68e+00    4.04e+03   1.42e+01   9.45e-01  4.37e+06        1    1.30e+00    9.24e+00
   7  2.730305e+05    4.20e-01    8.85e+02   6.31e+00   1.00e+00  1.31e+07        1    1.30e+00    1.05e+01
   8  2.730305e+05    1.68e-02    3.22e+01   1.18e+00   1.06e+00  3.93e+07        1    1.30e+00    1.18e+01
   9  2.730305e+05    2.61e-04    2.00e+00   1.61e-01   1.17e+00  1.18e+08        1    1.30e+00    1.31e+01
  10  2.730305e+05    9.66e-06    1.44e+00   2.71e-02   1.21e+00  3.54e+08        1    1.30e+00    1.44e+01
  11  2.730305e+05    4.88e-07    3.42e-01   5.17e-03   1.24e+00  1.06e+09        1    1.30e+00    1.57e+01
I0826 03:36:06.176007    27 misc.cc:205] 
Bundle adjustment report
------------------------
I0826 03:36:06.176076    27 bundle_adjustment.cc:942] 
    Residuals : 499716
   Parameters : 87701
   Iterations : 12
         Time : 15.77 [s]
 Initial cost : 0.747582 [px]
   Final cost : 0.739169 [px]
  Termination : Convergence

I0826 03:36:06.559933    27 incremental_mapper.cc:175] => Completed observations: 562
I0826 03:36:06.753026    27 incremental_mapper.cc:178] => Merged observations: 767
I0826 03:36:06.821362    27 incremental_mapper.cc:160] => Filtered observations: 522
I0826 03:36:06.821431    27 incremental_mapper.cc:119] => Changed observations: 0.007408
I0826 03:36:06.821455    27 misc.cc:198] 
==============================================================================
Global bundle adjustment
==============================================================================
iter      cost      cost_change  |gradient|   |step|    tr_ratio  tr_radius  ls_iter  iter_time  total_time
   0  2.737143e+05    0.00e+00    4.71e+05   0.00e+00   0.00e+00  1.00e+04        0    2.77e-01    1.29e+00
   1  2.718029e+05    1.91e+03    1.32e+04   2.61e+01   1.00e+00  3.00e+04        1    1.37e+00    2.66e+00
   2  2.717758e+05    2.71e+01    1.57e+03   3.37e+01   1.02e+00  9.00e+04        1    1.30e+00    3.97e+00
   3  2.717643e+05    1.14e+01    3.60e+03   3.38e+01   1.00e+00  2.70e+05        1    1.31e+00    5.28e+00
   4  2.717613e+05    3.05e+00    2.63e+03   2.07e+01   1.01e+00  8.10e+05        1    1.30e+00    6.58e+00
   5  2.717609e+05    4.40e-01    3.13e+02   5.78e+00   1.03e+00  2.43e+06        1    1.30e+00    7.88e+00
   6  2.717608e+05    3.25e-02    7.58e+01   9.11e-01   1.05e+00  7.29e+06        1    1.30e+00    9.18e+00
   7  2.717608e+05    1.36e-03    4.81e+00   2.40e-01   1.13e+00  2.19e+07        1    1.30e+00    1.05e+01
   8  2.717608e+05    6.14e-05    1.88e+00   2.91e-02   1.25e+00  6.56e+07        1    1.30e+00    1.18e+01
   9  2.717608e+05    4.51e-06    1.72e+00   3.47e-03   1.29e+00  1.97e+08        1    1.30e+00    1.31e+01
  10  2.717608e+05    3.94e-07    6.19e-01   1.02e-03   1.30e+00  5.90e+08        1    1.30e+00    1.44e+01
I0826 03:36:21.734987    27 misc.cc:205] 
Bundle adjustment report
------------------------
I0826 03:36:21.735059    27 bundle_adjustment.cc:942] 
    Residuals : 499052
   Parameters : 87065
   Iterations : 11
         Time : 14.4095 [s]
 Initial cost : 0.740587 [px]
   Final cost : 0.737939 [px]
  Termination : Convergence

I0826 03:36:22.116153    27 incremental_mapper.cc:175] => Completed observations: 399
I0826 03:36:22.302090    27 incremental_mapper.cc:178] => Merged observations: 557
I0826 03:36:22.364799    27 incremental_mapper.cc:160] => Filtered observations: 213
I0826 03:36:22.364861    27 incremental_mapper.cc:119] => Changed observations: 0.004685
I0826 03:36:22.364882    27 misc.cc:198] 
==============================================================================
Global bundle adjustment
==============================================================================
iter      cost      cost_change  |gradient|   |step|    tr_ratio  tr_radius  ls_iter  iter_time  total_time
   0  2.730526e+05    0.00e+00    7.08e+05   0.00e+00   0.00e+00  1.00e+04        0    3.24e-01    1.33e+00
   1  2.717931e+05    1.26e+03    7.80e+03   1.04e+01   1.00e+00  3.00e+04        1    1.33e+00    2.65e+00
   2  2.717864e+05    6.70e+00    9.30e+02   1.33e+01   1.02e+00  9.00e+04        1    1.30e+00    3.95e+00
   3  2.717831e+05    3.32e+00    2.37e+03   1.41e+01   1.01e+00  2.70e+05        1    1.30e+00    5.25e+00
   4  2.717819e+05    1.22e+00    2.93e+03   9.77e+00   1.01e+00  8.10e+05        1    1.30e+00    6.55e+00
   5  2.717816e+05    2.86e-01    1.41e+03   5.47e+00   1.02e+00  2.43e+06        1    1.30e+00    7.85e+00
   6  2.717815e+05    3.95e-02    2.40e+02   2.47e+00   1.04e+00  7.29e+06        1    1.30e+00    9.16e+00
   7  2.717815e+05    2.50e-03    1.36e+01   6.15e-01   1.11e+00  2.19e+07        1    1.37e+00    1.05e+01
   8  2.717815e+05    1.05e-04    1.99e+00   9.55e-02   1.22e+00  6.56e+07        1    1.31e+00    1.18e+01
   9  2.717815e+05    6.60e-06    1.96e+00   1.68e-02   1.28e+00  1.97e+08        1    1.31e+00    1.31e+01
  10  2.717815e+05    5.41e-07    6.87e-01   3.65e-03   1.30e+00  5.90e+08        1    1.30e+00    1.44e+01
I0826 03:36:37.328773    27 misc.cc:205] 
Bundle adjustment report
------------------------
I0826 03:36:37.328846    27 bundle_adjustment.cc:942] 
    Residuals : 499214
   Parameters : 86813
   Iterations : 11
         Time : 14.4728 [s]
 Initial cost : 0.739571 [px]
   Final cost : 0.737847 [px]
  Termination : Convergence

I0826 03:36:37.710610    27 incremental_mapper.cc:175] => Completed observations: 307
I0826 03:36:37.895121    27 incremental_mapper.cc:178] => Merged observations: 435
I0826 03:36:37.955536    27 incremental_mapper.cc:160] => Filtered observations: 135
I0826 03:36:37.955585    27 incremental_mapper.cc:119] => Changed observations: 0.003514
I0826 03:36:37.955606    27 misc.cc:198] 
==============================================================================
Global bundle adjustment
==============================================================================
iter      cost      cost_change  |gradient|   |step|    tr_ratio  tr_radius  ls_iter  iter_time  total_time
   0  2.728223e+05    0.00e+00    8.44e+05   0.00e+00   0.00e+00  1.00e+04        0    3.18e-01    1.34e+00
   1  2.719790e+05    8.43e+02    2.47e+03   6.70e+00   1.00e+00  3.00e+04        1    1.30e+00    2.64e+00
   2  2.719762e+05    2.83e+00    7.96e+02   8.43e+00   1.02e+00  9.00e+04        1    1.30e+00    3.94e+00
   3  2.719753e+05    9.53e-01    1.17e+03   9.58e+00   9.98e-01  2.70e+05        1    1.31e+00    5.24e+00
   4  2.719749e+05    3.93e-01    1.22e+03   7.11e+00   9.93e-01  8.10e+05        1    1.30e+00    6.54e+00
   5  2.719747e+05    1.19e-01    6.10e+02   3.95e+00   1.00e+00  2.43e+06        1    1.38e+00    7.92e+00
   6  2.719747e+05    2.09e-02    1.15e+02   1.88e+00   1.02e+00  7.29e+06        1    1.22e+00    9.14e+00
   7  2.719747e+05    1.35e-03    7.01e+00   4.83e-01   1.07e+00  2.19e+07        1    1.39e+00    1.05e+01
   8  2.719747e+05    4.30e-05    1.98e+00   7.08e-02   1.17e+00  6.56e+07        1    1.31e+00    1.18e+01
   9  2.719747e+05    1.98e-06    8.13e-01   1.13e-02   1.25e+00  1.97e+08        1    1.30e+00    1.31e+01
I0826 03:36:51.630292    27 misc.cc:205] 
Bundle adjustment report
------------------------
I0826 03:36:51.630385    27 bundle_adjustment.cc:942] 
    Residuals : 499518
   Parameters : 86690
   Iterations : 10
         Time : 13.1647 [s]
 Initial cost : 0.739034 [px]
   Final cost : 0.737885 [px]
  Termination : Convergence

I0826 03:36:52.001720    27 incremental_mapper.cc:175] => Completed observations: 153
I0826 03:36:52.179149    27 incremental_mapper.cc:178] => Merged observations: 167
I0826 03:36:52.238047    27 incremental_mapper.cc:160] => Filtered observations: 101
I0826 03:36:52.238122    27 incremental_mapper.cc:119] => Changed observations: 0.001686
I0826 03:36:52.238147    27 misc.cc:198] 
==============================================================================
Global bundle adjustment
==============================================================================
iter      cost      cost_change  |gradient|   |step|    tr_ratio  tr_radius  ls_iter  iter_time  total_time
   0  2.721207e+05    0.00e+00    4.59e+05   0.00e+00   0.00e+00  1.00e+04        0    3.27e-01    1.34e+00
   1  2.717946e+05    3.26e+02    5.58e+02   3.45e+00   1.00e+00  3.00e+04        1    1.32e+00    2.66e+00
   2  2.717939e+05    6.60e-01    1.38e+02   5.01e+00   1.00e+00  9.00e+04        1    1.30e+00    3.96e+00
   3  2.717936e+05    2.81e-01    2.49e+02   6.58e+00   9.82e-01  2.70e+05        1    1.30e+00    5.27e+00
   4  2.717935e+05    1.18e-01    2.91e+02   4.96e+00   9.82e-01  8.10e+05        1    1.30e+00    6.57e+00
   5  2.717935e+05    4.37e-02    1.71e+02   2.40e+00   9.99e-01  2.43e+06        1    1.30e+00    7.87e+00
   6  2.717935e+05    1.01e-02    4.56e+01   1.26e+00   1.02e+00  7.29e+06        1    1.30e+00    9.17e+00
   7  2.717935e+05    6.88e-04    3.58e+00   3.47e-01   1.06e+00  2.19e+07        1    1.31e+00    1.05e+01
   8  2.717935e+05    1.91e-05    1.47e+00   5.02e-02   1.15e+00  6.56e+07        1    1.37e+00    1.18e+01
   9  2.717935e+05    6.66e-07    3.88e-01   7.58e-03   1.22e+00  1.97e+08        1    1.31e+00    1.32e+01
I0826 03:37:05.912020    27 misc.cc:205] 
Bundle adjustment report
------------------------
I0826 03:37:05.912094    27 bundle_adjustment.cc:942] 
    Residuals : 499548
   Parameters : 86618
   Iterations : 10
         Time : 13.1759 [s]
 Initial cost : 0.738061 [px]
   Final cost : 0.737617 [px]
  Termination : Convergence

I0826 03:37:06.296904    27 incremental_mapper.cc:175] => Completed observations: 55
I0826 03:37:06.478439    27 incremental_mapper.cc:178] => Merged observations: 46
I0826 03:37:06.540299    27 incremental_mapper.cc:160] => Filtered observations: 53
I0826 03:37:06.540373    27 incremental_mapper.cc:119] => Changed observations: 0.000617
I0826 03:37:06.540413    27 incremental_mapper.cc:167] => Filtered images: 0
I0826 03:37:06.663146    27 misc.cc:198] 
==============================================================================
Registering image #136 (40)
==============================================================================
I0826 03:37:06.663201    27 incremental_mapper.cc:495] => Image sees 6054 / 7869 points
I0826 03:37:09.393240    27 misc.cc:205] 
Pose refinement report
----------------------
I0826 03:37:09.393325    27 bundle_adjustment.cc:942] 
    Residuals : 16266
   Parameters : 8
   Iterations : 12
         Time : 0.202504 [s]
 Initial cost : 0.742122 [px]
   Final cost : 0.69544 [px]
  Termination : Convergence

I0826 03:37:09.457052    27 incremental_mapper.cc:40] => Continued observations: 5615
I0826 03:37:09.585781    27 incremental_mapper.cc:43] => Added observations: 12816
I0826 03:37:13.852488    27 misc.cc:205] 
Bundle adjustment report
------------------------
I0826 03:37:13.852571    27 bundle_adjustment.cc:942] 
    Residuals : 175294
   Parameters : 22268
   Iterations : 26
         Time : 4.11338 [s]
 Initial cost : 1.28198 [px]
   Final cost : 1.19502 [px]
  Termination : No convergence

I0826 03:37:14.179880    27 incremental_mapper.cc:78] => Merged observations: 307
I0826 03:37:14.179965    27 incremental_mapper.cc:79] => Completed observations: 374
I0826 03:37:14.179971    27 incremental_mapper.cc:81] => Filtered observations: 10905
I0826 03:37:14.179975    27 incremental_mapper.cc:90] => Changed observations: 0.132189
I0826 03:37:14.858450    27 misc.cc:205] 
Bundle adjustment report
------------------------
I0826 03:37:14.858513    27 bundle_adjustment.cc:942] 
    Residuals : 151604
   Parameters : 17621
   Iterations : 4
         Time : 0.533978 [s]
 Initial cost : 0.709773 [px]
   Final cost : 0.693781 [px]
  Termination : Convergence

I0826 03:37:15.172154    27 incremental_mapper.cc:78] => Merged observations: 122
I0826 03:37:15.172210    27 incremental_mapper.cc:79] => Completed observations: 1089
I0826 03:37:15.172214    27 incremental_mapper.cc:81] => Filtered observations: 54
I0826 03:37:15.172216    27 incremental_mapper.cc:90] => Changed observations: 0.016688
I0826 03:37:15.286909    27 misc.cc:198] 
==============================================================================
Registering image #141 (41)
==============================================================================
I0826 03:37:15.286959    27 incremental_mapper.cc:495] => Image sees 5767 / 7624 points
I0826 03:37:17.343750    27 misc.cc:205] 
Pose refinement report
----------------------
I0826 03:37:17.343823    27 bundle_adjustment.cc:942] 
    Residuals : 13684
   Parameters : 8
   Iterations : 42
         Time : 0.561669 [s]
 Initial cost : 0.902344 [px]
   Final cost : 0.818761 [px]
  Termination : Convergence

I0826 03:37:17.401820    27 incremental_mapper.cc:40] => Continued observations: 4764
I0826 03:37:17.490546    27 incremental_mapper.cc:43] => Added observations: 10387
I0826 03:37:21.049274    27 misc.cc:205] 
Bundle adjustment report
------------------------
I0826 03:37:21.049350    27 bundle_adjustment.cc:942] 
    Residuals : 115920
   Parameters : 16877
   Iterations : 26
         Time : 3.45161 [s]
 Initial cost : 1.41808 [px]
   Final cost : 1.29903 [px]
  Termination : No convergence

I0826 03:37:21.340643    27 incremental_mapper.cc:78] => Merged observations: 222
I0826 03:37:21.340700    27 incremental_mapper.cc:79] => Completed observations: 639
I0826 03:37:21.340705    27 incremental_mapper.cc:81] => Filtered observations: 10082
I0826 03:37:21.340708    27 incremental_mapper.cc:90] => Changed observations: 0.188803
I0826 03:37:21.944736    27 misc.cc:205] 
Bundle adjustment report
------------------------
I0826 03:37:21.944802    27 bundle_adjustment.cc:942] 
    Residuals : 93870
   Parameters : 12524
   Iterations : 5
         Time : 0.510405 [s]
 Initial cost : 0.847778 [px]
   Final cost : 0.814739 [px]
  Termination : Convergence

I0826 03:37:22.140666    27 incremental_mapper.cc:78] => Merged observations: 70
I0826 03:37:22.140722    27 incremental_mapper.cc:79] => Completed observations: 1520
I0826 03:37:22.140725    27 incremental_mapper.cc:81] => Filtered observations: 184
I0826 03:37:22.140727    27 incremental_mapper.cc:90] => Changed observations: 0.037797
I0826 03:37:22.267042    27 misc.cc:198] 
==============================================================================
Registering image #142 (42)
==============================================================================
I0826 03:37:22.267091    27 incremental_mapper.cc:495] => Image sees 5756 / 7511 points
I0826 03:37:23.865267    27 misc.cc:205] 
Pose refinement report
----------------------
I0826 03:37:23.865336    27 bundle_adjustment.cc:942] 
    Residuals : 12748
   Parameters : 8
   Iterations : 21
         Time : 0.291831 [s]
 Initial cost : 0.899745 [px]
   Final cost : 0.852898 [px]
  Termination : Convergence

I0826 03:37:23.926261    27 incremental_mapper.cc:40] => Continued observations: 4427
I0826 03:37:24.019734    27 incremental_mapper.cc:43] => Added observations: 10461
I0826 03:37:27.547152    27 misc.cc:205] 
Bundle adjustment report
------------------------
I0826 03:37:27.547220    27 bundle_adjustment.cc:942] 
    Residuals : 116068
   Parameters : 16232
   Iterations : 26
         Time : 3.41564 [s]
 Initial cost : 1.43476 [px]
   Final cost : 1.29046 [px]
  Termination : No convergence

I0826 03:37:27.844827    27 incremental_mapper.cc:78] => Merged observations: 393
I0826 03:37:27.844874    27 incremental_mapper.cc:79] => Completed observations: 741
I0826 03:37:27.844879    27 incremental_mapper.cc:81] => Filtered observations: 10860
I0826 03:37:27.844882    27 incremental_mapper.cc:90] => Changed observations: 0.206672
I0826 03:37:28.442258    27 misc.cc:205] 
Bundle adjustment report
------------------------
I0826 03:37:28.442317    27 bundle_adjustment.cc:942] 
    Residuals : 94634
   Parameters : 12653
   Iterations : 5
         Time : 0.503915 [s]
 Initial cost : 0.849507 [px]
   Final cost : 0.817816 [px]
  Termination : Convergence

I0826 03:37:28.638511    27 incremental_mapper.cc:78] => Merged observations: 368
I0826 03:37:28.638556    27 incremental_mapper.cc:79] => Completed observations: 1571
I0826 03:37:28.638561    27 incremental_mapper.cc:81] => Filtered observations: 133
I0826 03:37:28.638563    27 incremental_mapper.cc:90] => Changed observations: 0.043790
I0826 03:37:28.760406    27 misc.cc:198] 
==============================================================================
Registering image #144 (43)
==============================================================================
I0826 03:37:28.760455    27 incremental_mapper.cc:495] => Image sees 5583 / 7657 points
I0826 03:37:30.378825    27 misc.cc:205] 
Pose refinement report
----------------------
I0826 03:37:30.378898    27 bundle_adjustment.cc:942] 
    Residuals : 10168
   Parameters : 8
   Iterations : 24
         Time : 0.24195 [s]
 Initial cost : 0.878833 [px]
   Final cost : 0.848788 [px]
  Termination : Convergence

I0826 03:37:30.431938    27 incremental_mapper.cc:40] => Continued observations: 3554
I0826 03:37:30.512225    27 incremental_mapper.cc:43] => Added observations: 9489
I0826 03:37:33.545349    27 misc.cc:205] 
Bundle adjustment report
------------------------
I0826 03:37:33.545425    27 bundle_adjustment.cc:942] 
    Residuals : 112950
   Parameters : 15599
   Iterations : 26
         Time : 2.92418 [s]
 Initial cost : 1.44985 [px]
   Final cost : 1.2977 [px]
  Termination : No convergence

I0826 03:37:33.833221    27 incremental_mapper.cc:78] => Merged observations: 173
I0826 03:37:33.833278    27 incremental_mapper.cc:79] => Completed observations: 448
I0826 03:37:33.833283    27 incremental_mapper.cc:81] => Filtered observations: 10276
I0826 03:37:33.833285    27 incremental_mapper.cc:90] => Changed observations: 0.192953
I0826 03:37:36.146739    27 misc.cc:205] 
Bundle adjustment report
------------------------
I0826 03:37:36.146808    27 bundle_adjustment.cc:942] 
    Residuals : 92640
   Parameters : 11372
   Iterations : 26
         Time : 2.22096 [s]
 Initial cost : 0.847278 [px]
   Final cost : 0.810905 [px]
  Termination : No convergence

I0826 03:37:36.334347    27 incremental_mapper.cc:78] => Merged observations: 310
I0826 03:37:36.334400    27 incremental_mapper.cc:79] => Completed observations: 1404
I0826 03:37:36.334405    27 incremental_mapper.cc:81] => Filtered observations: 71
I0826 03:37:36.334407    27 incremental_mapper.cc:90] => Changed observations: 0.038536
I0826 03:37:36.334960    27 misc.cc:198] 
==============================================================================
Retriangulation
==============================================================================
I0826 03:37:36.542305    27 incremental_mapper.cc:175] => Completed observations: 1201
I0826 03:37:36.746040    27 incremental_mapper.cc:178] => Merged observations: 280
I0826 03:37:36.746097    27 incremental_mapper.cc:105] => Retriangulated observations: 0
I0826 03:37:36.756428    27 misc.cc:198] 
==============================================================================
Global bundle adjustment
==============================================================================
iter      cost      cost_change  |gradient|   |step|    tr_ratio  tr_radius  ls_iter  iter_time  total_time
   0  3.130608e+05    0.00e+00    1.03e+10   0.00e+00   0.00e+00  1.00e+04        0    3.64e-01    1.49e+00
   1  3.070295e+05    6.03e+03    3.03e+09   3.32e+01   9.99e-01  3.00e+04        1    1.40e+00    2.89e+00
   2  3.069087e+05    1.21e+02    8.75e+08   4.52e+01   1.01e+00  9.00e+04        1    1.49e+00    4.38e+00
   3  3.068846e+05    2.40e+01    2.53e+08   3.28e+01   1.02e+00  2.70e+05        1    1.41e+00    5.78e+00
   4  3.068820e+05    2.62e+00    2.57e+07   9.34e+00   1.07e+00  8.10e+05        1    1.49e+00    7.28e+00
   5  3.068819e+05    1.37e-01    2.08e+07   1.24e+00   1.16e+00  2.43e+06        1    1.40e+00    8.68e+00
   6  3.068819e+05    6.44e-03    7.27e+06   1.82e-01   1.23e+00  7.29e+06        1    1.48e+00    1.02e+01
   7  3.068819e+05    3.77e-04    2.05e+07   3.35e-02   1.17e+00  2.19e+07        1    1.42e+00    1.16e+01
   8  3.068819e+05    8.98e-05    2.13e+07   7.34e-03   1.49e+00  6.56e+07        1    1.40e+00    1.30e+01
   9  3.068819e+05    1.31e-04    1.59e+07   1.85e-03   1.16e+00  1.97e+08        1    1.49e+00    1.45e+01
  10  3.068819e+05    3.24e-04    1.38e+07   5.08e-04   9.72e-01  5.90e+08        1    1.41e+00    1.59e+01
  11  3.068818e+05    9.75e-04    5.75e+06   1.80e-04   9.78e-01  1.77e+09        1    1.41e+00    1.73e+01
  12  3.068818e+05    2.99e-03    4.60e+06   3.16e-04   1.00e+00  5.31e+09        1    1.40e+00    1.87e+01
  13  3.068818e+05    8.80e-03    4.05e+06   9.25e-04   9.99e-01  1.59e+10        1    1.49e+00    2.02e+01
  14  3.068818e+05    2.54e-02    3.01e+07   2.66e-03   1.00e+00  4.78e+10        1    1.40e+00    2.16e+01
  15  3.068817e+05    6.72e-02    3.63e+08   7.06e-03   1.00e+00  1.43e+11        1    1.49e+00    2.31e+01
  16  3.068816e+05    1.36e-01    3.78e+09   1.44e-02   9.99e-01  4.30e+11        1    1.41e+00    2.45e+01
  17  3.068815e+05    1.22e-01    5.98e+09   1.27e-02   1.00e+00  1.29e+12        1    1.49e+00    2.60e+01
  18  3.068814e+05    4.49e-02    3.96e+10   4.72e-03   9.94e-01  3.87e+12        1    1.40e+00    2.74e+01
  19  3.068814e+05    5.92e-03    8.67e+09   5.55e-04   1.10e+00  1.16e+13        1    1.41e+00    2.88e+01
  20  3.068814e+05    5.63e-02    9.92e+08   5.95e-03   7.86e-01  1.43e+13        1    1.40e+00    3.02e+01
  21  3.069276e+05   -4.62e+01    9.92e+08   7.67e+00  -1.18e+00  7.16e+12        1    1.17e+00    3.14e+01
  22  3.068722e+05    9.19e+00    1.44e+10   2.71e+00   4.65e-01  7.15e+12        1    1.42e+00    3.28e+01
  23  3.076568e+05   -7.85e+02    1.44e+10   5.70e+01  -4.04e+00  3.58e+12        1    1.10e+00    3.39e+01
  24  3.077021e+05   -8.30e+02    1.44e+10   5.41e+01  -4.69e+00  8.94e+11        1    1.09e+00    3.50e+01
  25  3.096297e+05   -2.76e+03    1.44e+10   4.07e+01  -1.80e+01  1.12e+11        1    1.18e+00    3.62e+01
  26  3.069958e+05   -1.24e+02    1.44e+10   1.36e+01  -1.57e+00  6.99e+09        1    1.10e+00    3.73e+01
  27  3.068575e+05    1.47e+01    4.82e+09   1.22e+00   7.80e-01  8.47e+09        1    1.43e+00    3.87e+01
  28  3.068437e+05    1.38e+01    3.77e+09   4.49e+00   4.77e-01  8.47e+09        1    1.40e+00    4.01e+01
  29  3.070336e+05   -1.90e+02    3.77e+09   1.96e+01  -2.11e+00  4.23e+09        1    1.18e+00    4.13e+01
  30  3.068726e+05   -2.89e+01    3.77e+09   1.22e+01  -4.36e-01  1.06e+09        1    1.10e+00    4.24e+01
  31  3.068177e+05    2.60e+01    1.72e+09   3.83e+00   7.85e-01  1.30e+09        1    1.42e+00    4.38e+01
  32  3.068005e+05    1.71e+01    1.83e+09   8.98e+00   4.03e-01  1.29e+09        1    1.40e+00    4.52e+01
  33  3.068138e+05   -1.33e+01    1.83e+09   1.66e+01  -1.88e-01  6.45e+08        1    1.11e+00    4.63e+01
  34  3.067692e+05    3.13e+01    1.23e+09   1.05e+01   5.49e-01  6.45e+08        1    1.48e+00    4.78e+01
  35  3.067362e+05    3.29e+01    7.29e+08   1.26e+01   6.52e-01  6.64e+08        1    1.41e+00    4.92e+01
  36  3.067094e+05    2.68e+01    2.18e+08   8.96e+00   9.59e-01  1.99e+09        1    1.49e+00    5.07e+01
  37  3.089107e+05   -2.20e+03    2.18e+08   6.74e+00  -2.60e+02  9.96e+08        1    1.09e+00    5.18e+01
  38  3.067053e+05    4.17e+00    4.93e+08   4.87e+00   7.50e-01  1.14e+09        1    1.42e+00    5.32e+01
  39  3.067026e+05    2.64e+00    1.35e+08   1.41e+00   9.79e-01  3.41e+09        1    1.41e+00    5.46e+01
  40  3.067057e+05   -3.03e+00    1.35e+08   1.36e+00  -1.81e+00  1.71e+09        1    1.17e+00    5.58e+01
  41  3.067018e+05    7.87e-01    3.01e+08   7.97e-01   8.82e-01  3.08e+09        1    1.42e+00    5.72e+01
  42  3.067011e+05    7.20e-01    8.73e+07   5.26e-01   9.95e-01  9.24e+09        1    1.40e+00    5.86e+01
  43  3.067012e+05   -2.57e-02    8.73e+07   4.55e-01  -4.24e-02  4.62e+09        1    1.10e+00    5.97e+01
  44  3.067008e+05    2.98e-01    2.53e+08   2.44e-01   9.67e-01  1.39e+10        1    1.40e+00    6.11e+01
  45  3.067005e+05    3.62e-01    4.34e+08   2.64e-01   9.92e-01  4.16e+10        1    1.49e+00    6.26e+01
  46  3.067004e+05    8.84e-02    1.02e+09   6.51e-02   9.64e-01  1.25e+11        1    1.41e+00    6.40e+01
  47  3.067004e+05    1.77e-02    8.68e+09   2.83e-02   4.19e-01  1.24e+11        1    1.49e+00    6.55e+01
  48  3.067003e+05    2.63e-02    2.74e+09   2.52e-03   9.45e-01  3.73e+11        1    1.41e+00    6.69e+01
  49  3.067003e+05    5.88e-03    6.66e+09   4.71e-03   7.50e-01  4.26e+11        1    1.49e+00    6.84e+01
  50  3.067003e+05    3.37e-03    3.36e+09   1.23e-03   9.31e-01  1.18e+12        1    1.40e+00    6.98e+01
I0826 03:38:47.119148    27 misc.cc:205] 
Bundle adjustment report
------------------------
I0826 03:38:47.119225    27 bundle_adjustment.cc:942] 
    Residuals : 543556
   Parameters : 96685
   Iterations : 51
         Time : 69.7976 [s]
 Initial cost : 0.758913 [px]
   Final cost : 0.751164 [px]
  Termination : No convergence

I0826 03:38:47.543336    27 incremental_mapper.cc:175] => Completed observations: 672
I0826 03:38:47.751237    27 incremental_mapper.cc:178] => Merged observations: 689
I0826 03:38:47.823027    27 incremental_mapper.cc:160] => Filtered observations: 607
I0826 03:38:47.823091    27 incremental_mapper.cc:119] => Changed observations: 0.007241
I0826 03:38:47.823113    27 misc.cc:198] 
==============================================================================
Global bundle adjustment
==============================================================================
iter      cost      cost_change  |gradient|   |step|    tr_ratio  tr_radius  ls_iter  iter_time  total_time
   0  3.078002e+05    0.00e+00    7.29e+04   0.00e+00   0.00e+00  1.00e+04        0    3.78e-01    1.52e+00
   1  3.050922e+05    2.71e+03    3.22e+04   7.00e+01   9.86e-01  3.00e+04        1    1.42e+00    2.94e+00
   2  3.048391e+05    2.53e+02    4.87e+04   4.85e+01   9.82e-01  9.00e+04        1    1.40e+00    4.34e+00
   3  3.046901e+05    1.49e+02    1.15e+05   6.32e+01   8.97e-01  1.80e+05        1    1.49e+00    5.84e+00
   4  3.045935e+05    9.65e+01    9.25e+04   5.34e+01   8.73e-01  3.08e+05        1    1.40e+00    7.24e+00
   5  3.045489e+05    4.46e+01    3.35e+04   3.29e+01   9.49e-01  9.24e+05        1    1.49e+00    8.73e+00
   6  3.045393e+05    9.57e+00    6.50e+03   1.66e+01   9.82e-01  2.77e+06        1    1.41e+00    1.01e+01
   7  3.045387e+05    6.05e-01    4.39e+02   2.84e+00   1.02e+00  8.32e+06        1    1.40e+00    1.15e+01
   8  3.045387e+05    1.14e-02    2.81e+01   3.72e-01   1.12e+00  2.50e+07        1    1.49e+00    1.30e+01
   9  3.045387e+05    4.42e-04    2.16e+00   3.62e-02   1.27e+00  7.49e+07        1    1.41e+00    1.44e+01
  10  3.045387e+05    3.58e-05    1.47e+00   8.71e-03   1.30e+00  2.25e+08        1    1.49e+00    1.59e+01
  11  3.045387e+05    3.25e-06    1.53e+00   3.38e-03   1.30e+00  6.74e+08        1    1.40e+00    1.73e+01
  12  3.045387e+05    3.00e-07    6.01e-01   1.14e-03   1.30e+00  2.02e+09        1    1.50e+00    1.88e+01
I0826 03:39:07.229233    27 misc.cc:205] 
Bundle adjustment report
------------------------
I0826 03:39:07.229310    27 bundle_adjustment.cc:942] 
    Residuals : 543090
   Parameters : 96028
   Iterations : 13
         Time : 18.8639 [s]
 Initial cost : 0.752833 [px]
   Final cost : 0.748834 [px]
  Termination : Convergence

I0826 03:39:07.663220    27 incremental_mapper.cc:175] => Completed observations: 716
I0826 03:39:07.872618    27 incremental_mapper.cc:178] => Merged observations: 707
I0826 03:39:07.944819    27 incremental_mapper.cc:160] => Filtered observations: 421
I0826 03:39:07.944885    27 incremental_mapper.cc:119] => Changed observations: 0.006791
I0826 03:39:07.944907    27 misc.cc:198] 
==============================================================================
Global bundle adjustment
==============================================================================
iter      cost      cost_change  |gradient|   |step|    tr_ratio  tr_radius  ls_iter  iter_time  total_time
   0  3.067076e+05    0.00e+00    9.03e+04   0.00e+00   0.00e+00  1.00e+04        0    3.04e-01    1.43e+00
   1  3.049148e+05    1.79e+03    7.04e+03   2.73e+01   9.98e-01  3.00e+04        1    1.46e+00    2.89e+00
   2  3.048661e+05    4.88e+01    5.74e+03   2.20e+01   1.00e+00  9.00e+04        1    1.42e+00    4.32e+00
   3  3.048433e+05    2.27e+01    8.65e+03   2.57e+01   1.01e+00  2.70e+05        1    1.41e+00    5.72e+00
   4  3.048322e+05    1.11e+01    6.05e+03   1.93e+01   1.01e+00  8.10e+05        1    1.49e+00    7.21e+00
   5  3.048291e+05    3.05e+00    2.43e+03   7.14e+00   1.00e+00  2.43e+06        1    1.41e+00    8.62e+00
   6  3.048288e+05    3.54e-01    9.27e+02   2.26e+00   1.02e+00  7.29e+06        1    1.48e+00    1.01e+01
   7  3.048288e+05    1.49e-02    5.17e+01   7.49e-01   1.09e+00  2.19e+07        1    1.41e+00    1.15e+01
   8  3.048288e+05    5.49e-04    2.32e+00   8.20e-02   1.25e+00  6.56e+07        1    1.48e+00    1.30e+01
   9  3.048288e+05    4.31e-05    1.90e+00   1.03e-02   1.31e+00  1.97e+08        1    1.42e+00    1.44e+01
  10  3.048288e+05    4.13e-06    1.73e+00   3.66e-03   1.31e+00  5.90e+08        1    1.41e+00    1.58e+01
  11  3.048288e+05    4.09e-07    6.83e-01   1.32e-03   1.32e+00  1.77e+09        1    1.41e+00    1.72e+01
I0826 03:39:25.789016    27 misc.cc:205] 
Bundle adjustment report
------------------------
I0826 03:39:25.789090    27 bundle_adjustment.cc:942] 
    Residuals : 543192
   Parameters : 95470
   Iterations : 12
         Time : 17.3096 [s]
 Initial cost : 0.751425 [px]
   Final cost : 0.74912 [px]
  Termination : Convergence

I0826 03:39:26.210906    27 incremental_mapper.cc:175] => Completed observations: 443
I0826 03:39:26.415218    27 incremental_mapper.cc:178] => Merged observations: 487
I0826 03:39:26.482635    27 incremental_mapper.cc:160] => Filtered observations: 252
I0826 03:39:26.482692    27 incremental_mapper.cc:119] => Changed observations: 0.004352
I0826 03:39:26.482714    27 misc.cc:198] 
==============================================================================
Global bundle adjustment
==============================================================================
iter      cost      cost_change  |gradient|   |step|    tr_ratio  tr_radius  ls_iter  iter_time  total_time
   0  3.065531e+05    0.00e+00    8.31e+04   0.00e+00   0.00e+00  1.00e+04        0    3.26e-01    1.47e+00
   1  3.053983e+05    1.15e+03    1.96e+03   1.25e+01   9.99e-01  3.00e+04        1    1.41e+00    2.89e+00
   2  3.053785e+05    1.98e+01    1.60e+03   1.12e+01   1.01e+00  9.00e+04        1    1.40e+00    4.29e+00
   3  3.053670e+05    1.15e+01    2.05e+03   1.25e+01   1.02e+00  2.70e+05        1    1.49e+00    5.78e+00
   4  3.053614e+05    5.62e+00    1.14e+03   9.24e+00   1.03e+00  8.10e+05        1    1.41e+00    7.19e+00
   5  3.053598e+05    1.55e+00    2.17e+03   3.66e+00   1.02e+00  2.43e+06        1    1.48e+00    8.67e+00
   6  3.053596e+05    1.91e-01    5.92e+02   1.67e+00   1.03e+00  7.29e+06        1    1.41e+00    1.01e+01
   7  3.053596e+05    8.94e-03    3.43e+01   5.63e-01   1.11e+00  2.19e+07        1    1.40e+00    1.15e+01
   8  3.053596e+05    3.91e-04    1.95e+00   6.18e-02   1.27e+00  6.56e+07        1    1.49e+00    1.30e+01
   9  3.053596e+05    3.34e-05    1.92e+00   1.07e-02   1.31e+00  1.97e+08        1    1.40e+00    1.44e+01
  10  3.053596e+05    3.35e-06    1.55e+00   3.86e-03   1.32e+00  5.90e+08        1    1.40e+00    1.58e+01
  11  3.053596e+05    3.44e-07    6.03e-01   1.33e-03   1.32e+00  1.77e+09        1    1.49e+00    1.73e+01
I0826 03:39:44.313251    27 misc.cc:205] 
Bundle adjustment report
------------------------
I0826 03:39:44.313320    27 bundle_adjustment.cc:942] 
    Residuals : 543374
   Parameters : 95182
   Iterations : 12
         Time : 17.2988 [s]
 Initial cost : 0.75111 [px]
   Final cost : 0.749646 [px]
  Termination : Convergence

I0826 03:39:44.731313    27 incremental_mapper.cc:175] => Completed observations: 274
I0826 03:39:44.938275    27 incremental_mapper.cc:178] => Merged observations: 306
I0826 03:39:45.009603    27 incremental_mapper.cc:160] => Filtered observations: 235
I0826 03:39:45.009673    27 incremental_mapper.cc:119] => Changed observations: 0.003000
I0826 03:39:45.009696    27 misc.cc:198] 
==============================================================================
Global bundle adjustment
==============================================================================
iter      cost      cost_change  |gradient|   |step|    tr_ratio  tr_radius  ls_iter  iter_time  total_time
   0  3.057448e+05    0.00e+00    6.86e+04   0.00e+00   0.00e+00  1.00e+04        0    3.29e-01    1.45e+00
   1  3.049512e+05    7.94e+02    1.00e+03   8.74e+00   9.99e-01  3.00e+04        1    1.39e+00    2.84e+00
   2  3.049339e+05    1.73e+01    1.54e+03   1.05e+01   1.01e+00  9.00e+04        1    1.40e+00    4.25e+00
   3  3.049247e+05    9.18e+00    1.48e+03   1.21e+01   1.03e+00  2.70e+05        1    1.40e+00    5.65e+00
   4  3.049213e+05    3.41e+00    6.37e+02   7.73e+00   1.06e+00  8.10e+05        1    1.40e+00    7.05e+00
   5  3.049206e+05    7.30e-01    9.41e+02   3.50e+00   1.06e+00  2.43e+06        1    1.49e+00    8.53e+00
   6  3.049205e+05    8.10e-02    2.71e+02   1.08e+00   1.08e+00  7.29e+06        1    1.41e+00    9.94e+00
   7  3.049205e+05    4.68e-03    1.78e+01   3.14e-01   1.19e+00  2.19e+07        1    1.40e+00    1.13e+01
   8  3.049205e+05    3.22e-04    1.97e+00   5.13e-02   1.30e+00  6.56e+07        1    1.40e+00    1.27e+01
   9  3.049205e+05    3.21e-05    1.95e+00   1.46e-02   1.32e+00  1.97e+08        1    1.40e+00    1.41e+01
  10  3.049205e+05    3.42e-06    1.52e+00   4.89e-03   1.33e+00  5.90e+08        1    1.49e+00    1.56e+01
  11  3.049205e+05    3.68e-07    6.24e-01   1.58e-03   1.33e+00  1.77e+09        1    1.41e+00    1.70e+01
I0826 03:40:02.628314    27 misc.cc:205] 
Bundle adjustment report
------------------------
I0826 03:40:02.628376    27 bundle_adjustment.cc:942] 
    Residuals : 543202
   Parameters : 94957
   Iterations : 12
         Time : 17.0753 [s]
 Initial cost : 0.750238 [px]
   Final cost : 0.749226 [px]
  Termination : Convergence

I0826 03:40:03.048311    27 incremental_mapper.cc:175] => Completed observations: 202
I0826 03:40:03.254506    27 incremental_mapper.cc:178] => Merged observations: 409
I0826 03:40:03.324642    27 incremental_mapper.cc:160] => Filtered observations: 181
I0826 03:40:03.324703    27 incremental_mapper.cc:119] => Changed observations: 0.002916
I0826 03:40:03.324733    27 incremental_mapper.cc:167] => Filtered images: 0
I0826 03:40:03.440292    27 misc.cc:198] 
==============================================================================
Registering image #145 (44)
==============================================================================
I0826 03:40:03.440335    27 incremental_mapper.cc:495] => Image sees 5020 / 7889 points
I0826 03:40:04.876626    27 misc.cc:205] 
Pose refinement report
----------------------
I0826 03:40:04.876691    27 bundle_adjustment.cc:942] 
    Residuals : 8384
   Parameters : 8
   Iterations : 23
         Time : 0.203007 [s]
 Initial cost : 0.94825 [px]
   Final cost : 0.878945 [px]
  Termination : Convergence

I0826 03:40:04.922397    27 incremental_mapper.cc:40] => Continued observations: 2915
I0826 03:40:05.005224    27 incremental_mapper.cc:43] => Added observations: 8778
I0826 03:40:08.442216    27 misc.cc:205] 
Bundle adjustment report
------------------------
I0826 03:40:08.442278    27 bundle_adjustment.cc:942] 
    Residuals : 124022
   Parameters : 17885
   Iterations : 26
         Time : 3.32026 [s]
 Initial cost : 1.40074 [px]
   Final cost : 1.2169 [px]
  Termination : No convergence

I0826 03:40:08.799242    27 incremental_mapper.cc:78] => Merged observations: 100
I0826 03:40:08.799304    27 incremental_mapper.cc:79] => Completed observations: 1103
I0826 03:40:08.799309    27 incremental_mapper.cc:81] => Filtered observations: 9839
I0826 03:40:08.799311    27 incremental_mapper.cc:90] => Changed observations: 0.178065
I0826 03:40:09.531633    27 misc.cc:205] 
Bundle adjustment report
------------------------
I0826 03:40:09.531704    27 bundle_adjustment.cc:942] 
    Residuals : 92552
   Parameters : 15605
   Iterations : 7
         Time : 0.643837 [s]
 Initial cost : 0.872234 [px]
   Final cost : 0.8395 [px]
  Termination : Convergence

I0826 03:40:09.737615    27 incremental_mapper.cc:78] => Merged observations: 251
I0826 03:40:09.737660    27 incremental_mapper.cc:79] => Completed observations: 1654
I0826 03:40:09.737668    27 incremental_mapper.cc:81] => Filtered observations: 97
I0826 03:40:09.737670    27 incremental_mapper.cc:90] => Changed observations: 0.043262
I0826 03:40:09.860383    27 misc.cc:198] 
==============================================================================
Registering image #150 (45)
==============================================================================
I0826 03:40:09.860428    27 incremental_mapper.cc:495] => Image sees 5577 / 9964 points
I0826 03:40:12.625702    27 misc.cc:205] 
Pose refinement report
----------------------
I0826 03:40:12.625763    27 bundle_adjustment.cc:942] 
    Residuals : 6576
   Parameters : 8
   Iterations : 100
         Time : 0.655597 [s]
 Initial cost : 0.936442 [px]
   Final cost : 0.895125 [px]
  Termination : Convergence

I0826 03:40:12.659336    27 incremental_mapper.cc:40] => Continued observations: 2254
I0826 03:40:12.659436    27 incremental_mapper.cc:43] => Added observations: 0
I0826 03:40:14.831524    27 misc.cc:205] 
Bundle adjustment report
------------------------
I0826 03:40:14.831614    27 bundle_adjustment.cc:942] 
    Residuals : 97184
   Parameters : 3701
   Iterations : 26
         Time : 2.0747 [s]
 Initial cost : 0.612537 [px]
   Final cost : 0.602472 [px]
  Termination : No convergence

I0826 03:40:14.979678    27 incremental_mapper.cc:78] => Merged observations: 36
I0826 03:40:14.979729    27 incremental_mapper.cc:79] => Completed observations: 44
I0826 03:40:14.979734    27 incremental_mapper.cc:81] => Filtered observations: 1400
I0826 03:40:14.979735    27 incremental_mapper.cc:90] => Changed observations: 0.030458
I0826 03:40:15.329140    27 misc.cc:205] 
Bundle adjustment report
------------------------
I0826 03:40:15.329216    27 bundle_adjustment.cc:942] 
    Residuals : 95314
   Parameters : 3755
   Iterations : 3
         Time : 0.260331 [s]
 Initial cost : 0.691978 [px]
   Final cost : 0.68606 [px]
  Termination : Convergence

I0826 03:40:15.450291    27 incremental_mapper.cc:78] => Merged observations: 14
I0826 03:40:15.450348    27 incremental_mapper.cc:79] => Completed observations: 14
I0826 03:40:15.450353    27 incremental_mapper.cc:81] => Filtered observations: 19
I0826 03:40:15.450356    27 incremental_mapper.cc:90] => Changed observations: 0.000986
I0826 03:40:15.563683    27 misc.cc:198] 
==============================================================================
Registering image #151 (46)
==============================================================================
I0826 03:40:15.563735    27 incremental_mapper.cc:495] => Image sees 5333 / 9608 points
I0826 03:40:17.687943    27 misc.cc:205] 
Pose refinement report
----------------------
I0826 03:40:17.688009    27 bundle_adjustment.cc:942] 
    Residuals : 6390
   Parameters : 8
   Iterations : 26
         Time : 0.221973 [s]
 Initial cost : 0.865267 [px]
   Final cost : 0.801635 [px]
  Termination : Convergence

I0826 03:40:17.723554    27 incremental_mapper.cc:40] => Continued observations: 2119
I0826 03:40:17.824025    27 incremental_mapper.cc:43] => Added observations: 10597
I0826 03:40:21.132819    27 misc.cc:205] 
Bundle adjustment report
------------------------
I0826 03:40:21.132921    27 bundle_adjustment.cc:942] 
    Residuals : 128750
   Parameters : 15065
   Iterations : 26
         Time : 3.1869 [s]
 Initial cost : 1.61596 [px]
   Final cost : 1.4073 [px]
  Termination : No convergence

I0826 03:40:21.452512    27 incremental_mapper.cc:78] => Merged observations: 53
I0826 03:40:21.452596    27 incremental_mapper.cc:79] => Completed observations: 322
I0826 03:40:21.452600    27 incremental_mapper.cc:81] => Filtered observations: 11226
I0826 03:40:21.452602    27 incremental_mapper.cc:90] => Changed observations: 0.180210
I0826 03:40:21.833782    27 misc.cc:205] 
Bundle adjustment report
------------------------
I0826 03:40:21.833859    27 bundle_adjustment.cc:942] 
    Residuals : 71668
   Parameters : 9563
   Iterations : 5
         Time : 0.299896 [s]
 Initial cost : 0.863079 [px]
   Final cost : 0.831972 [px]
  Termination : Convergence

I0826 03:40:21.994055    27 incremental_mapper.cc:78] => Merged observations: 238
I0826 03:40:21.994107    27 incremental_mapper.cc:79] => Completed observations: 626
I0826 03:40:21.994112    27 incremental_mapper.cc:81] => Filtered observations: 134
I0826 03:40:21.994113    27 incremental_mapper.cc:90] => Changed observations: 0.027851
I0826 03:40:22.125173    27 misc.cc:198] 
==============================================================================
Registering image #149 (47)
==============================================================================
I0826 03:40:22.125222    27 incremental_mapper.cc:495] => Image sees 5435 / 9470 points
I0826 03:40:24.030566    27 misc.cc:205] 
Pose refinement report
----------------------
I0826 03:40:24.030638    27 bundle_adjustment.cc:942] 
    Residuals : 8822
   Parameters : 8
   Iterations : 46
         Time : 0.417664 [s]
 Initial cost : 0.934292 [px]
   Final cost : 0.895733 [px]
  Termination : Convergence

I0826 03:40:24.079239    27 incremental_mapper.cc:40] => Continued observations: 3015
I0826 03:40:24.079317    27 incremental_mapper.cc:43] => Added observations: 0
I0826 03:40:26.542279    27 misc.cc:205] 
Bundle adjustment report
------------------------
I0826 03:40:26.542348    27 bundle_adjustment.cc:942] 
    Residuals : 103324
   Parameters : 4763
   Iterations : 26
         Time : 2.36078 [s]
 Initial cost : 0.648074 [px]
   Final cost : 0.630885 [px]
  Termination : No convergence

I0826 03:40:26.742403    27 incremental_mapper.cc:78] => Merged observations: 65
I0826 03:40:26.742457    27 incremental_mapper.cc:79] => Completed observations: 64
I0826 03:40:26.742462    27 incremental_mapper.cc:81] => Filtered observations: 1840
I0826 03:40:26.742463    27 incremental_mapper.cc:90] => Changed observations: 0.038113
I0826 03:40:27.156703    27 misc.cc:205] 
Bundle adjustment report
------------------------
I0826 03:40:27.156805    27 bundle_adjustment.cc:942] 
    Residuals : 82126
   Parameters : 3845
   Iterations : 5
         Time : 0.324498 [s]
 Initial cost : 0.771353 [px]
   Final cost : 0.760665 [px]
  Termination : Convergence

I0826 03:40:27.308403    27 incremental_mapper.cc:78] => Merged observations: 78
I0826 03:40:27.308455    27 incremental_mapper.cc:79] => Completed observations: 45
I0826 03:40:27.308460    27 incremental_mapper.cc:81] => Filtered observations: 56
I0826 03:40:27.308462    27 incremental_mapper.cc:90] => Changed observations: 0.004359
I0826 03:40:27.421510    27 misc.cc:198] 
==============================================================================
Registering image #153 (48)
==============================================================================
I0826 03:40:27.421593    27 incremental_mapper.cc:495] => Image sees 5369 / 9484 points
I0826 03:40:29.833231    27 misc.cc:205] 
Pose refinement report
----------------------
I0826 03:40:29.833302    27 bundle_adjustment.cc:942] 
    Residuals : 6562
   Parameters : 8
   Iterations : 30
         Time : 0.207038 [s]
 Initial cost : 0.944323 [px]
   Final cost : 0.937103 [px]
  Termination : Convergence

I0826 03:40:29.865717    27 incremental_mapper.cc:40] => Continued observations: 2110
I0826 03:40:29.865790    27 incremental_mapper.cc:43] => Added observations: 0
I0826 03:40:31.835493    27 misc.cc:205] 
Bundle adjustment report
------------------------
I0826 03:40:31.835567    27 bundle_adjustment.cc:942] 
    Residuals : 97182
   Parameters : 3848
   Iterations : 26
         Time : 1.87219 [s]
 Initial cost : 0.62826 [px]
   Final cost : 0.615237 [px]
  Termination : No convergence

I0826 03:40:32.008145    27 incremental_mapper.cc:78] => Merged observations: 52
I0826 03:40:32.008212    27 incremental_mapper.cc:79] => Completed observations: 37
I0826 03:40:32.008216    27 incremental_mapper.cc:81] => Filtered observations: 1607
I0826 03:40:32.008219    27 incremental_mapper.cc:90] => Changed observations: 0.034904
I0826 03:40:32.459185    27 misc.cc:205] 
Bundle adjustment report
------------------------
I0826 03:40:32.459254    27 bundle_adjustment.cc:942] 
    Residuals : 93806
   Parameters : 3278
   Iterations : 5
         Time : 0.358466 [s]
 Initial cost : 0.687586 [px]
   Final cost : 0.678258 [px]
  Termination : Convergence

I0826 03:40:32.634056    27 incremental_mapper.cc:78] => Merged observations: 65
I0826 03:40:32.634121    27 incremental_mapper.cc:79] => Completed observations: 21
I0826 03:40:32.634126    27 incremental_mapper.cc:81] => Filtered observations: 35
I0826 03:40:32.634128    27 incremental_mapper.cc:90] => Changed observations: 0.002580
I0826 03:40:32.634608    27 misc.cc:198] 
==============================================================================
Retriangulation
==============================================================================
I0826 03:40:32.844823    27 incremental_mapper.cc:175] => Completed observations: 608
I0826 03:40:33.067484    27 incremental_mapper.cc:178] => Merged observations: 263
I0826 03:40:33.067559    27 incremental_mapper.cc:105] => Retriangulated observations: 6111
I0826 03:40:33.159396    27 misc.cc:198] 
==============================================================================
Global bundle adjustment
==============================================================================
iter      cost      cost_change  |gradient|   |step|    tr_ratio  tr_radius  ls_iter  iter_time  total_time
   0  4.952663e+06    0.00e+00    1.41e+07   0.00e+00   0.00e+00  1.00e+04        0    3.69e-01    1.55e+00
   1  2.752864e+06    2.20e+06    4.14e+07   7.37e+04   8.39e-01  1.45e+04        1    1.50e+00    3.05e+00
   2  2.951652e+06   -1.99e+05    4.14e+07   2.50e+05  -2.98e-01  7.25e+03        1    1.19e+00    4.24e+00
   3  2.172959e+06    5.80e+05    1.93e+06   9.49e+04   9.26e-01  1.89e+04        1    1.58e+00    5.82e+00
   4  2.026778e+06    1.46e+05    2.45e+07   4.47e+05   7.45e-01  2.15e+04        1    1.51e+00    7.34e+00
   5  1.860436e+06    1.66e+05    7.51e+06   6.83e+05   1.03e+00  6.44e+04        1    1.59e+00    8.93e+00
   6  1.682333e+14   -1.68e+14    7.51e+06   2.69e+06  -1.78e+09  3.22e+04        1    1.18e+00    1.01e+01
   7  3.158143e+06   -1.30e+06    7.51e+06   1.24e+06  -1.53e+01  8.05e+03        1    1.20e+00    1.13e+01
   8  1.801722e+06    5.87e+04    2.54e+06   2.78e+05   9.01e-01  1.66e+04        1    1.53e+00    1.28e+01
   9  1.744721e+06    5.70e+04    1.38e+06   6.27e+05   1.06e+00  4.99e+04        1    1.59e+00    1.44e+01
  10  1.721171e+06    2.35e+04    2.57e+06   2.04e+06   8.20e-01  6.75e+04        1    1.50e+00    1.59e+01
  11  1.708626e+06    1.25e+04    1.45e+06   2.81e+06   5.69e-01  6.77e+04        1    1.50e+00    1.74e+01
  12  1.696836e+06    1.18e+04    1.55e+06   2.85e+06   6.42e-01  6.93e+04        1    1.60e+00    1.90e+01
  13  1.688419e+06    8.42e+03    7.00e+05   2.92e+06   7.22e-01  7.59e+04        1    1.50e+00    2.05e+01
  14  1.683703e+06    4.72e+03    5.93e+05   3.18e+06   6.88e-01  8.01e+04        1    1.50e+00    2.20e+01
  15  1.680178e+06    3.52e+03    3.66e+05   3.33e+06   7.22e-01  8.78e+04        1    1.59e+00    2.36e+01
  16  1.677642e+06    2.54e+03    5.00e+05   3.59e+06   6.90e-01  9.29e+04        1    1.51e+00    2.51e+01
  17  1.675410e+06    2.23e+03    5.25e+05   3.70e+06   7.24e-01  1.02e+05        1    1.59e+00    2.67e+01
  18  1.673598e+06    1.81e+03    6.03e+05   3.92e+06   7.13e-01  1.11e+05        1    1.51e+00    2.82e+01
  19  1.671995e+06    1.60e+03    5.78e+05   4.01e+06   7.35e-01  1.23e+05        1    1.51e+00    2.97e+01
  20  1.670653e+06    1.34e+03    5.76e+05   4.09e+06   7.29e-01  1.36e+05        1    1.59e+00    3.13e+01
  21  1.669486e+06    1.17e+03    5.29e+05   3.97e+06   7.44e-01  1.54e+05        1    1.50e+00    3.28e+01
  22  1.668524e+06    9.63e+02    4.93e+05   3.71e+06   7.39e-01  1.73e+05        1    1.58e+00    3.44e+01
  23  1.667712e+06    8.12e+02    4.34e+05   3.18e+06   7.53e-01  1.99e+05        1    1.51e+00    3.59e+01
  24  1.667047e+06    6.64e+02    3.86e+05   2.53e+06   7.57e-01  2.30e+05        1    1.51e+00    3.74e+01
  25  1.666470e+06    5.78e+02    3.44e+05   1.81e+06   7.80e-01  2.79e+05        1    1.59e+00    3.90e+01
  26  1.665971e+06    4.99e+02    3.27e+05   1.17e+06   7.57e-01  3.22e+05        1    1.50e+00    4.05e+01
  27  1.665477e+06    4.93e+02    2.88e+05   6.09e+05   7.92e-01  4.03e+05        1    1.60e+00    4.21e+01
  28  1.665036e+06    4.41e+02    2.84e+05   2.40e+05   7.55e-01  4.65e+05        1    1.51e+00    4.36e+01
  29  1.664528e+06    5.08e+02    2.90e+05   4.27e+04   8.17e-01  6.23e+05        1    1.50e+00    4.51e+01
  30  1.664095e+06    4.33e+02    3.43e+05   1.15e+05   6.65e-01  6.47e+05        1    1.59e+00    4.67e+01
  31  1.663401e+06    6.94e+02    3.52e+05   1.33e+05   8.67e-01  1.07e+06        1    1.51e+00    4.82e+01
  32  1.663161e+06    2.40e+02    4.78e+05   1.59e+05   2.93e-01  9.96e+05        1    1.59e+00    4.98e+01
  33  1.671220e+06   -8.06e+03    4.78e+05   1.88e+05  -5.28e+00  4.98e+05        1    1.18e+00    5.10e+01
  34  1.661634e+06    1.53e+03    3.89e+05   1.14e+05   1.05e+00  1.49e+06        1    1.53e+00    5.25e+01
  35  1.662024e+06   -3.90e+02    3.89e+05   4.87e+05  -2.60e-01  7.47e+05        1    1.20e+00    5.37e+01
  36  1.660479e+06    1.15e+03    7.70e+05   3.60e+05   8.05e-01  9.68e+05        1    1.59e+00    5.53e+01
  37  1.783294e+06   -1.23e+05    7.70e+05   2.52e+05  -4.42e+01  4.84e+05        1    1.18e+00    5.65e+01
  38  1.673918e+06   -1.34e+04    7.70e+05   1.26e+05  -4.95e+00  1.21e+05        1    1.22e+00    5.77e+01
  39  1.657884e+06    2.60e+03    3.59e+05   1.45e+04   1.02e+00  3.63e+05        1    1.59e+00    5.93e+01
  40  1.658949e+06   -1.07e+03    3.59e+05   9.72e+04  -3.88e-01  1.82e+05        1    1.19e+00    6.05e+01
  41  1.654777e+06    3.11e+03    6.21e+06   2.39e+04   1.21e+00  5.45e+05        1    1.53e+00    6.20e+01
  42  1.658463e+06   -3.69e+03    6.21e+06   8.20e+04  -1.20e+00  2.72e+05        1    1.19e+00    6.32e+01
  43  1.652988e+06    1.79e+03    1.41e+06   6.25e+04   6.36e-01  2.78e+05        1    1.51e+00    6.47e+01
  44  1.650012e+06    2.98e+03    2.79e+06   2.53e+05   6.24e-01  2.82e+05        1    1.59e+00    6.63e+01
  45  1.646769e+06    3.24e+03    1.69e+06   4.64e+05   5.95e-01  2.84e+05        1    1.51e+00    6.78e+01
  46  1.666064e+06   -1.93e+04    1.69e+06   7.03e+05  -3.52e+00  1.42e+05        1    1.20e+00    6.90e+01
  47  1.642746e+06    4.02e+03    9.27e+05   4.43e+05   7.87e-01  1.75e+05        1    1.59e+00    7.06e+01
  48  1.639735e+06    3.01e+03    1.83e+06   6.91e+05   8.73e-01  2.99e+05        1    1.51e+00    7.21e+01
  49  1.638970e+06    7.65e+02    3.54e+06   1.07e+06   2.94e-01  2.79e+05        1    1.50e+00    7.36e+01
  50  1.636087e+06    2.88e+03    8.74e+05   9.13e+05   8.45e-01  4.17e+05        1    1.59e+00    7.52e+01
I0826 03:41:49.018078    27 misc.cc:205] 
Bundle adjustment report
------------------------
I0826 03:41:49.018150    27 bundle_adjustment.cc:942] 
    Residuals : 571926
   Parameters : 103772
   Iterations : 51
         Time : 75.2599 [s]
 Initial cost : 2.94272 [px]
   Final cost : 1.69135 [px]
  Termination : No convergence

I0826 03:41:49.502502    27 incremental_mapper.cc:175] => Completed observations: 4368
I0826 03:41:49.787447    27 incremental_mapper.cc:178] => Merged observations: 6319
I0826 03:41:50.096207    27 incremental_mapper.cc:160] => Filtered observations: 27768
I0826 03:41:50.096266    27 incremental_mapper.cc:119] => Changed observations: 0.134475
I0826 03:41:50.096313    27 misc.cc:198] 
==============================================================================
Global bundle adjustment
==============================================================================
iter      cost      cost_change  |gradient|   |step|    tr_ratio  tr_radius  ls_iter  iter_time  total_time
   0  3.643474e+05    0.00e+00    8.87e+05   0.00e+00   0.00e+00  1.00e+04        0    3.43e-01    1.38e+00
   1  2.713574e+05    9.30e+04    3.49e+05   2.63e+05   9.98e-01  3.00e+04        1    1.39e+00    2.77e+00
   2  2.686941e+05    2.66e+03    2.46e+05   6.85e+05   9.99e-01  9.00e+04        1    1.32e+00    4.09e+00
   3  2.680261e+05    6.68e+02    8.90e+04   1.38e+06   7.96e-01  1.14e+05        1    1.39e+00    5.48e+00
   4  2.675711e+05    4.55e+02    6.67e+04   1.13e+06   9.07e-01  2.48e+05        1    1.31e+00    6.79e+00
   5  2.673563e+05    2.15e+02    5.29e+04   1.11e+06   7.90e-01  3.07e+05        1    1.39e+00    8.18e+00
   6  2.672214e+05    1.35e+02    3.08e+04   4.65e+05   8.69e-01  5.13e+05        1    1.31e+00    9.49e+00
   7  2.671611e+05    6.03e+01    6.04e+04   3.79e+04   7.42e-01  5.78e+05        1    1.39e+00    1.09e+01
   8  2.671150e+05    4.61e+01    3.85e+04   1.69e+05   8.85e-01  1.07e+06        1    1.31e+00    1.22e+01
   9  2.670967e+05    1.83e+01    3.78e+04   2.75e+05   7.16e-01  1.16e+06        1    1.40e+00    1.36e+01
  10  2.670832e+05    1.35e+01    1.36e+04   1.94e+05   9.41e-01  3.48e+06        1    1.37e+00    1.50e+01
  11  2.670811e+05    2.12e+00    9.39e+03   1.81e+05   5.02e-01  3.48e+06        1    1.32e+00    1.63e+01
  12  2.670777e+05    3.36e+00    1.16e+03   7.78e+04   1.01e+00  1.04e+07        1    1.39e+00    1.77e+01
  13  2.670884e+05   -1.06e+01    1.16e+03   1.22e+05  -4.58e+00  5.22e+06        1    1.02e+00    1.87e+01
  14  2.670768e+05    9.44e-01    2.43e+03   6.74e+04   7.54e-01  6.00e+06        1    1.39e+00    2.01e+01
  15  2.670762e+05    6.43e-01    4.76e+03   6.80e+04   3.41e-01  5.82e+06        1    1.31e+00    2.14e+01
  16  2.670745e+05    1.61e+00    5.10e+03   6.32e+04   5.28e-01  5.82e+06        1    1.39e+00    2.28e+01
  17  2.670731e+05    1.41e+00    6.09e+03   6.13e+04   4.02e-01  5.77e+06        1    1.39e+00    2.42e+01
  18  2.670713e+05    1.85e+00    6.74e+03   5.91e+04   4.13e-01  5.74e+06        1    1.31e+00    2.55e+01
  19  2.670692e+05    2.04e+00    7.47e+03   5.73e+04   3.81e-01  5.67e+06        1    1.40e+00    2.69e+01
  20  2.670666e+05    2.60e+00    7.82e+03   5.54e+04   4.10e-01  5.63e+06        1    1.38e+00    2.83e+01
  21  2.670637e+05    2.92e+00    8.04e+03   5.45e+04   4.15e-01  5.61e+06        1    1.32e+00    2.96e+01
  22  2.670601e+05    3.61e+00    7.66e+03   5.43e+04   4.79e-01  5.61e+06        1    1.38e+00    3.10e+01
  23  2.670561e+05    4.00e+00    6.73e+03   5.46e+04   5.56e-01  5.61e+06        1    1.32e+00    3.23e+01
  24  2.670521e+05    3.99e+00    5.20e+03   5.38e+04   6.64e-01  5.82e+06        1    1.40e+00    3.37e+01
  25  2.670491e+05    3.06e+00    3.76e+03   5.16e+04   7.31e-01  6.46e+06        1    1.31e+00    3.50e+01
  26  2.670470e+05    2.02e+00    2.53e+03   4.78e+04   7.88e-01  7.99e+06        1    1.40e+00    3.64e+01
  27  2.670459e+05    1.14e+00    1.55e+03   4.20e+04   8.39e-01  1.16e+07        1    1.39e+00    3.78e+01
  28  2.670454e+05    5.07e-01    7.67e+02   3.31e+04   8.97e-01  2.32e+07        1    1.31e+00    3.91e+01
  29  2.670452e+05    1.42e-01    2.51e+02   2.14e+04   9.50e-01  6.96e+07        1    1.40e+00    4.05e+01
  30  2.670453e+05   -4.87e-03    2.51e+02   1.49e+04  -2.25e-01  3.48e+07        1    1.08e+00    4.16e+01
  31  2.670452e+05    1.66e-02    3.35e+02   9.40e+03   8.76e-01  6.06e+07        1    1.32e+00    4.29e+01
  32  2.670452e+05   -4.11e-03    3.35e+02   1.13e+04  -5.72e-01  3.03e+07        1    1.09e+00    4.40e+01
  33  2.670452e+05    4.33e-03    2.08e+02   5.92e+03   8.14e-01  4.03e+07        1    1.31e+00    4.53e+01
  34  2.670452e+05    1.64e-03    2.85e+02   7.44e+03   4.57e-01  4.02e+07        1    1.39e+00    4.67e+01
  35  2.670452e+05    2.71e-03    2.30e+02   7.34e+03   6.80e-01  4.22e+07        1    1.31e+00    4.80e+01
  36  2.670452e+05    2.00e-03    2.02e+02   7.63e+03   6.70e-01  4.39e+07        1    1.39e+00    4.94e+01
  37  2.670452e+05    1.68e-03    1.74e+02   7.87e+03   6.94e-01  4.66e+07        1    1.31e+00    5.07e+01
  38  2.670452e+05    1.36e-03    1.56e+02   8.30e+03   6.97e-01  4.97e+07        1    1.39e+00    5.21e+01
  39  2.670452e+05    1.13e-03    1.39e+02   8.79e+03   7.08e-01  5.35e+07        1    1.30e+00    5.34e+01
  40  2.670452e+05    9.37e-04    1.25e+02   9.43e+03   7.13e-01  5.80e+07        1    1.40e+00    5.48e+01
  41  2.670452e+05    7.80e-04    1.12e+02   1.02e+04   7.21e-01  6.35e+07        1    1.30e+00    5.61e+01
  42  2.670452e+05    6.41e-04    9.98e+01   1.11e+04   7.26e-01  6.99e+07        1    1.39e+00    5.75e+01
  43  2.670452e+05    5.23e-04    8.86e+01   1.22e+04   7.33e-01  7.78e+07        1    1.30e+00    5.88e+01
  44  2.670452e+05    4.20e-04    7.80e+01   1.35e+04   7.40e-01  8.75e+07        1    1.40e+00    6.02e+01
  45  2.670452e+05    3.31e-04    6.78e+01   1.52e+04   7.49e-01  9.98e+07        1    1.31e+00    6.15e+01
  46  2.670452e+05    2.55e-04    5.81e+01   1.73e+04   7.58e-01  1.16e+08        1    1.40e+00    6.29e+01
  47  2.670452e+05    1.92e-04    4.88e+01   2.00e+04   7.70e-01  1.37e+08        1    1.40e+00    6.43e+01
  48  2.670452e+05    1.39e-04    3.99e+01   2.38e+04   7.84e-01  1.68e+08        1    1.30e+00    6.56e+01
  49  2.670452e+05    9.65e-05    3.15e+01   2.91e+04   8.03e-01  2.16e+08        1    1.40e+00    6.70e+01
  50  2.670452e+05    6.41e-05    2.37e+01   3.74e+04   8.28e-01  3.00e+08        1    1.30e+00    6.83e+01
I0826 03:42:58.907943    27 misc.cc:205] 
Bundle adjustment report
------------------------
I0826 03:42:58.908025    27 bundle_adjustment.cc:942] 
    Residuals : 505220
   Parameters : 85337
   Iterations : 51
         Time : 68.3104 [s]
 Initial cost : 0.849215 [px]
   Final cost : 0.72703 [px]
  Termination : No convergence

I0826 03:42:59.431818    27 incremental_mapper.cc:175] => Completed observations: 9171
I0826 03:42:59.854656    27 incremental_mapper.cc:178] => Merged observations: 15087
I0826 03:42:59.936163    27 incremental_mapper.cc:160] => Filtered observations: 1681
I0826 03:42:59.936228    27 incremental_mapper.cc:119] => Changed observations: 0.102684
I0826 03:42:59.936250    27 misc.cc:198] 
==============================================================================
Global bundle adjustment
==============================================================================
iter      cost      cost_change  |gradient|   |step|    tr_ratio  tr_radius  ls_iter  iter_time  total_time
   0  2.941942e+05    0.00e+00    4.32e+05   0.00e+00   0.00e+00  1.00e+04        0    2.89e-01    1.34e+00
   1  2.772868e+05    1.69e+04    7.62e+04   1.33e+04   1.00e+00  3.00e+04        1    1.40e+00    2.74e+00
   2  2.770099e+05    2.77e+02    7.67e+03   2.83e+04   1.05e+00  9.00e+04        1    1.49e+00    4.24e+00
   3  2.769556e+05    5.43e+01    1.28e+04   1.94e+04   1.04e+00  2.70e+05        1    1.40e+00    5.63e+00
   4  2.769329e+05    2.27e+01    1.38e+04   6.18e+04   8.23e-01  3.70e+05        1    1.40e+00    7.04e+00
   5  2.769139e+05    1.90e+01    8.99e+03   8.30e+04   8.85e-01  6.82e+05        1    1.49e+00    8.53e+00
   6  2.769030e+05    1.09e+01    1.38e+04   5.01e+04   7.42e-01  7.68e+05        1    1.40e+00    9.94e+00
   7  2.768947e+05    8.32e+00    6.84e+03   9.49e+03   8.90e-01  1.46e+06        1    1.49e+00    1.14e+01
   8  2.768920e+05    2.77e+00    4.98e+03   3.64e+04   6.42e-01  1.49e+06        1    1.41e+00    1.28e+01
   9  2.768894e+05    2.58e+00    1.76e+03   2.12e+04   9.31e-01  4.13e+06        1    1.40e+00    1.42e+01
  10  2.768888e+05    6.19e-01    2.58e+03   1.08e+04   5.48e-01  4.14e+06        1    1.49e+00    1.57e+01
  11  2.768880e+05    8.08e-01    4.23e+02   1.67e+04   9.82e-01  1.24e+07        1    1.41e+00    1.71e+01
  12  2.768880e+05   -1.39e-02    4.23e+02   2.43e+04  -7.03e-02  6.20e+06        1    1.11e+00    1.82e+01
  13  2.768878e+05    1.32e-01    7.16e+02   1.71e+04   9.00e-01  1.27e+07        1    1.48e+00    1.97e+01
  14  2.768879e+05   -9.82e-02    7.16e+02   1.44e+04  -8.69e-01  6.35e+06        1    1.09e+00    2.08e+01
  15  2.768878e+05    6.05e-02    7.06e+02   9.57e+03   8.30e-01  8.92e+06        1    1.49e+00    2.23e+01
  16  2.768877e+05    2.17e-02    1.40e+03   7.96e+03   3.04e-01  8.42e+06        1    1.41e+00    2.37e+01
  17  2.768877e+05    6.59e-02    1.22e+03   6.04e+03   6.41e-01  8.61e+06        1    1.41e+00    2.51e+01
  18  2.768876e+05    4.97e-02    1.27e+03   5.77e+03   5.53e-01  8.62e+06        1    1.48e+00    2.66e+01
  19  2.768876e+05    5.34e-02    1.25e+03   5.56e+03   5.77e-01  8.65e+06        1    1.42e+00    2.80e+01
  20  2.768875e+05    5.23e-02    1.24e+03   5.42e+03   5.77e-01  8.69e+06        1    1.41e+00    2.94e+01
  21  2.768875e+05    5.17e-02    1.23e+03   5.29e+03   5.81e-01  8.72e+06        1    1.49e+00    3.09e+01
  22  2.768874e+05    5.09e-02    1.21e+03   5.16e+03   5.84e-01  8.76e+06        1    1.40e+00    3.23e+01
  23  2.768874e+05    5.00e-02    1.19e+03   5.03e+03   5.87e-01  8.81e+06        1    1.41e+00    3.37e+01
  24  2.768873e+05    4.89e-02    1.17e+03   4.91e+03   5.91e-01  8.86e+06        1    1.49e+00    3.52e+01
  25  2.768873e+05    4.78e-02    1.15e+03   4.79e+03   5.95e-01  8.93e+06        1    1.40e+00    3.66e+01
  26  2.768872e+05    4.66e-02    1.12e+03   4.67e+03   6.00e-01  9.00e+06        1    1.40e+00    3.80e+01
  27  2.768872e+05    4.52e-02    1.09e+03   4.55e+03   6.04e-01  9.08e+06        1    1.49e+00    3.95e+01
  28  2.768871e+05    4.38e-02    1.07e+03   4.43e+03   6.08e-01  9.17e+06        1    1.40e+00    4.09e+01
  29  2.768871e+05    4.23e-02    1.04e+03   4.32e+03   6.13e-01  9.28e+06        1    1.40e+00    4.23e+01
  30  2.768871e+05    4.07e-02    1.01e+03   4.21e+03   6.18e-01  9.40e+06        1    1.49e+00    4.38e+01
  31  2.768870e+05    3.91e-02    9.80e+02   4.10e+03   6.22e-01  9.54e+06        1    1.41e+00    4.52e+01
  32  2.768870e+05    3.74e-02    9.50e+02   4.00e+03   6.27e-01  9.70e+06        1    1.41e+00    4.66e+01
  33  2.768869e+05    3.56e-02    9.18e+02   3.90e+03   6.32e-01  9.88e+06        1    1.49e+00    4.81e+01
  34  2.768869e+05    3.39e-02    8.86e+02   3.80e+03   6.36e-01  1.01e+07        1    1.40e+00    4.95e+01
  35  2.768869e+05    3.20e-02    8.53e+02   3.71e+03   6.41e-01  1.03e+07        1    1.41e+00    5.09e+01
  36  2.768868e+05    3.02e-02    8.20e+02   3.62e+03   6.46e-01  1.06e+07        1    1.49e+00    5.24e+01
  37  2.768868e+05    2.83e-02    7.86e+02   3.54e+03   6.50e-01  1.09e+07        1    1.40e+00    5.38e+01
  38  2.768868e+05    2.64e-02    7.52e+02   3.47e+03   6.55e-01  1.12e+07        1    1.49e+00    5.53e+01
  39  2.768868e+05    2.45e-02    7.16e+02   3.40e+03   6.60e-01  1.16e+07        1    1.41e+00    5.67e+01
  40  2.768867e+05    2.26e-02    6.81e+02   3.34e+03   6.65e-01  1.20e+07        1    1.49e+00    5.82e+01
  41  2.768867e+05    2.08e-02    6.44e+02   3.29e+03   6.70e-01  1.25e+07        1    1.41e+00    5.96e+01
  42  2.768867e+05    1.89e-02    6.08e+02   3.25e+03   6.76e-01  1.31e+07        1    1.50e+00    6.11e+01
  43  2.768867e+05    1.71e-02    5.70e+02   3.22e+03   6.81e-01  1.37e+07        1    1.40e+00    6.25e+01
  44  2.768867e+05    1.53e-02    5.33e+02   3.21e+03   6.87e-01  1.45e+07        1    1.40e+00    6.39e+01
  45  2.768867e+05    1.36e-02    4.95e+02   3.22e+03   6.93e-01  1.54e+07        1    1.40e+00    6.53e+01
  46  2.768866e+05    1.19e-02    4.56e+02   3.25e+03   7.00e-01  1.64e+07        1    1.50e+00    6.68e+01
  47  2.768866e+05    1.03e-02    4.18e+02   3.30e+03   7.07e-01  1.77e+07        1    1.40e+00    6.82e+01
  48  2.768866e+05    8.80e-03    3.79e+02   3.40e+03   7.14e-01  1.92e+07        1    1.40e+00    6.96e+01
  49  2.768866e+05    7.38e-03    3.40e+02   3.54e+03   7.23e-01  2.11e+07        1    1.49e+00    7.11e+01
  50  2.768866e+05    6.07e-03    3.02e+02   3.75e+03   7.32e-01  2.34e+07        1    1.41e+00    7.25e+01
I0826 03:44:13.010521    27 misc.cc:205] 
Bundle adjustment report
------------------------
I0826 03:44:13.010601    27 bundle_adjustment.cc:942] 
    Residuals : 518902
   Parameters : 82580
   Iterations : 51
         Time : 72.5635 [s]
 Initial cost : 0.752964 [px]
   Final cost : 0.73048 [px]
  Termination : No convergence

I0826 03:44:13.441568    27 incremental_mapper.cc:175] => Completed observations: 2047
I0826 03:44:13.693137    27 incremental_mapper.cc:178] => Merged observations: 4371
I0826 03:44:13.766997    27 incremental_mapper.cc:160] => Filtered observations: 1172
I0826 03:44:13.767053    27 incremental_mapper.cc:119] => Changed observations: 0.029254
I0826 03:44:13.767076    27 misc.cc:198] 
==============================================================================
Global bundle adjustment
==============================================================================
iter      cost      cost_change  |gradient|   |step|    tr_ratio  tr_radius  ls_iter  iter_time  total_time
   0  2.826696e+05    0.00e+00    1.53e+05   0.00e+00   0.00e+00  1.00e+04        0    2.73e-01    1.32e+00
   1  2.771072e+05    5.56e+03    1.01e+04   3.05e+04   1.00e+00  3.00e+04        1    1.48e+00    2.81e+00
   2  2.770272e+05    8.00e+01    2.94e+03   8.97e+04   1.05e+00  9.00e+04        1    1.50e+00    4.31e+00
   3  2.770033e+05    2.39e+01    7.05e+03   2.31e+05   1.05e+00  2.70e+05        1    1.40e+00    5.71e+00
   4  2.769851e+05    1.82e+01    1.39e+04   4.68e+05   9.67e-01  8.10e+05        1    1.49e+00    7.20e+00
   5  2.769695e+05    1.56e+01    3.31e+04   6.38e+05   6.88e-01  8.56e+05        1    1.41e+00    8.61e+00
   6  2.769550e+05    1.45e+01    1.26e+04   3.24e+05   9.39e-01  2.57e+06        1    1.50e+00    1.01e+01
   7  2.769514e+05    3.64e+00    1.19e+04   2.67e+05   6.97e-01  2.74e+06        1    1.40e+00    1.15e+01
   8  2.769490e+05    2.33e+00    1.50e+03   9.31e+04   9.84e-01  8.21e+06        1    1.50e+00    1.30e+01
   9  2.769489e+05    1.84e-01    2.77e+03   5.28e+04   5.65e-01  8.23e+06        1    1.40e+00    1.44e+01
  10  2.769487e+05    1.79e-01    1.60e+03   1.38e+04   7.66e-01  9.69e+06        1    1.50e+00    1.59e+01
  11  2.769486e+05    4.81e-02    1.77e+03   5.93e+03   3.97e-01  9.60e+06        1    1.40e+00    1.73e+01
  12  2.769486e+05    7.77e-02    1.44e+03   3.59e+03   6.13e-01  9.71e+06        1    1.49e+00    1.88e+01
  13  2.769485e+05    5.77e-02    1.25e+03   3.38e+03   6.09e-01  9.82e+06        1    1.40e+00    2.02e+01
  14  2.769484e+05    4.87e-02    1.07e+03   3.27e+03   6.42e-01  1.00e+07        1    1.49e+00    2.17e+01
  15  2.769484e+05    3.97e-02    9.28e+02   3.17e+03   6.60e-01  1.04e+07        1    1.41e+00    2.31e+01
  16  2.769484e+05    3.28e-02    8.10e+02   3.07e+03   6.79e-01  1.09e+07        1    1.49e+00    2.46e+01
  17  2.769483e+05    2.70e-02    7.12e+02   3.01e+03   6.93e-01  1.15e+07        1    1.41e+00    2.60e+01
  18  2.769483e+05    2.23e-02    6.27e+02   2.98e+03   7.06e-01  1.24e+07        1    1.40e+00    2.74e+01
  19  2.769483e+05    1.82e-02    5.51e+02   3.01e+03   7.18e-01  1.35e+07        1    1.50e+00    2.89e+01
  20  2.769483e+05    1.47e-02    4.81e+02   3.09e+03   7.30e-01  1.50e+07        1    1.40e+00    3.03e+01
  21  2.769483e+05    1.17e-02    4.16e+02   3.24e+03   7.41e-01  1.69e+07        1    1.49e+00    3.18e+01
  22  2.769483e+05    9.00e-03    3.53e+02   3.48e+03   7.54e-01  1.95e+07        1    1.49e+00    3.33e+01
  23  2.769483e+05    6.69e-03    2.93e+02   3.86e+03   7.69e-01  2.30e+07        1    1.41e+00    3.47e+01
  24  2.769483e+05    4.75e-03    2.36e+02   4.44e+03   7.86e-01  2.83e+07        1    1.49e+00    3.62e+01
  25  2.769483e+05    3.15e-03    1.81e+02   5.35e+03   8.07e-01  3.68e+07        1    1.41e+00    3.76e+01
  26  2.769483e+05    1.90e-03    1.29e+02   6.87e+03   8.33e-01  5.22e+07        1    1.41e+00    3.90e+01
  27  2.769483e+05    9.96e-04    8.31e+01   9.67e+03   8.67e-01  8.65e+07        1    1.50e+00    4.05e+01
  28  2.769483e+05    4.14e-04    4.36e+01   1.60e+04   9.15e-01  2.02e+08        1    1.48e+00    4.20e+01
  29  2.769483e+05    1.16e-04    1.50e+01   3.73e+04   9.78e-01  6.05e+08        1    1.42e+00    4.34e+01
  30  2.769483e+05    3.22e-05    1.93e+00   1.12e+05   1.01e+00  1.82e+09        1    1.49e+00    4.49e+01
  31  2.769483e+05    6.27e-05    2.07e+00   3.36e+05   1.00e+00  5.45e+09        1    1.41e+00    4.63e+01
  32  2.769483e+05    1.81e-04    1.88e+01   1.01e+06   9.63e-01  1.63e+10        1    1.48e+00    4.78e+01
  33  2.769483e+05   -1.08e-04    1.88e+01   3.06e+06  -1.86e-01  8.17e+09        1    1.11e+00    4.89e+01
  34  2.769483e+05    2.55e-04    4.38e+01   1.53e+06   8.62e-01  1.32e+10        1    1.50e+00    5.04e+01
  35  2.769483e+05    2.03e-04    1.21e+02   2.51e+06   3.89e-01  1.31e+10        1    1.41e+00    5.18e+01
  36  2.769483e+05    4.67e-04    1.27e+02   2.54e+06   5.68e-01  1.31e+10        1    1.40e+00    5.32e+01
  37  2.769482e+05    4.61e-04    1.39e+02   2.61e+06   5.21e-01  1.31e+10        1    1.50e+00    5.47e+01
  38  2.769482e+05    4.78e-04    1.51e+02   2.68e+06   4.86e-01  1.31e+10        1    1.48e+00    5.62e+01
  39  2.769482e+05    4.90e-04    1.66e+02   2.76e+06   4.47e-01  1.31e+10        1    1.42e+00    5.76e+01
  40  2.769482e+05    5.02e-04    1.82e+02   2.83e+06   4.07e-01  1.30e+10        1    1.40e+00    5.90e+01
  41  2.769482e+05    5.22e-04    1.98e+02   2.90e+06   3.75e-01  1.28e+10        1    1.49e+00    6.05e+01
  42  2.769482e+05    5.56e-04    2.13e+02   2.94e+06   3.56e-01  1.25e+10        1    1.41e+00    6.19e+01
  43  2.769482e+05    5.93e-04    2.26e+02   2.97e+06   3.44e-01  1.21e+10        1    1.40e+00    6.33e+01
  44  2.769482e+05    6.30e-04    2.38e+02   2.98e+06   3.35e-01  1.17e+10        1    1.50e+00    6.48e+01
  45  2.769482e+05    6.65e-04    2.48e+02   2.97e+06   3.28e-01  1.12e+10        1    1.40e+00    6.62e+01
  46  2.769482e+05    6.98e-04    2.57e+02   2.96e+06   3.24e-01  1.08e+10        1    1.49e+00    6.77e+01
  47  2.769482e+05    7.28e-04    2.65e+02   2.93e+06   3.19e-01  1.03e+10        1    1.41e+00    6.91e+01
  48  2.769482e+05    7.59e-04    2.72e+02   2.90e+06   3.17e-01  9.81e+09        1    1.50e+00    7.06e+01
  49  2.769482e+05    7.82e-04    2.78e+02   2.87e+06   3.13e-01  9.32e+09        1    1.41e+00    7.20e+01
  50  2.769482e+05    8.17e-04    2.84e+02   2.83e+06   3.14e-01  8.87e+09        1    1.50e+00    7.35e+01
I0826 03:45:27.815171    27 misc.cc:205] 
Bundle adjustment report
------------------------
I0826 03:45:27.815231    27 bundle_adjustment.cc:942] 
    Residuals : 519174
   Parameters : 80864
   Iterations : 51
         Time : 73.5319 [s]
 Initial cost : 0.737876 [px]
   Final cost : 0.73037 [px]
  Termination : No convergence

I0826 03:45:28.239303    27 incremental_mapper.cc:175] => Completed observations: 1003
I0826 03:45:28.452643    27 incremental_mapper.cc:178] => Merged observations: 1862
I0826 03:45:28.520476    27 incremental_mapper.cc:160] => Filtered observations: 648
I0826 03:45:28.520545    27 incremental_mapper.cc:119] => Changed observations: 0.013533
I0826 03:45:28.520566    27 misc.cc:198] 
==============================================================================
Global bundle adjustment
==============================================================================
iter      cost      cost_change  |gradient|   |step|    tr_ratio  tr_radius  ls_iter  iter_time  total_time
   0  2.793605e+05    0.00e+00    5.58e+04   0.00e+00   0.00e+00  1.00e+04        0    2.76e-01    1.33e+00
   1  2.765500e+05    2.81e+03    2.44e+03   5.55e+03   1.00e+00  3.00e+04        1    1.48e+00    2.82e+00
   2  2.765130e+05    3.70e+01    1.12e+03   2.43e+04   1.04e+00  9.00e+04        1    1.40e+00    4.22e+00
   3  2.764988e+05    1.41e+01    3.94e+03   8.38e+04   1.04e+00  2.70e+05        1    1.50e+00    5.72e+00
   4  2.764848e+05    1.40e+01    9.84e+03   2.04e+05   9.84e-01  8.10e+05        1    1.50e+00    7.21e+00
   5  2.764719e+05    1.29e+01    2.40e+04   2.97e+05   7.34e-01  9.02e+05        1    1.40e+00    8.62e+00
   6  2.764613e+05    1.06e+01    9.42e+03   1.62e+05   9.13e-01  2.06e+06        1    1.49e+00    1.01e+01
   7  2.764580e+05    3.30e+00    6.85e+03   1.30e+05   7.15e-01  2.24e+06        1    1.50e+00    1.16e+01
   8  2.764558e+05    2.22e+00    1.15e+03   5.92e+04   9.62e-01  6.71e+06        1    1.41e+00    1.30e+01
   9  2.764551e+05    6.48e-01    4.00e+02   4.93e+04   9.30e-01  1.84e+07        1    1.49e+00    1.45e+01
  10  2.764549e+05    1.93e-01    5.23e+02   2.76e+04   8.23e-01  2.52e+07        1    1.49e+00    1.60e+01
  11  2.764549e+05    6.00e-02    4.52e+02   1.26e+04   9.04e-01  5.35e+07        1    1.41e+00    1.74e+01
  12  2.764548e+05    1.94e-03    6.97e+02   2.00e+04   1.37e-01  3.87e+07        1    1.41e+00    1.88e+01
  13  2.764548e+05    1.34e-02    1.68e+02   1.42e+04   9.52e-01  1.16e+08        1    1.49e+00    2.03e+01
  14  2.764548e+05    6.60e-04    2.20e+02   4.26e+04   3.58e-01  1.13e+08        1    1.50e+00    2.18e+01
  15  2.764548e+05    1.38e-03    3.70e+01   4.17e+04   9.81e-01  3.40e+08        1    1.40e+00    2.32e+01
  16  2.764548e+05    1.18e-04    1.20e+01   1.25e+05   9.87e-01  1.02e+09        1    1.41e+00    2.46e+01
  17  2.764548e+05    1.46e-04    5.27e+00   3.76e+05   1.00e+00  3.06e+09        1    1.50e+00    2.61e+01
  18  2.764548e+05    3.73e-04    4.90e+01   1.13e+06   8.79e-01  5.44e+09        1    1.40e+00    2.75e+01
  19  2.764548e+05    2.36e-04    1.63e+02   2.04e+06   2.84e-01  5.03e+09        1    1.48e+00    2.90e+01
  20  2.764548e+05    8.50e-04    1.52e+02   1.94e+06   6.24e-01  5.11e+09        1    1.42e+00    3.04e+01
  21  2.764548e+05    6.80e-04    1.72e+02   2.03e+06   5.10e-01  5.11e+09        1    1.40e+00    3.18e+01
  22  2.764548e+05    7.35e-04    1.88e+02   2.08e+06   4.82e-01  5.11e+09        1    1.50e+00    3.33e+01
  23  2.764548e+05    7.52e-04    2.08e+02   2.15e+06   4.39e-01  5.10e+09        1    1.41e+00    3.47e+01
  24  2.764548e+05    7.70e-04    2.29e+02   2.21e+06   3.96e-01  5.06e+09        1    1.48e+00    3.62e+01
  25  2.764548e+05    8.08e-04    2.51e+02   2.26e+06   3.65e-01  4.96e+09        1    1.41e+00    3.76e+01
  26  2.764548e+05    8.70e-04    2.70e+02   2.29e+06   3.48e-01  4.82e+09        1    1.40e+00    3.90e+01
  27  2.764548e+05    9.29e-04    2.87e+02   2.31e+06   3.35e-01  4.66e+09        1    1.50e+00    4.05e+01
  28  2.764548e+05    9.94e-04    3.01e+02   2.31e+06   3.28e-01  4.47e+09        1    1.48e+00    4.20e+01
  29  2.764548e+05    1.04e-03    3.15e+02   2.31e+06   3.20e-01  4.28e+09        1    1.42e+00    4.34e+01
  30  2.764548e+05    1.11e-03    3.25e+02   2.29e+06   3.19e-01  4.08e+09        1    1.41e+00    4.48e+01
  31  2.764548e+05    1.14e-03    3.37e+02   2.27e+06   3.10e-01  3.87e+09        1    1.49e+00    4.63e+01
  32  2.764548e+05    1.23e-03    3.44e+02   2.24e+06   3.17e-01  3.69e+09        1    1.41e+00    4.77e+01
  33  2.764548e+05    1.20e-03    3.56e+02   2.21e+06   2.97e-01  3.46e+09        1    1.49e+00    4.92e+01
  34  2.764548e+05    1.40e-03    3.56e+02   2.16e+06   3.30e-01  3.32e+09        1    1.41e+00    5.06e+01
  35  2.764548e+05    1.13e-03    3.76e+02   2.16e+06   2.63e-01  3.00e+09        1    1.48e+00    5.21e+01
  36  2.764548e+05    1.86e-03    3.50e+02   2.03e+06   4.03e-01  2.98e+09        1    1.41e+00    5.35e+01
  37  2.764548e+05    7.98e-04    3.95e+02   2.10e+06   1.86e-01  2.39e+09        1    1.41e+00    5.49e+01
  38  2.764548e+05    2.99e-03    2.88e+02   1.75e+06   6.18e-01  2.42e+09        1    1.50e+00    5.64e+01
  39  2.764548e+05    7.95e-04    3.35e+02   1.84e+06   2.40e-01  2.12e+09        1    1.40e+00    5.78e+01
  40  2.764548e+05    2.01e-03    2.90e+02   1.68e+06   5.16e-01  2.12e+09        1    1.49e+00    5.93e+01
  41  2.764548e+05    9.60e-04    3.28e+02   1.73e+06   2.85e-01  1.97e+09        1    1.48e+00    6.08e+01
  42  2.764548e+05    1.64e-03    3.18e+02   1.67e+06   4.20e-01  1.96e+09        1    1.42e+00    6.22e+01
  43  2.764548e+05    9.97e-04    3.57e+02   1.72e+06   2.59e-01  1.76e+09        1    1.40e+00    6.36e+01
  44  2.764548e+05    2.01e-03    3.27e+02   1.61e+06   4.57e-01  1.76e+09        1    1.49e+00    6.51e+01
  45  2.764548e+05    9.83e-04    3.70e+02   1.67e+06   2.43e-01  1.55e+09        1    1.41e+00    6.65e+01
  46  2.764548e+05    2.30e-03    3.24e+02   1.53e+06   4.95e-01  1.55e+09        1    1.49e+00    6.80e+01
  47  2.764548e+05    1.03e-03    3.68e+02   1.58e+06   2.54e-01  1.39e+09        1    1.40e+00    6.94e+01
  48  2.764548e+05    2.22e-03    3.32e+02   1.47e+06   4.74e-01  1.39e+09        1    1.40e+00    7.08e+01
  49  2.764548e+05    1.07e-03    3.76e+02   1.52e+06   2.52e-01  1.24e+09        1    1.50e+00    7.23e+01
  50  2.764548e+05    2.33e-03    3.38e+02   1.41e+06   4.77e-01  1.24e+09        1    1.40e+00    7.37e+01
I0826 03:46:42.793816    27 misc.cc:205] 
Bundle adjustment report
------------------------
I0826 03:46:42.793879    27 bundle_adjustment.cc:942] 
    Residuals : 519274
   Parameters : 80147
   Iterations : 51
         Time : 73.7395 [s]
 Initial cost : 0.733473 [px]
   Final cost : 0.729649 [px]
  Termination : No convergence

I0826 03:46:43.208824    27 incremental_mapper.cc:175] => Completed observations: 620
I0826 03:46:43.406713    27 incremental_mapper.cc:178] => Merged observations: 1035
I0826 03:46:43.473798    27 incremental_mapper.cc:160] => Filtered observations: 432
I0826 03:46:43.473858    27 incremental_mapper.cc:119] => Changed observations: 0.008038
I0826 03:46:43.503576    27 incremental_mapper.cc:167] => Filtered images: 3
I0826 03:46:43.678985    27 misc.cc:198] 
==============================================================================
Registering image #154 (46)
==============================================================================
I0826 03:46:43.679029    27 incremental_mapper.cc:495] => Image sees 5077 / 9679 points
I0826 03:46:45.791260    27 misc.cc:205] 
Pose refinement report
----------------------
I0826 03:46:45.791325    27 bundle_adjustment.cc:942] 
    Residuals : 5534
   Parameters : 8
   Iterations : 101
         Time : 0.586853 [s]
 Initial cost : 0.890441 [px]
   Final cost : 0.777144 [px]
  Termination : No convergence

I0826 03:46:45.823102    27 incremental_mapper.cc:40] => Continued observations: 2176
I0826 03:46:45.826027    27 incremental_mapper.cc:43] => Added observations: 0
I0826 03:46:49.115224    27 misc.cc:205] 
Bundle adjustment report
------------------------
I0826 03:46:49.115285    27 bundle_adjustment.cc:942] 
    Residuals : 165570
   Parameters : 19952
   Iterations : 26
         Time : 3.14013 [s]
 Initial cost : 0.612338 [px]
   Final cost : 0.59512 [px]
  Termination : No convergence

I0826 03:46:49.417994    27 incremental_mapper.cc:78] => Merged observations: 561
I0826 03:46:49.418052    27 incremental_mapper.cc:79] => Completed observations: 258
I0826 03:46:49.418057    27 incremental_mapper.cc:81] => Filtered observations: 1423
I0826 03:46:49.418059    27 incremental_mapper.cc:90] => Changed observations: 0.027082
I0826 03:46:50.113291    27 misc.cc:205] 
Bundle adjustment report
------------------------
I0826 03:46:50.113364    27 bundle_adjustment.cc:942] 
    Residuals : 162870
   Parameters : 19523
   Iterations : 4
         Time : 0.552357 [s]
 Initial cost : 0.742155 [px]
   Final cost : 0.731795 [px]
  Termination : Convergence

I0826 03:46:50.367692    27 incremental_mapper.cc:78] => Merged observations: 687
I0826 03:46:50.367769    27 incremental_mapper.cc:79] => Completed observations: 142
I0826 03:46:50.367774    27 incremental_mapper.cc:81] => Filtered observations: 44
I0826 03:46:50.367774    27 incremental_mapper.cc:90] => Changed observations: 0.010720
I0826 03:46:50.496286    27 misc.cc:198] 
==============================================================================
Registering image #156 (47)
==============================================================================
I0826 03:46:50.496328    27 incremental_mapper.cc:495] => Image sees 4981 / 9631 points
I0826 03:46:52.551538    27 misc.cc:205] 
Pose refinement report
----------------------
I0826 03:46:52.551632    27 bundle_adjustment.cc:942] 
    Residuals : 5250
   Parameters : 8
   Iterations : 101
         Time : 0.5338 [s]
 Initial cost : 0.9443 [px]
   Final cost : 0.819359 [px]
  Termination : No convergence

I0826 03:46:52.582468    27 incremental_mapper.cc:40] => Continued observations: 2091
I0826 03:46:52.582543    27 incremental_mapper.cc:43] => Added observations: 0
I0826 03:46:54.335335    27 misc.cc:205] 
Bundle adjustment report
------------------------
I0826 03:46:54.335417    27 bundle_adjustment.cc:942] 
    Residuals : 92616
   Parameters : 3482
   Iterations : 26
         Time : 1.65951 [s]
 Initial cost : 0.607051 [px]
   Final cost : 0.580828 [px]
  Termination : No convergence

I0826 03:46:54.519295    27 incremental_mapper.cc:78] => Merged observations: 39
I0826 03:46:54.519362    27 incremental_mapper.cc:79] => Completed observations: 107
I0826 03:46:54.519367    27 incremental_mapper.cc:81] => Filtered observations: 802
I0826 03:46:54.519369    27 incremental_mapper.cc:90] => Changed observations: 0.020472
I0826 03:46:54.906551    27 misc.cc:205] 
Bundle adjustment report
------------------------
I0826 03:46:54.906641    27 bundle_adjustment.cc:942] 
    Residuals : 91562
   Parameters : 3434
   Iterations : 3
         Time : 0.285708 [s]
 Initial cost : 0.692115 [px]
   Final cost : 0.68478 [px]
  Termination : Convergence

I0826 03:46:55.053653    27 incremental_mapper.cc:78] => Merged observations: 616
I0826 03:46:55.053699    27 incremental_mapper.cc:79] => Completed observations: 48
I0826 03:46:55.053704    27 incremental_mapper.cc:81] => Filtered observations: 29
I0826 03:46:55.053705    27 incremental_mapper.cc:90] => Changed observations: 0.015137
I0826 03:46:55.185993    27 misc.cc:198] 
==============================================================================
Registering image #146 (48)
==============================================================================
I0826 03:46:55.186072    27 incremental_mapper.cc:495] => Image sees 4864 / 8628 points
I0826 03:46:56.106877    27 misc.cc:205] 
Pose refinement report
----------------------
I0826 03:46:56.106949    27 bundle_adjustment.cc:942] 
    Residuals : 7594
   Parameters : 8
   Iterations : 19
         Time : 0.161472 [s]
 Initial cost : 0.852992 [px]
   Final cost : 0.824398 [px]
  Termination : Convergence

I0826 03:46:56.149361    27 incremental_mapper.cc:40] => Continued observations: 2973
I0826 03:46:56.149443    27 incremental_mapper.cc:43] => Added observations: 0
I0826 03:46:58.205320    27 misc.cc:205] 
Bundle adjustment report
------------------------
I0826 03:46:58.205384    27 bundle_adjustment.cc:942] 
    Residuals : 99094
   Parameters : 4514
   Iterations : 22
         Time : 1.95388 [s]
 Initial cost : 0.617765 [px]
   Final cost : 0.599168 [px]
  Termination : Convergence

I0826 03:46:58.353775    27 incremental_mapper.cc:78] => Merged observations: 46
I0826 03:46:58.353832    27 incremental_mapper.cc:79] => Completed observations: 109
I0826 03:46:58.353837    27 incremental_mapper.cc:81] => Filtered observations: 1152
I0826 03:46:58.353839    27 incremental_mapper.cc:90] => Changed observations: 0.026379
I0826 03:46:58.602437    27 misc.cc:205] 
Bundle adjustment report
------------------------
I0826 03:46:58.602514    27 bundle_adjustment.cc:942] 
    Residuals : 68784
   Parameters : 4499
   Iterations : 3
         Time : 0.176324 [s]
 Initial cost : 0.797356 [px]
   Final cost : 0.785768 [px]
  Termination : Convergence

I0826 03:46:58.715653    27 incremental_mapper.cc:78] => Merged observations: 49
I0826 03:46:58.715708    27 incremental_mapper.cc:79] => Completed observations: 30
I0826 03:46:58.715713    27 incremental_mapper.cc:81] => Filtered observations: 99
I0826 03:46:58.715715    27 incremental_mapper.cc:90] => Changed observations: 0.005176
I0826 03:46:58.842813    27 misc.cc:198] 
==============================================================================
Registering image #152 (49)
==============================================================================
I0826 03:46:58.842859    27 incremental_mapper.cc:495] => Image sees 3827 / 6025 points
I0826 03:47:00.272787    27 misc.cc:205] 
Pose refinement report
----------------------
I0826 03:47:00.272856    27 bundle_adjustment.cc:942] 
    Residuals : 4266
   Parameters : 8
   Iterations : 21
         Time : 0.145663 [s]
 Initial cost : 0.93226 [px]
   Final cost : 0.798906 [px]
  Termination : Convergence

I0826 03:47:00.302599    27 incremental_mapper.cc:40] => Continued observations: 1591
I0826 03:47:00.302685    27 incremental_mapper.cc:43] => Added observations: 0
I0826 03:47:02.226833    27 misc.cc:205] 
Bundle adjustment report
------------------------
I0826 03:47:02.226917    27 bundle_adjustment.cc:942] 
    Residuals : 83870
   Parameters : 2003
   Iterations : 26
         Time : 1.81586 [s]
 Initial cost : 0.576652 [px]
   Final cost : 0.564948 [px]
  Termination : No convergence

I0826 03:47:02.398252    27 incremental_mapper.cc:78] => Merged observations: 42
I0826 03:47:02.398299    27 incremental_mapper.cc:79] => Completed observations: 48
I0826 03:47:02.398303    27 incremental_mapper.cc:81] => Filtered observations: 642
I0826 03:47:02.398305    27 incremental_mapper.cc:90] => Changed observations: 0.017456
I0826 03:47:03.329336    27 misc.cc:205] 
Bundle adjustment report
------------------------
I0826 03:47:03.329393    27 bundle_adjustment.cc:942] 
    Residuals : 79360
   Parameters : 1793
   Iterations : 13
         Time : 0.842035 [s]
 Initial cost : 0.675037 [px]
   Final cost : 0.669248 [px]
  Termination : Convergence

I0826 03:47:03.456245    27 incremental_mapper.cc:78] => Merged observations: 75
I0826 03:47:03.456305    27 incremental_mapper.cc:79] => Completed observations: 24
I0826 03:47:03.456308    27 incremental_mapper.cc:81] => Filtered observations: 22
I0826 03:47:03.456310    27 incremental_mapper.cc:90] => Changed observations: 0.003049
I0826 03:47:03.581748    27 misc.cc:198] 
==============================================================================
Registering image #147 (50)
==============================================================================
I0826 03:47:03.581791    27 incremental_mapper.cc:495] => Image sees 4977 / 9003 points
I0826 03:47:04.676936    27 misc.cc:205] 
Pose refinement report
----------------------
I0826 03:47:04.677003    27 bundle_adjustment.cc:942] 
    Residuals : 7952
   Parameters : 8
   Iterations : 34
         Time : 0.292564 [s]
 Initial cost : 0.977219 [px]
   Final cost : 0.832894 [px]
  Termination : Convergence

I0826 03:47:04.717382    27 incremental_mapper.cc:40] => Continued observations: 3143
I0826 03:47:04.717463    27 incremental_mapper.cc:43] => Added observations: 0
I0826 03:47:06.823581    27 misc.cc:205] 
Bundle adjustment report
------------------------
I0826 03:47:06.823643    27 bundle_adjustment.cc:942] 
    Residuals : 99950
   Parameters : 4589
   Iterations : 26
         Time : 2.005 [s]
 Initial cost : 0.652291 [px]
   Final cost : 0.617934 [px]
  Termination : No convergence

I0826 03:47:07.022385    27 incremental_mapper.cc:78] => Merged observations: 156
I0826 03:47:07.022445    27 incremental_mapper.cc:79] => Completed observations: 94
I0826 03:47:07.022450    27 incremental_mapper.cc:81] => Filtered observations: 1372
I0826 03:47:07.022452    27 incremental_mapper.cc:90] => Changed observations: 0.032456
I0826 03:47:07.628544    27 misc.cc:205] 
Bundle adjustment report
------------------------
I0826 03:47:07.628633    27 bundle_adjustment.cc:942] 
    Residuals : 72224
   Parameters : 5003
   Iterations : 9
         Time : 0.529791 [s]
 Initial cost : 0.76558 [px]
   Final cost : 0.750298 [px]
  Termination : Convergence

I0826 03:47:07.777128    27 incremental_mapper.cc:78] => Merged observations: 83
I0826 03:47:07.777185    27 incremental_mapper.cc:79] => Completed observations: 28
I0826 03:47:07.777190    27 incremental_mapper.cc:81] => Filtered observations: 62
I0826 03:47:07.777191    27 incremental_mapper.cc:90] => Changed observations: 0.004791
I0826 03:47:07.777438    27 misc.cc:198] 
==============================================================================
Retriangulation
==============================================================================
I0826 03:47:07.967428    27 incremental_mapper.cc:175] => Completed observations: 205
I0826 03:47:08.168058    27 incremental_mapper.cc:178] => Merged observations: 555
I0826 03:47:08.168128    27 incremental_mapper.cc:105] => Retriangulated observations: 3948
I0826 03:47:08.245003    27 misc.cc:198] 
==============================================================================
Global bundle adjustment
==============================================================================
iter      cost      cost_change  |gradient|   |step|    tr_ratio  tr_radius  ls_iter  iter_time  total_time
   0  2.643523e+06    0.00e+00    8.93e+06   0.00e+00   0.00e+00  1.00e+04        0    3.61e-01    1.45e+00
   1  1.147888e+06    1.50e+06    1.09e+07   8.96e+04   9.56e-01  3.00e+04        1    1.53e+00    2.98e+00
   2  1.647223e+08   -1.64e+08    1.09e+07   9.41e+04  -1.22e+03  1.50e+04        1    1.20e+00    4.18e+00
   3  1.092965e+06    5.49e+04    3.42e+06   7.10e+04   4.41e-01  1.50e+04        1    1.59e+00    5.77e+00
   4  1.043306e+06    4.97e+04    2.84e+06   6.05e+04   5.15e-01  1.50e+04        1    1.51e+00    7.28e+00
   5  9.948638e+05    4.84e+04    2.66e+05   4.33e+04   8.67e-01  2.48e+04        1    1.50e+00    8.78e+00
   6  9.764897e+05    1.84e+04    2.10e+05   5.52e+04   1.04e+00  7.43e+04        1    1.59e+00    1.04e+01
   7  1.069849e+06   -9.34e+04    2.10e+05   1.06e+05  -6.13e+00  3.72e+04        1    1.19e+00    1.16e+01
   8  9.751765e+05    1.31e+03    6.12e+05   6.31e+04   1.06e-01  2.49e+04        1    1.52e+00    1.31e+01
   9  1.935474e+06   -9.60e+05    6.12e+05   4.00e+04  -3.76e+01  1.25e+04        1    1.27e+00    1.44e+01
  10  9.625313e+05    1.26e+04    1.48e+05   2.22e+04   5.41e-01  1.25e+04        1    1.52e+00    1.59e+01
  11  9.491482e+05    1.34e+04    7.32e+05   2.26e+04   5.83e-01  1.25e+04        1    1.50e+00    1.74e+01
  12  9.368968e+05    1.23e+04    1.22e+05   2.09e+04   9.57e-01  3.76e+04        1    1.50e+00    1.89e+01
  13  9.333797e+05    3.52e+03    2.14e+05   4.96e+04   7.68e-01  4.44e+04        1    1.60e+00    2.05e+01
  14  9.298893e+05    3.49e+03    6.55e+04   4.79e+04   8.95e-01  8.78e+04        1    1.51e+00    2.20e+01
  15  9.281479e+05    1.74e+03    1.66e+05   6.79e+04   4.66e-01  8.78e+04        1    1.59e+00    2.36e+01
  16  9.250069e+05    3.14e+03    1.29e+05   5.13e+04   7.78e-01  1.06e+05        1    1.51e+00    2.51e+01
  17  9.233999e+05    1.61e+03    1.22e+05   4.48e+04   6.84e-01  1.12e+05        1    1.50e+00    2.66e+01
  18  9.221508e+05    1.25e+03    1.09e+05   3.42e+04   7.60e-01  1.30e+05        1    1.50e+00    2.81e+01
  19  9.214628e+05    6.88e+02    1.17e+05   2.78e+04   6.85e-01  1.37e+05        1    1.59e+00    2.97e+01
  20  9.209350e+05    5.28e+02    9.91e+04   2.09e+04   7.40e-01  1.54e+05        1    1.51e+00    3.12e+01
  21  9.206081e+05    3.27e+02    9.58e+04   1.70e+04   6.85e-01  1.62e+05        1    1.51e+00    3.27e+01
  22  9.203308e+05    2.77e+02    7.69e+04   1.40e+04   7.53e-01  1.86e+05        1    1.59e+00    3.43e+01
  23  9.201378e+05    1.93e+02    7.07e+04   1.36e+04   7.19e-01  2.03e+05        1    1.50e+00    3.58e+01
  24  9.199667e+05    1.71e+02    5.06e+04   1.36e+04   8.13e-01  2.70e+05        1    1.50e+00    3.73e+01
  25  9.198517e+05    1.15e+02    4.40e+04   1.74e+04   7.78e-01  3.25e+05        1    1.59e+00    3.89e+01
  26  9.197567e+05    9.49e+01    2.19e+04   2.08e+04   8.94e-01  6.37e+05        1    1.51e+00    4.04e+01
  27  9.196842e+05    7.26e+01    1.26e+04   4.10e+04   8.59e-01  1.01e+06        1    1.50e+00    4.19e+01
  28  9.196206e+05    6.36e+01    4.96e+03   6.53e+04   8.62e-01  1.63e+06        1    1.58e+00    4.35e+01
  29  9.195665e+05    5.42e+01    8.96e+03   1.05e+05   8.04e-01  2.10e+06        1    1.51e+00    4.50e+01
  30  9.195244e+05    4.20e+01    9.94e+03   1.35e+05   8.03e-01  2.70e+06        1    1.51e+00    4.65e+01
  31  9.194918e+05    3.26e+01    8.64e+03   1.73e+05   8.01e-01  3.46e+06        1    1.57e+00    4.80e+01
  32  9.194666e+05    2.52e+01    6.48e+03   2.22e+05   7.94e-01  4.35e+06        1    1.52e+00    4.96e+01
  33  9.194474e+05    1.92e+01    7.87e+03   2.80e+05   7.73e-01  5.19e+06        1    1.50e+00    5.11e+01
  34  9.194333e+05    1.42e+01    9.86e+03   3.36e+05   7.36e-01  5.81e+06        1    1.50e+00    5.26e+01
  35  9.194227e+05    1.05e+01    1.10e+04   3.78e+05   7.01e-01  6.21e+06        1    1.59e+00    5.42e+01
  36  9.194146e+05    8.10e+00    1.13e+04   4.06e+05   6.77e-01  6.50e+06        1    1.51e+00    5.57e+01
  37  9.194082e+05    6.38e+00    1.11e+04   4.28e+05   6.59e-01  6.71e+06        1    1.50e+00    5.72e+01
  38  9.194031e+05    5.13e+00    1.07e+04   4.45e+05   6.46e-01  6.88e+06        1    1.59e+00    5.88e+01
  39  9.193989e+05    4.20e+00    1.02e+04   4.59e+05   6.36e-01  7.03e+06        1    1.50e+00    6.03e+01
  40  9.193954e+05    3.50e+00    9.63e+03   4.72e+05   6.29e-01  7.15e+06        1    1.50e+00    6.18e+01
  41  9.193925e+05    2.96e+00    9.06e+03   4.83e+05   6.24e-01  7.26e+06        1    1.58e+00    6.34e+01
  42  9.193899e+05    2.53e+00    8.52e+03   4.94e+05   6.22e-01  7.36e+06        1    1.51e+00    6.49e+01
  43  9.193877e+05    2.19e+00    8.01e+03   5.05e+05   6.20e-01  7.47e+06        1    1.50e+00    6.64e+01
  44  9.193858e+05    1.92e+00    7.53e+03   5.15e+05   6.20e-01  7.57e+06        1    1.50e+00    6.79e+01
  45  9.193841e+05    1.70e+00    7.10e+03   5.26e+05   6.21e-01  7.68e+06        1    1.59e+00    6.95e+01
  46  9.193826e+05    1.51e+00    6.70e+03   5.37e+05   6.22e-01  7.80e+06        1    1.50e+00    7.10e+01
  47  9.193812e+05    1.36e+00    6.34e+03   5.48e+05   6.24e-01  7.92e+06        1    1.51e+00    7.25e+01
  48  9.193800e+05    1.23e+00    6.00e+03   5.60e+05   6.26e-01  8.05e+06        1    1.59e+00    7.41e+01
  49  9.193789e+05    1.12e+00    5.70e+03   5.72e+05   6.29e-01  8.19e+06        1    1.51e+00    7.56e+01
  50  9.193779e+05    1.03e+00    5.43e+03   5.85e+05   6.31e-01  8.34e+06        1    1.58e+00    7.72e+01
I0826 03:48:25.976637    27 misc.cc:205] 
Bundle adjustment report
------------------------
I0826 03:48:25.976703    27 bundle_adjustment.cc:942] 
    Residuals : 536964
   Parameters : 80718
   Iterations : 51
         Time : 77.1866 [s]
 Initial cost : 2.2188 [px]
   Final cost : 1.3085 [px]
  Termination : No convergence

I0826 03:48:26.434521    27 incremental_mapper.cc:175] => Completed observations: 4620
I0826 03:48:26.678007    27 incremental_mapper.cc:178] => Merged observations: 4871
I0826 03:48:26.876350    27 incremental_mapper.cc:160] => Filtered observations: 12858
I0826 03:48:26.876405    27 incremental_mapper.cc:119] => Changed observations: 0.083242
I0826 03:48:26.876426    27 misc.cc:198] 
==============================================================================
Global bundle adjustment
==============================================================================
iter      cost      cost_change  |gradient|   |step|    tr_ratio  tr_radius  ls_iter  iter_time  total_time
   0  3.275529e+05    0.00e+00    1.32e+06   0.00e+00   0.00e+00  1.00e+04        0    2.70e-01    1.30e+00
   1  2.725850e+05    5.50e+04    1.79e+05   3.94e+04   9.95e-01  3.00e+04        1    1.48e+00    2.78e+00
   2  2.697954e+05    2.79e+03    1.48e+05   5.33e+04   1.00e+00  9.00e+04        1    1.49e+00    4.28e+00
   3  2.690492e+05    7.46e+02    9.52e+04   5.17e+04   1.01e+00  2.70e+05        1    1.50e+00    5.78e+00
   4  2.688836e+05    1.66e+02    2.55e+05   3.88e+04   8.95e-01  5.31e+05        1    1.49e+00    7.27e+00
   5  2.689026e+05   -1.90e+01    2.55e+05   4.17e+04  -1.48e-01  2.65e+05        1    1.11e+00    8.38e+00
   6  2.688011e+05    8.25e+01    1.79e+05   2.47e+04   8.85e-01  4.87e+05        1    1.50e+00    9.88e+00
   7  2.687802e+05    2.09e+01    4.11e+05   3.27e+04   2.56e-01  4.36e+05        1    1.50e+00    1.14e+01
   8  2.686706e+05    1.10e+02    1.60e+05   2.40e+04   9.49e-01  1.31e+06        1    1.41e+00    1.28e+01
   9  2.687465e+05   -7.59e+01    1.60e+05   5.91e+04  -6.85e-01  6.54e+05        1    1.19e+00    1.40e+01
  10  2.686101e+05    6.04e+01    1.97e+05   3.08e+04   8.43e-01  9.65e+05        1    1.50e+00    1.55e+01
  11  2.685142e+05    9.59e+01    9.56e+04   4.27e+04   1.05e+00  2.89e+06        1    1.41e+00    1.69e+01
  12  2.685531e+05   -3.89e+01    9.56e+04   1.36e+05  -4.76e-01  1.45e+06        1    1.19e+00    1.81e+01
  13  2.684647e+05    4.95e+01    2.56e+05   6.64e+04   7.46e-01  1.64e+06        1    1.50e+00    1.96e+01
  14  2.684268e+05    3.79e+01    1.29e+05   8.04e+04   8.80e-01  2.92e+06        1    1.41e+00    2.10e+01
  15  2.684175e+05    9.32e+00    4.02e+04   1.48e+05   9.24e-01  7.46e+06        1    1.49e+00    2.25e+01
  16  2.684142e+05    3.35e+00    2.89e+04   3.81e+05   1.01e+00  2.24e+07        1    1.50e+00    2.40e+01
  17  2.684346e+05   -2.05e+01    2.89e+04   1.14e+06  -2.40e+00  1.12e+07        1    1.11e+00    2.51e+01
  18  2.684095e+05    4.68e+00    1.48e+04   5.70e+05   1.06e+00  3.36e+07        1    1.50e+00    2.66e+01
  19  2.713956e+05   -2.99e+03    1.48e+04   1.68e+06  -1.62e+02  1.68e+07        1    1.17e+00    2.78e+01
  20  2.684072e+05    2.27e+00    7.48e+04   8.48e+05   2.37e-01  1.47e+07        1    1.42e+00    2.92e+01
  21  2.683712e+05    3.60e+01    4.86e+04   7.29e+05   1.31e+00  4.40e+07        1    1.49e+00    3.07e+01
  22  3.038136e+05   -3.54e+04    4.86e+04   1.96e+06  -3.18e+02  2.20e+07        1    1.11e+00    3.18e+01
  23  2.899869e+06   -2.63e+06    4.86e+04   1.03e+06  -4.37e+04  5.50e+06        1    1.19e+00    3.30e+01
  24  2.683499e+05    2.14e+01    2.54e+04   2.67e+05   1.26e+00  1.65e+07        1    1.42e+00    3.44e+01
  25  8.571134e+05   -5.89e+05    2.54e+04   7.49e+05  -8.22e+03  8.24e+06        1    1.19e+00    3.56e+01
  26  2.683715e+05   -2.17e+01    2.54e+04   3.86e+05  -5.78e-01  2.06e+06        1    1.19e+00    3.68e+01
  27  2.683388e+05    1.11e+01    7.02e+03   9.89e+04   1.12e+00  6.18e+06        1    1.50e+00    3.83e+01
  28  2.683129e+05    2.59e+01    5.94e+04   2.87e+05   7.40e-01  6.95e+06        1    1.41e+00    3.97e+01
  29  2.691721e+05   -8.59e+02    5.94e+04   2.89e+05  -7.62e+00  3.47e+06        1    1.18e+00    4.09e+01
  30  2.683113e+05    1.58e+00    3.80e+05   1.50e+05   2.15e-02  1.85e+06        1    1.52e+00    4.24e+01
  31  2.681857e+05    1.26e+02    5.97e+04   7.45e+04   9.31e-01  5.17e+06        1    1.41e+00    4.38e+01
  32  2.714908e+05   -3.31e+03    5.97e+04   1.68e+05  -1.99e+01  2.58e+06        1    1.20e+00    4.50e+01
  33  2.682640e+05   -7.83e+01    5.97e+04   9.18e+04  -7.52e-01  6.46e+05        1    1.20e+00    4.62e+01
  34  2.681418e+05    4.40e+01    6.20e+04   2.48e+04   9.89e-01  1.94e+06        1    1.50e+00    4.77e+01
  35  2.680609e+05    8.09e+01    2.51e+05   6.74e+04   1.07e+00  5.81e+06        1    1.49e+00    4.92e+01
  36  2.866520e+05   -1.86e+04    2.51e+05   1.35e+05  -8.65e+01  2.91e+06        1    1.12e+00    5.03e+01
  37  2.689247e+05   -8.64e+02    2.51e+05   7.86e+04  -5.75e+00  7.27e+05        1    1.19e+00    5.15e+01
  38  2.679981e+05    6.28e+01    1.01e+05   2.34e+04   9.88e-01  2.18e+06        1    1.50e+00    5.30e+01
  39  2.680731e+05   -7.50e+01    1.01e+05   5.67e+04  -6.47e-01  1.09e+06        1    1.17e+00    5.42e+01
  40  2.679270e+05    7.11e+01    2.13e+05   3.11e+04   9.93e-01  3.27e+06        1    1.43e+00    5.56e+01
  41  2.693299e+05   -1.40e+03    2.13e+05   7.32e+04  -1.01e+01  1.64e+06        1    1.20e+00    5.68e+01
  42  2.679613e+05   -3.43e+01    2.13e+05   4.12e+04  -3.44e-01  4.09e+05        1    1.19e+00    5.80e+01
  43  2.678823e+05    4.48e+01    4.10e+04   1.23e+04   1.03e+00  1.23e+06        1    1.51e+00    5.95e+01
  44  2.678520e+05    3.02e+01    3.74e+05   3.10e+04   4.53e-01  1.23e+06        1    1.50e+00    6.10e+01
  45  2.677846e+05    6.74e+01    2.70e+05   3.19e+04   7.21e-01  1.34e+06        1    1.40e+00    6.24e+01
  46  2.677409e+05    4.38e+01    1.66e+05   3.28e+04   8.12e-01  1.77e+06        1    1.50e+00    6.39e+01
  47  2.677238e+05    1.70e+01    8.88e+04   3.78e+04   8.41e-01  2.59e+06        1    1.49e+00    6.54e+01
  48  2.677186e+05    5.26e+00    2.91e+04   4.81e+04   9.36e-01  7.66e+06        1    1.42e+00    6.68e+01
  49  2.677179e+05    6.87e-01    6.99e+03   1.29e+05   9.52e-01  2.30e+07        1    1.49e+00    6.83e+01
  50  2.677180e+05   -9.16e-02    6.99e+03   3.79e+05  -7.29e-01  1.15e+07        1    1.18e+00    6.95e+01
I0826 03:49:36.855321    27 misc.cc:205] 
Bundle adjustment report
------------------------
I0826 03:49:36.855397    27 bundle_adjustment.cc:942] 
    Residuals : 513020
   Parameters : 73200
   Iterations : 51
         Time : 69.4763 [s]
 Initial cost : 0.799049 [px]
   Final cost : 0.72239 [px]
  Termination : No convergence

I0826 03:49:37.333112    27 incremental_mapper.cc:175] => Completed observations: 5432
I0826 03:49:37.606645    27 incremental_mapper.cc:178] => Merged observations: 7400
I0826 03:49:37.676162    27 incremental_mapper.cc:160] => Filtered observations: 922
I0826 03:49:37.676234    27 incremental_mapper.cc:119] => Changed observations: 0.053620
I0826 03:49:37.676257    27 misc.cc:198] 
==============================================================================
Global bundle adjustment
==============================================================================
iter      cost      cost_change  |gradient|   |step|    tr_ratio  tr_radius  ls_iter  iter_time  total_time
   0  2.837839e+05    0.00e+00    1.07e+06   0.00e+00   0.00e+00  1.00e+04        0    3.50e-01    1.43e+00
   1  2.748353e+05    8.95e+03    2.40e+04   8.32e+04   1.00e+00  3.00e+04        1    1.52e+00    2.95e+00
   2  2.745963e+05    2.39e+02    2.03e+04   2.02e+04   1.14e+00  9.00e+04        1    1.50e+00    4.45e+00
   3  2.745394e+05    5.69e+01    7.92e+03   9.73e+03   1.19e+00  2.70e+05        1    1.50e+00    5.95e+00
   4  2.745179e+05    2.15e+01    4.40e+04   1.23e+04   1.03e+00  8.10e+05        1    1.50e+00    7.45e+00
   5  2.745105e+05    7.42e+00    1.61e+05   2.80e+04   3.48e-01  7.88e+05        1    1.50e+00    8.95e+00
   6  2.744901e+05    2.04e+01    5.72e+04   2.24e+04   9.27e-01  2.08e+06        1    1.50e+00    1.05e+01
   7  2.744864e+05    3.70e+00    5.83e+04   4.37e+04   6.78e-01  2.18e+06        1    1.50e+00    1.20e+01
   8  2.744842e+05    2.26e+00    6.79e+03   3.96e+04   9.91e-01  6.55e+06        1    1.50e+00    1.34e+01
   9  2.744841e+05    1.04e-01    2.95e+03   1.10e+05   9.64e-01  1.97e+07        1    1.50e+00    1.49e+01
  10  2.744841e+05   -1.03e-02    2.95e+03   3.25e+05  -1.76e-01  9.83e+06        1    1.20e+00    1.61e+01
  11  2.744841e+05    2.84e-02    2.90e+03   1.63e+05   8.67e-01  1.62e+07        1    1.50e+00    1.76e+01
  12  2.744840e+05    1.93e-02    6.95e+03   2.68e+05   4.02e-01  1.61e+07        1    1.58e+00    1.92e+01
  13  2.744840e+05    4.54e-02    6.88e+03   2.65e+05   6.18e-01  1.63e+07        1    1.42e+00    2.07e+01
  14  2.744839e+05    4.31e-02    7.35e+03   2.68e+05   5.75e-01  1.64e+07        1    1.59e+00    2.22e+01
  15  2.744839e+05    4.57e-02    7.70e+03   2.68e+05   5.68e-01  1.64e+07        1    1.50e+00    2.37e+01
  16  2.744839e+05    4.73e-02    8.06e+03   2.68e+05   5.56e-01  1.64e+07        1    1.51e+00    2.52e+01
  17  2.744838e+05    4.90e-02    8.43e+03   2.68e+05   5.44e-01  1.64e+07        1    1.50e+00    2.67e+01
  18  2.744838e+05    5.06e-02    8.80e+03   2.67e+05   5.33e-01  1.64e+07        1    1.50e+00    2.82e+01
  19  2.744837e+05    5.23e-02    9.19e+03   2.67e+05   5.21e-01  1.64e+07        1    1.50e+00    2.97e+01
  20  2.744836e+05    5.40e-02    9.59e+03   2.66e+05   5.09e-01  1.65e+07        1    1.50e+00    3.12e+01
  21  2.744836e+05    5.58e-02    1.00e+04   2.65e+05   4.97e-01  1.65e+07        1    1.50e+00    3.27e+01
  22  2.744835e+05    5.76e-02    1.05e+04   2.64e+05   4.85e-01  1.64e+07        1    1.50e+00    3.42e+01
  23  2.744835e+05    5.95e-02    1.09e+04   2.63e+05   4.72e-01  1.64e+07        1    1.50e+00    3.57e+01
  24  2.744834e+05    6.15e-02    1.15e+04   2.62e+05   4.60e-01  1.64e+07        1    1.50e+00    3.72e+01
  25  2.744833e+05    6.36e-02    1.20e+04   2.61e+05   4.48e-01  1.64e+07        1    1.50e+00    3.87e+01
  26  2.744833e+05    6.59e-02    1.25e+04   2.60e+05   4.36e-01  1.64e+07        1    1.49e+00    4.02e+01
  27  2.744832e+05    6.84e-02    1.31e+04   2.59e+05   4.26e-01  1.63e+07        1    1.50e+00    4.17e+01
  28  2.744831e+05    7.11e-02    1.36e+04   2.57e+05   4.17e-01  1.63e+07        1    1.50e+00    4.32e+01
  29  2.744831e+05    7.39e-02    1.42e+04   2.55e+05   4.09e-01  1.62e+07        1    1.50e+00    4.47e+01
  30  2.744830e+05    7.68e-02    1.47e+04   2.52e+05   4.02e-01  1.60e+07        1    1.50e+00    4.62e+01
  31  2.744829e+05    7.99e-02    1.52e+04   2.49e+05   3.96e-01  1.59e+07        1    1.50e+00    4.77e+01
  32  2.744828e+05    8.31e-02    1.57e+04   2.46e+05   3.91e-01  1.57e+07        1    1.50e+00    4.92e+01
  33  2.744827e+05    8.63e-02    1.62e+04   2.43e+05   3.87e-01  1.56e+07        1    1.50e+00    5.07e+01
  34  2.744827e+05    8.95e-02    1.67e+04   2.39e+05   3.84e-01  1.54e+07        1    1.50e+00    5.22e+01
  35  2.744826e+05    9.28e-02    1.71e+04   2.35e+05   3.81e-01  1.52e+07        1    1.50e+00    5.37e+01
  36  2.744825e+05    9.61e-02    1.76e+04   2.31e+05   3.79e-01  1.49e+07        1    1.50e+00    5.52e+01
  37  2.744824e+05    9.95e-02    1.80e+04   2.27e+05   3.77e-01  1.47e+07        1    1.50e+00    5.67e+01
  38  2.744823e+05    1.03e-01    1.84e+04   2.23e+05   3.75e-01  1.45e+07        1    1.51e+00    5.82e+01
  39  2.744822e+05    1.06e-01    1.89e+04   2.19e+05   3.74e-01  1.43e+07        1    1.59e+00    5.98e+01
  40  2.744820e+05    1.10e-01    1.93e+04   2.14e+05   3.72e-01  1.40e+07        1    1.49e+00    6.13e+01
  41  2.744819e+05    1.14e-01    1.97e+04   2.10e+05   3.71e-01  1.38e+07        1    1.43e+00    6.28e+01
  42  2.744818e+05    1.17e-01    2.01e+04   2.06e+05   3.70e-01  1.36e+07        1    1.50e+00    6.42e+01
  43  2.744817e+05    1.21e-01    2.06e+04   2.02e+05   3.69e-01  1.33e+07        1    1.57e+00    6.58e+01
  44  2.744816e+05    1.25e-01    2.10e+04   1.98e+05   3.69e-01  1.31e+07        1    1.52e+00    6.73e+01
  45  2.744814e+05    1.29e-01    2.14e+04   1.93e+05   3.68e-01  1.29e+07        1    1.51e+00    6.88e+01
  46  2.744813e+05    1.33e-01    2.19e+04   1.89e+05   3.67e-01  1.26e+07        1    1.50e+00    7.03e+01
  47  2.744812e+05    1.37e-01    2.23e+04   1.85e+05   3.66e-01  1.24e+07        1    1.50e+00    7.18e+01
  48  2.744810e+05    1.42e-01    2.27e+04   1.81e+05   3.66e-01  1.21e+07        1    1.50e+00    7.33e+01
  49  2.744809e+05    1.46e-01    2.32e+04   1.77e+05   3.65e-01  1.19e+07        1    1.50e+00    7.48e+01
  50  2.744807e+05    1.51e-01    2.37e+04   1.73e+05   3.65e-01  1.17e+07        1    1.50e+00    7.63e+01
I0826 03:50:54.570748    27 misc.cc:205] 
Bundle adjustment report
------------------------
I0826 03:50:54.570813    27 bundle_adjustment.cc:942] 
    Residuals : 521634
   Parameters : 72117
   Iterations : 51
         Time : 76.3625 [s]
 Initial cost : 0.737583 [px]
   Final cost : 0.725392 [px]
  Termination : No convergence

I0826 03:50:54.984881    27 incremental_mapper.cc:175] => Completed observations: 1200
I0826 03:50:55.216241    27 incremental_mapper.cc:178] => Merged observations: 2700
I0826 03:50:55.279726    27 incremental_mapper.cc:160] => Filtered observations: 588
I0826 03:50:55.279807    27 incremental_mapper.cc:119] => Changed observations: 0.017207
I0826 03:50:55.279829    27 misc.cc:198] 
==============================================================================
Global bundle adjustment
==============================================================================
iter      cost      cost_change  |gradient|   |step|    tr_ratio  tr_radius  ls_iter  iter_time  total_time
   0  2.784383e+05    0.00e+00    3.94e+05   0.00e+00   0.00e+00  1.00e+04        0    3.55e-01    1.45e+00
   1  2.749327e+05    3.51e+03    6.98e+03   4.51e+03   1.00e+00  3.00e+04        1    1.52e+00    2.97e+00
   2  2.748643e+05    6.84e+01    2.85e+03   5.64e+02   1.12e+00  9.00e+04        1    1.50e+00    4.47e+00
   3  2.748473e+05    1.70e+01    5.45e+03   1.94e+03   1.16e+00  2.70e+05        1    1.50e+00    5.97e+00
   4  2.748356e+05    1.17e+01    3.24e+04   5.49e+03   9.80e-01  8.10e+05        1    1.50e+00    7.48e+00
   5  2.748294e+05    6.22e+00    1.16e+05   1.36e+04   4.41e-01  8.09e+05        1    1.50e+00    8.97e+00
   6  2.748175e+05    1.19e+01    3.67e+04   1.17e+04   9.36e-01  2.42e+06        1    1.50e+00    1.05e+01
   7  2.748153e+05    2.19e+00    3.34e+04   2.92e+04   7.48e-01  2.75e+06        1    1.59e+00    1.21e+01
   8  2.748143e+05    9.78e-01    4.02e+03   3.09e+04   9.91e-01  8.25e+06        1    1.50e+00    1.36e+01
   9  2.748143e+05    6.56e-02    1.12e+04   9.03e+04   5.02e-01  8.25e+06        1    1.50e+00    1.51e+01
  10  2.748141e+05    1.29e-01    8.10e+03   8.98e+04   7.63e-01  9.66e+06        1    1.50e+00    1.66e+01
  11  2.748141e+05    8.68e-02    1.11e+04   1.05e+05   5.25e-01  9.66e+06        1    1.50e+00    1.81e+01
  12  2.748139e+05    1.27e-01    1.13e+04   1.05e+05   6.07e-01  9.76e+06        1    1.50e+00    1.96e+01
  13  2.748138e+05    1.27e-01    1.20e+04   1.06e+05   5.78e-01  9.79e+06        1    1.50e+00    2.11e+01
  14  2.748137e+05    1.34e-01    1.26e+04   1.06e+05   5.69e-01  9.82e+06        1    1.50e+00    2.26e+01
  15  2.748135e+05    1.40e-01    1.33e+04   1.06e+05   5.56e-01  9.83e+06        1    1.59e+00    2.42e+01
  16  2.748134e+05    1.46e-01    1.39e+04   1.06e+05   5.45e-01  9.84e+06        1    1.50e+00    2.57e+01
  17  2.748132e+05    1.52e-01    1.45e+04   1.06e+05   5.33e-01  9.84e+06        1    1.50e+00    2.72e+01
  18  2.748131e+05    1.58e-01    1.52e+04   1.06e+05   5.21e-01  9.84e+06        1    1.50e+00    2.87e+01
  19  2.748129e+05    1.65e-01    1.59e+04   1.06e+05   5.09e-01  9.84e+06        1    1.50e+00    3.02e+01
  20  2.748127e+05    1.71e-01    1.67e+04   1.05e+05   4.96e-01  9.84e+06        1    1.50e+00    3.17e+01
  21  2.748126e+05    1.78e-01    1.75e+04   1.05e+05   4.83e-01  9.84e+06        1    1.50e+00    3.32e+01
  22  2.748124e+05    1.86e-01    1.84e+04   1.05e+05   4.69e-01  9.84e+06        1    1.50e+00    3.47e+01
  23  2.748122e+05    1.94e-01    1.93e+04   1.05e+05   4.56e-01  9.83e+06        1    1.51e+00    3.62e+01
  24  2.748120e+05    2.02e-01    2.03e+04   1.05e+05   4.42e-01  9.82e+06        1    1.50e+00    3.77e+01
  25  2.748118e+05    2.12e-01    2.14e+04   1.04e+05   4.30e-01  9.79e+06        1    1.59e+00    3.93e+01
  26  2.748115e+05    2.22e-01    2.24e+04   1.04e+05   4.19e-01  9.75e+06        1    1.50e+00    4.08e+01
  27  2.748113e+05    2.33e-01    2.35e+04   1.03e+05   4.09e-01  9.69e+06        1    1.50e+00    4.23e+01
  28  2.748111e+05    2.45e-01    2.46e+04   1.02e+05   4.01e-01  9.62e+06        1    1.50e+00    4.38e+01
  29  2.748108e+05    2.58e-01    2.56e+04   1.01e+05   3.94e-01  9.53e+06        1    1.50e+00    4.53e+01
  30  2.748105e+05    2.72e-01    2.66e+04   1.00e+05   3.88e-01  9.42e+06        1    1.50e+00    4.68e+01
  31  2.748103e+05    2.86e-01    2.77e+04   9.89e+04   3.84e-01  9.30e+06        1    1.59e+00    4.84e+01
  32  2.748100e+05    3.00e-01    2.86e+04   9.75e+04   3.80e-01  9.18e+06        1    1.51e+00    4.99e+01
  33  2.748096e+05    3.15e-01    2.96e+04   9.60e+04   3.77e-01  9.04e+06        1    1.50e+00    5.14e+01
  34  2.748093e+05    3.31e-01    3.06e+04   9.44e+04   3.74e-01  8.90e+06        1    1.50e+00    5.29e+01
  35  2.748090e+05    3.47e-01    3.16e+04   9.28e+04   3.72e-01  8.75e+06        1    1.50e+00    5.44e+01
  36  2.748086e+05    3.63e-01    3.25e+04   9.10e+04   3.70e-01  8.60e+06        1    1.58e+00    5.59e+01
  37  2.748082e+05    3.80e-01    3.35e+04   8.93e+04   3.68e-01  8.44e+06        1    1.42e+00    5.74e+01
  38  2.748078e+05    3.98e-01    3.44e+04   8.75e+04   3.66e-01  8.28e+06        1    1.59e+00    5.90e+01
  39  2.748074e+05    4.17e-01    3.54e+04   8.57e+04   3.65e-01  8.13e+06        1    1.50e+00    6.05e+01
  40  2.748070e+05    4.36e-01    3.64e+04   8.39e+04   3.64e-01  7.97e+06        1    1.50e+00    6.20e+01
  41  2.748065e+05    4.56e-01    3.74e+04   8.21e+04   3.63e-01  7.81e+06        1    1.50e+00    6.35e+01
  42  2.748060e+05    4.77e-01    3.84e+04   8.03e+04   3.62e-01  7.65e+06        1    1.50e+00    6.50e+01
  43  2.748055e+05    4.99e-01    3.94e+04   7.84e+04   3.62e-01  7.49e+06        1    1.50e+00    6.65e+01
  44  2.748050e+05    5.22e-01    4.05e+04   7.67e+04   3.61e-01  7.33e+06        1    1.50e+00    6.80e+01
  45  2.748045e+05    5.46e-01    4.15e+04   7.49e+04   3.60e-01  7.17e+06        1    1.50e+00    6.95e+01
  46  2.748039e+05    5.72e-01    4.26e+04   7.31e+04   3.60e-01  7.02e+06        1    1.50e+00    7.10e+01
  47  2.748033e+05    5.98e-01    4.37e+04   7.14e+04   3.59e-01  6.87e+06        1    1.58e+00    7.25e+01
  48  2.748027e+05    6.26e-01    4.48e+04   6.96e+04   3.59e-01  6.72e+06        1    1.51e+00    7.41e+01
  49  2.748020e+05    6.55e-01    4.60e+04   6.79e+04   3.59e-01  6.57e+06        1    1.50e+00    7.56e+01
  50  2.748013e+05    6.85e-01    4.71e+04   6.63e+04   3.58e-01  6.42e+06        1    1.50e+00    7.71e+01
I0826 03:52:12.874465    27 misc.cc:205] 
Bundle adjustment report
------------------------
I0826 03:52:12.874532    27 bundle_adjustment.cc:942] 
    Residuals : 522578
   Parameters : 71598
   Iterations : 51
         Time : 77.0909 [s]
 Initial cost : 0.729943 [px]
   Final cost : 0.72516 [px]
  Termination : No convergence

I0826 03:52:13.277619    27 incremental_mapper.cc:175] => Completed observations: 723
I0826 03:52:13.470706    27 incremental_mapper.cc:178] => Merged observations: 1255
I0826 03:52:13.532828    27 incremental_mapper.cc:160] => Filtered observations: 407
I0826 03:52:13.532891    27 incremental_mapper.cc:119] => Changed observations: 0.009128
I0826 03:52:13.532914    27 misc.cc:198] 
==============================================================================
Global bundle adjustment
==============================================================================
iter      cost      cost_change  |gradient|   |step|    tr_ratio  tr_radius  ls_iter  iter_time  total_time
   0  2.763712e+05    0.00e+00    2.62e+05   0.00e+00   0.00e+00  1.00e+04        0    2.64e-01    1.33e+00
   1  2.744106e+05    1.96e+03    3.49e+03   1.68e+02   1.00e+00  3.00e+04        1    1.58e+00    2.90e+00
   2  2.743809e+05    2.97e+01    1.69e+03   3.48e+02   1.09e+00  9.00e+04        1    1.51e+00    4.41e+00
   3  2.743731e+05    7.74e+00    2.64e+03   8.98e+02   1.08e+00  2.70e+05        1    1.50e+00    5.91e+00
   4  2.743670e+05    6.16e+00    1.32e+04   2.63e+03   9.93e-01  8.10e+05        1    1.50e+00    7.41e+00
   5  2.743621e+05    4.90e+00    4.29e+04   7.59e+03   7.80e-01  9.82e+05        1    1.50e+00    8.91e+00
   6  2.743588e+05    3.26e+00    1.55e+04   8.87e+03   9.39e-01  2.94e+06        1    1.58e+00    1.05e+01
   7  2.743581e+05    7.07e-01    3.57e+04   2.58e+04   5.91e-01  2.96e+06        1    1.51e+00    1.20e+01
   8  2.743573e+05    7.89e-01    1.85e+04   2.57e+04   8.63e-01  4.79e+06        1    1.51e+00    1.35e+01
   9  2.743572e+05    1.05e-01    3.91e+04   4.14e+04   1.38e-01  3.47e+06        1    1.50e+00    1.50e+01
  10  2.743562e+05    1.00e+00    1.88e+04   2.99e+04   8.70e-01  5.85e+06        1    1.59e+00    1.66e+01
  11  2.743569e+05   -6.62e-01    1.88e+04   5.02e+04  -6.67e-01  2.92e+06        1    1.18e+00    1.78e+01
  12  2.743557e+05    4.95e-01    1.43e+04   2.52e+04   8.55e-01  4.55e+06        1    1.52e+00    1.93e+01
  13  2.743556e+05    1.41e-01    3.77e+04   3.91e+04   1.85e-01  3.64e+06        1    1.50e+00    2.08e+01
  14  2.743546e+05    9.75e-01    2.37e+04   3.12e+04   8.03e-01  4.68e+06        1    1.50e+00    2.23e+01
  15  2.743544e+05    1.78e-01    4.38e+04   4.00e+04   1.75e-01  3.67e+06        1    1.50e+00    2.38e+01
  16  2.743532e+05    1.20e+00    2.67e+04   3.13e+04   7.97e-01  4.64e+06        1    1.59e+00    2.54e+01
  17  2.743531e+05    1.48e-01    4.83e+04   3.95e+04   1.27e-01  3.28e+06        1    1.51e+00    2.69e+01
  18  2.743516e+05    1.45e+00    2.35e+04   2.79e+04   8.63e-01  5.31e+06        1    1.50e+00    2.84e+01
  19  2.743526e+05   -9.64e-01    2.35e+04   4.49e+04  -7.39e-01  2.66e+06        1    1.21e+00    2.96e+01
  20  2.743510e+05    6.68e-01    1.68e+04   2.25e+04   8.54e-01  4.12e+06        1    1.59e+00    3.12e+01
  21  2.743508e+05    1.26e-01    4.46e+04   3.48e+04   1.28e-01  2.92e+06        1    1.49e+00    3.27e+01
  22  2.743495e+05    1.34e+00    2.15e+04   2.47e+04   8.76e-01  5.10e+06        1    1.51e+00    3.42e+01
  23  2.743507e+05   -1.17e+00    2.15e+04   4.28e+04  -8.65e-01  2.55e+06        1    1.20e+00    3.54e+01
  24  2.743488e+05    6.59e-01    1.79e+04   2.15e+04   8.37e-01  3.68e+06        1    1.51e+00    3.69e+01
  25  2.743485e+05    3.19e-01    4.02e+04   3.09e+04   3.18e-01  3.51e+06        1    1.50e+00    3.84e+01
  26  2.743475e+05    1.01e+00    3.67e+04   2.94e+04   6.41e-01  3.59e+06        1    1.50e+00    3.99e+01
  27  2.743467e+05    8.18e-01    4.08e+04   2.99e+04   5.38e-01  3.59e+06        1    1.50e+00    4.14e+01
  28  2.743458e+05    9.36e-01    4.27e+04   2.99e+04   5.49e-01  3.59e+06        1    1.58e+00    4.30e+01
  29  2.743448e+05    9.70e-01    4.49e+04   2.98e+04   5.33e-01  3.59e+06        1    1.51e+00    4.45e+01
  30  2.743438e+05    1.02e+00    4.70e+04   2.97e+04   5.22e-01  3.59e+06        1    1.50e+00    4.60e+01
  31  2.743427e+05    1.06e+00    4.92e+04   2.96e+04   5.10e-01  3.59e+06        1    1.50e+00    4.75e+01
  32  2.743416e+05    1.11e+00    5.13e+04   2.95e+04   4.99e-01  3.59e+06        1    1.59e+00    4.91e+01
  33  2.743404e+05    1.16e+00    5.34e+04   2.95e+04   4.89e-01  3.59e+06        1    1.51e+00    5.06e+01
  34  2.743392e+05    1.21e+00    5.54e+04   2.94e+04   4.80e-01  3.59e+06        1    1.50e+00    5.21e+01
  35  2.743380e+05    1.26e+00    5.73e+04   2.93e+04   4.73e-01  3.59e+06        1    1.50e+00    5.36e+01
  36  2.743367e+05    1.31e+00    5.90e+04   2.91e+04   4.67e-01  3.59e+06        1    1.59e+00    5.52e+01
  37  2.743353e+05    1.36e+00    6.04e+04   2.90e+04   4.63e-01  3.59e+06        1    1.51e+00    5.67e+01
  38  2.743339e+05    1.41e+00    6.14e+04   2.89e+04   4.61e-01  3.59e+06        1    1.50e+00    5.82e+01
  39  2.743324e+05    1.46e+00    6.21e+04   2.88e+04   4.61e-01  3.59e+06        1    1.50e+00    5.97e+01
  40  2.743310e+05    1.50e+00    6.22e+04   2.87e+04   4.63e-01  3.58e+06        1    1.50e+00    6.12e+01
  41  2.743294e+05    1.53e+00    6.17e+04   2.86e+04   4.66e-01  3.58e+06        1    1.50e+00    6.27e+01
  42  2.743279e+05    1.56e+00    6.07e+04   2.85e+04   4.71e-01  3.58e+06        1    1.59e+00    6.43e+01
  43  2.743263e+05    1.58e+00    5.89e+04   2.84e+04   4.77e-01  3.58e+06        1    1.50e+00    6.58e+01
  44  2.743247e+05    1.58e+00    5.66e+04   2.83e+04   4.83e-01  3.58e+06        1    1.50e+00    6.73e+01
  45  2.743231e+05    1.56e+00    5.36e+04   2.81e+04   4.88e-01  3.58e+06        1    1.50e+00    6.88e+01
  46  2.743216e+05    1.54e+00    5.00e+04   2.80e+04   4.91e-01  3.58e+06        1    1.50e+00    7.03e+01
  47  2.743201e+05    1.49e+00    4.60e+04   2.79e+04   4.90e-01  3.58e+06        1    1.59e+00    7.19e+01
  48  2.743187e+05    1.43e+00    4.44e+04   2.77e+04   4.82e-01  3.58e+06        1    1.51e+00    7.34e+01
  49  2.743173e+05    1.37e+00    4.78e+04   2.76e+04   4.69e-01  3.58e+06        1    1.50e+00    7.49e+01
  50  2.743160e+05    1.30e+00    5.13e+04   2.74e+04   4.48e-01  3.58e+06        1    1.60e+00    7.65e+01
I0826 03:53:30.563297    27 misc.cc:205] 
Bundle adjustment report
------------------------
I0826 03:53:30.563369    27 bundle_adjustment.cc:942] 
    Residuals : 522900
   Parameters : 71190
   Iterations : 51
         Time : 76.5255 [s]
 Initial cost : 0.727005 [px]
   Final cost : 0.724296 [px]
  Termination : No convergence

I0826 03:53:30.965344    27 incremental_mapper.cc:175] => Completed observations: 485
I0826 03:53:31.158061    27 incremental_mapper.cc:178] => Merged observations: 885
I0826 03:53:31.218580    27 incremental_mapper.cc:160] => Filtered observations: 270
I0826 03:53:31.218643    27 incremental_mapper.cc:119] => Changed observations: 0.006273
I0826 03:53:31.298051    27 incremental_mapper.cc:167] => Filtered images: 5
I0826 03:53:31.417498    27 misc.cc:198] 
==============================================================================
Registering image #155 (46)
==============================================================================
I0826 03:53:31.417546    27 incremental_mapper.cc:495] => Image sees 3957 / 7302 points
I0826 03:53:32.638898    27 misc.cc:205] 
Pose refinement report
----------------------
I0826 03:53:32.638972    27 bundle_adjustment.cc:942] 
    Residuals : 4068
   Parameters : 8
   Iterations : 28
         Time : 0.125316 [s]
 Initial cost : 0.87716 [px]
   Final cost : 0.820267 [px]
  Termination : Convergence

I0826 03:53:32.667003    27 incremental_mapper.cc:40] => Continued observations: 1665
I0826 03:53:32.790761    27 incremental_mapper.cc:43] => Added observations: 12238
I0826 03:53:36.183109    27 misc.cc:205] 
Bundle adjustment report
------------------------
I0826 03:53:36.183185    27 bundle_adjustment.cc:942] 
    Residuals : 143048
   Parameters : 22829
   Iterations : 26
         Time : 3.26537 [s]
 Initial cost : 1.53212 [px]
   Final cost : 1.21172 [px]
  Termination : No convergence

I0826 03:53:36.557804    27 incremental_mapper.cc:78] => Merged observations: 219
I0826 03:53:36.557863    27 incremental_mapper.cc:79] => Completed observations: 814
I0826 03:53:36.557868    27 incremental_mapper.cc:81] => Filtered observations: 9340
I0826 03:53:36.557869    27 incremental_mapper.cc:90] => Changed observations: 0.145028
I0826 03:53:37.208942    27 misc.cc:205] 
Bundle adjustment report
------------------------
I0826 03:53:37.209015    27 bundle_adjustment.cc:942] 
    Residuals : 110976
   Parameters : 20420
   Iterations : 6
         Time : 0.551287 [s]
 Initial cost : 0.793601 [px]
   Final cost : 0.752534 [px]
  Termination : Convergence

I0826 03:53:37.501590    27 incremental_mapper.cc:78] => Merged observations: 1090
I0826 03:53:37.501641    27 incremental_mapper.cc:79] => Completed observations: 1376
I0826 03:53:37.501644    27 incremental_mapper.cc:81] => Filtered observations: 92
I0826 03:53:37.501646    27 incremental_mapper.cc:90] => Changed observations: 0.046100
I0826 03:53:37.630743    27 misc.cc:198] 
==============================================================================
Registering image #158 (47)
==============================================================================
I0826 03:53:37.630788    27 incremental_mapper.cc:495] => Image sees 5268 / 10162 points
I0826 03:53:39.964291    27 misc.cc:205] 
Pose refinement report
----------------------
I0826 03:53:39.964361    27 bundle_adjustment.cc:942] 
    Residuals : 5362
   Parameters : 8
   Iterations : 80
         Time : 0.471347 [s]
 Initial cost : 0.893867 [px]
   Final cost : 0.811303 [px]
  Termination : Convergence

I0826 03:53:39.999997    27 incremental_mapper.cc:40] => Continued observations: 2168
I0826 03:53:40.134586    27 incremental_mapper.cc:43] => Added observations: 13185
I0826 03:53:42.984018    27 misc.cc:205] 
Bundle adjustment report
------------------------
I0826 03:53:42.984093    27 bundle_adjustment.cc:942] 
    Residuals : 122512
   Parameters : 16286
   Iterations : 26
         Time : 2.72536 [s]
 Initial cost : 1.68659 [px]
   Final cost : 1.24667 [px]
  Termination : No convergence

I0826 03:53:43.317407    27 incremental_mapper.cc:78] => Merged observations: 50
I0826 03:53:43.317495    27 incremental_mapper.cc:79] => Completed observations: 491
I0826 03:53:43.317502    27 incremental_mapper.cc:81] => Filtered observations: 9843
I0826 03:53:43.317504    27 incremental_mapper.cc:90] => Changed observations: 0.169518
I0826 03:53:43.977964    27 misc.cc:205] 
Bundle adjustment report
------------------------
I0826 03:53:43.978036    27 bundle_adjustment.cc:942] 
    Residuals : 83172
   Parameters : 14279
   Iterations : 6
         Time : 0.574206 [s]
 Initial cost : 0.713928 [px]
   Final cost : 0.669333 [px]
  Termination : Convergence

I0826 03:53:44.171747    27 incremental_mapper.cc:78] => Merged observations: 367
I0826 03:53:44.171802    27 incremental_mapper.cc:79] => Completed observations: 1406
I0826 03:53:44.171808    27 incremental_mapper.cc:81] => Filtered observations: 54
I0826 03:53:44.171809    27 incremental_mapper.cc:90] => Changed observations: 0.043933
I0826 03:53:44.172374    27 misc.cc:198] 
==============================================================================
Retriangulation
==============================================================================
I0826 03:53:44.369351    27 incremental_mapper.cc:175] => Completed observations: 534
I0826 03:53:44.572270    27 incremental_mapper.cc:178] => Merged observations: 494
I0826 03:53:44.572333    27 incremental_mapper.cc:105] => Retriangulated observations: 4387
I0826 03:53:44.649652    27 misc.cc:198] 
==============================================================================
Global bundle adjustment
==============================================================================
iter      cost      cost_change  |gradient|   |step|    tr_ratio  tr_radius  ls_iter  iter_time  total_time
   0  3.868719e+06    0.00e+00    2.71e+07   0.00e+00   0.00e+00  1.00e+04        0    3.37e-01    1.46e+00
   1  5.377286e+06   -1.51e+06    2.71e+07   8.20e+02  -6.19e-01  5.00e+03        1    1.27e+00    2.73e+00
   2  1.773560e+06    2.10e+06    3.24e+07   4.19e+02   8.80e-01  8.91e+03        1    1.52e+00    4.25e+00
   3  1.602327e+06    1.71e+05    4.38e+07   6.69e+02   4.67e-01  8.90e+03        1    1.59e+00    5.84e+00
   4  1.365737e+06    2.37e+05    1.85e+06   6.44e+02   9.79e-01  2.67e+04        1    1.51e+00    7.36e+00
   5  1.415802e+06   -5.01e+04    1.85e+06   1.51e+03  -8.30e-01  1.34e+04        1    1.28e+00    8.64e+00
   6  1.341669e+06    2.41e+04    1.55e+07   8.85e+02   5.32e-01  1.34e+04        1    1.61e+00    1.02e+01
   7  1.304335e+06    3.73e+04    5.35e+06   8.02e+02   9.25e-01  3.47e+04        1    1.51e+00    1.18e+01
   8  1.301359e+06    2.98e+03    1.45e+07   1.52e+03   1.26e-01  2.45e+04        1    1.60e+00    1.34e+01
   9  1.274521e+06    2.68e+04    3.96e+06   9.45e+02   9.47e-01  7.34e+04        1    1.59e+00    1.49e+01
  10  1.277049e+06   -2.53e+03    3.96e+06   1.75e+03  -2.27e-01  3.67e+04        1    1.21e+00    1.61e+01
  11  1.269807e+06    4.71e+03    5.50e+06   1.10e+03   5.51e-01  3.68e+04        1    1.60e+00    1.77e+01
  12  1.263386e+06    6.42e+03    3.48e+06   9.00e+02   8.29e-01  5.14e+04        1    1.51e+00    1.93e+01
  13  1.260502e+06    2.88e+03    3.61e+06   9.68e+02   6.62e-01  5.32e+04        1    1.59e+00    2.09e+01
  14  1.257732e+06    2.77e+03    2.10e+06   8.02e+02   8.68e-01  8.86e+04        1    1.58e+00    2.24e+01
  15  1.256303e+06    1.43e+03    2.10e+06   9.53e+02   7.24e-01  9.73e+04        1    1.52e+00    2.40e+01
  16  1.255108e+06    1.20e+03    1.12e+06   7.63e+02   8.72e-01  1.66e+05        1    1.59e+00    2.55e+01
  17  1.254418e+06    6.90e+02    1.05e+06   8.19e+02   7.69e-01  1.96e+05        1    1.50e+00    2.71e+01
  18  1.253957e+06    4.61e+02    5.61e+05   6.02e+02   8.50e-01  2.98e+05        1    1.60e+00    2.86e+01
  19  1.253698e+06    2.59e+02    4.89e+05   5.04e+02   7.74e-01  3.57e+05        1    1.58e+00    3.02e+01
  20  1.253541e+06    1.57e+02    2.79e+05   3.54e+02   8.06e-01  4.63e+05        1    1.52e+00    3.18e+01
  21  1.253445e+06    9.62e+01    2.26e+05   3.41e+02   7.73e-01  5.52e+05        1    1.60e+00    3.34e+01
  22  1.253379e+06    6.59e+01    1.37e+05   3.82e+02   7.96e-01  6.98e+05        1    1.50e+00    3.49e+01
  23  1.253332e+06    4.71e+01    1.09e+05   4.83e+02   7.88e-01  8.63e+05        1    1.60e+00    3.65e+01
  24  1.253296e+06    3.52e+01    7.02e+04   6.03e+02   7.99e-01  1.10e+06        1    1.59e+00    3.80e+01
  25  1.253270e+06    2.68e+01    5.51e+04   7.75e+02   7.95e-01  1.38e+06        1    1.51e+00    3.96e+01
  26  1.253249e+06    2.06e+01    3.72e+04   9.84e+02   7.99e-01  1.76e+06        1    1.59e+00    4.11e+01
  27  1.253233e+06    1.59e+01    2.93e+04   1.26e+03   7.97e-01  2.23e+06        1    1.51e+00    4.27e+01
  28  1.253221e+06    1.24e+01    2.06e+04   1.60e+03   7.98e-01  2.83e+06        1    1.59e+00    4.42e+01
  29  1.253211e+06    9.63e+00    1.64e+04   2.04e+03   7.97e-01  3.58e+06        1    1.51e+00    4.58e+01
  30  1.253204e+06    7.52e+00    1.20e+04   2.59e+03   7.97e-01  4.53e+06        1    1.61e+00    4.74e+01
  31  1.253198e+06    5.75e+00    9.40e+03   3.03e+03   8.01e-01  5.80e+06        1    1.58e+00    4.89e+01
  32  1.253194e+06    4.32e+00    6.83e+03   3.23e+03   8.08e-01  7.56e+06        1    1.51e+00    5.05e+01
  33  1.253190e+06    3.28e+00    5.33e+03   3.42e+03   8.13e-01  1.00e+07        1    1.59e+00    5.20e+01
  34  1.253188e+06    2.51e+00    4.00e+03   3.60e+03   8.18e-01  1.35e+07        1    1.51e+00    5.36e+01
  35  1.253186e+06    1.93e+00    3.14e+03   3.73e+03   8.25e-01  1.86e+07        1    1.59e+00    5.51e+01
  36  1.253184e+06    1.54e+00    2.45e+03   3.94e+03   8.28e-01  2.59e+07        1    1.51e+00    5.67e+01
  37  1.253183e+06    1.27e+00    2.05e+03   4.44e+03   8.26e-01  3.58e+07        1    1.59e+00    5.82e+01
  38  1.253182e+06    1.04e+00    1.65e+03   5.10e+03   8.26e-01  4.96e+07        1    1.51e+00    5.98e+01
  39  1.253181e+06    8.44e-01    1.27e+03   5.76e+03   8.35e-01  7.09e+07        1    1.59e+00    6.13e+01
  40  1.253180e+06    6.94e-01    8.94e+02   6.55e+03   8.46e-01  1.06e+08        1    1.51e+00    6.28e+01
  41  1.253180e+06    6.05e-01    7.07e+02   7.87e+03   8.49e-01  1.61e+08        1    1.58e+00    6.44e+01
  42  1.253179e+06    5.15e-01    4.82e+02   9.03e+03   8.63e-01  2.61e+08        1    1.51e+00    6.59e+01
  43  1.253179e+06    4.70e-01    3.61e+02   1.09e+04   8.63e-01  4.24e+08        1    1.60e+00    6.75e+01
  44  1.253178e+06    4.22e-01    2.74e+02   1.32e+04   8.59e-01  6.74e+08        1    1.51e+00    6.91e+01
  45  1.253178e+06    3.65e-01    2.17e+02   1.54e+04   8.58e-01  1.07e+09        1    1.58e+00    7.06e+01
  46  1.253178e+06    3.14e-01    1.69e+02   1.80e+04   8.58e-01  1.69e+09        1    1.52e+00    7.22e+01
  47  1.253177e+06    2.69e-01    1.38e+02   2.10e+04   8.58e-01  2.67e+09        1    1.59e+00    7.37e+01
  48  1.253177e+06    2.31e-01    1.12e+02   2.44e+04   8.58e-01  4.22e+09        1    1.51e+00    7.53e+01
  49  1.253177e+06    1.98e-01    9.41e+01   2.85e+04   8.58e-01  6.68e+09        1    1.60e+00    7.69e+01
  50  1.253177e+06    1.70e-01    7.83e+01   3.32e+04   8.58e-01  1.06e+10        1    1.51e+00    7.84e+01
I0826 03:55:03.633528    27 misc.cc:205] 
Bundle adjustment report
------------------------
I0826 03:55:03.633600    27 bundle_adjustment.cc:942] 
    Residuals : 543174
   Parameters : 83421
   Iterations : 51
         Time : 78.4439 [s]
 Initial cost : 2.66879 [px]
   Final cost : 1.51893 [px]
  Termination : No convergence

I0826 03:55:04.078930    27 incremental_mapper.cc:175] => Completed observations: 3528
I0826 03:55:04.314206    27 incremental_mapper.cc:178] => Merged observations: 3788
I0826 03:55:04.575304    27 incremental_mapper.cc:160] => Filtered observations: 21889
I0826 03:55:04.575366    27 incremental_mapper.cc:119] => Changed observations: 0.107535
I0826 03:55:04.575388    27 misc.cc:198] 
==============================================================================
Global bundle adjustment
==============================================================================
iter      cost      cost_change  |gradient|   |step|    tr_ratio  tr_radius  ls_iter  iter_time  total_time
   0  3.663548e+05    0.00e+00    1.25e+06   0.00e+00   0.00e+00  1.00e+04        0    2.70e-01    1.28e+00
   1  2.788646e+05    8.75e+04    4.53e+06   4.06e+02   9.78e-01  3.00e+04        1    1.40e+00    2.68e+00
   2  2.722471e+05    6.62e+03    4.11e+06   1.60e+03   6.83e-01  3.16e+04        1    1.40e+00    4.07e+00
   3  2.660552e+05    6.19e+03    9.99e+05   1.60e+03   9.33e-01  9.05e+04        1    1.40e+00    5.47e+00
   4  2.697795e+05   -3.72e+03    9.99e+05   3.20e+03  -6.84e-01  4.52e+04        1    1.17e+00    6.65e+00
   5  2.631999e+05    2.86e+03    6.96e+05   1.87e+03   7.59e-01  5.25e+04        1    1.42e+00    8.06e+00
   6  2.603900e+05    2.81e+03    4.62e+05   1.59e+03   7.89e-01  6.52e+04        1    1.41e+00    9.47e+00
   7  2.585963e+05    1.79e+03    3.69e+05   1.29e+03   6.84e-01  6.86e+04        1    1.39e+00    1.09e+01
   8  2.571503e+05    1.45e+03    2.13e+05   8.42e+02   7.87e-01  8.45e+04        1    1.40e+00    1.23e+01
   9  2.564887e+05    6.62e+02    1.37e+05   6.07e+02   7.13e-01  9.16e+04        1    1.40e+00    1.37e+01
  10  2.560770e+05    4.12e+02    7.05e+04   3.80e+02   7.95e-01  1.15e+05        1    1.40e+00    1.51e+01
  11  2.559061e+05    1.71e+02    4.74e+04   2.70e+02   7.14e-01  1.25e+05        1    1.40e+00    1.65e+01
  12  2.557965e+05    1.10e+02    2.60e+04   1.71e+02   8.22e-01  1.71e+05        1    1.40e+00    1.79e+01
  13  2.557489e+05    4.76e+01    2.18e+04   1.33e+02   7.47e-01  1.94e+05        1    1.40e+00    1.93e+01
  14  2.557158e+05    3.32e+01    1.37e+04   8.95e+01   8.66e-01  3.20e+05        1    1.40e+00    2.07e+01
  15  2.556984e+05    1.74e+01    1.52e+04   8.06e+01   7.86e-01  3.93e+05        1    1.41e+00    2.21e+01
  16  2.556859e+05    1.25e+01    9.60e+03   5.49e+01   9.04e-01  8.34e+05        1    1.49e+00    2.36e+01
  17  2.556801e+05    5.82e+00    9.96e+03   5.12e+01   8.32e-01  1.18e+06        1    1.40e+00    2.50e+01
  18  2.556775e+05    2.60e+00    3.65e+03   2.72e+01   9.62e-01  3.54e+06        1    1.41e+00    2.64e+01
  19  2.556771e+05    4.04e-01    1.29e+03   1.50e+01   9.83e-01  1.06e+07        1    1.39e+00    2.78e+01
  20  2.556770e+05    2.42e-02    9.57e+01   2.96e+00   1.03e+00  3.19e+07        1    1.40e+00    2.92e+01
  21  2.556770e+05    3.34e-04    2.57e+00   2.49e-01   1.18e+00  9.56e+07        1    1.40e+00    3.06e+01
  22  2.556770e+05    1.83e-05    1.80e+00   2.14e-02   1.31e+00  2.87e+08        1    1.40e+00    3.20e+01
  23  2.556770e+05    1.98e-06    1.41e+00   4.14e-03   1.36e+00  8.60e+08        1    1.40e+00    3.34e+01
  24  2.556770e+05    2.71e-07    8.27e-01   1.36e-03   1.38e+00  2.58e+09        1    1.40e+00    3.48e+01
I0826 03:55:39.897246    27 misc.cc:205] 
Bundle adjustment report
------------------------
I0826 03:55:39.897321    27 bundle_adjustment.cc:942] 
    Residuals : 501696
   Parameters : 76959
   Iterations : 25
         Time : 34.7954 [s]
 Initial cost : 0.854537 [px]
   Final cost : 0.713881 [px]
  Termination : Convergence

I0826 03:55:40.409632    27 incremental_mapper.cc:175] => Completed observations: 9889
I0826 03:55:40.640380    27 incremental_mapper.cc:178] => Merged observations: 4346
I0826 03:55:40.713168    27 incremental_mapper.cc:160] => Filtered observations: 1411
I0826 03:55:40.713232    27 incremental_mapper.cc:119] => Changed observations: 0.062372
I0826 03:55:40.713254    27 misc.cc:198] 
==============================================================================
Global bundle adjustment
==============================================================================
iter      cost      cost_change  |gradient|   |step|    tr_ratio  tr_radius  ls_iter  iter_time  total_time
   0  2.802289e+05    0.00e+00    3.96e+05   0.00e+00   0.00e+00  1.00e+04        0    2.96e-01    1.35e+00
   1  2.656721e+05    1.46e+04    5.54e+05   9.56e+01   9.99e-01  3.00e+04        1    1.49e+00    2.83e+00
   2  2.647914e+05    8.81e+02    4.53e+05   2.58e+02   9.70e-01  9.00e+04        1    1.49e+00    4.33e+00
   3  2.643600e+05    4.31e+02    1.41e+05   3.60e+02   8.49e-01  1.36e+05        1    1.50e+00    5.83e+00
   4  2.641934e+05    1.67e+02    7.45e+04   1.69e+02   9.64e-01  4.09e+05        1    1.48e+00    7.31e+00
   5  2.641713e+05    2.22e+01    7.52e+04   7.60e+01   9.44e-01  1.23e+06        1    1.43e+00    8.74e+00
   6  2.641683e+05    3.00e+00    2.44e+03   9.93e+00   1.02e+00  3.68e+06        1    1.50e+00    1.02e+01
   7  2.641681e+05    1.31e-01    8.91e+02   3.15e+00   1.05e+00  1.10e+07        1    1.49e+00    1.17e+01
   8  2.641681e+05    5.16e-03    4.30e+01   9.90e-01   1.11e+00  3.31e+07        1    1.49e+00    1.32e+01
   9  2.641681e+05    2.25e-04    2.55e+00   8.51e-02   1.28e+00  9.94e+07        1    1.42e+00    1.46e+01
  10  2.641681e+05    2.34e-05    1.54e+00   1.90e-02   1.36e+00  2.98e+08        1    1.50e+00    1.61e+01
  11  2.641681e+05    3.30e-06    1.48e+00   6.25e-03   1.38e+00  8.94e+08        1    1.49e+00    1.76e+01
  12  2.641681e+05    5.11e-07    1.90e+00   2.34e-03   1.39e+00  2.68e+09        1    1.50e+00    1.91e+01
  13  2.641681e+05    8.14e-08    9.17e-01   9.02e-04   1.40e+00  8.05e+09        1    1.40e+00    2.05e+01
I0826 03:56:01.804073    27 misc.cc:205] 
Bundle adjustment report
------------------------
I0826 03:56:01.804139    27 bundle_adjustment.cc:942] 
    Residuals : 517474
   Parameters : 75678
   Iterations : 14
         Time : 20.557 [s]
 Initial cost : 0.735889 [px]
   Final cost : 0.71449 [px]
  Termination : Convergence

I0826 03:56:02.230194    27 incremental_mapper.cc:175] => Completed observations: 1818
I0826 03:56:02.424842    27 incremental_mapper.cc:178] => Merged observations: 1199
I0826 03:56:02.490442    27 incremental_mapper.cc:160] => Filtered observations: 829
I0826 03:56:02.490500    27 incremental_mapper.cc:119] => Changed observations: 0.014865
I0826 03:56:02.490522    27 misc.cc:198] 
==============================================================================
Global bundle adjustment
==============================================================================
iter      cost      cost_change  |gradient|   |step|    tr_ratio  tr_radius  ls_iter  iter_time  total_time
   0  2.682286e+05    0.00e+00    1.33e+05   0.00e+00   0.00e+00  1.00e+04        0    3.60e-01    1.44e+00
   1  2.641932e+05    4.04e+03    1.11e+05   3.58e+01   1.00e+00  3.00e+04        1    1.49e+00    2.93e+00
   2  2.640347e+05    1.59e+02    1.25e+05   8.87e+01   9.99e-01  9.00e+04        1    1.41e+00    4.35e+00
   3  2.639579e+05    7.68e+01    1.39e+05   1.20e+02   9.28e-01  2.42e+05        1    1.50e+00    5.84e+00
   4  2.639370e+05    2.08e+01    1.73e+05   7.15e+01   7.95e-01  3.05e+05        1    1.50e+00    7.34e+00
   5  2.639291e+05    7.92e+00    4.43e+04   2.11e+01   9.91e-01  9.14e+05        1    1.50e+00    8.84e+00
   6  2.639284e+05    7.10e-01    1.63e+04   1.26e+01   1.01e+00  2.74e+06        1    1.50e+00    1.03e+01
   7  2.639283e+05    1.02e-01    1.87e+03   5.88e+00   1.03e+00  8.23e+06        1    1.50e+00    1.18e+01
   8  2.639283e+05    6.69e-03    1.30e+02   1.53e+00   1.08e+00  2.47e+07        1    1.50e+00    1.33e+01
   9  2.639283e+05    2.65e-04    4.32e+00   1.59e-01   1.25e+00  7.40e+07        1    1.50e+00    1.48e+01
  10  2.639283e+05    2.57e-05    1.92e+00   1.78e-02   1.37e+00  2.22e+08        1    1.50e+00    1.63e+01
  11  2.639283e+05    3.82e-06    1.41e+00   3.93e-03   1.40e+00  6.66e+08        1    1.50e+00    1.78e+01
  12  2.639283e+05    6.42e-07    1.10e+00   1.79e-03   1.42e+00  2.00e+09        1    1.50e+00    1.93e+01
  13  2.639283e+05    1.12e-07    6.81e-01   7.35e-04   1.42e+00  6.00e+09        1    1.50e+00    2.08e+01
I0826 03:56:23.852097    27 misc.cc:205] 
Bundle adjustment report
------------------------
I0826 03:56:23.852177    27 bundle_adjustment.cc:942] 
    Residuals : 518812
   Parameters : 75126
   Iterations : 14
         Time : 20.8623 [s]
 Initial cost : 0.719031 [px]
   Final cost : 0.713244 [px]
  Termination : Convergence

I0826 03:56:24.286034    27 incremental_mapper.cc:175] => Completed observations: 791
I0826 03:56:24.484007    27 incremental_mapper.cc:178] => Merged observations: 340
I0826 03:56:24.545348    27 incremental_mapper.cc:160] => Filtered observations: 459
I0826 03:56:24.545415    27 incremental_mapper.cc:119] => Changed observations: 0.006129
I0826 03:56:24.545439    27 misc.cc:198] 
==============================================================================
Global bundle adjustment
==============================================================================
iter      cost      cost_change  |gradient|   |step|    tr_ratio  tr_radius  ls_iter  iter_time  total_time
   0  2.654393e+05    0.00e+00    7.62e+04   0.00e+00   0.00e+00  1.00e+04        0    2.50e-01    1.31e+00
   1  2.637621e+05    1.68e+03    1.16e+04   1.81e+01   1.00e+00  3.00e+04        1    1.57e+00    2.88e+00
   2  2.637169e+05    4.52e+01    3.56e+04   4.45e+01   1.00e+00  9.00e+04        1    1.41e+00    4.29e+00
   3  2.636907e+05    2.62e+01    5.18e+04   6.05e+01   9.78e-01  2.70e+05        1    1.50e+00    5.79e+00
   4  2.636801e+05    1.06e+01    9.69e+04   4.49e+01   9.46e-01  8.10e+05        1    1.50e+00    7.29e+00
   5  2.636757e+05    4.40e+00    6.41e+04   3.15e+01   9.19e-01  1.96e+06        1    1.50e+00    8.79e+00
   6  2.636742e+05    1.57e+00    1.16e+04   1.92e+01   9.63e-01  5.89e+06        1    1.50e+00    1.03e+01
   7  2.636739e+05    2.31e-01    1.20e+03   7.17e+00   1.03e+00  1.77e+07        1    1.50e+00    1.18e+01
   8  2.636739e+05    9.75e-03    6.33e+01   1.02e+00   1.20e+00  5.30e+07        1    1.50e+00    1.33e+01
   9  2.636739e+05    1.02e-03    2.53e+00   1.12e-01   1.44e+00  1.59e+08        1    1.49e+00    1.48e+01
  10  2.636739e+05    2.05e-04    1.91e+00   3.48e-02   1.46e+00  4.77e+08        1    1.50e+00    1.63e+01
  11  2.636739e+05    4.30e-05    1.17e+00   1.53e-02   1.46e+00  1.43e+09        1    1.50e+00    1.78e+01
  12  2.636739e+05    9.06e-06    1.91e+00   6.97e-03   1.46e+00  4.30e+09        1    1.50e+00    1.93e+01
  13  2.636739e+05    1.91e-06    1.23e+00   3.20e-03   1.46e+00  1.29e+10        1    1.50e+00    2.08e+01
  14  2.636739e+05    4.05e-07    1.50e+00   1.47e-03   1.46e+00  3.87e+10        1    1.41e+00    2.22e+01
  15  2.636739e+05    8.53e-08    8.81e-01   6.77e-04   1.45e+00  1.16e+11        1    1.50e+00    2.37e+01
I0826 03:56:48.784430    27 misc.cc:205] 
Bundle adjustment report
------------------------
I0826 03:56:48.784499    27 bundle_adjustment.cc:942] 
    Residuals : 519258
   Parameters : 74817
   Iterations : 16
         Time : 23.7169 [s]
 Initial cost : 0.714975 [px]
   Final cost : 0.712594 [px]
  Termination : Convergence

I0826 03:56:49.183610    27 incremental_mapper.cc:175] => Completed observations: 425
I0826 03:56:49.368057    27 incremental_mapper.cc:178] => Merged observations: 100
I0826 03:56:49.428139    27 incremental_mapper.cc:160] => Filtered observations: 254
I0826 03:56:49.428202    27 incremental_mapper.cc:119] => Changed observations: 0.003000
I0826 03:56:49.428231    27 incremental_mapper.cc:167] => Filtered images: 0
I0826 03:56:49.564169    27 misc.cc:198] 
==============================================================================
Registering image #157 (48)
==============================================================================
I0826 03:56:49.564225    27 incremental_mapper.cc:495] => Image sees 5238 / 9861 points
I0826 03:56:52.029271    27 misc.cc:205] 
Pose refinement report
----------------------
I0826 03:56:52.029335    27 bundle_adjustment.cc:942] 
    Residuals : 5400
   Parameters : 8
   Iterations : 26
         Time : 0.148701 [s]
 Initial cost : 0.902181 [px]
   Final cost : 0.841446 [px]
  Termination : Convergence

I0826 03:56:52.065456    27 incremental_mapper.cc:40] => Continued observations: 2123
I0826 03:56:52.236565    27 incremental_mapper.cc:43] => Added observations: 18560
I0826 03:56:56.679106    27 misc.cc:205] 
Bundle adjustment report
------------------------
I0826 03:56:56.679172    27 bundle_adjustment.cc:942] 
    Residuals : 169144
   Parameters : 32885
   Iterations : 26
         Time : 4.28499 [s]
 Initial cost : 1.66734 [px]
   Final cost : 1.26508 [px]
  Termination : No convergence

I0826 03:56:57.142660    27 incremental_mapper.cc:78] => Merged observations: 44
I0826 03:56:57.142716    27 incremental_mapper.cc:79] => Completed observations: 619
I0826 03:56:57.142720    27 incremental_mapper.cc:81] => Filtered observations: 14612
I0826 03:56:57.142722    27 incremental_mapper.cc:90] => Changed observations: 0.180615
I0826 03:56:59.172472    27 misc.cc:205] 
Bundle adjustment report
------------------------
I0826 03:56:59.172550    27 bundle_adjustment.cc:942] 
    Residuals : 132282
   Parameters : 28370
   Iterations : 15
         Time : 1.90057 [s]
 Initial cost : 0.758718 [px]
   Final cost : 0.695803 [px]
  Termination : Convergence

I0826 03:56:59.475107    27 incremental_mapper.cc:78] => Merged observations: 379
I0826 03:56:59.475152    27 incremental_mapper.cc:79] => Completed observations: 1885
I0826 03:56:59.475157    27 incremental_mapper.cc:81] => Filtered observations: 129
I0826 03:56:59.475159    27 incremental_mapper.cc:90] => Changed observations: 0.036180
I0826 03:56:59.622591    27 misc.cc:198] 
==============================================================================
Registering image #159 (49)
==============================================================================
I0826 03:56:59.622648    27 incremental_mapper.cc:495] => Image sees 6026 / 9850 points
I0826 03:57:03.726950    27 misc.cc:205] 
Pose refinement report
----------------------
I0826 03:57:03.727013    27 bundle_adjustment.cc:942] 
    Residuals : 6164
   Parameters : 8
   Iterations : 25
         Time : 0.16471 [s]
 Initial cost : 0.907801 [px]
   Final cost : 0.854963 [px]
  Termination : Convergence

I0826 03:57:03.763921    27 incremental_mapper.cc:40] => Continued observations: 2207
I0826 03:57:03.910522    27 incremental_mapper.cc:43] => Added observations: 17297
I0826 03:57:07.874177    27 misc.cc:205] 
Bundle adjustment report
------------------------
I0826 03:57:07.874254    27 bundle_adjustment.cc:942] 
    Residuals : 121740
   Parameters : 25343
   Iterations : 26
         Time : 3.83593 [s]
 Initial cost : 1.96461 [px]
   Final cost : 1.37963 [px]
  Termination : No convergence

I0826 03:57:08.254173    27 incremental_mapper.cc:78] => Merged observations: 527
I0826 03:57:08.254232    27 incremental_mapper.cc:79] => Completed observations: 694
I0826 03:57:08.254236    27 incremental_mapper.cc:81] => Filtered observations: 13548
I0826 03:57:08.254238    27 incremental_mapper.cc:90] => Changed observations: 0.242632
I0826 03:57:08.972194    27 misc.cc:205] 
Bundle adjustment report
------------------------
I0826 03:57:08.972262    27 bundle_adjustment.cc:942] 
    Residuals : 75300
   Parameters : 23642
   Iterations : 6
         Time : 0.636737 [s]
 Initial cost : 0.765428 [px]
   Final cost : 0.672889 [px]
  Termination : Convergence

I0826 03:57:09.177389    27 incremental_mapper.cc:78] => Merged observations: 492
I0826 03:57:09.177438    27 incremental_mapper.cc:79] => Completed observations: 1926
I0826 03:57:09.177443    27 incremental_mapper.cc:81] => Filtered observations: 84
I0826 03:57:09.177444    27 incremental_mapper.cc:90] => Changed observations: 0.066454
I0826 03:57:09.178288    27 misc.cc:198] 
==============================================================================
Retriangulation
==============================================================================
I0826 03:57:09.396581    27 incremental_mapper.cc:175] => Completed observations: 1372
I0826 03:57:09.613837    27 incremental_mapper.cc:178] => Merged observations: 200
I0826 03:57:09.613912    27 incremental_mapper.cc:105] => Retriangulated observations: 12165
I0826 03:57:09.784050    27 misc.cc:198] 
==============================================================================
Global bundle adjustment
==============================================================================
iter      cost      cost_change  |gradient|   |step|    tr_ratio  tr_radius  ls_iter  iter_time  total_time
   0  2.254659e+07    0.00e+00    4.70e+07   0.00e+00   0.00e+00  1.00e+04        0    3.74e-01    1.58e+00
   1  2.786293e+07   -5.32e+06    4.70e+07   1.86e+03  -2.97e-01  5.00e+03        1    1.27e+00    2.85e+00
   2  1.476633e+07    7.78e+06    1.17e+08   9.38e+02   4.39e-01  4.99e+03        1    1.62e+00    4.47e+00
   3  5.249329e+06    9.52e+06    1.11e+08   7.55e+02   9.19e-01  1.22e+04        1    1.69e+00    6.16e+00
   4  3.575673e+11   -3.58e+11    1.11e+08   1.32e+03  -3.09e+05  6.08e+03        1    1.28e+00    7.45e+00
   5  4.559216e+06    6.90e+05    4.68e+07   7.30e+02   6.30e-01  6.18e+03        1    1.63e+00    9.07e+00
   6  4.205292e+06    3.54e+05    7.65e+07   6.22e+02   5.80e-01  6.21e+03        1    1.60e+00    1.07e+01
   7  3.971192e+06    2.34e+05    1.34e+07   8.62e+02   7.31e-01  6.89e+03        1    1.69e+00    1.24e+01
   8  3.898795e+06    7.24e+04    1.10e+07   1.24e+03   6.15e-01  6.97e+03        1    1.60e+00    1.40e+01
   9  3.898341e+06    4.54e+02    6.00e+06   1.43e+03   7.48e-03  3.56e+03        1    1.69e+00    1.57e+01
  10  3.856695e+06    4.16e+04    6.36e+05   7.87e+02   4.68e-01  3.56e+03        1    1.61e+00    1.73e+01
  11  3.855985e+06    7.11e+02    1.31e+06   8.57e+02   2.64e-02  1.93e+03        1    1.69e+00    1.90e+01
  12  3.846850e+06    9.13e+03    7.00e+04   4.84e+02   2.39e-01  1.69e+03        1    1.61e+00    2.06e+01
  13  4.011336e+06   -1.64e+05    7.00e+04   4.57e+02  -6.19e+00  8.44e+02        1    1.29e+00    2.19e+01
  14  3.961712e+06   -1.15e+05    7.00e+04   2.32e+02  -4.50e+00  2.11e+02        1    1.29e+00    2.31e+01
  15  3.896335e+06   -4.95e+04    7.00e+04   6.20e+01  -2.05e+00  2.64e+01        1    1.30e+00    2.44e+01
  16  3.841405e+06    5.45e+03    8.62e+04   1.15e+01   2.74e-01  2.41e+01        1    1.62e+00    2.61e+01
  17  3.835490e+06    5.91e+03    2.17e+04   6.73e+00   4.18e-01  2.40e+01        1    1.61e+00    2.77e+01
  18  3.833116e+06    2.37e+03    1.00e+05   6.85e+00   3.41e-01  2.33e+01        1    1.69e+00    2.94e+01
  19  3.827808e+06    5.31e+03    3.06e+04   6.72e+00   6.76e-01  2.44e+01        1    1.61e+00    3.10e+01
  20  3.825924e+06    1.88e+03    8.34e+04   7.30e+00   5.04e-01  2.44e+01        1    1.69e+00    3.27e+01
  21  3.824373e+06    1.55e+03    6.20e+04   7.46e+00   5.76e-01  2.44e+01        1    1.61e+00    3.43e+01
  22  3.824053e+06    3.20e+02    3.86e+04   7.48e+00   6.78e-01  2.56e+01        1    1.69e+00    3.60e+01
  23  3.823820e+06    2.34e+02    2.73e+04   7.83e+00   8.69e-01  4.27e+01        1    1.61e+00    3.76e+01
  24  3.823557e+06    2.63e+02    2.71e+04   1.30e+01   9.23e-01  1.08e+02        1    1.69e+00    3.93e+01
  25  3.823117e+06    4.39e+02    1.57e+04   3.27e+01   9.95e-01  3.25e+02        1    1.60e+00    4.09e+01
  26  3.822304e+06    8.13e+02    2.76e+04   9.69e+01   9.42e-01  9.76e+02        1    1.61e+00    4.25e+01
  27  3.820681e+06    1.62e+03    1.54e+05   2.87e+02   9.50e-01  2.93e+03        1    1.70e+00    4.42e+01
  28  3.817978e+06    2.70e+03    7.73e+05   9.06e+02   7.93e-01  3.66e+03        1    1.60e+00    4.58e+01
  29  3.815251e+06    2.73e+03    6.19e+05   1.18e+03   6.82e-01  3.85e+03        1    1.67e+00    4.74e+01
  30  3.821833e+06   -6.58e+03    6.19e+05   1.53e+03  -1.57e+00  1.92e+03        1    1.30e+00    4.87e+01
  31  3.821621e+06   -6.37e+03    6.19e+05   7.95e+02  -2.04e+00  4.81e+02        1    1.30e+00    5.00e+01
  32  3.820181e+06   -4.93e+03    6.19e+05   2.36e+02  -2.29e+00  6.01e+01        1    1.30e+00    5.13e+01
  33  3.815953e+06   -7.02e+02    6.19e+05   7.25e+01  -4.40e-01  3.76e+00        1    1.23e+00    5.26e+01
  34  3.814870e+06    3.81e+02    4.22e+04   4.81e+01   8.87e-01  7.01e+00        1    1.69e+00    5.43e+01
  35  3.814687e+06    1.83e+02    1.80e+04   8.55e+00   8.18e-01  9.43e+00        1    1.61e+00    5.59e+01
  36  3.814640e+06    4.73e+01    2.68e+04   4.23e+00   8.67e-01  1.56e+01        1    1.69e+00    5.76e+01
  37  3.814613e+06    2.62e+01    1.80e+04   6.59e+00   9.70e-01  4.67e+01        1    1.61e+00    5.92e+01
  38  3.814560e+06    5.31e+01    8.02e+03   1.96e+01   1.01e+00  1.40e+02        1    1.60e+00    6.08e+01
  39  3.814437e+06    1.24e+02    5.50e+03   5.78e+01   1.01e+00  4.20e+02        1    1.69e+00    6.25e+01
  40  3.814117e+06    3.19e+02    8.84e+03   1.70e+02   1.01e+00  1.26e+03        1    1.60e+00    6.41e+01
  41  3.813281e+06    8.36e+02    7.90e+04   5.03e+02   1.00e+00  3.78e+03        1    1.61e+00    6.57e+01
  42  3.811299e+06    1.98e+03    4.57e+05   1.40e+03   9.86e-01  1.13e+04        1    1.67e+00    6.73e+01
  43  3.807411e+06    3.89e+03    1.69e+06   3.65e+03   9.15e-01  2.65e+04        1    1.62e+00    6.90e+01
  44  3.802856e+06    4.56e+03    2.99e+06   7.54e+03   7.70e-01  3.14e+04        1    1.60e+00    7.06e+01
  45  3.798913e+06    3.94e+03    1.81e+06   6.95e+03   8.53e-01  4.84e+04        1    1.61e+00    7.22e+01
  46  3.796050e+06    2.86e+03    1.83e+06   6.60e+03   8.11e-01  6.37e+04        1    1.69e+00    7.39e+01
  47  3.793953e+06    2.10e+03    1.25e+06   6.72e+03   8.56e-01  9.99e+04        1    1.61e+00    7.55e+01
  48  3.792539e+06    1.41e+03    1.06e+06   9.13e+03   8.29e-01  1.40e+05        1    1.68e+00    7.71e+01
  49  3.791701e+06    8.37e+02    8.12e+05   1.16e+04   7.86e-01  1.72e+05        1    1.62e+00    7.88e+01
  50  3.791244e+06    4.57e+02    2.79e+05   1.16e+04   6.88e-01  1.81e+05        1    1.61e+00    8.04e+01
I0826 03:58:30.819096    27 misc.cc:205] 
Bundle adjustment report
------------------------
I0826 03:58:30.819561    27 bundle_adjustment.cc:942] 
    Residuals : 576164
   Parameters : 92656
   Iterations : 51
         Time : 80.4532 [s]
 Initial cost : 6.25558 [px]
   Final cost : 2.56518 [px]
  Termination : No convergence

I0826 03:58:31.309043    27 incremental_mapper.cc:175] => Completed observations: 3124
I0826 03:58:31.537811    27 incremental_mapper.cc:178] => Merged observations: 1392
I0826 03:58:32.017668    27 incremental_mapper.cc:160] => Filtered observations: 42068
I0826 03:58:32.017740    27 incremental_mapper.cc:119] => Changed observations: 0.161704
I0826 03:58:32.017769    27 misc.cc:198] 
==============================================================================
Global bundle adjustment
==============================================================================
iter      cost      cost_change  |gradient|   |step|    tr_ratio  tr_radius  ls_iter  iter_time  total_time
   0  4.121605e+05    0.00e+00    2.83e+06   0.00e+00   0.00e+00  1.00e+04        0    3.04e-01    1.39e+00
   1  2.774910e+05    1.35e+05    5.89e+06   3.62e+02   9.81e-01  3.00e+04        1    1.38e+00    2.77e+00
   2  2.695401e+05    7.95e+03    6.83e+06   1.45e+03   6.11e-01  3.03e+04        1    1.40e+00    4.17e+00
   3  2.615120e+05    8.03e+03    5.50e+05   1.27e+03   9.12e-01  6.87e+04        1    1.31e+00    5.47e+00
   4  2.616528e+05   -1.41e+02    5.50e+05   1.79e+03  -3.41e-02  3.44e+04        1    1.08e+00    6.55e+00
   5  2.588835e+05    2.63e+03    1.11e+06   1.09e+03   8.42e-01  5.06e+04        1    1.32e+00    7.87e+00
   6  2.572397e+05    1.64e+03    4.97e+05   1.03e+03   7.72e-01  6.03e+04        1    1.30e+00    9.17e+00
   7  2.561380e+05    1.10e+03    5.94e+05   6.80e+02   8.87e-01  1.12e+05        1    1.40e+00    1.06e+01
   8  2.557817e+05    3.56e+02    1.68e+05   5.06e+02   7.87e-01  1.39e+05        1    1.31e+00    1.19e+01
   9  2.557005e+05    8.12e+01    3.99e+05   2.02e+02   4.42e-01  1.38e+05        1    1.39e+00    1.33e+01
  10  2.558059e+05   -1.05e+02    3.99e+05   7.16e+01  -5.56e-01  6.92e+04        1    1.01e+00    1.43e+01
  11  2.557489e+05   -4.84e+01    3.99e+05   5.28e+01  -2.71e-01  1.73e+04        1    1.07e+00    1.54e+01
  12  2.556610e+05    3.95e+01    2.70e+04   2.09e+01   2.79e-01  1.59e+04        1    1.32e+00    1.67e+01
  13  2.556338e+05    2.72e+01    4.50e+04   1.60e+01   3.60e-01  1.56e+04        1    1.39e+00    1.81e+01
  14  2.556142e+05    1.96e+01    2.75e+03   1.32e+01   4.04e-01  1.55e+04        1    1.30e+00    1.94e+01
  15  2.555945e+05    1.97e+01    2.02e+04   1.05e+01   6.74e-01  1.62e+04        1    1.30e+00    2.07e+01
  16  2.555726e+05    2.19e+01    1.82e+04   9.74e+00   7.99e-01  2.06e+04        1    1.40e+00    2.21e+01
  17  2.555441e+05    2.84e+01    4.67e+04   9.37e+00   1.22e+00  6.17e+04        1    1.30e+00    2.34e+01
  18  2.554976e+05    4.65e+01    1.28e+05   1.73e+01   1.18e+00  1.85e+05        1    1.31e+00    2.47e+01
  19  2.554381e+05    5.95e+01    2.93e+05   1.26e+01   1.23e+00  5.55e+05        1    1.38e+00    2.61e+01
  20  2.554247e+05    1.34e+01    3.57e+05   2.14e+01   1.58e-01  4.21e+05        1    1.31e+00    2.74e+01
  21  2.553211e+05    1.04e+02    6.28e+05   1.43e+01   4.07e-01  4.18e+05        1    1.30e+00    2.87e+01
  22  2.572214e+05   -1.90e+03    6.28e+05   4.12e+01  -3.72e+00  2.09e+05        1    1.09e+00    2.98e+01
  23  2.566681e+05   -1.35e+03    6.28e+05   3.76e+01  -2.68e+00  5.23e+04        1    1.09e+00    3.09e+01
  24  2.556074e+05   -2.86e+02    6.28e+05   2.72e+01  -6.40e-01  6.53e+03        1    1.02e+00    3.19e+01
  25  2.551845e+05    1.37e+02    3.19e+04   9.81e+00   5.85e-01  6.57e+03        1    1.39e+00    3.33e+01
  26  2.550767e+05    1.08e+02    8.67e+03   3.17e+00   1.29e+00  1.97e+04        1    1.30e+00    3.46e+01
  27  2.548620e+05    2.15e+02    4.76e+04   1.25e+01   1.22e+00  5.91e+04        1    1.30e+00    3.59e+01
  28  2.548855e+05   -2.35e+01    4.76e+04   1.77e+01  -9.65e-02  2.95e+04        1    1.09e+00    3.70e+01
  29  2.546300e+05    2.32e+02    1.90e+05   1.26e+01   1.11e+00  8.86e+04        1    1.31e+00    3.83e+01
  30  2.543920e+05    2.38e+02    5.92e+05   2.48e+01   5.81e-01  8.90e+04        1    1.39e+00    3.97e+01
  31  2.539675e+05    4.24e+02    2.68e+05   1.16e+01   1.01e+00  2.67e+05        1    1.30e+00    4.10e+01
  32  2.540678e+05   -1.00e+02    2.68e+05   2.46e+01  -6.59e-01  1.34e+05        1    1.08e+00    4.20e+01
  33  2.539299e+05    3.76e+01    9.56e+05   1.69e+01   2.91e-01  1.24e+05        1    1.32e+00    4.34e+01
  34  2.537868e+05    1.43e+02    1.25e+05   1.18e+01   9.80e-01  3.73e+05        1    1.31e+00    4.47e+01
  35  2.537770e+05    9.81e+00    1.09e+06   3.60e+01   9.23e-02  2.42e+05        1    1.40e+00    4.61e+01
  36  2.535230e+05    2.54e+02    6.03e+04   2.21e+01   1.16e+00  7.27e+05        1    1.30e+00    4.74e+01
  37  2.537943e+05   -2.71e+02    6.03e+04   8.25e+01  -8.64e-01  3.63e+05        1    1.08e+00    4.84e+01
  38  2.533276e+05    1.95e+02    7.71e+05   5.04e+01   8.17e-01  4.87e+05        1    1.32e+00    4.98e+01
  39  2.546403e+05   -1.31e+03    7.71e+05   1.17e+02  -2.39e+00  2.44e+05        1    1.01e+00    5.08e+01
  40  2.675323e+05   -1.42e+04    7.71e+05   6.34e+01  -2.98e+01  6.09e+04        1    1.07e+00    5.19e+01
  41  2.530129e+05    3.15e+02    5.02e+04   1.87e+01   9.57e-01  1.83e+05        1    1.32e+00    5.32e+01
  42  2.527590e+05    2.54e+02    1.37e+05   7.14e+01   1.04e+00  5.48e+05        1    1.38e+00    5.46e+01
  43  2.614107e+05   -8.65e+03    1.37e+05   8.81e+01  -2.63e+01  2.74e+05        1    1.01e+00    5.56e+01
  44  2.527083e+05    5.08e+01    2.77e+04   4.78e+01   1.92e-01  2.22e+05        1    1.31e+00    5.69e+01
  45  2.524302e+05    2.78e+02    2.62e+04   2.84e+01   7.97e-01  2.81e+05        1    1.39e+00    5.83e+01
  46  2.522888e+05    1.41e+02    1.64e+04   4.71e+01   8.08e-01  3.67e+05        1    1.31e+00    5.96e+01
  47  2.522449e+05    4.39e+01    2.09e+04   8.25e+01   4.49e-01  3.66e+05        1    1.39e+00    6.10e+01
  48  2.521879e+05    5.71e+01    1.51e+04   9.59e+01   6.92e-01  3.88e+05        1    1.31e+00    6.23e+01
  49  2.521588e+05    2.91e+01    2.02e+04   1.20e+02   6.92e-01  4.12e+05        1    1.38e+00    6.37e+01
  50  2.521365e+05    2.23e+01    1.65e+04   1.32e+02   1.44e+00  1.24e+06        1    1.30e+00    6.50e+01
I0826 03:59:37.526520    27 misc.cc:205] 
Bundle adjustment report
------------------------
I0826 03:59:37.526585    27 bundle_adjustment.cc:942] 
    Residuals : 490678
   Parameters : 78562
   Iterations : 51
         Time : 64.9789 [s]
 Initial cost : 0.916505 [px]
   Final cost : 0.716836 [px]
  Termination : No convergence

I0826 03:59:38.131438    27 incremental_mapper.cc:175] => Completed observations: 17357
I0826 03:59:38.347093    27 incremental_mapper.cc:178] => Merged observations: 2481
I0826 03:59:38.434579    27 incremental_mapper.cc:160] => Filtered observations: 3360
I0826 03:59:38.434645    27 incremental_mapper.cc:119] => Changed observations: 0.094555
I0826 03:59:38.434669    27 misc.cc:198] 
==============================================================================
Global bundle adjustment
==============================================================================
iter      cost      cost_change  |gradient|   |step|    tr_ratio  tr_radius  ls_iter  iter_time  total_time
   0  2.934896e+05    0.00e+00    1.63e+06   0.00e+00   0.00e+00  1.00e+04        0    3.31e-01    1.37e+00
   1  2.673417e+05    2.61e+04    5.07e+05   1.17e+02   9.97e-01  3.00e+04        1    1.41e+00    2.78e+00
   2  2.656056e+05    1.74e+03    6.57e+05   3.35e+02   9.31e-01  8.37e+04        1    1.50e+00    4.28e+00
   3  2.649246e+05    6.81e+02    4.14e+05   3.88e+02   7.84e-01  1.02e+05        1    1.41e+00    5.68e+00
   4  2.646007e+05    3.24e+02    1.16e+05   1.16e+02   9.66e-01  3.07e+05        1    1.50e+00    7.18e+00
   5  2.645319e+05    6.88e+01    1.06e+05   6.69e+01   6.49e-01  3.15e+05        1    1.48e+00    8.66e+00
   6  2.644639e+05    6.80e+01    2.47e+04   8.55e+01   8.75e-01  5.44e+05        1    1.42e+00    1.01e+01
   7  2.644384e+05    2.55e+01    1.71e+04   9.07e+01   7.49e-01  6.21e+05        1    1.49e+00    1.16e+01
   8  2.644229e+05    1.55e+01    5.79e+03   5.55e+01   9.36e-01  1.85e+06        1    1.41e+00    1.30e+01
   9  2.644195e+05    3.44e+00    4.02e+03   4.51e+01   8.86e-01  3.41e+06        1    1.50e+00    1.45e+01
  10  2.644188e+05    6.84e-01    3.45e+02   1.36e+01   1.00e+00  1.02e+07        1    1.40e+00    1.59e+01
  11  2.644188e+05    1.21e-02    2.50e+01   2.63e+00   1.03e+00  3.07e+07        1    1.50e+00    1.74e+01
  12  2.644188e+05    1.37e-04    1.91e+00   1.91e-01   1.14e+00  9.21e+07        1    1.40e+00    1.88e+01
  13  2.644188e+05    6.99e-06    1.85e+00   1.67e-02   1.25e+00  2.76e+08        1    1.49e+00    2.03e+01
  14  2.644188e+05    8.52e-07    1.93e+00   8.47e-04   1.24e+00  8.29e+08        1    1.41e+00    2.17e+01
  15  2.644188e+05    1.23e-07    6.20e-01   8.08e-04   1.19e+00  2.49e+09        1    1.49e+00    2.32e+01
I0826 04:00:02.124749    27 misc.cc:205] 
Bundle adjustment report
------------------------
I0826 04:00:02.124841    27 bundle_adjustment.cc:942] 
    Residuals : 513162
   Parameters : 72304
   Iterations : 16
         Time : 23.2001 [s]
 Initial cost : 0.756256 [px]
   Final cost : 0.717826 [px]
  Termination : Convergence

I0826 04:00:02.564738    27 incremental_mapper.cc:175] => Completed observations: 3050
I0826 04:00:02.772056    27 incremental_mapper.cc:178] => Merged observations: 1622
I0826 04:00:02.840131    27 incremental_mapper.cc:160] => Filtered observations: 1006
I0826 04:00:02.840201    27 incremental_mapper.cc:119] => Changed observations: 0.022129
I0826 04:00:02.840224    27 misc.cc:198] 
==============================================================================
Global bundle adjustment
==============================================================================
iter      cost      cost_change  |gradient|   |step|    tr_ratio  tr_radius  ls_iter  iter_time  total_time
   0  2.713699e+05    0.00e+00    3.68e+05   0.00e+00   0.00e+00  1.00e+04        0    3.18e-01    1.37e+00
   1  2.641795e+05    7.19e+03    2.29e+05   6.23e+01   9.99e-01  3.00e+04        1    1.50e+00    2.88e+00
   2  2.637710e+05    4.09e+02    1.45e+05   1.70e+02   9.82e-01  9.00e+04        1    1.49e+00    4.37e+00
   3  2.635908e+05    1.80e+02    5.64e+04   2.22e+02   9.41e-01  2.70e+05        1    1.50e+00    5.87e+00
   4  2.635411e+05    4.97e+01    4.69e+04   9.39e+01   9.73e-01  8.10e+05        1    1.41e+00    7.28e+00
   5  2.635298e+05    1.13e+01    2.04e+04   2.77e+01   9.39e-01  2.43e+06        1    1.50e+00    8.78e+00
   6  2.635269e+05    2.89e+00    4.66e+03   3.35e+01   9.17e-01  5.81e+06        1    1.49e+00    1.03e+01
   7  2.635265e+05    3.99e-01    3.10e+02   8.60e+00   1.00e+00  1.74e+07        1    1.42e+00    1.17e+01
   8  2.635265e+05    3.26e-03    8.30e+00   9.81e-01   1.05e+00  5.23e+07        1    1.50e+00    1.32e+01
   9  2.635265e+05    4.46e-05    1.65e+00   5.20e-02   1.22e+00  1.57e+08        1    1.50e+00    1.47e+01
  10  2.635265e+05    2.78e-06    1.90e+00   4.31e-03   1.29e+00  4.70e+08        1    1.48e+00    1.62e+01
  11  2.635265e+05    2.39e-07    8.51e-01   6.35e-04   1.30e+00  1.41e+09        1    1.42e+00    1.76e+01
I0826 04:00:20.984541    27 misc.cc:205] 
Bundle adjustment report
------------------------
I0826 04:00:20.984604    27 bundle_adjustment.cc:942] 
    Residuals : 517140
   Parameters : 71974
   Iterations : 12
         Time : 17.606 [s]
 Initial cost : 0.724397 [px]
   Final cost : 0.713852 [px]
  Termination : Convergence

I0826 04:00:21.393287    27 incremental_mapper.cc:175] => Completed observations: 1187
I0826 04:00:21.591663    27 incremental_mapper.cc:178] => Merged observations: 807
I0826 04:00:21.656348    27 incremental_mapper.cc:160] => Filtered observations: 603
I0826 04:00:21.656410    27 incremental_mapper.cc:119] => Changed observations: 0.010044
I0826 04:00:21.656433    27 misc.cc:198] 
==============================================================================
Global bundle adjustment
==============================================================================
iter      cost      cost_change  |gradient|   |step|    tr_ratio  tr_radius  ls_iter  iter_time  total_time
   0  2.655553e+05    0.00e+00    1.14e+05   0.00e+00   0.00e+00  1.00e+04        0    3.40e-01    1.38e+00
   1  2.625677e+05    2.99e+03    5.74e+04   3.25e+01   1.00e+00  3.00e+04        1    1.48e+00    2.86e+00
   2  2.624373e+05    1.30e+02    3.94e+04   9.07e+01   9.93e-01  9.00e+04        1    1.41e+00    4.27e+00
   3  2.623807e+05    5.66e+01    1.11e+04   1.22e+02   9.81e-01  2.70e+05        1    1.50e+00    5.77e+00
   4  2.623707e+05    1.00e+01    6.65e+03   6.47e+01   9.99e-01  8.10e+05        1    1.50e+00    7.28e+00
   5  2.623702e+05    5.27e-01    1.13e+03   1.09e+01   1.05e+00  2.43e+06        1    1.49e+00    8.77e+00
   6  2.623701e+05    2.87e-02    1.78e+02   1.10e+00   1.07e+00  7.29e+06        1    1.50e+00    1.03e+01
   7  2.623701e+05    1.52e-03    1.21e+01   5.45e-01   1.11e+00  2.19e+07        1    1.49e+00    1.18e+01
   8  2.623701e+05    6.12e-05    1.27e+00   5.15e-02   1.24e+00  6.56e+07        1    1.41e+00    1.32e+01
   9  2.623701e+05    4.19e-06    1.78e+00   3.92e-03   1.28e+00  1.97e+08        1    1.50e+00    1.47e+01
  10  2.623701e+05    3.40e-07    9.51e-01   8.38e-04   1.29e+00  5.90e+08        1    1.50e+00    1.62e+01
I0826 04:00:38.335711    27 misc.cc:205] 
Bundle adjustment report
------------------------
I0826 04:00:38.335775    27 bundle_adjustment.cc:942] 
    Residuals : 518222
   Parameters : 71794
   Iterations : 11
         Time : 16.1957 [s]
 Initial cost : 0.715846 [px]
   Final cost : 0.71154 [px]
  Termination : Convergence

I0826 04:00:38.745419    27 incremental_mapper.cc:175] => Completed observations: 605
I0826 04:00:38.940830    27 incremental_mapper.cc:178] => Merged observations: 245
I0826 04:00:39.003019    27 incremental_mapper.cc:160] => Filtered observations: 342
I0826 04:00:39.003075    27 incremental_mapper.cc:119] => Changed observations: 0.004600
I0826 04:00:39.003121    27 incremental_mapper.cc:167] => Filtered images: 0
I0826 04:00:39.137087    27 misc.cc:198] 
==============================================================================
Registering image #160 (50)
==============================================================================
I0826 04:00:39.137141    27 incremental_mapper.cc:495] => Image sees 4519 / 9272 points
